# DM_mass_GeV = 1.000000e-02
# DM_sigma_cm2 = 1.000000e-35
# total_trajectories = 69355
# captured_particles = 10020
# bincount_integration = conservative-hermite-radial-v1
# bincount_dense_position_tolerance_km = 1.391400e+00
# capture_rate = 0.14447408
# capture_rate_raw = 0.14447408
# capture_rate_err = 0.00133497
# capture_rate_raw_err = 0.00133497
# capture_rate_CI_95_lower = 0.14187722
# capture_rate_CI_95_upper = 0.14711032
# capture_rate_raw_CI_95_lower = 0.14187722
# capture_rate_raw_CI_95_upper = 0.14711032
# valid_trajectories = 69294
# completed_outward_escapes = 59274
# unresolved_not_captured_trajectories = 61
# numerical_failures = 68
# computational_truncations = 0
# initial_shift_failures = 0
# final_reflection_shift_failures = 0
# normal_mode_mpi_sync_interval = 64
# mpi_sync_rounds = 225
# final_mpi_round_trajectories = 256
# mpi_tail_trajectories = 11755
# capture_target_overshoot = 20
# total_scatterings = 132855
# average_scatterings = 1.915579266095
# simulation_time_seconds = 12.200302000000
# capture_rate_valid = 0.14460126
# capture_rate_valid_err = 0.00133605
# capture_rate_valid_CI_95_lower = 0.14200231
# capture_rate_valid_CI_95_upper = 0.14723962
# numerical_failure_rate = 0.00098046
# not_captured_bincount_samples = 59274
# excluded_incomplete_not_captured = 61
# bin_index  cap_dt[s]  cap_v2dt[km2/s]  cap_err_dt[s]  cap_err_v2dt[km2/s]  not_cap_dt[s]  not_cap_v2dt[km2/s]  not_cap_err_dt[s]  not_cap_err_v2dt[km2/s]
0	0.0000000000e+00	0.0000000000e+00	0.0000000000e+00	0.0000000000e+00	0.0000000000e+00	0.0000000000e+00	0.0000000000e+00	0.0000000000e+00
1	1.5539122307e+00	1.2757337799e+07	1.1664838504e+00	1.0019901939e+07	0.0000000000e+00	0.0000000000e+00	0.0000000000e+00	0.0000000000e+00
2	2.2107681311e+00	1.3239368934e+07	1.3565216089e+00	8.2990616823e+06	0.0000000000e+00	0.0000000000e+00	0.0000000000e+00	0.0000000000e+00
3	4.3559239619e+00	4.5460337343e+07	1.9306006154e+00	2.0867018308e+07	1.6597437782e+00	5.9636321657e+06	1.6597297776e+00	5.9635818599e+06
4	8.5997218174e+00	7.8805061400e+07	3.5259276733e+00	2.9202540887e+07	2.1866322743e+00	1.6482356712e+07	1.5461698565e+00	1.3143459093e+07
5	9.9930429324e+00	7.4491477936e+07	4.0765562674e+00	2.6748940171e+07	3.4048902048e+00	2.4940773862e+07	1.7647495647e+00	1.3066621283e+07
6	9.7046279890e+00	6.4025022179e+07	3.5884916613e+00	2.0915045376e+07	5.5389548726e+00	3.1237443299e+07	2.6888568050e+00	1.5108304281e+07
7	1.8861512150e+01	8.4824815796e+07	8.4928050480e+00	3.0293867350e+07	6.3515260800e+00	4.1471559203e+07	2.7988259071e+00	1.7818815029e+07
8	1.5922725840e+01	9.2447137276e+07	5.6030010433e+00	2.8894512475e+07	6.4756833647e+00	4.6161292714e+07	2.4391797620e+00	2.0125466823e+07
9	2.7213436319e+01	1.1439587368e+08	8.9095134211e+00	3.0804577927e+07	1.2250614403e+01	1.0085506840e+08	4.1572873593e+00	3.6845174842e+07
10	2.8439408838e+01	1.1857448529e+08	7.9327305539e+00	2.8699882968e+07	9.6962052550e+00	7.5673309345e+07	3.1802813854e+00	2.5859554739e+07
11	2.9840344394e+01	1.5220143658e+08	7.3126264492e+00	3.6551787818e+07	1.3976617279e+01	1.0549894819e+08	4.7961797177e+00	3.3827753789e+07
12	3.7774548742e+01	2.2194794464e+08	9.6195286682e+00	6.0423884581e+07	1.4560937264e+01	1.3322424528e+08	4.3398226596e+00	4.0502517815e+07
13	4.5469297314e+01	2.6392451556e+08	1.3845922388e+01	6.5006031308e+07	1.8536203317e+01	1.4962608947e+08	5.3529902332e+00	4.1654170230e+07
14	5.3892689934e+01	3.2539842140e+08	1.2056262144e+01	6.6206064845e+07	1.9918765817e+01	1.6029261215e+08	5.0532023884e+00	3.9892622887e+07
15	6.9811682550e+01	4.6944483384e+08	1.3883340030e+01	9.6341543993e+07	2.6238968684e+01	2.5042795203e+08	6.2414144781e+00	6.5572582533e+07
16	6.7636064408e+01	4.1446816044e+08	1.2098851194e+01	7.2257180235e+07	2.6132856786e+01	2.2416512499e+08	5.4240163823e+00	4.9443661936e+07
17	6.9593918305e+01	4.2799802004e+08	1.2943316070e+01	7.6798589672e+07	3.2304306082e+01	2.7497604918e+08	6.6491975197e+00	6.4405069264e+07
18	9.7162928021e+01	4.7559829988e+08	1.8552108406e+01	7.5006007933e+07	3.4965571844e+01	3.2437946253e+08	7.0283801741e+00	7.1090754576e+07
19	9.6391590349e+01	5.4841455159e+08	1.5233479004e+01	8.6480341148e+07	3.8122603767e+01	3.2030330827e+08	7.6171241851e+00	6.2446013899e+07
20	9.9868731058e+01	5.6294023801e+08	1.5272448102e+01	8.3385016389e+07	4.0692147787e+01	3.6267012259e+08	8.1008465747e+00	7.1738185223e+07
21	1.1755822185e+02	7.0648513344e+08	1.6771283658e+01	1.0052644514e+08	4.7625764479e+01	4.4113636924e+08	9.7999721341e+00	9.6465607574e+07
22	1.4509799563e+02	9.4262331506e+08	1.9828415954e+01	1.5037725646e+08	4.2351923318e+01	3.9851339791e+08	7.6672994103e+00	8.0810125084e+07
23	1.5385854391e+02	9.8344607601e+08	1.9678872768e+01	1.4257957686e+08	5.2771317848e+01	5.2469741995e+08	9.1188065881e+00	9.6749403260e+07
24	1.9702753748e+02	1.1519023464e+09	2.4564926345e+01	1.6282417953e+08	5.6513934489e+01	5.1928799704e+08	1.0293692031e+01	9.2452514217e+07
25	2.3829814475e+02	1.2704059257e+09	2.8328250268e+01	1.4916076111e+08	5.8226818214e+01	5.5380700458e+08	1.2357467371e+01	1.1565909111e+08
26	2.4476883002e+02	1.3753283140e+09	2.6761651973e+01	1.5191494531e+08	6.6342766377e+01	6.0018416080e+08	1.4047072740e+01	1.2370755803e+08
27	2.6262507316e+02	1.4251495648e+09	2.7948714955e+01	1.5171224958e+08	7.0087747056e+01	6.6931139448e+08	1.3906473154e+01	1.4115655448e+08
28	2.5878447667e+02	1.5378301291e+09	2.6574104270e+01	1.7143645199e+08	7.7275450513e+01	7.5967351956e+08	1.4088752459e+01	1.4449211973e+08
29	2.8936151947e+02	1.7882331658e+09	3.0404726257e+01	2.0752604587e+08	8.0939737204e+01	7.7223704196e+08	1.4003792749e+01	1.4746204721e+08
30	2.9919520999e+02	1.6999608559e+09	2.9648692812e+01	1.6565693537e+08	9.0330746188e+01	8.2690147339e+08	1.5158396063e+01	1.4051518391e+08
31	3.1069201846e+02	1.8982048850e+09	2.8409389468e+01	1.8243103373e+08	9.1312013655e+01	8.4255579635e+08	1.4664827763e+01	1.3687048528e+08
32	3.5519023819e+02	1.9064585350e+09	3.5306011826e+01	1.7972533857e+08	1.0915646904e+02	9.2330783259e+08	1.7301629116e+01	1.3247843044e+08
33	3.8952877884e+02	2.1730402552e+09	3.6989129303e+01	2.1174284576e+08	1.0430876625e+02	9.7187472999e+08	1.4798823350e+01	1.4380308193e+08
34	3.6806479633e+02	2.1937739639e+09	3.1270836384e+01	1.9584307977e+08	1.0415658376e+02	8.7485669047e+08	1.5204004883e+01	1.1362093834e+08
35	3.9428144972e+02	2.3990711418e+09	3.3277630721e+01	2.2517571621e+08	1.0064355959e+02	8.9637743848e+08	1.3648475494e+01	1.3280700546e+08
36	4.2661537294e+02	2.4044478133e+09	3.5598609352e+01	2.1089037632e+08	1.0644591063e+02	9.8321395114e+08	1.3566894738e+01	1.3269943572e+08
37	4.5986240698e+02	2.5596031641e+09	3.7407426952e+01	2.1680100934e+08	1.1609648534e+02	1.0225094823e+09	1.4626459973e+01	1.2880956488e+08
38	4.8292811905e+02	2.8961925710e+09	3.9148658430e+01	2.5924726100e+08	1.2146396524e+02	1.0337575101e+09	1.6887917450e+01	1.2988687860e+08
39	4.7947426402e+02	2.9102229733e+09	3.6507254928e+01	2.3711931143e+08	1.2024218961e+02	1.0428731010e+09	1.4841458998e+01	1.2377787692e+08
40	4.9844511139e+02	3.0882030286e+09	3.7803113300e+01	2.5589140138e+08	1.5197165108e+02	1.3104517154e+09	1.9886279154e+01	1.7436705640e+08
41	5.2084991737e+02	3.1087782216e+09	4.0066677801e+01	2.8584119421e+08	1.7055889408e+02	1.2954675553e+09	2.2423068195e+01	1.4614963897e+08
42	5.4697136311e+02	3.1328092343e+09	4.0845134133e+01	2.4744754637e+08	1.6258062129e+02	1.3635756820e+09	1.8520432984e+01	1.5389332494e+08
43	5.4259197545e+02	3.2690493414e+09	3.9634699180e+01	2.5261332912e+08	1.7113323312e+02	1.4141284771e+09	1.9595925415e+01	1.5450608900e+08
44	5.7427646297e+02	3.4570131859e+09	4.0126685525e+01	2.6043463900e+08	1.8405064306e+02	1.5378236241e+09	2.1256636520e+01	1.7923847730e+08
45	6.0997216762e+02	3.5997728514e+09	4.2464957647e+01	2.6947579460e+08	2.0023427151e+02	1.6202188490e+09	2.2895385263e+01	1.7894575273e+08
46	6.8096539596e+02	3.7706620285e+09	5.0314314092e+01	2.7559958525e+08	2.2014101585e+02	1.8368233451e+09	2.7288521068e+01	2.1671338525e+08
47	6.9571847383e+02	4.2449294755e+09	4.6631779751e+01	3.4241194655e+08	2.1263525421e+02	1.7618889154e+09	2.4165642189e+01	1.9410980450e+08
48	7.9618260762e+02	4.3448748859e+09	5.8268281011e+01	3.2171437075e+08	2.0012439994e+02	1.6679755986e+09	2.0895668450e+01	1.6998591286e+08
49	7.8261927630e+02	4.5073883738e+09	5.2985947737e+01	3.4684471405e+08	1.9978127101e+02	1.6676257854e+09	2.0308848794e+01	1.6902455942e+08
50	8.4604245709e+02	4.7770605300e+09	5.7429161813e+01	3.4711197571e+08	2.3525774536e+02	1.8452524166e+09	2.5462682261e+01	1.9437587386e+08
51	8.8244808807e+02	4.8515563165e+09	5.7850642149e+01	3.3476832883e+08	2.3401700303e+02	1.9365552034e+09	2.3608479686e+01	1.9878557530e+08
52	9.5636012333e+02	5.1559254981e+09	6.0187927637e+01	3.4776187174e+08	2.4263305517e+02	2.1496685323e+09	2.4238020636e+01	2.7620788822e+08
53	9.6151751226e+02	5.2618436506e+09	5.8626661319e+01	3.4699200243e+08	2.6220588475e+02	2.2734164826e+09	2.5749540586e+01	2.6769193110e+08
54	1.0430027515e+03	5.3687469272e+09	7.1509138075e+01	3.3863229478e+08	2.6088374932e+02	2.1851310425e+09	2.4677764045e+01	2.2028152124e+08
55	1.0118416618e+03	5.4821843804e+09	6.1516219037e+01	3.4941923129e+08	2.7988224835e+02	2.3733981244e+09	2.7545048069e+01	2.4971270526e+08
56	1.0333769898e+03	5.4286879668e+09	6.1211654786e+01	3.3152391216e+08	2.9247947677e+02	2.4339277181e+09	2.7836768132e+01	2.4915818673e+08
57	1.0024840065e+03	5.3353378505e+09	5.6778173416e+01	3.2669698289e+08	3.0339308995e+02	2.5164029682e+09	2.7948895058e+01	2.4675347278e+08
58	1.0560116562e+03	5.6642230660e+09	5.9670088375e+01	3.5061708136e+08	3.1871549845e+02	2.7457568114e+09	2.9265844285e+01	2.7993828474e+08
59	1.1602351414e+03	6.0892396970e+09	6.6417227364e+01	3.6286153172e+08	3.1336948573e+02	2.6601132681e+09	2.6860156553e+01	2.5990203664e+08
60	1.1820428072e+03	6.2618475764e+09	6.4230082666e+01	3.6916481865e+08	3.2890949377e+02	2.8914620882e+09	2.7631205197e+01	3.0146489831e+08
61	1.2650964029e+03	6.4949850164e+09	7.2322296708e+01	3.8905796347e+08	3.2202118813e+02	2.7316162521e+09	2.6596075658e+01	2.7058861583e+08
62	1.2541613483e+03	6.5344401687e+09	6.7282547169e+01	3.8960396818e+08	3.5103464369e+02	2.9864414723e+09	2.9879313825e+01	2.9349186591e+08
63	1.3708039439e+03	6.8914732228e+09	7.4983450316e+01	3.9649931072e+08	3.5440330427e+02	2.9923844431e+09	3.1467941152e+01	2.9435659911e+08
64	1.4896874585e+03	7.3462705800e+09	8.4033301800e+01	4.2877869356e+08	3.4605236162e+02	2.8615763218e+09	2.9285402210e+01	2.6227632832e+08
65	1.4350919255e+03	7.1727729393e+09	7.5377191636e+01	4.0965350056e+08	3.7823859432e+02	3.1742853667e+09	3.1585480984e+01	3.0145797383e+08
66	1.5306023833e+03	7.4893461821e+09	8.0012404612e+01	4.0385022439e+08	4.1384089154e+02	3.3323880841e+09	3.5205648062e+01	3.2127484051e+08
67	1.5469752076e+03	7.4687786558e+09	7.9483698051e+01	4.0245818540e+08	4.4548915397e+02	3.4557109777e+09	3.7288673328e+01	3.0743947975e+08
68	1.6020980820e+03	7.7662173180e+09	8.1499829992e+01	4.0408502571e+08	4.3241225252e+02	3.3439584293e+09	3.6019274303e+01	2.8315371164e+08
69	1.6702785191e+03	7.8918534770e+09	9.4868845863e+01	4.1018353846e+08	4.4918528165e+02	3.4863126777e+09	3.5381766871e+01	3.0098079159e+08
70	1.7244232270e+03	8.3378788209e+09	8.6821794435e+01	4.5653879323e+08	4.9256358826e+02	3.8106463756e+09	3.8720285980e+01	3.5079794350e+08
71	1.7583336761e+03	8.4910108938e+09	8.5841698559e+01	4.4601101392e+08	4.8955701101e+02	3.8131416176e+09	3.7975889724e+01	3.4161513724e+08
72	1.8881549127e+03	8.8660215323e+09	9.4631279445e+01	4.5943840894e+08	5.0294477205e+02	3.9295440039e+09	3.7832940997e+01	3.3255024850e+08
73	1.8531217341e+03	8.8477717855e+09	8.7483422147e+01	4.3332035886e+08	5.1698582813e+02	3.9993002723e+09	3.9467237560e+01	3.5354895636e+08
74	1.9183156973e+03	9.2174896096e+09	8.8307739467e+01	4.4882750084e+08	5.4792326251e+02	4.1487331973e+09	4.1866071742e+01	3.4568329459e+08
75	1.9457025144e+03	9.3397161170e+09	8.7547910755e+01	4.5074950831e+08	5.6016539582e+02	4.5117496372e+09	4.0496465435e+01	3.8421189188e+08
76	2.0101870594e+03	9.8662726132e+09	8.8619035714e+01	5.0054079046e+08	5.6419805762e+02	4.4925955043e+09	3.9913737636e+01	3.5649136709e+08
77	2.0241641724e+03	1.0217438973e+10	8.5215084046e+01	5.1167654004e+08	5.5713003348e+02	4.2650356317e+09	3.8814503193e+01	3.1868139564e+08
78	2.0917515955e+03	1.0356843782e+10	8.8338899533e+01	5.0189196589e+08	6.0536968940e+02	4.6985061538e+09	4.1348568647e+01	3.5671691365e+08
79	2.1090576426e+03	1.0454233268e+10	8.6627639516e+01	4.8859972854e+08	6.6594769616e+02	4.8870400410e+09	5.0092258118e+01	3.6304934176e+08
80	2.1849338033e+03	1.0219791739e+10	9.6317462995e+01	4.6649534834e+08	6.3967083693e+02	4.8114422122e+09	4.6058521537e+01	3.6326269249e+08
81	2.2386376311e+03	1.0345468151e+10	9.4682087490e+01	4.6337553757e+08	6.2233603169e+02	4.6739948702e+09	4.2613023930e+01	3.5081497076e+08
82	2.2748583598e+03	1.0627875103e+10	9.7105016999e+01	4.8520360800e+08	6.7827945351e+02	5.1407548815e+09	4.6596827530e+01	4.3072269463e+08
83	2.2913486211e+03	1.0884360158e+10	9.0989082618e+01	4.8827635924e+08	7.2548695242e+02	5.5806724556e+09	4.8570919784e+01	4.2382803073e+08
84	2.3553512796e+03	1.1085681741e+10	9.5715713890e+01	5.0157596980e+08	7.0511683607e+02	5.3207127536e+09	4.5630456386e+01	3.8558233673e+08
85	2.4394158748e+03	1.1136197796e+10	1.0100237011e+02	4.7923031770e+08	7.1507491845e+02	5.3113125105e+09	4.5496142461e+01	3.7835372876e+08
86	2.5328818219e+03	1.1430831135e+10	1.0565213177e+02	4.8173490808e+08	7.6902397911e+02	5.5820107133e+09	5.1017326627e+01	3.8894658794e+08
87	2.5339550669e+03	1.1743479128e+10	1.0057668857e+02	5.0327679267e+08	7.7076742081e+02	5.7004074151e+09	4.9148830740e+01	4.1746035170e+08
88	2.5946723931e+03	1.1774664328e+10	1.0924632633e+02	4.9658530773e+08	7.9955638509e+02	5.7612665727e+09	5.3913025075e+01	4.0023397148e+08
89	2.6410689893e+03	1.1809136929e+10	1.1146591632e+02	4.9883224686e+08	8.1419405169e+02	5.7297295004e+09	5.2302501873e+01	3.8266186181e+08
90	2.6564668662e+03	1.2090876182e+10	1.0632725086e+02	5.2014845172e+08	7.9635301774e+02	5.6941721824e+09	4.7020196469e+01	3.6275926969e+08
91	2.7899444461e+03	1.2433202458e+10	1.1075513939e+02	5.1702690272e+08	8.8742528208e+02	6.2149369781e+09	5.8563711716e+01	4.2905275363e+08
92	2.9294975394e+03	1.2749680499e+10	1.3183804551e+02	5.2901198282e+08	8.9627668658e+02	6.5326083144e+09	5.4911689435e+01	4.5442315284e+08
93	2.9570141097e+03	1.3402881868e+10	1.1609939096e+02	5.6926844834e+08	9.1410543339e+02	6.7087363236e+09	5.4303711066e+01	4.6308955000e+08
94	2.9707862312e+03	1.3706929082e+10	1.0784186513e+02	5.7861619278e+08	9.2282789848e+02	6.4239520825e+09	5.6954769504e+01	4.1959806550e+08
95	3.1554541575e+03	1.4367570575e+10	1.1773627544e+02	6.2321639557e+08	9.2876240159e+02	6.6336456027e+09	5.2870955075e+01	4.4442977611e+08
96	3.1668620169e+03	1.4130667459e+10	1.1757134913e+02	5.8081962810e+08	9.8036110983e+02	6.7602293804e+09	5.6910723380e+01	4.3186201869e+08
97	3.2889061739e+03	1.4450515597e+10	1.2145147817e+02	5.7831497147e+08	9.9221144840e+02	6.8748130285e+09	5.5723864281e+01	4.2338536020e+08
98	3.3163304566e+03	1.4137546723e+10	1.2265732207e+02	5.4952842702e+08	1.0284809531e+03	6.9488314780e+09	6.0058824458e+01	4.2629725226e+08
99	3.3735646584e+03	1.4223687130e+10	1.1867253120e+02	5.3056289149e+08	9.9167028818e+02	6.8330483464e+09	5.4096052138e+01	4.0459196703e+08
100	3.4205731498e+03	1.4397907872e+10	1.1848793777e+02	5.3914587248e+08	1.0484891758e+03	7.0791449536e+09	5.9156766369e+01	4.2594199527e+08
101	3.5737229487e+03	1.4589229022e+10	1.2583939897e+02	5.2147559254e+08	1.0659504317e+03	7.1874714678e+09	5.8890794196e+01	4.2492651838e+08
102	3.6103148990e+03	1.4633550959e+10	1.2608665681e+02	5.1470715328e+08	1.0307598915e+03	6.9405288032e+09	5.3098552397e+01	3.9552650160e+08
103	3.6175212392e+03	1.4656239477e+10	1.2167743995e+02	5.1832361113e+08	1.0875470262e+03	7.2804929440e+09	5.9407949312e+01	4.2462953919e+08
104	3.6835550224e+03	1.4705838750e+10	1.2209683645e+02	5.2761328579e+08	1.0674838719e+03	7.1821564049e+09	5.7473107631e+01	4.0715853349e+08
105	3.8828851052e+03	1.5514719519e+10	1.3153456356e+02	5.5981157439e+08	1.1416199881e+03	7.7346183974e+09	6.1908614863e+01	4.5985228706e+08
106	4.0025308729e+03	1.5840895483e+10	1.3964856672e+02	5.7702840877e+08	1.1865201338e+03	7.7316628255e+09	6.4646011678e+01	4.2756225451e+08
107	4.0224340300e+03	1.5758863661e+10	1.3687437959e+02	5.6942373011e+08	1.1681426529e+03	7.6292621298e+09	5.9695839583e+01	4.2216725660e+08
108	4.1608425672e+03	1.6638584599e+10	1.3614573042e+02	6.0387097000e+08	1.2669796205e+03	8.1709996371e+09	6.5397273394e+01	4.5068481735e+08
109	4.2881996932e+03	1.7213947061e+10	1.4231570400e+02	6.1841177879e+08	1.2712729321e+03	8.1602767766e+09	6.4064811494e+01	4.4137402906e+08
110	4.2714333420e+03	1.7157629415e+10	1.3915862589e+02	6.1076960952e+08	1.3077431102e+03	8.3155984581e+09	6.5815849179e+01	4.4898973335e+08
111	4.3907657887e+03	1.7476856938e+10	1.4049293364e+02	6.1656132882e+08	1.3492252432e+03	8.4586458127e+09	6.8386060874e+01	4.5361877131e+08
112	4.4904621693e+03	1.7369038024e+10	1.4059484702e+02	5.8685656496e+08	1.3806549707e+03	8.7205193563e+09	7.0836648350e+01	4.8074162033e+08
113	4.5073473625e+03	1.7530417850e+10	1.3663452574e+02	5.9688442611e+08	1.3651155264e+03	8.6940900836e+09	6.6015873474e+01	4.7375792631e+08
114	4.5984118850e+03	1.7727557853e+10	1.3949454243e+02	6.0618349035e+08	1.3594821986e+03	8.6056336314e+09	6.3486076356e+01	4.5166421679e+08
115	4.7563720173e+03	1.7577420749e+10	1.5564550456e+02	5.7110335244e+08	1.4153992069e+03	8.8055944764e+09	6.7112080122e+01	4.5576737113e+08
116	4.7728983811e+03	1.7893986593e+10	1.5007225670e+02	5.8065496799e+08	1.4191159175e+03	8.9699863704e+09	6.5647843721e+01	4.6470144470e+08
117	4.8344013633e+03	1.8272592709e+10	1.4803965844e+02	5.8694714280e+08	1.4426728240e+03	8.8589276930e+09	6.6527966255e+01	4.3498065883e+08
118	4.9680273949e+03	1.8671458940e+10	1.5823923732e+02	5.9136483598e+08	1.5002432187e+03	9.4107713934e+09	6.8225253336e+01	4.8125549944e+08
119	5.0722765886e+03	1.9044934603e+10	1.5700350650e+02	6.0876990452e+08	1.5711811012e+03	9.5491338082e+09	7.4397705667e+01	4.9109087027e+08
120	5.2472415568e+03	1.9934671701e+10	1.5678036653e+02	6.4723657780e+08	1.6106002874e+03	9.5582984293e+09	7.8107244329e+01	4.7770865300e+08
121	5.3934445654e+03	2.0599265944e+10	1.6555922674e+02	6.7572794533e+08	1.6175812778e+03	9.6629228382e+09	7.2642011580e+01	4.6509716576e+08
122	5.4660053290e+03	2.0550362860e+10	1.6190960047e+02	6.5949028798e+08	1.6408741926e+03	9.9456315081e+09	7.2233119687e+01	4.9509237545e+08
123	5.5849266807e+03	2.0644766599e+10	1.6031841496e+02	6.4105170468e+08	1.6597523632e+03	1.0351688330e+10	7.1721939561e+01	5.3240565469e+08
124	5.6657871087e+03	2.1081820286e+10	1.6302255364e+02	6.5390971479e+08	1.6959614538e+03	1.0384484108e+10	7.2044905810e+01	5.0316500056e+08
125	5.6610995132e+03	2.1155358532e+10	1.5419267141e+02	6.6105297464e+08	1.7905202156e+03	1.0541355770e+10	7.8572982779e+01	4.8345957300e+08
126	5.7694837127e+03	2.1207691980e+10	1.5711496772e+02	6.4312763694e+08	1.7821745667e+03	1.0661227444e+10	7.3988375609e+01	4.9637133460e+08
127	5.8814824128e+03	2.1445309453e+10	1.6472612088e+02	6.6135858970e+08	1.7806249799e+03	1.0556540001e+10	7.3868331261e+01	4.8892851561e+08
128	5.9688395498e+03	2.1548881113e+10	1.6045445335e+02	6.3841509117e+08	1.8293460604e+03	1.0607648229e+10	7.6527048341e+01	4.8005930619e+08
129	6.0814419347e+03	2.1487619188e+10	1.8080180739e+02	6.2525062078e+08	1.8688162720e+03	1.0840068102e+10	8.1204179241e+01	4.9942462302e+08
130	6.1286173475e+03	2.1765727024e+10	1.6190198478e+02	6.3736582312e+08	1.8627623882e+03	1.0824185681e+10	7.7395390567e+01	5.1421756083e+08
131	6.1797505927e+03	2.1528800354e+10	1.6549174345e+02	5.9760846798e+08	1.8871482468e+03	1.0781388006e+10	7.4761166572e+01	4.9010374975e+08
132	6.3302865340e+03	2.1788340938e+10	1.6690150041e+02	6.0647661847e+08	1.8916386256e+03	1.0648352317e+10	7.4564635611e+01	4.6880847882e+08
133	6.4311217719e+03	2.2463265168e+10	1.6277460961e+02	6.3729320435e+08	1.9194626504e+03	1.0925874587e+10	7.5218077721e+01	5.0289229084e+08
134	6.7252685060e+03	2.2972347275e+10	1.7915395934e+02	6.6286986417e+08	1.9946733256e+03	1.1222475913e+10	8.1409817837e+01	5.1528785360e+08
135	6.8132758048e+03	2.2938554673e+10	1.7794070015e+02	6.6015433268e+08	2.0673746104e+03	1.1546316636e+10	8.3156903697e+01	5.2034478497e+08
136	7.0860817793e+03	2.3772549873e+10	1.8784640371e+02	6.8969407305e+08	2.0766893980e+03	1.1481616231e+10	8.2369735421e+01	5.0132893241e+08
137	7.0712168461e+03	2.3569537960e+10	1.8561785348e+02	6.4476814029e+08	2.1451436702e+03	1.1730963234e+10	8.3693211703e+01	5.0996994863e+08
138	7.0385913406e+03	2.3537639499e+10	1.7413772755e+02	6.5896233248e+08	2.1406251752e+03	1.1760602393e+10	8.0716266321e+01	5.2211285962e+08
139	7.1454684963e+03	2.3708325030e+10	1.7783027892e+02	6.4481601596e+08	2.1658766161e+03	1.2003100854e+10	8.4986252242e+01	5.4709976349e+08
140	7.3687094312e+03	2.4160846522e+10	1.9392791104e+02	6.8799664594e+08	2.1773776403e+03	1.2072430170e+10	8.2455266620e+01	5.4886329066e+08
141	7.3826514407e+03	2.4474125569e+10	1.9319259268e+02	6.7891450693e+08	2.2732572820e+03	1.2510911139e+10	8.7253047922e+01	5.5287099993e+08
142	7.6464186777e+03	2.4837078232e+10	1.9342869235e+02	6.6376609258e+08	2.3426724209e+03	1.2696279279e+10	8.8973001356e+01	5.4981220423e+08
143	7.8167933078e+03	2.5070820483e+10	2.0597817670e+02	6.8979590129e+08	2.4130320980e+03	1.2962720188e+10	9.1950701350e+01	5.4699782774e+08
144	7.9583605749e+03	2.5420567115e+10	2.1278899691e+02	6.9079900233e+08	2.4657601333e+03	1.3168511250e+10	9.4412317768e+01	5.5853476892e+08
145	7.9414330562e+03	2.5018482855e+10	1.9920775996e+02	6.3506118077e+08	2.5009477780e+03	1.3071131335e+10	9.4903256920e+01	5.3720348152e+08
146	8.2061423399e+03	2.5630730677e+10	2.0245414274e+02	6.6534365534e+08	2.4654083244e+03	1.3068189096e+10	9.0959823888e+01	5.4563968259e+08
147	8.2885105220e+03	2.6032585528e+10	1.9993145295e+02	6.8888311468e+08	2.5592852306e+03	1.3472480377e+10	9.3556624751e+01	5.5562278150e+08
148	8.2338850986e+03	2.5912077980e+10	1.8889350377e+02	6.6999416293e+08	2.6259540377e+03	1.3849706965e+10	9.3707268451e+01	5.8075798735e+08
149	8.4811057147e+03	2.6309473295e+10	2.0043978379e+02	6.6938168916e+08	2.6065494782e+03	1.3822099906e+10	9.2944484697e+01	6.0323791160e+08
150	8.6522832277e+03	2.6521949400e+10	2.1173277773e+02	7.0672948182e+08	2.6841132181e+03	1.4296628685e+10	9.5923152166e+01	6.1929836842e+08
151	8.5864621041e+03	2.6198593006e+10	2.0796776707e+02	6.6540003452e+08	2.7165091283e+03	1.4232101977e+10	9.6800239998e+01	6.1384484471e+08
152	8.7163477030e+03	2.6197531294e+10	2.0396269007e+02	6.4388820622e+08	2.7529767516e+03	1.3881605961e+10	1.0070924118e+02	5.5338562568e+08
153	8.7783379074e+03	2.6303170875e+10	2.0725401835e+02	6.5453418123e+08	2.8476278691e+03	1.4248600322e+10	1.0240725263e+02	5.5678665139e+08
154	8.9503964402e+03	2.6767112917e+10	2.0685332095e+02	6.8554382143e+08	2.8725703447e+03	1.4482062821e+10	1.0052526732e+02	5.7908514653e+08
155	9.3853265251e+03	2.7282127467e+10	2.4370359362e+02	6.8134930447e+08	2.9853372456e+03	1.4871931103e+10	1.0538352990e+02	5.8638472059e+08
156	9.1022031473e+03	2.7318520443e+10	2.0216067460e+02	6.8373725631e+08	3.0349521140e+03	1.5034564297e+10	1.0359339913e+02	5.7516959646e+08
157	9.3370123523e+03	2.7679636300e+10	2.1744456332e+02	6.8947897851e+08	3.0234283937e+03	1.4662772168e+10	1.0018427411e+02	5.3138219879e+08
158	9.3131547974e+03	2.7681480590e+10	2.0452221468e+02	6.7203846705e+08	3.0789834475e+03	1.4843510480e+10	1.0333903259e+02	5.4534626996e+08
159	9.7161230246e+03	2.7932522533e+10	2.2925210315e+02	6.5149307651e+08	3.0819561600e+03	1.4838556543e+10	1.0000229549e+02	5.4288597802e+08
160	9.6745193836e+03	2.7998915753e+10	2.1573056581e+02	6.5955033044e+08	3.1339220450e+03	1.5120028752e+10	1.0266944487e+02	5.5799093044e+08
161	9.9324108637e+03	2.8813438237e+10	2.2863651204e+02	6.8944717864e+08	3.2714493384e+03	1.5489737573e+10	1.1108027301e+02	5.6695965290e+08
162	1.0153747654e+04	2.9088522871e+10	2.3484056963e+02	6.8693221884e+08	3.2466229846e+03	1.5244078851e+10	1.0586805531e+02	5.3959666741e+08
163	1.0335014634e+04	2.9232032309e+10	2.2959927307e+02	6.6932140389e+08	3.2851971160e+03	1.5758458132e+10	1.0626903412e+02	5.7911625735e+08
164	1.0525564341e+04	2.9828941710e+10	2.4477227014e+02	6.8710834417e+08	3.3686158319e+03	1.6218583318e+10	1.0679341775e+02	5.9172047775e+08
165	1.0546265268e+04	2.9545954139e+10	2.2599396452e+02	6.8099369399e+08	3.4267065456e+03	1.6103592070e+10	1.0958721566e+02	5.7357386962e+08
166	1.0768389253e+04	2.9998521601e+10	2.3130432671e+02	7.0041102722e+08	3.5239890753e+03	1.6392632046e+10	1.1537344383e+02	5.9394334820e+08
167	1.0847617347e+04	3.0018882723e+10	2.2178214980e+02	6.8499321598e+08	3.6137941910e+03	1.6685194567e+10	1.1638928449e+02	6.0704095784e+08
168	1.0833060973e+04	2.9612128197e+10	2.1925299120e+02	6.4800570690e+08	3.6439351802e+03	1.6676221210e+10	1.1255532889e+02	5.7368586539e+08
169	1.0981609014e+04	2.9983090240e+10	2.2900389091e+02	6.7113360803e+08	3.6708829130e+03	1.6925336752e+10	1.0957083105e+02	5.7098296810e+08
170	1.1294676113e+04	3.0972423004e+10	2.3063732569e+02	7.1069246149e+08	3.7613457601e+03	1.7254037390e+10	1.1422636716e+02	6.3855861974e+08
171	1.1392425336e+04	3.0963843690e+10	2.4755062483e+02	7.1816276072e+08	3.8385069669e+03	1.7363571385e+10	1.1472530402e+02	6.0987520076e+08
172	1.1397148906e+04	3.1098495268e+10	2.2889845061e+02	6.9740450419e+08	4.0522141793e+03	1.8014659028e+10	1.2719988094e+02	6.1980559714e+08
173	1.1657663087e+04	3.1657502090e+10	2.3814765949e+02	7.1192251995e+08	4.0124147806e+03	1.7779234577e+10	1.1922635051e+02	5.8635263977e+08
174	1.1738338419e+04	3.2235702657e+10	2.3324015741e+02	7.6556887825e+08	4.1499530194e+03	1.8369036865e+10	1.2449758165e+02	6.2836740380e+08
175	1.1987965840e+04	3.2422594641e+10	2.3901202178e+02	7.2331238858e+08	4.1719830680e+03	1.8436038274e+10	1.2217725064e+02	6.2104887378e+08
176	1.2269060343e+04	3.2477492686e+10	2.5118923508e+02	7.0837174036e+08	4.2104071532e+03	1.8459498617e+10	1.2097923804e+02	6.1950607104e+08
177	1.2380322790e+04	3.2183330111e+10	2.4998856279e+02	6.7160634496e+08	4.3649176754e+03	1.8835895962e+10	1.2913520671e+02	6.4028053445e+08
178	1.2411935798e+04	3.2214593172e+10	2.4869526837e+02	6.7240547896e+08	4.4212016474e+03	1.9177800507e+10	1.2743906834e+02	6.3705587929e+08
179	1.2458298126e+04	3.2409313539e+10	2.4528220143e+02	6.8720761208e+08	4.6136496853e+03	1.9493005842e+10	1.4000483230e+02	6.4343022022e+08
180	1.2935210445e+04	3.2981215005e+10	2.7797813434e+02	7.0218532636e+08	4.5341401564e+03	1.8964106225e+10	1.3117402749e+02	6.1488020264e+08
181	1.2822688961e+04	3.3129665211e+10	2.6396129776e+02	7.0226206535e+08	4.5696981310e+03	1.9256316622e+10	1.2918241054e+02	6.4507492790e+08
182	1.2958650950e+04	3.3434392157e+10	2.5624975220e+02	7.1725824094e+08	4.5812248606e+03	1.9302932263e+10	1.2876894792e+02	6.2419407482e+08
183	1.3321132713e+04	3.3743416385e+10	2.7331859772e+02	7.1221078867e+08	4.6558125523e+03	1.9249505893e+10	1.3300440794e+02	5.9997939173e+08
184	1.3496934046e+04	3.3521023940e+10	2.6203371135e+02	6.6326828121e+08	4.6413637817e+03	1.9035381295e+10	1.2661341147e+02	5.6785503604e+08
185	1.3635301203e+04	3.3875097952e+10	2.7429141756e+02	6.9462242590e+08	4.7267170101e+03	1.9189985799e+10	1.3016382235e+02	5.6906409942e+08
186	1.3875968995e+04	3.4165619270e+10	2.7485841013e+02	6.8809967607e+08	4.8157863414e+03	1.9506864152e+10	1.3572004850e+02	5.9696337978e+08
187	1.3676264506e+04	3.4124809326e+10	2.5464734680e+02	7.0719884947e+08	4.9316603514e+03	1.9955128425e+10	1.3604188997e+02	6.2110369913e+08
188	1.3643758360e+04	3.4191294575e+10	2.4868384525e+02	7.1297289876e+08	4.9135887907e+03	2.0157786417e+10	1.2997145137e+02	6.3245279241e+08
189	1.3782543273e+04	3.3979426877e+10	2.5008085409e+02	6.8815867578e+08	5.0212803030e+03	2.0138503303e+10	1.3717591094e+02	6.0390588679e+08
190	1.4012362772e+04	3.4581755596e+10	2.7089411343e+02	7.4881654853e+08	5.1701575289e+03	2.0138870575e+10	1.4251485309e+02	5.8314503093e+08
191	1.4101725285e+04	3.4661948224e+10	2.6523379795e+02	7.1842483270e+08	5.1449068025e+03	2.0272611726e+10	1.3487724538e+02	6.0488917704e+08
192	1.4182476800e+04	3.4342187661e+10	2.6634079046e+02	6.8224598266e+08	5.1234853976e+03	2.0056537095e+10	1.3358063931e+02	5.9428541882e+08
193	1.4593571948e+04	3.4635529534e+10	3.0060081381e+02	6.9332862839e+08	5.1269574089e+03	2.0176324875e+10	1.3123333730e+02	6.0256662347e+08
194	1.4379846395e+04	3.4406908619e+10	2.6297323763e+02	6.8891015394e+08	5.2058266439e+03	2.0184834729e+10	1.3750190758e+02	5.8187878028e+08
195	1.4600347427e+04	3.4313106946e+10	2.7685259754e+02	6.5566967059e+08	5.3398513391e+03	2.0680502791e+10	1.4529780690e+02	6.1857843235e+08
196	1.4784665483e+04	3.5244900709e+10	2.7667064231e+02	7.1708490212e+08	5.3924007371e+03	2.1040707410e+10	1.4269503842e+02	6.6114528299e+08
197	1.4726555173e+04	3.4774208027e+10	2.8022576683e+02	6.8032287548e+08	5.5429128159e+03	2.1196954332e+10	1.4492983370e+02	6.3095738791e+08
198	1.4756628540e+04	3.4649175898e+10	2.6305886229e+02	6.5870505792e+08	5.7068837418e+03	2.1658878173e+10	1.4934410857e+02	6.4026026199e+08
199	1.4997142656e+04	3.5466381502e+10	2.5969452912e+02	6.9644072582e+08	5.8248242548e+03	2.2105819279e+10	1.5035561214e+02	6.7312914510e+08
200	1.5200183115e+04	3.5420291970e+10	2.7477246598e+02	6.8913209546e+08	6.0196934116e+03	2.2354872588e+10	1.5805815528e+02	6.4758219716e+08
201	1.5072280322e+04	3.5392669011e+10	2.5270799229e+02	7.0411434686e+08	6.0423135016e+03	2.2476366916e+10	1.5204776133e+02	6.3939523884e+08
202	1.5241239928e+04	3.5515757147e+10	2.6089255345e+02	6.8628772571e+08	6.0394750670e+03	2.2375879986e+10	1.5212910491e+02	6.3663287075e+08
203	1.5812169417e+04	3.6437709230e+10	2.8823201901e+02	7.3782880011e+08	6.0383421053e+03	2.2096420176e+10	1.4825961296e+02	5.9839185480e+08
204	1.5666708576e+04	3.6519800487e+10	2.6207638753e+02	7.3026649167e+08	6.0287984778e+03	2.2136708858e+10	1.4787752137e+02	6.2243245518e+08
205	1.5703831181e+04	3.6229173544e+10	2.6704683206e+02	6.9540607633e+08	6.2049613479e+03	2.2197461580e+10	1.5489448943e+02	6.0228155865e+08
206	1.5924347659e+04	3.5970516004e+10	2.7502058736e+02	6.7725245858e+08	6.3533031365e+03	2.2996518159e+10	1.5765635847e+02	6.5800325649e+08
207	1.5890950170e+04	3.6036230083e+10	2.7093584864e+02	6.7846062480e+08	6.3886902846e+03	2.2953845508e+10	1.5639037418e+02	6.3487294254e+08
208	1.5997480172e+04	3.6002750165e+10	2.6917705543e+02	6.8200503251e+08	6.4793756704e+03	2.2978448212e+10	1.5721223096e+02	6.2202649136e+08
209	1.6298882150e+04	3.6283679846e+10	2.8116774582e+02	6.6330329179e+08	6.5777473463e+03	2.3061344498e+10	1.5892829094e+02	6.0865537775e+08
210	1.6603006146e+04	3.6802383762e+10	2.9493399428e+02	6.7856772176e+08	6.6739029843e+03	2.3437210238e+10	1.5891001823e+02	6.4614442118e+08
211	1.6741351582e+04	3.6629490774e+10	2.9094636218e+02	6.6695332491e+08	6.7232318608e+03	2.3389598878e+10	1.5862797120e+02	6.1595048335e+08
212	1.6834452956e+04	3.6557540079e+10	2.8594397252e+02	6.4441064130e+08	6.8409809286e+03	2.3719517317e+10	1.5936116315e+02	6.3141833136e+08
213	1.6928626662e+04	3.6632761886e+10	2.8550839395e+02	6.4252966661e+08	6.8591600736e+03	2.3473780145e+10	1.5689504844e+02	5.9202286765e+08
214	1.7176274738e+04	3.6716270307e+10	3.0010992257e+02	6.3946659928e+08	7.0464298979e+03	2.3860087554e+10	1.6546921815e+02	6.0619664381e+08
215	1.7545488064e+04	3.6817231780e+10	3.2213608772e+02	6.3815345974e+08	7.2173311422e+03	2.4335655338e+10	1.7020176964e+02	6.2202600298e+08
216	1.7639772155e+04	3.7267685663e+10	3.0790863844e+02	6.6398832876e+08	7.2798040386e+03	2.4219707082e+10	1.7266582841e+02	6.0343902780e+08
217	1.7646980559e+04	3.7073714108e+10	2.9416496746e+02	6.2923951355e+08	7.2422422351e+03	2.3981578583e+10	1.6324068501e+02	5.9719393021e+08
218	1.7825674977e+04	3.7215032322e+10	2.9690498586e+02	6.3244878346e+08	7.4957124881e+03	2.4515728627e+10	1.7920378766e+02	6.1456252084e+08
219	1.7731801926e+04	3.7111764513e+10	2.9055992811e+02	6.6129945777e+08	7.6256654718e+03	2.4614510026e+10	1.7875293636e+02	5.9505473348e+08
220	1.7887898667e+04	3.6977153179e+10	2.9254487464e+02	6.2404570333e+08	7.6919089854e+03	2.4809945090e+10	1.7458493742e+02	5.9951022572e+08
221	1.8062508308e+04	3.7465629957e+10	2.9377899148e+02	6.6019118045e+08	7.7292532856e+03	2.4911949607e+10	1.7247031404e+02	6.0842163119e+08
222	1.8345394694e+04	3.7438660569e+10	3.0241492016e+02	6.2460756817e+08	7.7513808562e+03	2.4768797193e+10	1.7456103977e+02	5.9378783584e+08
223	1.8611131457e+04	3.8171488067e+10	3.1236516019e+02	7.0599265789e+08	7.8681079615e+03	2.5164351986e+10	1.7366924394e+02	6.1494419590e+08
224	1.8604629055e+04	3.8163905066e+10	3.0284077187e+02	6.8968799537e+08	8.1318054925e+03	2.5766542377e+10	1.8641910853e+02	6.2838015632e+08
225	1.8591814854e+04	3.8103628123e+10	3.0019605197e+02	6.6365253836e+08	8.1861157679e+03	2.5685916042e+10	1.8434636149e+02	6.1677880515e+08
226	1.8805345327e+04	3.8204256252e+10	3.0502171233e+02	6.4675784862e+08	8.1895356988e+03	2.5400044308e+10	1.8006086923e+02	5.8650920449e+08
227	1.8963553025e+04	3.8683073376e+10	2.9313321437e+02	6.8030903174e+08	8.3141923129e+03	2.5708093631e+10	1.8305043374e+02	6.0862861364e+08
228	1.9246032351e+04	3.8412502645e+10	3.1294615119e+02	6.4961477229e+08	8.3767081375e+03	2.5676995089e+10	1.8252388355e+02	5.8903112865e+08
229	1.9779477877e+04	3.9103665138e+10	3.4314474927e+02	6.6737535666e+08	8.4664571157e+03	2.5721486271e+10	1.8410924617e+02	5.9181482593e+08
230	1.9856387809e+04	3.9394427470e+10	3.2880789497e+02	6.6398344521e+08	8.7699860766e+03	2.6274937349e+10	1.9860619595e+02	5.9576145420e+08
231	2.0266916092e+04	3.9591044341e+10	3.4049345422e+02	6.5040704533e+08	8.8789624739e+03	2.6760210245e+10	1.9540724504e+02	6.1565905409e+08
232	2.0469955784e+04	3.9757716687e+10	3.3526817470e+02	6.4000254207e+08	8.9083690742e+03	2.6502614696e+10	1.9591197523e+02	5.9834442421e+08
233	2.0611703687e+04	3.9781914998e+10	3.4012483308e+02	6.3458829661e+08	8.9923046464e+03	2.7052181915e+10	1.9732667445e+02	6.4947009414e+08
234	2.0541668208e+04	3.9219826056e+10	3.2328868808e+02	6.1456452948e+08	9.0092767708e+03	2.7116242958e+10	1.9046949593e+02	6.4363678131e+08
235	2.0472644049e+04	3.8644437903e+10	3.2059194629e+02	5.7712770233e+08	9.1700123636e+03	2.7337825298e+10	1.9671516976e+02	6.2385844238e+08
236	2.0935640848e+04	3.9379194523e+10	3.3831247464e+02	6.2568208157e+08	9.0527785282e+03	2.6728293066e+10	1.8736799326e+02	6.0359839304e+08
237	2.0854367297e+04	3.8857439230e+10	3.2147244357e+02	5.7046551936e+08	9.2131026613e+03	2.6703665029e+10	1.9080734324e+02	5.6654482845e+08
238	2.1039296079e+04	3.9441220702e+10	3.2660100259e+02	6.2076944992e+08	9.5121360998e+03	2.7741105407e+10	1.9981551872e+02	6.2627038440e+08
239	2.1041115010e+04	3.9184566470e+10	3.2467761769e+02	5.9603070772e+08	9.6088997823e+03	2.7813415483e+10	2.0075206261e+02	6.2440529453e+08
240	2.1781911885e+04	3.9716122757e+10	3.7430790098e+02	6.1611968159e+08	9.7684062994e+03	2.7916162197e+10	2.0318479138e+02	6.0540765559e+08
241	2.1577324160e+04	3.9434374124e+10	3.4560086889e+02	6.0084384344e+08	9.8823548694e+03	2.8357533608e+10	2.0297278461e+02	6.2563023897e+08
242	2.1696553498e+04	3.9698640818e+10	3.4173743463e+02	6.1026172588e+08	1.0110783901e+04	2.8559077274e+10	2.0992043340e+02	6.2648694710e+08
243	2.1899845092e+04	3.9843303981e+10	3.5594384110e+02	6.1226598039e+08	1.0401769594e+04	2.9008567820e+10	2.1982162580e+02	6.3415137871e+08
244	2.1798439091e+04	3.9882016941e+10	3.4010691338e+02	6.2127785157e+08	1.0251311139e+04	2.8477768997e+10	2.0527202962e+02	5.9473211808e+08
245	2.2016567782e+04	4.0185706559e+10	3.3215670259e+02	6.1186033192e+08	1.0240292607e+04	2.8345647528e+10	2.0285647876e+02	5.8953765242e+08
246	2.2357846306e+04	4.0692858427e+10	3.4397235644e+02	6.3072896596e+08	1.0423424669e+04	2.8307820371e+10	2.0999921806e+02	5.6874149792e+08
247	2.3096790698e+04	4.1476180622e+10	4.1214930742e+02	6.5685888828e+08	1.0567462384e+04	2.8747642274e+10	2.1424890435e+02	5.9406116729e+08
248	2.2855020082e+04	4.1259715179e+10	3.5471097076e+02	6.4052874092e+08	1.0639125707e+04	2.8612247002e+10	2.1072010723e+02	5.7922876991e+08
249	2.2588747067e+04	4.0368009281e+10	3.5693563521e+02	5.9296157207e+08	1.0983619534e+04	2.9187437273e+10	2.2641889423e+02	5.9752726902e+08
250	2.3403032094e+04	4.1623657073e+10	3.9168816190e+02	6.8198629369e+08	1.0954889679e+04	2.8972864083e+10	2.1827241383e+02	5.6878684976e+08
251	2.3152442488e+04	4.1336332074e+10	3.6388232165e+02	6.5041816179e+08	1.0954695003e+04	2.8957121396e+10	2.1702963890e+02	5.7719677330e+08
252	2.3495162658e+04	4.1307623009e+10	3.7754822383e+02	6.3406185632e+08	1.0938245808e+04	2.8641773469e+10	2.1087648603e+02	5.4528780244e+08
253	2.3166115277e+04	4.0468903012e+10	3.4831063309e+02	5.6786898308e+08	1.1253811010e+04	2.9275816192e+10	2.2374532622e+02	5.6954599964e+08
254	2.3318308033e+04	4.0326244875e+10	3.5355120831e+02	5.5676872815e+08	1.1406488671e+04	2.9734137527e+10	2.2325595784e+02	6.0156949605e+08
255	2.3778057635e+04	4.0680228269e+10	3.9037266616e+02	5.7034261047e+08	1.1524074606e+04	2.9769085836e+10	2.2855985207e+02	5.8665026251e+08
256	2.3937710199e+04	4.1004213033e+10	3.7333991376e+02	5.7579222758e+08	1.1701713331e+04	3.0509467003e+10	2.2746436606e+02	6.2576285370e+08
257	2.4008618765e+04	4.1035214935e+10	3.6097012571e+02	5.7385245000e+08	1.1732989967e+04	3.0263761986e+10	2.2387884634e+02	5.9584712284e+08
258	2.4185665935e+04	4.1377600949e+10	3.5519021162e+02	5.9813049719e+08	1.1952902850e+04	3.0618898032e+10	2.3117326581e+02	6.0461555739e+08
259	2.4156488653e+04	4.1142402753e+10	3.5143890426e+02	5.8616886966e+08	1.1792967643e+04	3.0547337223e+10	2.1559479259e+02	6.1475752095e+08
260	2.4724529577e+04	4.1532730828e+10	3.8180185054e+02	5.9288077707e+08	1.2068210285e+04	3.0629506873e+10	2.3008219645e+02	5.9420761547e+08
261	2.4732050668e+04	4.1762173697e+10	3.6810738353e+02	5.9821858605e+08	1.2413526252e+04	3.1142697293e+10	2.4367297126e+02	6.1593216749e+08
262	2.4722259764e+04	4.1697345304e+10	3.5845053718e+02	5.8833332021e+08	1.2387188525e+04	3.1047189519e+10	2.2987919193e+02	6.0797234292e+08
263	2.4724648422e+04	4.1477759544e+10	3.5957067987e+02	5.7082149075e+08	1.2734435208e+04	3.1470363306e+10	2.4670410634e+02	6.1155810196e+08
264	2.4971391371e+04	4.1438798396e+10	3.8276056400e+02	5.6558954452e+08	1.2676990345e+04	3.1342253307e+10	2.3467132144e+02	5.9996817896e+08
265	2.4859582916e+04	4.1464373646e+10	3.7550142751e+02	5.9430639789e+08	1.2652009778e+04	3.1146241058e+10	2.3334808043e+02	5.9176010009e+08
266	2.4581211778e+04	4.1392532648e+10	3.3065724767e+02	5.7310280204e+08	1.2608751095e+04	3.0914135055e+10	2.2694794942e+02	5.6792504657e+08
267	2.4911904311e+04	4.1520732341e+10	3.4316227524e+02	5.8047220185e+08	1.2731460421e+04	3.1369930910e+10	2.2928625822e+02	5.9543139868e+08
268	2.5261909908e+04	4.1391255143e+10	3.5365021527e+02	5.3842170995e+08	1.3061682594e+04	3.1815109987e+10	2.3886057459e+02	5.9140271803e+08
269	2.5836765628e+04	4.1755616604e+10	3.8103356730e+02	5.5424486158e+08	1.3332163055e+04	3.1906140725e+10	2.4783135539e+02	5.8034820670e+08
270	2.5901822188e+04	4.1841588847e+10	3.7492984025e+02	5.7664461177e+08	1.3684030459e+04	3.2815296341e+10	2.5758138709e+02	6.4080631444e+08
271	2.6028606895e+04	4.1517288974e+10	3.9769962504e+02	5.4470624115e+08	1.3759944755e+04	3.2699921373e+10	2.5614554320e+02	6.0782949166e+08
272	2.6124979211e+04	4.1712762450e+10	3.8954024461e+02	5.5179569076e+08	1.3714796112e+04	3.2723116358e+10	2.4723191136e+02	6.2539503102e+08
273	2.6550229456e+04	4.1941612581e+10	4.4609627434e+02	5.6068115695e+08	1.3881348958e+04	3.2643259428e+10	2.5107461136e+02	5.9293077422e+08
274	2.6607024470e+04	4.1893536710e+10	3.9874603580e+02	5.6581261038e+08	1.3701347602e+04	3.2347098903e+10	2.3589780360e+02	5.9102107021e+08
275	2.6716453269e+04	4.2278435992e+10	3.8625166861e+02	5.9096363149e+08	1.3869118424e+04	3.2334776327e+10	2.4163636747e+02	5.6816803160e+08
276	2.6811116637e+04	4.2424591957e+10	3.7535054886e+02	5.8654387567e+08	1.4045824844e+04	3.2617792881e+10	2.4463286071e+02	5.7502953324e+08
277	2.6921765433e+04	4.2688953806e+10	3.7056685501e+02	5.9541042434e+08	1.4087390054e+04	3.2748735105e+10	2.4008222125e+02	5.8141290473e+08
278	2.7491046213e+04	4.2788546197e+10	3.9501984368e+02	5.6944814665e+08	1.4254202510e+04	3.2841972763e+10	2.4672430519e+02	5.8026445451e+08
279	2.7640207808e+04	4.2414034519e+10	4.0432815126e+02	5.4275020163e+08	1.4557259057e+04	3.3033535218e+10	2.5649604731e+02	5.6727787181e+08
280	2.7767536014e+04	4.2564376408e+10	4.0326813220e+02	5.6448910542e+08	1.4836418877e+04	3.3527377909e+10	2.6601271600e+02	5.9967006448e+08
281	2.7769746906e+04	4.2408978134e+10	4.1166832429e+02	5.3876632124e+08	1.4710037151e+04	3.2864461495e+10	2.5493389870e+02	5.4513985193e+08
282	2.7867778705e+04	4.2798310028e+10	3.8331302021e+02	5.5556054362e+08	1.4983000413e+04	3.3177288036e+10	2.6529448407e+02	5.5894797736e+08
283	2.7921643996e+04	4.2185565287e+10	3.8923708594e+02	5.1476981109e+08	1.5200379737e+04	3.3541526492e+10	2.6996783539e+02	5.7125068372e+08
284	2.7734402615e+04	4.1871565558e+10	3.7676306504e+02	5.0868217714e+08	1.5220011837e+04	3.3550982487e+10	2.6482348817e+02	5.6713138711e+08
285	2.8112194199e+04	4.2405109746e+10	4.0113290146e+02	5.5240976878e+08	1.5535704746e+04	3.4240042500e+10	2.7119236725e+02	5.9296725719e+08
286	2.8479376314e+04	4.2339325982e+10	4.1381902423e+02	5.2441565317e+08	1.5582953804e+04	3.4375021781e+10	2.6907406795e+02	6.1261598069e+08
287	2.8736337817e+04	4.2874293999e+10	4.2098410218e+02	5.7730629470e+08	1.5855719539e+04	3.4425521692e+10	2.7828235193e+02	5.8144986792e+08
288	2.8536635432e+04	4.2476948674e+10	3.9400580568e+02	5.3466898351e+08	1.5954027546e+04	3.4574233248e+10	2.7901300145e+02	5.9275794220e+08
289	2.8848619461e+04	4.2606913688e+10	4.0928649152e+02	5.3963306042e+08	1.6163454850e+04	3.4882168644e+10	2.7875828849e+02	5.9675806556e+08
290	2.9196455975e+04	4.2839464743e+10	4.1588650002e+02	5.3358250204e+08	1.6312847808e+04	3.4996833655e+10	2.8100061303e+02	5.9009356538e+08
291	2.9074228898e+04	4.2560068438e+10	4.0341689977e+02	5.2460929966e+08	1.6450639852e+04	3.5119732341e+10	2.8028574708e+02	5.8121963810e+08
292	2.9736297827e+04	4.3090337121e+10	4.2460836627e+02	5.3963557551e+08	1.6520165457e+04	3.5155578800e+10	2.7535479012e+02	5.7032332619e+08
293	2.9982333365e+04	4.2993042056e+10	4.5264036480e+02	5.3635064729e+08	1.7251237672e+04	3.6356468683e+10	3.0674034962e+02	6.2952717280e+08
294	3.0068916526e+04	4.2852097723e+10	4.3408436340e+02	5.1299932462e+08	1.7172902403e+04	3.6069703854e+10	2.9355262107e+02	6.0304737717e+08
295	3.0204870777e+04	4.2889159124e+10	4.3742020551e+02	5.3955703774e+08	1.7133383409e+04	3.6321904440e+10	2.8572992182e+02	6.2747002803e+08
296	3.0517438953e+04	4.3055271920e+10	4.6964278750e+02	5.4311803070e+08	1.7136670017e+04	3.6105376558e+10	2.7885456732e+02	6.0896664046e+08
297	3.0579104374e+04	4.3221917604e+10	4.4425737879e+02	5.2448568567e+08	1.7457410933e+04	3.6047783719e+10	2.9508952301e+02	5.7362059357e+08
298	3.1120310815e+04	4.3912974460e+10	4.4743048842e+02	5.3980463450e+08	1.7394328748e+04	3.6108434448e+10	2.8102436826e+02	5.7966364520e+08
299	3.1041090681e+04	4.4015006733e+10	4.3207714700e+02	5.5800540527e+08	1.7571107450e+04	3.6493033396e+10	2.8187959887e+02	5.9197686333e+08
300	3.1354481980e+04	4.3994189234e+10	4.5208933765e+02	5.3745412796e+08	1.7791696342e+04	3.6969486658e+10	2.8693779312e+02	6.1724886409e+08
301	3.1263810705e+04	4.3946591770e+10	4.3670063637e+02	5.4709883607e+08	1.8045359011e+04	3.7244297900e+10	2.9954861233e+02	6.4840186652e+08
302	3.1876553432e+04	4.4368924296e+10	4.8168475563e+02	5.6945224464e+08	1.8111852551e+04	3.7200414146e+10	2.8949032419e+02	6.0513618784e+08
303	3.1786372481e+04	4.4056545549e+10	4.5481370864e+02	5.4395074531e+08	1.8548100544e+04	3.7752693936e+10	3.0392968756e+02	6.2266779570e+08
304	3.2050986414e+04	4.4243634111e+10	4.8927068810e+02	5.6788558598e+08	1.8849150099e+04	3.7935840135e+10	3.1433615833e+02	6.1446910992e+08
305	3.1817630551e+04	4.4095108377e+10	4.4519785319e+02	5.5206138317e+08	1.8734098002e+04	3.7528977797e+10	2.9878429845e+02	5.7694598101e+08
306	3.1661582258e+04	4.3904745427e+10	4.4407405792e+02	5.4045646418e+08	1.8868484393e+04	3.7724067622e+10	3.0123758717e+02	5.9988868820e+08
307	3.1933864720e+04	4.3923164904e+10	4.5228601665e+02	5.3428644112e+08	1.9305495679e+04	3.8157896270e+10	3.1974059773e+02	5.9941793427e+08
308	3.2443759329e+04	4.4133439344e+10	4.7012752928e+02	5.4671388934e+08	1.9388025787e+04	3.8256743404e+10	3.1045997304e+02	5.9282415646e+08
309	3.2843444765e+04	4.4246227028e+10	4.7736130400e+02	5.3381749324e+08	1.9481856852e+04	3.8169876728e+10	3.1194078433e+02	5.8785326499e+08
310	3.2807585331e+04	4.4076923597e+10	4.8069758664e+02	5.4356135262e+08	1.9704816893e+04	3.8188796003e+10	3.1951468783e+02	5.7838768684e+08
311	3.2962137253e+04	4.4169020074e+10	4.8944913201e+02	5.4550373619e+08	1.9900922833e+04	3.8379352433e+10	3.1898226383e+02	5.7871646584e+08
312	3.2949358177e+04	4.4198855835e+10	4.9304436898e+02	5.6954523506e+08	1.9946886814e+04	3.8471477338e+10	3.1140682239e+02	5.8339774904e+08
313	3.2965887269e+04	4.3826091107e+10	4.7197768220e+02	5.1322372529e+08	2.0516423050e+04	3.9089744155e+10	3.3679656524e+02	5.9666371989e+08
314	3.2949868819e+04	4.3647609487e+10	4.9048040947e+02	5.2495043002e+08	2.0492538581e+04	3.8976980016e+10	3.2217167932e+02	5.8278806202e+08
315	3.2954096468e+04	4.3649167241e+10	4.7857773788e+02	5.2144171422e+08	2.0808691576e+04	3.9464453125e+10	3.3491558646e+02	6.0444967331e+08
316	3.3038906930e+04	4.3523015369e+10	4.7758774543e+02	5.0108138851e+08	2.1070856386e+04	4.0017116610e+10	3.3451913293e+02	6.1784723921e+08
317	3.2966831191e+04	4.3460935269e+10	4.6973771868e+02	5.1550904538e+08	2.1258117570e+04	4.0090093816e+10	3.3806535407e+02	6.1099930460e+08
318	3.3313325221e+04	4.3865099698e+10	4.9955467887e+02	5.3472460953e+08	2.1513721783e+04	4.0145246442e+10	3.4695552959e+02	6.0549915071e+08
319	3.3316986633e+04	4.3533340628e+10	5.0350757177e+02	5.0384518641e+08	2.1122962620e+04	3.9502216879e+10	3.2020359599e+02	5.7063015360e+08
320	3.3605268380e+04	4.4044655134e+10	4.8913016667e+02	5.2666646678e+08	2.1216274437e+04	3.9459039400e+10	3.2275430971e+02	5.6615346935e+08
321	3.3683450565e+04	4.3895847353e+10	4.8577938258e+02	5.1736965705e+08	2.1573930407e+04	4.0012002725e+10	3.3528972107e+02	5.9535146681e+08
322	3.3981835056e+04	4.4019818266e+10	5.0004433605e+02	5.2255723793e+08	2.1747804782e+04	4.0079212620e+10	3.3646071597e+02	5.8133614660e+08
323	3.3718756321e+04	4.3916116674e+10	4.6682020688e+02	5.1075043490e+08	2.2026992447e+04	4.0461013334e+10	3.3743390293e+02	5.9946949537e+08
324	3.4075439784e+04	4.4075507917e+10	4.7389123958e+02	5.0638002342e+08	2.2471315598e+04	4.1114157767e+10	3.5246090829e+02	6.2083796258e+08
325	3.4160862620e+04	4.3820584699e+10	4.8533580152e+02	4.9212295402e+08	2.2411280811e+04	4.0881396774e+10	3.4211298624e+02	5.9733728557e+08
326	3.4737638887e+04	4.4275189389e+10	5.1471462943e+02	5.2520579317e+08	2.2597969319e+04	4.1055368675e+10	3.4405853392e+02	6.0332302755e+08
327	3.4605219084e+04	4.3939733214e+10	4.9825053254e+02	4.9765096663e+08	2.2891739130e+04	4.1244491660e+10	3.5368501484e+02	6.0035149908e+08
328	3.4832092524e+04	4.3940342164e+10	5.1845252411e+02	5.0386249489e+08	2.2706880341e+04	4.1072967454e+10	3.3562254071e+02	5.9944711366e+08
329	3.4897555530e+04	4.3958491342e+10	5.1122869664e+02	5.0435929869e+08	2.3196733911e+04	4.1653664949e+10	3.5549854021e+02	6.1091057095e+08
330	3.4982473070e+04	4.3850127369e+10	5.0500991645e+02	4.9900322097e+08	2.3387244205e+04	4.1609709030e+10	3.5448637385e+02	5.8939603161e+08
331	3.4683115385e+04	4.3634382404e+10	4.9168118394e+02	4.9171209299e+08	2.3277106462e+04	4.1509636002e+10	3.4520862169e+02	6.0641873916e+08
332	3.4966430871e+04	4.3791805269e+10	4.8891539437e+02	4.8449811697e+08	2.3369551806e+04	4.1446853861e+10	3.4318880862e+02	5.8293721348e+08
333	3.5238730021e+04	4.3987615276e+10	4.9897645659e+02	5.0161618000e+08	2.3653179860e+04	4.1708528856e+10	3.5213752080e+02	5.8668024546e+08
334	3.5402213879e+04	4.3928483986e+10	5.0883172442e+02	5.2075749426e+08	2.3925386811e+04	4.1687771595e+10	3.6028150320e+02	5.6870989770e+08
335	3.5677958787e+04	4.3883955998e+10	5.3818446764e+02	5.1730199244e+08	2.4153755732e+04	4.1766888046e+10	3.6374183714e+02	5.6935767917e+08
336	3.5874316532e+04	4.4164400219e+10	5.4921684727e+02	5.2956316348e+08	2.4040675240e+04	4.1505663142e+10	3.5245280327e+02	5.6023424161e+08
337	3.5858524774e+04	4.4152829190e+10	5.4775254267e+02	5.3394114378e+08	2.4379673714e+04	4.1991203826e+10	3.5685014951e+02	5.6915318106e+08
338	3.5872302372e+04	4.3888931135e+10	5.4059486666e+02	5.0380676874e+08	2.4870058898e+04	4.2427442758e+10	3.7186489358e+02	5.7676305634e+08
339	3.5794457172e+04	4.3837627061e+10	5.0858914305e+02	5.1047987821e+08	2.4836368739e+04	4.2428447848e+10	3.6392934761e+02	5.8320075021e+08
340	3.5990102075e+04	4.3548148647e+10	5.2068466665e+02	4.7953090466e+08	2.4934663564e+04	4.2294146990e+10	3.6483242633e+02	5.5933744434e+08
341	3.6353422239e+04	4.3779568559e+10	5.6353439389e+02	5.0566102729e+08	2.4900424631e+04	4.2275696606e+10	3.5432046464e+02	5.6229938151e+08
342	3.5686119840e+04	4.3262173243e+10	4.8901350356e+02	4.6242360755e+08	2.5385063325e+04	4.2755735339e+10	3.7452454653e+02	5.8213451824e+08
343	3.6003632928e+04	4.3340254298e+10	5.0655363274e+02	4.7776075064e+08	2.5191858898e+04	4.2438701254e+10	3.5369551541e+02	5.5950658760e+08
344	3.6288562310e+04	4.3507984567e+10	5.2396608838e+02	4.9021635597e+08	2.5727697014e+04	4.3204442470e+10	3.8188217716e+02	6.0993301789e+08
345	3.5929671986e+04	4.3242387069e+10	4.8474805252e+02	4.7082889149e+08	2.5911709037e+04	4.3337324434e+10	3.7229368178e+02	5.9101358736e+08
346	3.6244531818e+04	4.3753786469e+10	4.9575792426e+02	5.1054212731e+08	2.6589124022e+04	4.3905604930e+10	3.9658533612e+02	5.9267730210e+08
347	3.6571981256e+04	4.3697219485e+10	5.1356785151e+02	4.9917496231e+08	2.6510167597e+04	4.3733855859e+10	3.8142881468e+02	5.7980038457e+08
348	3.6856199617e+04	4.3800307548e+10	5.5468169034e+02	5.0440866743e+08	2.6980968477e+04	4.4157999618e+10	3.9524840963e+02	5.9664505702e+08
349	3.6876348482e+04	4.3541351535e+10	5.3099985766e+02	4.7938858571e+08	2.7490211924e+04	4.4642741719e+10	4.1046179046e+02	6.0131690371e+08
350	3.7331071349e+04	4.3989769433e+10	5.5349808943e+02	5.3910654243e+08	2.7295133866e+04	4.4346812902e+10	3.8859540961e+02	5.8423653800e+08
351	3.7215705340e+04	4.3918053535e+10	5.2062314757e+02	5.0293115081e+08	2.7244861373e+04	4.4139749582e+10	3.7938045256e+02	5.6691412347e+08
352	3.6921693928e+04	4.3546446907e+10	5.0041039406e+02	4.6920704690e+08	2.7076312510e+04	4.3611337970e+10	3.7027703759e+02	5.3890277384e+08
353	3.7268850700e+04	4.3400321414e+10	5.4407045350e+02	4.6756960758e+08	2.7359052030e+04	4.3931038036e+10	3.8267691662e+02	5.5950865343e+08
354	3.7582610601e+04	4.3458283373e+10	5.5997390644e+02	4.7476180417e+08	2.7985879191e+04	4.4852729424e+10	4.0386763963e+02	5.9635227803e+08
355	3.7279805954e+04	4.3056383330e+10	5.2090263359e+02	4.4971594330e+08	2.7956566417e+04	4.4628821999e+10	3.8834020568e+02	5.6702004185e+08
356	3.7563895783e+04	4.3197141113e+10	5.3861222843e+02	4.6816785610e+08	2.8189439252e+04	4.5008513381e+10	3.9414559991e+02	5.9620810159e+08
357	3.8164282271e+04	4.3730664605e+10	5.6274495418e+02	5.0239517889e+08	2.8418280948e+04	4.5077756432e+10	3.9614826533e+02	5.7266546797e+08
358	3.8234527763e+04	4.3708184688e+10	5.4868351077e+02	4.9673449894e+08	2.9039421156e+04	4.5882411023e+10	4.1310665276e+02	6.0409952922e+08
359	3.8404921230e+04	4.3706435207e+10	5.7214850128e+02	4.8308643181e+08	2.9224370358e+04	4.5960482798e+10	4.1312029175e+02	5.9231559414e+08
360	3.8447667102e+04	4.3742202509e+10	5.5775435342e+02	4.9458198106e+08	2.9321158940e+04	4.5872566170e+10	4.0760000580e+02	5.7924671799e+08
361	3.8123780695e+04	4.3368779005e+10	5.3607323932e+02	4.7939841178e+08	2.9855311876e+04	4.6396520750e+10	4.2290485185e+02	5.9490678271e+08
362	3.8512849351e+04	4.3847790722e+10	5.6222150050e+02	5.1873068471e+08	2.9966732450e+04	4.6179397869e+10	4.2244090139e+02	5.7487786121e+08
363	3.8591929368e+04	4.3756112439e+10	5.4721127069e+02	5.0522987244e+08	3.0326883107e+04	4.6609933173e+10	4.2680847839e+02	5.8420040838e+08
364	3.8822317008e+04	4.3530243245e+10	5.7955667443e+02	4.8854563360e+08	3.0522241436e+04	4.6715825248e+10	4.2611931211e+02	5.7661229977e+08
365	3.8707704584e+04	4.3497843960e+10	5.5254724779e+02	4.7937213506e+08	3.0660675503e+04	4.6806030603e+10	4.2522516914e+02	5.8154025180e+08
366	3.8916508029e+04	4.3456386523e+10	5.7744276178e+02	4.8144674507e+08	3.0957977720e+04	4.6973566694e+10	4.2445029166e+02	5.7568112191e+08
367	3.9313350003e+04	4.3532669647e+10	6.1920478340e+02	4.9907583270e+08	3.1708407635e+04	4.7764744630e+10	4.5446128025e+02	6.0449834861e+08
368	4.0058879221e+04	4.4183231824e+10	6.1700267487e+02	5.1687256316e+08	3.1747883803e+04	4.7612553461e+10	4.4527168661e+02	5.8548432021e+08
369	4.0429667785e+04	4.4054962471e+10	6.3912619808e+02	4.9716113324e+08	3.1521549654e+04	4.7404495325e+10	4.2230346557e+02	5.7282953106e+08
370	4.0186134623e+04	4.3796627438e+10	6.1267354489e+02	4.7990899187e+08	3.1544400160e+04	4.7543533586e+10	4.2292102555e+02	5.8608720246e+08
371	4.0178521799e+04	4.4102189650e+10	5.9951799999e+02	5.1115684859e+08	3.1593539014e+04	4.7289670425e+10	4.1807184200e+02	5.5747529381e+08
372	4.0763233120e+04	4.4602212083e+10	6.6623204843e+02	5.5827597474e+08	3.2070847699e+04	4.7803378390e+10	4.3397777248e+02	5.8505484549e+08
373	4.0526282822e+04	4.4207330561e+10	6.2820466244e+02	5.1407902231e+08	3.2186348425e+04	4.7971557737e+10	4.3371127011e+02	6.0218964782e+08
374	4.0636061638e+04	4.4419175354e+10	6.3264072142e+02	5.4203505161e+08	3.2315276990e+04	4.7963599941e+10	4.3165421757e+02	5.8227650136e+08
375	4.0026573519e+04	4.3580523681e+10	5.8997297985e+02	4.8047303267e+08	3.2598479743e+04	4.8281127011e+10	4.3400625721e+02	5.8390559498e+08
376	3.9995781160e+04	4.3282740145e+10	5.8432872522e+02	4.6100042880e+08	3.2720729179e+04	4.8533118000e+10	4.2883663397e+02	5.9637741755e+08
377	4.0747218137e+04	4.3651839873e+10	6.5314494759e+02	4.9398283499e+08	3.3051375994e+04	4.8914830355e+10	4.3331339014e+02	6.1296965766e+08
378	4.0380974832e+04	4.3675753623e+10	5.9610878249e+02	4.9797030361e+08	3.3151741969e+04	4.8600128999e+10	4.3659144990e+02	5.7539153667e+08
379	4.0973915633e+04	4.3679046967e+10	6.4673268114e+02	4.8748011046e+08	3.3164565772e+04	4.8717729882e+10	4.2747445810e+02	5.8162806781e+08
380	4.1302872342e+04	4.3923646463e+10	6.3246702051e+02	4.9881673412e+08	3.3317346483e+04	4.8745132375e+10	4.2394254850e+02	5.6819406131e+08
381	4.1900314539e+04	4.4253612484e+10	6.5755128828e+02	5.2210117131e+08	3.3763274518e+04	4.9104983010e+10	4.4041300984e+02	5.8060317331e+08
382	4.1790949765e+04	4.3960020965e+10	6.7964892784e+02	5.3118015029e+08	3.4117070500e+04	4.9481393973e+10	4.5364242741e+02	5.9750746808e+08
383	4.1612207415e+04	4.3916473524e+10	6.5514644080e+02	5.2128167141e+08	3.4097660161e+04	4.9186057242e+10	4.4485190796e+02	5.7109032220e+08
384	4.1843797941e+04	4.3958523112e+10	6.6395887804e+02	5.2400183958e+08	3.4402217752e+04	4.9507030366e+10	4.4331811804e+02	5.7642599289e+08
385	4.2106450240e+04	4.4371903141e+10	7.1181488478e+02	5.5711397650e+08	3.5304708491e+04	5.0459803164e+10	4.8043190393e+02	6.1509013135e+08
386	4.1217380648e+04	4.3644957706e+10	5.9770727111e+02	4.8737856150e+08	3.5315242465e+04	5.0418768779e+10	4.5956670505e+02	5.9399502068e+08
387	4.1805857043e+04	4.3939182527e+10	6.5149592779e+02	5.1425181019e+08	3.5637558842e+04	5.0786163548e+10	4.6918401396e+02	6.0526805014e+08
388	4.2084003652e+04	4.4015228322e+10	6.5135740105e+02	5.1950023540e+08	3.5960033760e+04	5.1020384367e+10	4.7088258480e+02	6.0385218412e+08
389	4.2766801623e+04	4.4127313451e+10	7.0863012949e+02	5.2143026757e+08	3.5862637241e+04	5.0720624261e+10	4.6046873791e+02	5.8557828818e+08
390	4.2843195460e+04	4.3950250456e+10	7.0832328215e+02	5.1354314974e+08	3.6145859476e+04	5.0946547284e+10	4.6724107321e+02	5.9323946139e+08
391	4.2341100978e+04	4.3519582342e+10	6.4407170227e+02	4.7211999519e+08	3.6244149779e+04	5.0891733963e+10	4.6259663675e+02	5.8581338410e+08
392	4.2776538744e+04	4.3733792780e+10	6.4104269158e+02	4.7339124163e+08	3.6438347833e+04	5.0951143476e+10	4.6165903404e+02	5.8258451180e+08
393	4.2603399170e+04	4.3568885629e+10	6.7118790600e+02	5.0294589183e+08	3.7296836988e+04	5.1687083222e+10	4.9203986986e+02	6.0006606224e+08
394	4.2957201064e+04	4.3500986343e+10	6.7223702241e+02	4.9822529735e+08	3.7590616346e+04	5.1982795789e+10	4.8394290339e+02	5.9660740632e+08
395	4.2641115318e+04	4.3345084402e+10	6.2431093709e+02	4.7732084173e+08	3.8167128026e+04	5.2617762699e+10	4.9900984142e+02	6.1621118512e+08
396	4.3776423150e+04	4.3878198871e+10	7.8102658725e+02	5.5424142706e+08	3.8279489117e+04	5.2555681983e+10	4.9752813988e+02	6.0310912709e+08
397	4.3912176227e+04	4.3779014558e+10	7.1337997823e+02	5.0954281470e+08	3.8226721508e+04	5.2434063165e+10	4.8367795031e+02	5.8683295373e+08
398	4.4102948637e+04	4.3856657025e+10	7.8865792018e+02	5.4343133232e+08	3.8403171433e+04	5.2626176820e+10	4.8757148753e+02	5.9940650518e+08
399	4.3656103030e+04	4.3609005244e+10	6.8726344347e+02	4.9553204625e+08	3.8043575223e+04	5.2059495854e+10	4.6383486319e+02	5.7234446333e+08
400	4.4055256522e+04	4.3842298722e+10	7.0691667820e+02	5.1183724763e+08	3.7895970000e+04	5.1804207195e+10	4.5308606884e+02	5.5986523809e+08
401	4.3811042691e+04	4.3720468899e+10	6.8002603444e+02	4.9686517644e+08	3.8808908943e+04	5.2508617174e+10	4.9045893606e+02	5.9071795312e+08
402	4.3763077485e+04	4.3798294879e+10	6.9559319726e+02	5.2654576212e+08	3.8964831855e+04	5.2649585416e+10	4.8088187906e+02	5.8168618465e+08
403	4.4416685084e+04	4.4017565025e+10	7.5851542502e+02	5.4502628640e+08	3.9125457365e+04	5.2712978987e+10	4.8176550711e+02	5.8164114610e+08
404	4.4225317930e+04	4.3787796392e+10	6.9772594461e+02	5.1042375227e+08	3.8984220120e+04	5.2477799520e+10	4.7339273053e+02	5.7778074425e+08
405	4.4197165284e+04	4.3518847264e+10	7.1305693373e+02	4.9941539521e+08	3.9966027299e+04	5.3336518717e+10	5.0852014961e+02	5.9560101883e+08
406	4.4327185629e+04	4.3469756198e+10	7.2883654913e+02	5.1683839483e+08	4.0481655747e+04	5.3941177313e+10	5.1196878094e+02	6.1447900103e+08
407	4.3970316319e+04	4.2979949263e+10	6.6798581306e+02	4.6387189049e+08	4.0626701236e+04	5.3895672195e+10	5.0388039769e+02	5.9362613896e+08
408	4.4537025867e+04	4.3244196295e+10	7.3982264808e+02	4.9642464394e+08	4.1005765610e+04	5.4298096036e+10	5.0814901581e+02	6.0108971578e+08
409	4.4655399400e+04	4.3268527238e+10	7.1299605416e+02	4.8245642323e+08	4.1332939558e+04	5.4576564298e+10	5.1472314712e+02	6.1081484318e+08
410	4.5226758442e+04	4.3785419227e+10	7.3713325095e+02	5.1505452385e+08	4.1780633774e+04	5.5017123366e+10	5.1989927754e+02	6.1983199530e+08
411	4.5144706371e+04	4.3748520803e+10	7.4309260251e+02	5.2534920403e+08	4.2278415510e+04	5.5470068247e+10	5.3211747985e+02	6.2772878935e+08
412	4.5026358547e+04	4.3751541722e+10	7.9775295656e+02	5.8338685885e+08	4.1882231231e+04	5.5067130200e+10	5.0459435544e+02	6.1365251127e+08
413	4.4822347544e+04	4.3481110733e+10	7.1636098239e+02	5.1400605780e+08	4.2121374668e+04	5.4969036652e+10	5.1020797683e+02	5.9415078514e+08
414	4.4778414268e+04	4.3172894815e+10	7.2139120211e+02	4.9857494238e+08	4.2335858449e+04	5.5085420334e+10	5.1373948726e+02	5.9507333186e+08
415	4.5265444090e+04	4.3306336406e+10	8.2244531046e+02	5.3756697769e+08	4.2563683025e+04	5.5421765263e+10	5.1038990506e+02	6.0528354406e+08
416	4.6239007959e+04	4.3976546302e+10	9.2068981340e+02	6.0210063622e+08	4.2774322331e+04	5.5386152104e+10	5.1160266778e+02	5.8829338320e+08
417	4.6070468994e+04	4.3726423828e+10	8.5765021158e+02	5.6612831988e+08	4.3271541122e+04	5.5967329485e+10	5.2324744533e+02	6.1418036052e+08
418	4.5931395618e+04	4.3780374959e+10	7.9528460090e+02	5.5026561537e+08	4.3901841992e+04	5.6674601044e+10	5.3705852732e+02	6.3698335807e+08
419	4.5409630340e+04	4.3366760954e+10	7.6357807506e+02	5.1790380972e+08	4.3843979270e+04	5.6419396519e+10	5.2907010907e+02	6.1699417978e+08
420	4.5535785237e+04	4.3358599173e+10	7.4957546164e+02	5.1076033029e+08	4.3674101433e+04	5.5874275579e+10	5.1507796725e+02	5.8011076297e+08
421	4.6036806053e+04	4.3464641679e+10	8.1607066666e+02	5.4486734412e+08	4.4810562797e+04	5.6906563704e+10	5.4653647338e+02	6.1167413147e+08
422	4.5785904352e+04	4.3066572899e+10	8.1044200777e+02	5.1226127019e+08	4.5431028438e+04	5.7545899369e+10	5.6176936060e+02	6.3338950766e+08
423	4.6204130911e+04	4.3310537028e+10	7.8804928655e+02	5.1632825961e+08	4.5734656554e+04	5.8043171834e+10	5.6049015867e+02	6.5603208757e+08
424	4.6274695158e+04	4.3319810855e+10	7.9067752348e+02	5.3244020907e+08	4.5754749477e+04	5.7854010345e+10	5.4953851220e+02	6.3485838992e+08
425	4.6372230141e+04	4.3154147079e+10	7.8159988022e+02	5.0414281983e+08	4.5759345073e+04	5.7849978534e+10	5.4115981591e+02	6.2950562962e+08
426	4.6439414731e+04	4.3048142757e+10	8.1480731541e+02	5.3114985605e+08	4.5422749015e+04	5.7498403644e+10	5.2192555350e+02	6.1262033338e+08
427	4.6485570057e+04	4.2983074253e+10	7.9461442656e+02	5.2099031970e+08	4.5632775025e+04	5.7616696892e+10	5.2175041127e+02	6.0467051755e+08
428	4.6703660272e+04	4.3227829676e+10	8.2651090783e+02	5.5274835905e+08	4.6144619841e+04	5.7962975984e+10	5.3477670320e+02	6.0914301019e+08
429	4.6654946152e+04	4.3290747620e+10	8.1289559736e+02	5.4536827024e+08	4.6561360241e+04	5.8228109535e+10	5.4977114453e+02	6.1890544924e+08
430	4.6633324241e+04	4.3053621040e+10	7.8484541526e+02	5.0856793411e+08	4.6816974325e+04	5.8344847989e+10	5.4956823183e+02	6.1524949995e+08
431	4.6751475622e+04	4.2870139450e+10	8.2467525670e+02	5.1855488321e+08	4.7055438625e+04	5.8505210785e+10	5.5558977290e+02	6.2324316165e+08
432	4.5805677758e+04	4.2297366182e+10	7.2815255665e+02	4.7200462717e+08	4.7409126039e+04	5.8656577854e+10	5.5472750632e+02	6.1231919474e+08
433	4.6883473285e+04	4.2571437623e+10	8.9585708168e+02	5.2992509533e+08	4.7829290708e+04	5.9024226783e+10	5.5972640940e+02	6.2154968865e+08
434	4.7096773653e+04	4.2789845927e+10	8.6535698413e+02	5.3042570584e+08	4.7926531325e+04	5.8895609106e+10	5.5714358757e+02	6.0946434224e+08
435	4.7089519475e+04	4.2785076807e+10	8.9010210915e+02	5.4780876090e+08	4.8083814602e+04	5.8998969255e+10	5.5585476976e+02	6.1070129318e+08
436	4.7240225421e+04	4.3418637399e+10	8.3477474149e+02	6.1684200554e+08	4.8032062025e+04	5.8790127699e+10	5.4917845755e+02	6.0088280363e+08
437	4.7509440762e+04	4.3337980672e+10	8.1543310535e+02	5.4785042306e+08	4.8173168989e+04	5.8900307170e+10	5.4496802308e+02	6.0199183946e+08
438	4.7180312896e+04	4.3016513565e+10	8.2534653026e+02	5.3414012901e+08	4.8525955640e+04	5.8938535255e+10	5.5763099397e+02	5.9389110606e+08
439	4.7508514744e+04	4.2955594067e+10	8.2721567107e+02	5.2455077722e+08	4.9000225840e+04	5.9275090472e+10	5.6507810936e+02	6.0065725791e+08
440	4.7599110395e+04	4.2854353854e+10	8.3476464020e+02	5.2643054214e+08	4.8954238058e+04	5.9138911514e+10	5.5592963627e+02	5.9510291847e+08
441	4.7683475113e+04	4.2914017104e+10	8.4968685874e+02	5.5544345752e+08	4.9338930884e+04	5.9422981633e+10	5.6161915267e+02	6.0151389572e+08
442	4.8136262609e+04	4.3036324272e+10	8.9802014484e+02	5.7070713232e+08	5.0322959850e+04	6.0294352175e+10	5.9280625459e+02	6.2684277527e+08
443	4.8681187799e+04	4.3226058817e+10	9.3017149938e+02	5.8172345890e+08	5.0084460506e+04	5.9929806133e+10	5.6722778845e+02	6.0336743725e+08
444	4.8755994640e+04	4.3141303147e+10	9.3104340814e+02	5.8546662285e+08	5.0329437458e+04	5.9967986928e+10	5.7447173219e+02	6.0001538881e+08
445	4.8970237622e+04	4.3068354241e+10	9.1451540541e+02	5.5422659280e+08	5.0334219618e+04	5.9931583505e+10	5.6414356609e+02	5.9476818177e+08
446	4.8718223187e+04	4.2916685780e+10	9.1389198400e+02	5.5033203179e+08	5.0496009097e+04	6.0077422890e+10	5.6644891552e+02	6.0298193271e+08
447	4.8596880063e+04	4.2762815669e+10	8.6287395009e+02	5.2921522270e+08	5.0012670337e+04	5.9513006877e+10	5.3720590538e+02	5.7279294781e+08
448	4.8274525805e+04	4.2753464964e+10	8.1412889352e+02	5.2030070506e+08	5.0161191018e+04	5.9478923089e+10	5.4624621553e+02	5.7455821517e+08
449	4.8618057211e+04	4.2741750716e+10	8.5800663836e+02	5.3370306872e+08	5.0156014225e+04	5.9433146059e+10	5.4105006747e+02	5.7585635490e+08
450	4.9318231954e+04	4.3224551783e+10	9.4654665872e+02	5.8502984413e+08	5.0788174675e+04	6.0074599130e+10	5.5721573075e+02	6.0872454615e+08
451	5.0144481584e+04	4.3666837942e+10	9.5579822515e+02	5.9172832814e+08	5.1081153534e+04	6.0260181915e+10	5.6142285459e+02	6.0887439014e+08
452	5.0342995126e+04	4.3820054776e+10	9.9752108525e+02	6.1660758427e+08	5.1715851453e+04	6.0822820595e+10	5.7994595833e+02	6.2564709919e+08
453	4.9719301800e+04	4.3369926750e+10	9.1097994440e+02	5.6387957983e+08	5.1598415015e+04	6.0464881596e+10	5.6536583390e+02	5.9338786475e+08
454	4.9970796494e+04	4.3440086770e+10	9.3000724964e+02	5.8448322816e+08	5.1484717798e+04	6.0379000193e+10	5.5249538738e+02	5.9150063219e+08
455	5.0161417236e+04	4.3291035134e+10	9.9628752971e+02	6.1518533857e+08	5.1666351193e+04	6.0364262899e+10	5.5776958206e+02	5.8382346324e+08
456	5.0326345743e+04	4.3526476527e+10	9.6429993377e+02	5.9951604921e+08	5.2499930970e+04	6.1095695130e+10	5.8211706004e+02	6.0584196092e+08
457	5.0319272842e+04	4.3398663457e+10	9.4969290955e+02	5.7556190368e+08	5.2817598399e+04	6.1237155724e+10	5.8127160104e+02	6.0102796772e+08
458	4.9812695376e+04	4.2998403770e+10	9.0772616369e+02	5.4467848723e+08	5.3017830722e+04	6.1191865763e+10	5.7864281304e+02	5.8983080327e+08
459	4.9735627701e+04	4.2854669003e+10	8.6227643319e+02	5.3174551201e+08	5.3435022732e+04	6.1473291935e+10	5.9359740005e+02	6.0654796406e+08
460	5.0408685444e+04	4.3437481317e+10	1.0324751084e+03	6.4550862472e+08	5.3880460930e+04	6.1945065763e+10	5.9670489608e+02	6.2206897475e+08
461	5.0180964147e+04	4.3210880977e+10	9.5468014079e+02	5.9175143827e+08	5.3484066306e+04	6.1422145448e+10	5.7705190756e+02	5.9212681914e+08
462	5.0244393688e+04	4.3235254546e+10	8.9462063651e+02	5.6880591685e+08	5.3478689864e+04	6.1361742771e+10	5.6899166023e+02	5.9095635689e+08
463	5.0253513808e+04	4.3195258979e+10	9.0685231706e+02	5.7334196461e+08	5.4121980440e+04	6.1737690122e+10	5.9446393012e+02	5.9732288589e+08
464	5.0480900094e+04	4.3143245458e+10	1.0234298540e+03	6.0850576341e+08	5.4527569362e+04	6.1928435270e+10	5.9683509538e+02	5.9457363750e+08
465	5.0417342457e+04	4.2909945027e+10	9.4650068174e+02	5.5115628334e+08	5.4766584662e+04	6.2073816604e+10	5.9534064360e+02	5.9480768535e+08
466	5.0424984013e+04	4.2705008732e+10	8.8436950452e+02	5.1954540546e+08	5.5063260793e+04	6.2254637015e+10	6.0091426842e+02	6.0059097032e+08
467	5.1357800117e+04	4.3201719806e+10	9.5343963682e+02	5.6045784609e+08	5.4737811133e+04	6.2005930119e+10	5.7636073951e+02	6.0504079039e+08
468	5.0884085170e+04	4.2824398087e+10	9.2711786220e+02	5.3972718819e+08	5.5349624948e+04	6.2281238319e+10	5.9426925089e+02	5.8780274385e+08
469	5.1187828760e+04	4.2994353766e+10	1.0005206648e+03	5.7869286198e+08	5.5334210010e+04	6.2154527360e+10	5.8425929819e+02	5.7925434999e+08
470	5.0917224615e+04	4.2829727026e+10	9.5215572104e+02	5.5760752986e+08	5.6016928414e+04	6.2640560330e+10	6.0443386233e+02	5.9165055858e+08
471	5.1775544362e+04	4.3234880019e+10	1.2151485728e+03	7.1377997159e+08	5.7701550522e+04	6.4025960662e+10	6.5702879711e+02	6.3328486640e+08
472	5.1586812445e+04	4.2951476191e+10	1.0056677451e+03	5.9031891522e+08	5.8370951735e+04	6.4456486853e+10	6.5865913070e+02	6.2877285278e+08
473	5.1804693183e+04	4.2900023004e+10	1.0149262843e+03	5.9060070771e+08	5.8351040378e+04	6.4545821950e+10	6.4174006991e+02	6.6009385826e+08
474	5.1495881970e+04	4.2770147523e+10	1.0392040458e+03	6.1208983913e+08	5.8399366648e+04	6.4463868034e+10	6.3526759627e+02	6.3402318222e+08
475	5.1565623435e+04	4.2836713566e+10	1.0536620631e+03	6.2664509708e+08	5.7993944813e+04	6.3945318093e+10	6.0847078508e+02	5.9830693135e+08
476	5.1487029546e+04	4.2572605532e+10	9.9376494333e+02	5.8341629928e+08	5.8809918850e+04	6.4731394355e+10	6.4238268971e+02	6.3709580049e+08
477	5.1782327564e+04	4.2715206989e+10	9.8153449420e+02	5.6859614831e+08	5.8987569918e+04	6.4740146116e+10	6.3542583122e+02	6.2332817835e+08
478	5.1624630933e+04	4.2819801486e+10	9.6458211383e+02	5.8380532346e+08	5.9016448085e+04	6.4609428118e+10	6.2231332902e+02	6.0884988998e+08
479	5.2216919521e+04	4.2864180450e+10	1.0146556983e+03	5.9093601667e+08	5.9716297927e+04	6.5151225973e+10	6.4851659941e+02	6.3485043717e+08
480	5.2368663726e+04	4.2900743790e+10	1.0202722109e+03	5.8376183119e+08	5.9567062904e+04	6.4927639553e+10	6.2847429865e+02	6.1487972641e+08
481	5.2277097875e+04	4.2774260787e+10	1.0258616872e+03	5.8978025912e+08	6.0161173978e+04	6.5340014856e+10	6.4057230919e+02	6.1930971577e+08
482	5.1852230376e+04	4.2505179229e+10	9.6804926355e+02	5.6375799813e+08	5.9948653408e+04	6.5106320055e+10	6.1850735335e+02	6.0167145988e+08
483	5.1368203788e+04	4.2231780799e+10	8.9239801898e+02	5.2525390014e+08	6.0359826323e+04	6.5290152697e+10	6.3471447209e+02	6.1013207001e+08
484	5.1241952579e+04	4.2035573124e+10	8.9320871400e+02	5.2725538603e+08	6.0853081653e+04	6.5434881362e+10	6.3735578620e+02	5.9719928271e+08
485	5.1702960132e+04	4.2061025908e+10	9.3787867266e+02	5.3028016678e+08	6.1620742053e+04	6.6034804077e+10	6.5796696418e+02	6.1539814820e+08
486	5.2131070446e+04	4.2334787222e+10	9.6617217880e+02	5.5564033894e+08	6.2055845819e+04	6.6242635223e+10	6.6317539376e+02	6.1390495637e+08
487	5.2162966966e+04	4.2278163096e+10	9.7670934356e+02	5.5237077244e+08	6.2324570222e+04	6.6427753311e+10	6.6350141489e+02	6.1765078192e+08
488	5.1415554076e+04	4.1747863167e+10	8.7948430507e+02	5.0128341594e+08	6.2771996476e+04	6.6858556253e+10	6.6420240235e+02	6.2762458477e+08
489	5.1371847338e+04	4.1615626501e+10	8.6325777269e+02	4.9057050014e+08	6.2914609221e+04	6.6949385541e+10	6.5692303877e+02	6.2770583516e+08
490	5.1385949638e+04	4.1463652359e+10	9.0870235287e+02	5.0434886029e+08	6.3131182555e+04	6.6957813376e+10	6.5890096106e+02	6.2047791304e+08
491	5.2417553600e+04	4.2123379773e+10	1.0096368198e+03	5.7390322288e+08	6.3163983732e+04	6.6723753011e+10	6.5538218796e+02	6.0408135055e+08
492	5.2692459591e+04	4.2161793709e+10	9.8121907261e+02	5.5629820956e+08	6.3389258342e+04	6.6801205227e+10	6.5763004543e+02	6.0582588228e+08
493	5.2950454793e+04	4.2193631097e+10	1.0606426592e+03	5.8825611470e+08	6.3643591305e+04	6.6967155743e+10	6.5664403508e+02	6.0736765540e+08
494	5.3528311418e+04	4.2386772736e+10	1.2729711336e+03	6.7248446790e+08	6.3448935201e+04	6.6736952800e+10	6.3378676845e+02	5.9267968695e+08
495	5.3462562174e+04	4.2189462061e+10	1.1048701665e+03	5.9816030652e+08	6.5163671500e+04	6.8102196350e+10	6.9733292448e+02	6.3569889631e+08
496	5.3072807205e+04	4.1962122520e+10	1.0354736592e+03	5.7180378238e+08	6.5081410090e+04	6.8021167893e+10	6.8233170035e+02	6.3145923324e+08
497	5.2931480318e+04	4.1914841953e+10	1.0082089665e+03	5.7847973583e+08	6.4622834699e+04	6.7532466239e+10	6.5037484280e+02	6.1025994002e+08
498	5.3022917787e+04	4.1678224449e+10	1.0376979340e+03	5.5654665250e+08	6.5016635529e+04	6.7662765498e+10	6.5901628760e+02	6.0222023857e+08
499	5.2702112340e+04	4.1570028675e+10	1.0394265627e+03	5.6415133039e+08	6.5359246733e+04	6.7885426791e+10	6.6203638385e+02	6.0467655983e+08
500	5.2841156228e+04	4.1556650976e+10	1.0559475068e+03	5.7382359921e+08	6.5929711321e+04	6.8273010607e+10	6.7960958404e+02	6.1765379685e+08
501	5.2729848829e+04	4.1413342217e+10	1.0135876934e+03	5.4576824349e+08	6.5888457022e+04	6.8123773162e+10	6.6768205107e+02	6.0525872948e+08
502	5.3275381877e+04	4.1647406467e+10	1.1015018083e+03	6.0243186491e+08	6.5854942497e+04	6.8081157819e+10	6.5204164939e+02	5.9882330543e+08
503	5.2686755677e+04	4.1190212749e+10	9.8518785720e+02	5.3402252368e+08	6.6166452569e+04	6.8226420235e+10	6.5402283043e+02	5.9673254512e+08
504	5.2754463594e+04	4.1092327138e+10	9.8996375898e+02	5.3505286257e+08	6.6311351587e+04	6.8204454846e+10	6.5660132631e+02	5.9287555619e+08
505	5.2992600518e+04	4.1262982995e+10	1.0325616043e+03	5.5624105360e+08	6.5711803109e+04	6.7579298666e+10	6.2899964617e+02	5.7137500526e+08
506	5.4796707365e+04	4.2249324833e+10	1.3273459234e+03	7.0769314487e+08	6.6034887715e+04	6.7793552959e+10	6.3916977692e+02	5.8264590901e+08
507	5.3597368729e+04	4.1671449165e+10	1.1094043874e+03	6.0904732866e+08	6.6848758907e+04	6.8590912429e+10	6.6283151231e+02	6.1459360853e+08
508	5.3902292807e+04	4.1644484836e+10	1.1077911069e+03	6.0434665933e+08	6.6694505086e+04	6.8170402887e+10	6.4798643866e+02	5.8318256614e+08
509	5.3920271748e+04	4.1565637782e+10	1.0833879706e+03	5.9073129080e+08	6.7800123860e+04	6.8987445923e+10	6.8209552737e+02	6.0836273796e+08
510	5.4233935575e+04	4.1749282246e+10	1.1471768445e+03	6.1787851429e+08	6.8211314049e+04	6.9356434848e+10	6.8298937268e+02	6.1807790401e+08
511	5.4406687120e+04	4.1786074926e+10	1.1516424753e+03	6.4243645576e+08	6.9217762238e+04	7.0204457632e+10	7.0381175277e+02	6.4051348438e+08
512	5.6215097897e+04	4.2849463443e+10	1.6126316614e+03	8.6466872384e+08	6.9012421720e+04	6.9945563346e+10	6.8087620597e+02	6.1804269921e+08
513	5.6881257135e+04	4.2850243236e+10	1.7432683431e+03	8.8953240544e+08	6.9283411356e+04	6.9973156951e+10	6.8326277125e+02	6.1223375657e+08
514	5.5552044038e+04	4.2242188287e+10	1.3329045914e+03	7.2321306342e+08	6.9443553985e+04	6.9963613962e+10	6.8473659021e+02	6.0864126376e+08
515	5.5216826244e+04	4.1936784332e+10	1.2436793253e+03	6.6983554961e+08	6.9391328786e+04	6.9827514117e+10	6.7408387091e+02	6.0083286309e+08
516	5.5086737401e+04	4.1843381325e+10	1.1912142295e+03	6.5272225137e+08	7.0023918919e+04	7.0333535375e+10	6.9056962819e+02	6.1692070892e+08
517	5.5822361442e+04	4.2331958352e+10	1.3577102529e+03	7.4949972854e+08	7.0757614853e+04	7.0871939295e+10	7.0639947537e+02	6.2996447828e+08
518	5.5206491264e+04	4.1902487906e+10	1.2785572795e+03	6.9837389503e+08	7.0361155968e+04	7.0429508679e+10	6.8110508817e+02	6.0754670036e+08
519	5.5790948507e+04	4.2130898536e+10	1.4022244194e+03	7.7494070085e+08	7.0503527357e+04	7.0420438253e+10	6.8016145875e+02	6.0215061709e+08
520	5.5878382009e+04	4.2327833524e+10	1.5022039183e+03	8.4860900008e+08	7.1429864102e+04	7.1109618855e+10	7.1024783368e+02	6.2676023505e+08
521	5.6453300571e+04	4.2385440430e+10	1.3961757456e+03	7.5341499460e+08	7.1141687461e+04	7.0831214820e+10	6.8258281651e+02	6.2120271486e+08
522	5.6988901763e+04	4.2675490004e+10	1.5141029022e+03	8.1461635809e+08	7.1015650395e+04	7.0555148322e+10	6.7626396887e+02	5.9775937625e+08
523	5.6088216472e+04	4.2327447910e+10	1.3268114331e+03	7.3233977311e+08	7.1586819033e+04	7.0930869038e+10	6.9264537650e+02	6.0932995725e+08
524	5.5661199221e+04	4.2030775689e+10	1.2655566881e+03	6.9909979987e+08	7.2461989236e+04	7.1483548921e+10	7.1638674418e+02	6.2000560526e+08
525	5.6134940245e+04	4.2151753968e+10	1.3479305135e+03	7.2346379278e+08	7.2718115302e+04	7.1704957869e+10	7.0705953876e+02	6.2141449475e+08
526	5.6554967412e+04	4.2264989097e+10	1.3837431832e+03	7.3801080632e+08	7.3095651839e+04	7.2045405956e+10	7.0880659278e+02	6.3503373598e+08
527	5.6950295912e+04	4.2515498807e+10	1.4018165573e+03	7.5629929400e+08	7.3241594818e+04	7.1904952074e+10	7.0530134536e+02	6.1299469016e+08
528	5.6967161567e+04	4.2509395769e+10	1.2906543736e+03	7.0671412813e+08	7.3432606366e+04	7.1878002881e+10	7.0737099232e+02	6.0881096384e+08
529	5.6810704532e+04	4.2276186742e+10	1.2930676962e+03	7.0379954793e+08	7.3699721751e+04	7.1946136795e+10	7.0630378205e+02	6.0392679197e+08
530	5.7704617430e+04	4.2530770136e+10	1.3930642369e+03	7.3819126874e+08	7.3505471532e+04	7.1740029343e+10	6.9060720955e+02	5.9654425955e+08
531	5.7221784112e+04	4.2259604574e+10	1.3599580843e+03	7.1765357628e+08	7.4118762906e+04	7.2070416522e+10	7.1238807152e+02	6.0668929565e+08
532	5.8216280117e+04	4.2441055799e+10	1.7710344599e+03	8.2531496710e+08	7.4070734559e+04	7.1890826625e+10	6.9727693768e+02	5.9239865222e+08
533	5.6915929052e+04	4.1934929339e+10	1.3873133369e+03	7.0120572465e+08	7.4916814186e+04	7.2613014548e+10	7.1800725432e+02	6.1507808605e+08
534	5.6622016537e+04	4.1683410781e+10	1.2787268225e+03	6.6230188825e+08	7.5156789304e+04	7.2698418339e+10	7.1393878839e+02	6.1137871001e+08
535	5.7167331147e+04	4.2108397469e+10	1.2771391804e+03	6.7780974470e+08	7.5153617478e+04	7.2562155998e+10	7.0590170511e+02	6.0158888900e+08
536	5.7024250845e+04	4.1887029256e+10	1.2873627397e+03	6.7823903434e+08	7.5146129778e+04	7.2436359610e+10	7.0121867107e+02	5.9441475478e+08
537	5.7134357438e+04	4.2021782006e+10	1.2607487322e+03	6.7734475242e+08	7.5563753899e+04	7.2633789848e+10	7.1243692411e+02	6.0050676236e+08
538	5.7934577862e+04	4.2154240238e+10	1.4156564331e+03	7.1993118287e+08	7.5827947588e+04	7.2705908785e+10	7.1366345445e+02	5.9965254877e+08
539	5.7247628608e+04	4.1676179699e+10	1.2479377903e+03	6.5240169532e+08	7.6285459573e+04	7.2991871580e+10	7.2130344290e+02	6.0638306257e+08
540	5.7273671628e+04	4.1547977359e+10	1.2383788843e+03	6.4548342120e+08	7.6181236706e+04	7.2735206704e+10	7.0201698605e+02	5.8568069930e+08
541	5.7988659690e+04	4.1791275842e+10	1.4376507976e+03	7.2588441693e+08	7.7261020380e+04	7.3637080415e+10	7.3775333996e+02	6.2797056873e+08
542	5.7359090179e+04	4.1610906275e+10	1.2660617917e+03	6.6070292526e+08	7.7686272907e+04	7.3746085725e+10	7.4640127357e+02	6.1769766058e+08
543	5.6912107857e+04	4.1234067734e+10	1.2117160294e+03	6.3295117421e+08	7.7553574958e+04	7.3587055293e+10	7.1745359914e+02	5.9862012718e+08
544	5.6998114037e+04	4.1388593876e+10	1.2104524415e+03	6.3933550074e+08	7.8335574551e+04	7.4146943211e+10	7.4000999085e+02	6.1858296690e+08
545	5.7601816256e+04	4.1553316667e+10	1.2655105442e+03	6.6881958219e+08	7.8259895357e+04	7.3912821343e+10	7.2851880685e+02	6.0228304294e+08
546	5.7489729130e+04	4.1394404820e+10	1.3075703268e+03	6.7425317842e+08	7.8783635286e+04	7.4253122894e+10	7.3799958457e+02	6.1230926012e+08
547	5.7117934949e+04	4.1221340273e+10	1.2449139227e+03	6.5029863760e+08	7.8674880545e+04	7.4080268411e+10	7.1854607372e+02	5.9874756743e+08
548	5.7294117986e+04	4.1278533145e+10	1.2469042673e+03	6.5684765160e+08	7.8811479014e+04	7.4145699620e+10	7.2477743460e+02	6.1438814335e+08
549	5.6980940620e+04	4.1099149517e+10	1.2129745772e+03	6.4028055051e+08	7.9141820982e+04	7.4234325385e+10	7.3591624985e+02	6.0864614254e+08
550	5.6613075352e+04	4.0858966942e+10	1.1731953069e+03	6.1229957672e+08	8.0532225781e+04	7.5312341618e+10	7.7342377430e+02	6.4219601883e+08
551	5.7352692682e+04	4.1221728424e+10	1.2247105093e+03	6.4160974487e+08	8.0220564732e+04	7.4910698914e+10	7.3652139804e+02	6.0733214376e+08
552	5.7151955151e+04	4.1173843701e+10	1.2164742396e+03	6.5349262880e+08	8.0369404185e+04	7.4897169868e+10	7.3644625369e+02	6.0372270720e+08
553	5.7815618551e+04	4.1337306835e+10	1.4381862321e+03	7.0596259101e+08	8.0958404191e+04	7.5218594144e+10	7.5084268478e+02	6.1066875571e+08
554	5.8010014246e+04	4.1316770059e+10	1.2999855516e+03	6.5719614644e+08	8.1388199196e+04	7.5507721986e+10	7.5258114163e+02	6.1466699433e+08
555	5.7850315697e+04	4.1229202650e+10	1.2707727037e+03	6.5120750764e+08	8.1991084508e+04	7.5824331453e+10	7.6961667289e+02	6.2431476489e+08
556	5.8087431167e+04	4.1307650588e+10	1.3063648782e+03	6.7193411552e+08	8.1713991089e+04	7.5494297058e+10	7.4640769668e+02	6.0551209656e+08
557	5.8318743386e+04	4.1432521264e+10	1.2703613494e+03	6.6553212549e+08	8.1816864235e+04	7.5494913341e+10	7.4415117811e+02	6.0322429539e+08
558	5.7976361551e+04	4.1113728505e+10	1.2500933046e+03	6.4310646188e+08	8.2387931169e+04	7.5844550938e+10	7.5444667316e+02	6.1046580101e+08
559	5.8755621846e+04	4.1384220482e+10	1.3366471670e+03	6.8381378149e+08	8.3147072424e+04	7.6420814814e+10	7.6504566854e+02	6.2287393679e+08
560	5.9177315231e+04	4.1488654333e+10	1.4272654756e+03	7.0171768246e+08	8.3439250606e+04	7.6553916111e+10	7.6472753435e+02	6.1932953428e+08
561	5.9735156920e+04	4.1763476506e+10	1.5752226938e+03	7.5695050744e+08	8.3775342267e+04	7.6645771396e+10	7.6802047465e+02	6.1795104383e+08
562	6.0128302664e+04	4.1982685349e+10	1.5713517619e+03	7.7753087054e+08	8.4188531693e+04	7.6833908188e+10	7.7196514606e+02	6.1830346094e+08
563	5.9935724090e+04	4.1878303087e+10	1.5028211044e+03	7.7314861595e+08	8.4923234648e+04	7.7214187016e+10	7.9189379168e+02	6.2673261945e+08
564	6.2717587649e+04	4.3002884778e+10	3.1094813603e+03	1.4452605267e+09	8.4355000332e+04	7.6687750202e+10	7.5336201910e+02	5.9939064321e+08
565	6.0513342758e+04	4.1947928226e+10	1.8554004487e+03	9.1167950892e+08	8.5362802837e+04	7.7470456090e+10	7.8367698180e+02	6.2657133763e+08
566	6.2249027643e+04	4.2645007833e+10	2.0807244040e+03	1.0181198484e+09	8.5581994609e+04	7.7533451207e+10	7.7823113963e+02	6.2104851827e+08
567	6.1627034493e+04	4.2282118680e+10	1.8120228144e+03	9.0450095423e+08	8.5975013361e+04	7.7734527692e+10	7.7769727058e+02	6.1781292476e+08
568	6.0374185699e+04	4.1643399125e+10	1.6260646193e+03	8.1791527142e+08	8.5841554880e+04	7.7746380720e+10	7.6941527370e+02	6.3634584634e+08
569	6.0995259069e+04	4.1878916878e+10	1.7041246967e+03	8.4667101835e+08	8.5344427875e+04	7.7241116202e+10	7.3967198081e+02	6.0319107126e+08
570	6.1012340193e+04	4.1856558394e+10	1.7897587331e+03	8.7976742839e+08	8.6262870159e+04	7.7766214103e+10	7.6289974927e+02	6.1100948682e+08
571	6.0618007756e+04	4.1674748309e+10	1.5608800698e+03	7.9631980317e+08	8.7274069218e+04	7.8418672328e+10	7.9086019076e+02	6.2935853804e+08
572	6.0853993534e+04	4.1682388003e+10	1.5504939516e+03	7.9336297346e+08	8.7695767097e+04	7.8455694762e+10	7.9627672187e+02	6.1943280584e+08
573	6.3512323351e+04	4.2877807681e+10	2.4441612862e+03	1.1704652245e+09	8.7469539784e+04	7.8266045061e+10	7.7312516358e+02	6.0901048111e+08
574	6.2264155368e+04	4.2424149847e+10	1.7435938749e+03	8.7870005121e+08	8.7330695500e+04	7.8099214682e+10	7.6267325313e+02	6.0459714390e+08
575	6.3480136870e+04	4.2817750956e+10	1.8433650524e+03	9.0237066165e+08	8.7145770877e+04	7.7809473257e+10	7.5309059026e+02	5.9281147784e+08
576	6.3396431070e+04	4.2631686484e+10	1.7626847728e+03	8.7133158875e+08	8.7361806686e+04	7.7864602556e+10	7.5714881015e+02	5.9425742029e+08
577	6.2893990948e+04	4.2405941822e+10	1.6762836449e+03	8.4525195467e+08	8.8135615875e+04	7.8347895189e+10	7.7597435427e+02	6.0809721868e+08
578	6.2832142076e+04	4.2353822782e+10	1.6147097720e+03	8.1913072955e+08	8.8438130271e+04	7.8450639685e+10	7.8097498746e+02	6.0669240589e+08
579	6.3144994825e+04	4.2375793889e+10	1.6626957234e+03	8.1505017658e+08	8.9432629718e+04	7.9223416676e+10	8.0519311192e+02	6.3302691959e+08
580	6.4116398787e+04	4.2668269700e+10	1.8539537700e+03	8.8146497383e+08	8.9782747085e+04	7.9461105266e+10	8.0266669931e+02	6.3423915298e+08
581	6.3395551160e+04	4.2285424014e+10	1.6515441088e+03	8.1347888413e+08	8.9669076037e+04	7.9221894530e+10	7.8416072874e+02	6.1447258345e+08
582	6.3552119279e+04	4.2257985878e+10	1.6588429117e+03	8.1333192823e+08	9.0203576212e+04	7.9538949717e+10	7.9582810126e+02	6.2260381648e+08
583	6.3799785089e+04	4.2449366752e+10	1.6332095243e+03	8.2023138022e+08	9.0638322221e+04	7.9798475073e+10	7.9646596040e+02	6.2647855432e+08
584	6.3256269385e+04	4.2132764292e+10	1.5557950726e+03	7.8162973345e+08	9.1263691596e+04	8.0105252506e+10	8.1056396509e+02	6.2925412828e+08
585	6.3198055354e+04	4.1935132909e+10	1.5468664770e+03	7.6959255535e+08	9.1796279246e+04	8.0493395183e+10	8.1418359226e+02	6.3912101982e+08
586	6.3585143224e+04	4.2007087437e+10	1.5716928027e+03	7.7769916541e+08	9.2124520184e+04	8.0567064168e+10	8.1370052663e+02	6.3138111120e+08
587	6.3022796006e+04	4.1776739529e+10	1.5057677821e+03	7.4804870809e+08	9.1866424984e+04	8.0215064149e+10	8.0051604481e+02	6.1559945099e+08
588	6.3593040381e+04	4.2019776888e+10	1.5491155611e+03	7.7951926665e+08	9.1991013653e+04	8.0208940404e+10	7.9268601473e+02	6.1079231915e+08
589	6.4135091470e+04	4.2083722943e+10	1.6088774743e+03	7.9391477255e+08	9.2183029476e+04	8.0173692770e+10	7.9409152663e+02	6.0583117124e+08
590	6.5001060403e+04	4.2417959199e+10	2.0075389192e+03	9.1600711828e+08	9.2923244778e+04	8.0576555592e+10	8.1795587456e+02	6.2092218814e+08
591	6.4625948724e+04	4.2279427554e+10	1.7134014945e+03	8.2832445671e+08	9.3437152321e+04	8.0811021267e+10	8.1982026936e+02	6.1992343260e+08
592	6.4410511302e+04	4.1968762317e+10	1.6280472981e+03	7.7977278307e+08	9.4262236348e+04	8.1317878142e+10	8.3735487280e+02	6.3202668424e+08
593	6.3933225958e+04	4.1814046464e+10	1.5903826718e+03	7.7097318658e+08	9.4291249314e+04	8.1271467489e+10	8.1811222182e+02	6.1883556819e+08
594	6.3654378318e+04	4.1706480568e+10	1.5470124481e+03	7.4824048513e+08	9.4242046979e+04	8.1446507097e+10	8.0051477651e+02	6.4933963931e+08
595	6.4290150531e+04	4.1857901216e+10	1.7207154374e+03	8.2093434464e+08	9.4894491153e+04	8.1719917325e+10	8.2578612691e+02	6.4289939898e+08
596	6.3833893422e+04	4.1583164661e+10	1.6225813030e+03	7.7833794974e+08	9.5341930962e+04	8.1832640077e+10	8.3342776284e+02	6.3258472539e+08
597	6.3579790200e+04	4.1542478679e+10	1.6665367252e+03	8.0258792866e+08	9.5271022049e+04	8.1672644826e+10	8.1613355499e+02	6.1758512273e+08
598	6.3711424948e+04	4.1382527230e+10	1.5750675827e+03	7.5626424848e+08	9.5484463852e+04	8.1775732929e+10	8.0655514503e+02	6.1557766670e+08
599	6.3473483373e+04	4.1291872552e+10	1.6169063892e+03	7.7788276312e+08	9.5962479173e+04	8.1913505072e+10	8.2286389366e+02	6.1828717724e+08
600	6.4072861554e+04	4.1498906597e+10	1.6888614073e+03	8.1328231604e+08	9.6296541141e+04	8.2066911723e+10	8.2826038675e+02	6.2196531761e+08
601	6.4175427896e+04	4.1371899339e+10	1.7877019858e+03	8.1639822756e+08	9.5901467551e+04	8.1736160802e+10	7.9853630294e+02	6.0808892078e+08
602	6.4060721364e+04	4.1279788442e+10	1.6692968890e+03	7.8555938228e+08	9.7370295674e+04	8.2579477067e+10	8.4636080853e+02	6.2975825570e+08
603	6.4229929261e+04	4.1147919020e+10	1.6349482050e+03	7.6558849529e+08	9.7530199697e+04	8.2654618620e+10	8.3482913710e+02	6.2521352123e+08
604	6.4739120722e+04	4.1424951855e+10	1.8085163472e+03	8.4592318665e+08	9.7375092416e+04	8.2412446723e+10	8.1204979307e+02	6.0657827341e+08
605	6.4334272984e+04	4.1208779831e+10	1.7089116603e+03	8.0033440450e+08	9.8648677794e+04	8.3162011117e+10	8.5647534894e+02	6.3157650687e+08
606	6.4260770892e+04	4.1149762079e+10	1.6879672327e+03	7.8851142209e+08	9.8856139590e+04	8.3234330656e+10	8.4080042862e+02	6.2366025394e+08
607	6.4473828235e+04	4.1162175253e+10	1.7543673319e+03	7.9424321790e+08	9.8360447287e+04	8.2769129919e+10	8.1929676398e+02	6.0726250834e+08
608	6.4147581557e+04	4.0909209497e+10	1.7579908221e+03	7.7419623197e+08	9.9011625639e+04	8.3192208118e+10	8.4167963232e+02	6.2525685672e+08
609	6.5543103777e+04	4.1489116980e+10	2.1239323249e+03	8.9964482006e+08	9.9016071749e+04	8.3132873808e+10	8.2356321722e+02	6.1432541769e+08
610	6.4332084911e+04	4.1043082264e+10	1.7983118943e+03	8.3462960068e+08	1.0010011186e+05	8.3835478918e+10	8.4892737110e+02	6.3162204803e+08
611	6.4117530241e+04	4.0959607059e+10	1.7190925364e+03	8.0797938435e+08	1.0059409235e+05	8.4037327500e+10	8.6194294338e+02	6.3568001198e+08
612	6.4054779409e+04	4.0986699554e+10	1.7145702505e+03	8.2924213164e+08	1.0037775556e+05	8.3761874028e+10	8.3502671106e+02	6.1614285029e+08
613	6.3434865855e+04	4.0730320157e+10	1.7051143407e+03	8.3262592616e+08	1.0049401131e+05	8.3698457087e+10	8.3439199554e+02	6.1026246334e+08
614	6.4926775910e+04	4.1280396909e+10	1.8960811759e+03	8.9179802230e+08	1.0050680304e+05	8.3589759048e+10	8.2707085317e+02	6.0332097030e+08
615	6.5790246420e+04	4.1607541622e+10	1.9771840119e+03	9.1807146969e+08	1.0149646045e+05	8.4207754099e+10	8.6153544282e+02	6.2783778309e+08
616	6.4706785688e+04	4.1159105752e+10	1.7994062030e+03	8.5319787995e+08	1.0192794282e+05	8.4403258868e+10	8.5445039002e+02	6.2306490322e+08
617	6.4597603559e+04	4.1205615034e+10	1.7991645163e+03	8.7007594146e+08	1.0246912142e+05	8.4733668635e+10	8.6525527320e+02	6.3232657114e+08
618	6.5964766238e+04	4.1675634093e+10	2.0173558715e+03	9.6392792553e+08	1.0238378393e+05	8.4520472374e+10	8.4952829297e+02	6.1643714653e+08
619	6.7399383254e+04	4.2121855254e+10	2.6533920598e+03	1.2134721236e+09	1.0244902583e+05	8.4618688246e+10	8.3140356385e+02	6.1842554606e+08
620	6.7166801721e+04	4.1875389983e+10	2.1170029516e+03	9.9114487821e+08	1.0282610120e+05	8.4734346297e+10	8.4815290469e+02	6.2022025153e+08
621	6.7704754409e+04	4.2045616443e+10	2.5703424132e+03	1.1734684811e+09	1.0229911841e+05	8.4184522741e+10	8.2066142772e+02	5.9611654504e+08
622	6.7667679046e+04	4.1791213981e+10	2.2003651584e+03	9.8915699254e+08	1.0235843722e+05	8.4100809614e+10	8.2032842322e+02	5.9475065914e+08
623	6.6398485719e+04	4.1366693461e+10	1.9792591358e+03	9.1152685783e+08	1.0308157371e+05	8.4452845330e+10	8.4086653310e+02	6.0316970261e+08
624	6.6428595896e+04	4.1132801819e+10	1.9248892908e+03	8.7978876001e+08	1.0339373544e+05	8.4591013256e+10	8.4170389833e+02	6.0572111543e+08
625	6.6533868111e+04	4.1120945263e+10	1.9113367476e+03	8.8248814096e+08	1.0410955363e+05	8.4956999064e+10	8.6106666486e+02	6.1592931913e+08
626	6.6298079431e+04	4.0999369940e+10	1.8873205159e+03	8.7432579288e+08	1.0380516615e+05	8.4733748608e+10	8.3515313277e+02	6.0247521076e+08
627	6.6589566138e+04	4.0978929430e+10	2.0009961252e+03	8.7036307707e+08	1.0377621312e+05	8.4660845796e+10	8.2153652069e+02	5.9776656159e+08
628	6.5847846401e+04	4.0726805341e+10	1.8495774019e+03	8.5672644068e+08	1.0504278588e+05	8.5416149190e+10	8.6710694523e+02	6.2346698110e+08
629	6.5526350860e+04	4.0625892324e+10	1.8186372861e+03	8.5369064551e+08	1.0571043110e+05	8.5688772521e+10	8.8046087595e+02	6.2640702164e+08
630	6.6619599385e+04	4.1022315199e+10	2.4674492395e+03	1.0238453676e+09	1.0599917569e+05	8.5650573154e+10	8.7104214499e+02	6.0980864356e+08
631	6.6503981423e+04	4.1013105857e+10	2.2347964144e+03	9.7284783586e+08	1.0606121389e+05	8.5701693061e+10	8.6334380905e+02	6.1410709291e+08
632	6.6296395166e+04	4.0987333362e+10	2.0302964590e+03	9.3425989072e+08	1.0591020415e+05	8.5501948213e+10	8.4593602152e+02	6.0080648394e+08
633	6.5570392806e+04	4.0587355951e+10	1.9100483650e+03	8.8016990544e+08	1.0616774451e+05	8.5622728171e+10	8.3732652497e+02	5.9856070276e+08
634	6.5639651754e+04	4.0488122363e+10	1.8714620675e+03	8.6201206358e+08	1.0730877118e+05	8.6305539023e+10	8.7878945063e+02	6.2378112572e+08
635	6.6211235664e+04	4.0580169758e+10	1.9506894389e+03	8.9224521519e+08	1.0734828165e+05	8.6100993794e+10	8.6845615544e+02	6.0692574682e+08
636	6.6865687266e+04	4.0750195760e+10	1.9833824955e+03	8.9376619314e+08	1.0777321973e+05	8.6273618878e+10	8.7726251875e+02	6.1223077631e+08
637	6.7096243550e+04	4.0813939504e+10	2.1559424229e+03	9.5565496692e+08	1.0782104439e+05	8.6248736483e+10	8.6623449601e+02	6.0837037718e+08
638	6.6803689017e+04	4.0632271704e+10	1.9729840360e+03	8.9795766399e+08	1.0785341178e+05	8.6160525986e+10	8.5620911006e+02	6.0023287952e+08
639	6.8902595425e+04	4.1444069012e+10	2.2485713636e+03	1.0160746688e+09	1.0813434209e+05	8.6263815464e+10	8.5764787740e+02	6.0073706333e+08
640	6.8268396495e+04	4.1232085943e+10	2.0716203410e+03	9.3793635507e+08	1.0847763618e+05	8.6474168595e+10	8.5796966563e+02	6.0587008664e+08
641	6.8159228599e+04	4.1093180687e+10	2.0253211023e+03	9.3004858981e+08	1.0900505344e+05	8.6771131547e+10	8.6391818673e+02	6.0912208208e+08
642	6.9239426983e+04	4.1298354911e+10	2.3940590026e+03	9.9112073591e+08	1.1022061791e+05	8.7434007144e+10	9.0645414770e+02	6.3127775424e+08
643	6.8647464041e+04	4.1247772098e+10	2.2600209433e+03	9.7576559398e+08	1.1072910961e+05	8.7762685860e+10	8.9891110301e+02	6.3309700821e+08
644	6.8304629734e+04	4.1028626153e+10	2.1068941429e+03	9.3997768350e+08	1.1163390350e+05	8.8378282375e+10	9.1658898815e+02	6.4775684984e+08
645	6.8067732644e+04	4.1083060558e+10	2.0405032863e+03	9.2481689151e+08	1.1263868464e+05	8.9112717895e+10	9.2302697370e+02	6.6270814640e+08
646	6.7799160867e+04	4.0932982304e+10	2.0285995307e+03	9.2446712539e+08	1.1236261536e+05	8.8688418926e+10	9.0296846584e+02	6.3363647919e+08
647	6.7713853921e+04	4.0803181535e+10	1.9893178409e+03	9.1048992734e+08	1.1286915785e+05	8.8999146415e+10	9.0862788946e+02	6.4119960255e+08
648	6.7761034069e+04	4.0783363181e+10	1.9584289262e+03	8.9445193486e+08	1.1220691941e+05	8.8424786653e+10	8.7194166847e+02	6.1295063200e+08
649	7.0660047334e+04	4.1702282522e+10	2.9171020574e+03	1.1742014768e+09	1.1291608578e+05	8.8779767132e+10	8.9456369287e+02	6.2498197425e+08
650	7.0711990881e+04	4.1739816072e+10	2.5224182455e+03	1.0865953867e+09	1.1291125780e+05	8.8651711610e+10	8.8765876049e+02	6.1795815887e+08
651	7.0600551536e+04	4.1790132805e+10	2.4355513966e+03	1.0644448200e+09	1.1353768676e+05	8.8990341217e+10	8.9971711217e+02	6.2563773688e+08
652	7.1900805007e+04	4.1989211429e+10	3.3386028017e+03	1.2983481576e+09	1.1362949274e+05	8.8929404605e+10	8.8992257638e+02	6.1685297946e+08
653	7.0863471180e+04	4.1686335600e+10	2.6484274120e+03	1.1033386154e+09	1.1406267842e+05	8.9097214495e+10	8.9802815482e+02	6.1921119578e+08
654	7.0285844544e+04	4.1366386035e+10	2.4198313980e+03	1.0398042893e+09	1.1400639849e+05	8.9023045293e+10	8.7831025278e+02	6.1040424813e+08
655	6.9930815019e+04	4.1235599921e+10	2.3532016690e+03	1.0166236258e+09	1.1480716110e+05	8.9387437595e+10	9.1082585679e+02	6.2699792686e+08
656	6.9565464628e+04	4.1076099571e+10	2.2707969887e+03	9.9270604029e+08	1.1457168332e+05	8.9056978293e+10	8.8709595947e+02	6.0548541267e+08
657	6.9992236618e+04	4.1223315634e+10	2.2638681144e+03	1.0012640853e+09	1.1574674250e+05	8.9865061968e+10	9.2012796467e+02	6.4279590306e+08
658	7.0372933064e+04	4.1071891677e+10	2.3291645803e+03	9.7761059478e+08	1.1611033511e+05	8.9891963987e+10	9.1804335008e+02	6.2803698470e+08
659	6.9548645051e+04	4.0864234278e+10	2.2160875387e+03	9.6483165308e+08	1.1709568933e+05	9.0494773052e+10	9.4163303030e+02	6.4466389478e+08
660	6.9700328967e+04	4.1005925431e+10	2.2734322367e+03	9.9966182785e+08	1.1693700840e+05	9.0264873306e+10	9.1312609637e+02	6.2381729622e+08
661	6.9299218786e+04	4.0622468341e+10	2.1554184893e+03	9.2739654926e+08	1.1745245642e+05	9.0470415412e+10	9.2860392029e+02	6.2990847384e+08
662	6.8977625928e+04	4.0673623228e+10	2.1453567535e+03	9.5273333786e+08	1.1772694541e+05	9.0601922052e+10	9.1930321252e+02	6.2835348040e+08
663	6.8643890532e+04	4.0441306949e+10	2.0990269796e+03	9.2656684840e+08	1.1788410649e+05	9.0666939048e+10	9.1188902116e+02	6.2677553018e+08
664	6.8681309536e+04	4.0301901036e+10	2.0797447110e+03	9.0941798696e+08	1.1856482488e+05	9.0937125525e+10	9.2830891645e+02	6.2879339816e+08
665	6.9146183586e+04	4.0387340092e+10	2.1238169463e+03	9.1510893145e+08	1.1921184863e+05	9.1198581049e+10	9.3980069704e+02	6.3148538470e+08
666	6.9836120572e+04	4.0639247887e+10	2.2356443429e+03	9.5264630185e+08	1.1852632522e+05	9.0668817737e+10	8.9431605092e+02	6.0397195308e+08
667	6.9770582690e+04	4.0578709578e+10	2.1768748452e+03	9.4194333829e+08	1.1897428661e+05	9.0848222026e+10	9.1038675943e+02	6.1274435880e+08
668	7.0746173829e+04	4.1027383502e+10	2.2442321414e+03	9.8298053580e+08	1.1946740123e+05	9.1172248735e+10	9.1622638187e+02	6.2135810572e+08
669	7.0957092382e+04	4.0874313165e+10	2.5255455412e+03	1.0292834871e+09	1.2022871113e+05	9.1589781639e+10	9.2910858870e+02	6.3131678862e+08
670	7.0445976921e+04	4.0768733297e+10	2.2931796459e+03	9.7679676007e+08	1.2086941385e+05	9.1833171225e+10	9.4189507919e+02	6.3127241188e+08
671	7.0898396610e+04	4.0978733329e+10	2.3269569004e+03	1.0094047525e+09	1.2067744819e+05	9.1659324835e+10	9.2576214333e+02	6.2446434078e+08
672	7.1012479024e+04	4.0938229854e+10	2.2938255011e+03	9.9804850588e+08	1.2029502502e+05	9.1245907683e+10	9.1146377483e+02	6.0966162124e+08
673	7.0594379676e+04	4.0700830371e+10	2.1879130159e+03	9.4911727147e+08	1.2082868385e+05	9.1429844721e+10	9.2098435365e+02	6.1176418245e+08
674	7.1061984619e+04	4.0845682630e+10	2.3064042377e+03	9.9687061292e+08	1.2246560272e+05	9.2422573666e+10	9.6615697884e+02	6.4233253115e+08
675	7.1464334235e+04	4.0992259309e+10	2.3020162581e+03	1.0032061773e+09	1.2326565019e+05	9.2842060455e+10	9.7053934155e+02	6.4438305630e+08
676	7.1188646523e+04	4.0874644116e+10	2.2757715016e+03	9.9869383481e+08	1.2216923461e+05	9.2059474949e+10	9.1649094684e+02	6.1163259286e+08
677	7.4280837890e+04	4.1804920218e+10	3.3148413173e+03	1.2748577445e+09	1.2270024528e+05	9.2263637124e+10	9.3294537097e+02	6.1716197147e+08
678	7.4088795015e+04	4.1753123144e+10	2.8832847806e+03	1.1597812008e+09	1.2390279663e+05	9.2992942899e+10	9.5261398528e+02	6.3307450454e+08
679	7.4651222743e+04	4.1764422348e+10	2.8569236260e+03	1.1181921500e+09	1.2477810830e+05	9.3418546871e+10	9.6493305777e+02	6.3675044058e+08
680	7.2852352467e+04	4.1138221141e+10	2.5156557034e+03	1.0438563836e+09	1.2460478354e+05	9.3161418883e+10	9.5044295788e+02	6.2435515180e+08
681	7.4965887205e+04	4.1813326508e+10	3.1655448839e+03	1.2726351366e+09	1.2376702759e+05	9.2523301067e+10	9.1161511062e+02	6.0170193365e+08
682	7.5037565775e+04	4.1868052341e+10	3.0788743412e+03	1.1946442726e+09	1.2428675941e+05	9.2683608606e+10	9.3486931227e+02	6.0996865638e+08
683	7.4476355975e+04	4.1753810016e+10	2.8130173369e+03	1.1628428884e+09	1.2401411546e+05	9.2469062469e+10	9.0834666406e+02	5.9827032999e+08
684	7.3640043314e+04	4.1347791493e+10	2.5896839665e+03	1.1060239845e+09	1.2425874796e+05	9.2504842516e+10	9.1168056020e+02	5.9856762441e+08
685	7.3018626632e+04	4.1072987306e+10	2.4871403114e+03	1.0635511124e+09	1.2406264953e+05	9.2255059127e+10	9.0107839260e+02	5.9023488564e+08
686	7.2954824226e+04	4.0878458044e+10	2.4334530979e+03	1.0343243849e+09	1.2439352191e+05	9.2455787072e+10	9.0805196608e+02	6.0040662276e+08
687	7.2856233371e+04	4.0886408724e+10	2.4473635432e+03	1.0450323779e+09	1.2458293676e+05	9.2443775618e+10	9.1018185100e+02	5.9798668621e+08
688	7.4282010807e+04	4.1352439190e+10	2.7527263245e+03	1.1246206530e+09	1.2467161997e+05	9.2364671995e+10	9.0044792760e+02	5.8821856874e+08
689	7.3996598285e+04	4.1227590714e+10	2.6026829221e+03	1.0903555075e+09	1.2622840362e+05	9.3343270757e+10	9.5360666228e+02	6.2669075531e+08
690	7.3361048519e+04	4.0864059480e+10	2.4862281199e+03	1.0522006979e+09	1.2618357744e+05	9.3231182360e+10	9.3001216170e+02	6.1052084462e+08
691	7.3397523425e+04	4.0857124921e+10	2.4418682067e+03	1.0455020403e+09	1.2711746040e+05	9.3782577565e+10	9.4451907248e+02	6.1969043240e+08
692	7.3404499593e+04	4.0782980630e+10	2.4315585293e+03	1.0222282461e+09	1.2759242796e+05	9.4035544370e+10	9.5360231452e+02	6.2740997886e+08
693	7.4654075650e+04	4.1202229384e+10	2.7958901761e+03	1.1409543061e+09	1.2892100114e+05	9.4744352341e+10	9.8922721552e+02	6.4525915251e+08
694	7.4969321233e+04	4.1323943763e+10	2.9613830896e+03	1.1984926594e+09	1.2916813760e+05	9.4760588127e+10	9.7255167728e+02	6.3229783804e+08
695	7.4126476708e+04	4.0782758802e+10	2.6495353839e+03	1.0824258901e+09	1.2946457722e+05	9.4792159193e+10	9.7191005425e+02	6.2730561982e+08
696	7.3570837306e+04	4.0727987741e+10	2.6150417885e+03	1.0779783274e+09	1.3020900734e+05	9.5233694021e+10	9.8284075958e+02	6.3796991374e+08
697	7.2928844701e+04	4.0511373676e+10	2.5189321182e+03	1.0625079649e+09	1.3012683667e+05	9.5084918947e+10	9.6472763068e+02	6.2624065473e+08
698	7.3111076931e+04	4.0617152557e+10	2.4879190093e+03	1.0423252002e+09	1.2958804391e+05	9.4644946311e+10	9.3218744453e+02	6.0745844559e+08
699	7.3001153066e+04	4.0498045209e+10	2.5498274815e+03	1.0323455276e+09	1.3001480189e+05	9.4708442714e+10	9.4909766876e+02	6.0849869757e+08
700	7.3742699888e+04	4.0718941629e+10	2.6140136633e+03	1.0595034583e+09	1.3085426187e+05	9.5187698638e+10	9.6251053069e+02	6.1940463701e+08
701	7.2351458926e+04	4.0276616727e+10	2.3753492077e+03	1.0065779583e+09	1.3173987830e+05	9.5739560718e+10	9.7385599480e+02	6.3196212167e+08
702	7.2987248575e+04	4.0434753885e+10	2.4391080364e+03	1.0277211729e+09	1.3150884762e+05	9.5424176558e+10	9.5801498477e+02	6.1537602769e+08
703	7.2936340650e+04	4.0390090973e+10	2.5114892408e+03	1.0392113142e+09	1.3175167146e+05	9.5487123826e+10	9.5576818308e+02	6.1368013760e+08
704	7.3537129440e+04	4.0472903683e+10	2.6494094372e+03	1.0805100606e+09	1.3263538484e+05	9.5935258791e+10	9.8078056889e+02	6.2886847852e+08
705	7.3574649881e+04	4.0556341757e+10	2.5569738453e+03	1.0704647845e+09	1.3193211699e+05	9.5412091305e+10	9.3934911872e+02	6.0296651713e+08
706	7.3138361036e+04	4.0318656974e+10	2.4799133046e+03	1.0370914435e+09	1.3254627871e+05	9.5712813899e+10	9.5187970188e+02	6.1102848197e+08
707	7.2142377968e+04	3.9842262475e+10	2.3617021873e+03	9.8359869535e+08	1.3416354241e+05	9.6638852644e+10	9.9999177769e+02	6.4039188969e+08
708	7.2961011879e+04	4.0178308212e+10	2.4485059675e+03	1.0208048098e+09	1.3477667416e+05	9.6961612161e+10	9.9819536202e+02	6.4081162357e+08
709	7.2784597194e+04	4.0011284880e+10	2.4534775448e+03	1.0149015446e+09	1.3348017987e+05	9.5977020854e+10	9.4859263877e+02	6.0384674537e+08
710	7.3101637055e+04	3.9932363829e+10	2.4862729052e+03	9.9665220607e+08	1.3416761617e+05	9.6296194831e+10	9.6983457841e+02	6.1708383022e+08
711	7.2808275964e+04	3.9897047818e+10	2.4015852209e+03	1.0028963982e+09	1.3434804460e+05	9.6296704307e+10	9.5701590718e+02	6.0571958724e+08
712	7.2917394446e+04	3.9869280068e+10	2.4039574823e+03	1.0032925027e+09	1.3435811361e+05	9.6252965074e+10	9.5194553328e+02	6.0744099197e+08
713	7.5028966387e+04	4.0453521688e+10	3.2953774455e+03	1.1942339248e+09	1.3448574540e+05	9.6204839210e+10	9.4729863483e+02	6.0068437188e+08
714	7.4489916510e+04	4.0285800878e+10	2.6970083085e+03	1.0636407066e+09	1.3519602988e+05	9.6504127118e+10	9.7863520780e+02	6.1581448553e+08
715	7.4250342324e+04	4.0158621823e+10	2.6950506506e+03	1.0500778271e+09	1.3570061447e+05	9.6682113542e+10	9.7723587562e+02	6.1394402410e+08
716	7.2996166375e+04	3.9814453862e+10	2.4739129145e+03	1.0290267573e+09	1.3556174949e+05	9.6550392052e+10	9.5695369487e+02	6.0543605164e+08
717	7.5465547504e+04	4.0523088114e+10	3.1751453068e+03	1.2248958179e+09	1.3558456916e+05	9.6549797397e+10	9.4768841286e+02	6.0451699264e+08
718	7.4363633549e+04	4.0027207631e+10	2.6194659975e+03	1.0597599158e+09	1.3630929508e+05	9.6865220863e+10	9.7189105764e+02	6.1312156914e+08
719	7.5334073288e+04	4.0329890013e+10	2.6899614466e+03	1.1179590465e+09	1.3730026143e+05	9.7404391865e+10	9.9479470652e+02	6.2875039039e+08
720	7.4721745785e+04	4.0104322450e+10	2.6233637425e+03	1.0850766149e+09	1.3719969866e+05	9.7190835473e+10	9.7305735684e+02	6.1038531297e+08
721	7.4485071368e+04	3.9940480656e+10	2.5974866806e+03	1.0488488133e+09	1.3782111861e+05	9.7430020243e+10	9.9076160622e+02	6.1801470635e+08
722	7.7689655059e+04	4.1136918940e+10	3.7771548992e+03	1.4526181561e+09	1.3836892138e+05	9.7682428926e+10	9.9065691484e+02	6.1940993556e+08
723	7.5207108298e+04	4.0342993866e+10	3.1484359688e+03	1.2723395665e+09	1.3976658522e+05	9.8420993634e+10	1.0334978836e+03	6.4481880453e+08
724	7.4061741349e+04	3.9938002451e+10	2.7680927015e+03	1.1390291300e+09	1.4068639711e+05	9.8901851708e+10	1.0327712724e+03	6.4310248953e+08
725	7.3937266120e+04	3.9843667925e+10	2.6748027004e+03	1.1081735123e+09	1.4077726923e+05	9.8936797812e+10	1.0240568251e+03	6.4470058068e+08
726	7.3851517076e+04	3.9799441006e+10	2.6224083484e+03	1.0953525393e+09	1.4148104348e+05	9.9162184631e+10	1.0346856349e+03	6.3926971648e+08
727	7.4077101951e+04	3.9825871598e+10	2.6200243445e+03	1.0975438105e+09	1.4176601726e+05	9.9333346661e+10	1.0216659321e+03	6.3771115039e+08
728	7.6679271755e+04	4.0514211662e+10	3.7777936365e+03	1.4054743436e+09	1.4128253789e+05	9.8999229491e+10	9.8961977008e+02	6.2108445093e+08
729	7.5117551821e+04	3.9996109914e+10	2.8522230026e+03	1.1490921965e+09	1.4151609222e+05	9.9052245519e+10	9.9047189200e+02	6.2175542628e+08
730	7.4963758785e+04	3.9864271416e+10	2.7135004648e+03	1.1016012086e+09	1.4178140666e+05	9.9048948242e+10	9.9380376382e+02	6.1635818420e+08
731	7.4760051718e+04	3.9686324296e+10	2.6529936627e+03	1.0731996742e+09	1.4327069659e+05	9.9868478282e+10	1.0309739744e+03	6.3962750961e+08
732	7.4982505744e+04	3.9676534158e+10	2.6846825453e+03	1.0795030118e+09	1.4306085804e+05	9.9607764398e+10	1.0106554786e+03	6.2403797038e+08
733	7.5631718139e+04	3.9731168896e+10	2.8922728264e+03	1.1055061294e+09	1.4311651826e+05	9.9472377822e+10	1.0007592855e+03	6.1295062571e+08
734	7.4576517129e+04	3.9398389869e+10	2.6864253993e+03	1.0670177334e+09	1.4333022658e+05	9.9488996611e+10	9.9543880539e+02	6.0877705318e+08
735	7.2835836230e+04	3.9047534963e+10	2.5506544630e+03	1.0529146626e+09	1.4393636035e+05	9.9779365599e+10	1.0166489805e+03	6.2352048479e+08
736	7.2520033941e+04	3.8949697725e+10	2.5130767031e+03	1.0490301402e+09	1.4360726510e+05	9.9637259043e+10	9.8700593327e+02	6.1506811728e+08
737	7.2676196901e+04	3.8894099395e+10	2.4757679561e+03	1.0280545999e+09	1.4397116420e+05	9.9721993669e+10	9.9908623722e+02	6.1775576903e+08
738	7.2568820059e+04	3.8875217671e+10	2.4869648926e+03	1.0364030806e+09	1.4455155954e+05	9.9975099608e+10	1.0108086669e+03	6.2472015947e+08
739	7.3237997251e+04	3.9012563042e+10	2.5552358329e+03	1.0533530028e+09	1.4520974691e+05	1.0014345646e+11	1.0223826884e+03	6.1974213489e+08
740	7.2524010626e+04	3.8738321711e+10	2.4646019187e+03	1.0150933237e+09	1.4594140767e+05	1.0047607894e+11	1.0370621902e+03	6.2947679104e+08
741	7.2455312641e+04	3.8580026867e+10	2.4568510099e+03	1.0050466175e+09	1.4631968271e+05	1.0066980662e+11	1.0242948755e+03	6.2653041069e+08
742	7.2751752653e+04	3.8656256897e+10	2.5315796305e+03	1.0335710460e+09	1.4689307029e+05	1.0094085013e+11	1.0283331184e+03	6.2949439178e+08
743	7.2490224352e+04	3.8525165371e+10	2.4420336371e+03	1.0065618645e+09	1.4767046791e+05	1.0129153819e+11	1.0401477643e+03	6.3377811167e+08
744	7.2613183827e+04	3.8502854176e+10	2.4505448909e+03	1.0056000975e+09	1.4746985528e+05	1.0102227534e+11	1.0191550780e+03	6.1683537377e+08
745	7.2640471475e+04	3.8472611375e+10	2.4868949647e+03	1.0193846740e+09	1.4797512807e+05	1.0123186218e+11	1.0354834049e+03	6.2735865604e+08
746	7.2469259964e+04	3.8286762506e+10	2.4488735768e+03	9.8545976866e+08	1.4783868032e+05	1.0113050322e+11	1.0070522638e+03	6.1684616329e+08
747	7.3394554404e+04	3.8619364158e+10	2.5453225305e+03	1.0420549520e+09	1.4938638078e+05	1.0196284757e+11	1.0564577095e+03	6.4186073496e+08
748	7.3845972644e+04	3.8769054639e+10	3.0654124219e+03	1.1258055497e+09	1.4954420669e+05	1.0184873476e+11	1.0532098939e+03	6.3181169629e+08
749	7.3611378729e+04	3.8537571684e+10	2.9211851294e+03	1.0831435919e+09	1.4843907234e+05	1.0112393468e+11	9.9548260740e+02	6.0218037361e+08
750	7.3798894222e+04	3.8526596437e+10	2.7099429289e+03	1.0510433144e+09	1.4926814222e+05	1.0148343407e+11	1.0101925978e+03	6.0753929874e+08
751	7.2868575193e+04	3.8156138785e+10	2.5839675161e+03	1.0151122755e+09	1.4942696459e+05	1.0149135493e+11	1.0155773091e+03	6.1162732140e+08
752	7.2342428030e+04	3.8046757938e+10	2.5393362405e+03	9.9877134043e+08	1.4941899088e+05	1.0140649664e+11	1.0059488891e+03	6.0538848542e+08
753	7.2529844516e+04	3.8107521212e+10	2.5369703629e+03	1.0137831393e+09	1.4925419292e+05	1.0121085145e+11	9.9082549989e+02	5.9766009747e+08
754	7.5606934532e+04	3.8911821127e+10	3.7956216734e+03	1.3187741005e+09	1.4981594600e+05	1.0139664372e+11	1.0091052566e+03	6.0442282491e+08
755	7.3653878480e+04	3.8270140651e+10	2.8526592636e+03	1.0861060870e+09	1.5083749174e+05	1.0203145016e+11	1.0202173537e+03	6.1852498742e+08
756	7.3688550073e+04	3.8111757487e+10	2.7247760303e+03	1.0412947307e+09	1.5150201971e+05	1.0222482863e+11	1.0512566815e+03	6.2765653887e+08
757	7.5522093566e+04	3.8735691178e+10	3.5377565096e+03	1.2936606758e+09	1.5019365067e+05	1.0130441628e+11	9.8138649076e+02	5.8415990905e+08
758	7.4950833360e+04	3.8578037571e+10	3.0229251957e+03	1.1406476201e+09	1.5086633927e+05	1.0156402865e+11	1.0086042481e+03	5.9642700536e+08
759	7.4451810439e+04	3.8372623860e+10	2.8319009818e+03	1.1030054387e+09	1.5132207365e+05	1.0180304208e+11	1.0104550107e+03	6.0501498789e+08
760	7.5503559278e+04	3.8611771732e+10	2.9855184436e+03	1.1246480193e+09	1.5094018732e+05	1.0146223807e+11	9.9304576195e+02	5.9160081760e+08
761	7.4425457633e+04	3.8240218166e+10	2.7807893800e+03	1.0666151615e+09	1.5103482387e+05	1.0142380237e+11	9.8762370392e+02	5.8897534327e+08
762	7.4383352086e+04	3.8274605729e+10	2.7380731124e+03	1.0649815195e+09	1.5156543175e+05	1.0170396228e+11	1.0029389986e+03	6.0052339857e+08
763	7.3791488451e+04	3.8074339201e+10	2.7124530972e+03	1.0632701384e+09	1.5209316445e+05	1.0190878844e+11	1.0156432173e+03	6.0454238432e+08
764	7.3628733154e+04	3.7983221305e+10	2.6725819266e+03	1.0494697190e+09	1.5282341715e+05	1.0216741058e+11	1.0211949696e+03	6.0292037134e+08
765	7.3669708337e+04	3.7983566734e+10	2.6174894488e+03	1.0271671550e+09	1.5365928282e+05	1.0261200738e+11	1.0419094581e+03	6.1811709240e+08
766	8.1432707417e+04	4.0535368266e+10	8.2517543737e+03	2.8835477531e+09	1.5362204550e+05	1.0239036913e+11	1.0295485401e+03	6.0314306336e+08
767	7.8936076652e+04	3.9530868563e+10	5.5494540823e+03	1.9665707105e+09	1.5425346389e+05	1.0263146594e+11	1.0395974474e+03	6.0758511501e+08
768	7.7015397339e+04	3.8952276218e+10	4.3416392645e+03	1.5702526793e+09	1.5484393468e+05	1.0291162721e+11	1.0378379255e+03	6.0950681894e+08
769	7.8292035405e+04	3.9270238023e+10	4.3457306973e+03	1.5699382446e+09	1.5472388937e+05	1.0276520155e+11	1.0283299836e+03	6.0389982623e+08
770	7.8409759006e+04	3.9292078999e+10	4.3277969365e+03	1.5661194130e+09	1.5525413472e+05	1.0305122283e+11	1.0282926825e+03	6.0753925523e+08
771	7.6837532614e+04	3.8844626851e+10	3.7528111525e+03	1.3756035588e+09	1.5605474840e+05	1.0364510053e+11	1.0384016261e+03	6.4231791461e+08
772	7.6657024710e+04	3.8654760469e+10	3.5295173316e+03	1.2902336769e+09	1.5733462966e+05	1.0415539683e+11	1.0770081303e+03	6.3622542544e+08
773	7.6088813838e+04	3.8451716486e+10	3.3959948234e+03	1.2554854859e+09	1.5770661014e+05	1.0421547730e+11	1.0634623211e+03	6.2384640441e+08
774	7.5586549743e+04	3.8283239503e+10	3.2859199304e+03	1.2193885700e+09	1.5705008701e+05	1.0374831717e+11	1.0242979982e+03	6.0228218597e+08
775	7.5570588466e+04	3.8128713242e+10	3.1898254147e+03	1.1817833706e+09	1.5803730471e+05	1.0422246470e+11	1.0573761548e+03	6.1894748786e+08
776	7.5683372253e+04	3.8200588301e+10	3.1597701384e+03	1.1806400466e+09	1.5867042249e+05	1.0446627142e+11	1.0662991152e+03	6.2165252519e+08
777	7.5261329031e+04	3.7996929826e+10	3.0862319012e+03	1.1508456548e+09	1.5887531315e+05	1.0451836329e+11	1.0632193731e+03	6.2308789612e+08
778	7.5364036376e+04	3.7997310113e+10	3.0742337736e+03	1.1528535184e+09	1.5830995273e+05	1.0405339135e+11	1.0213836950e+03	5.9599452670e+08
779	7.5418805010e+04	3.7940711272e+10	3.0399778224e+03	1.1367995036e+09	1.5895453917e+05	1.0433124477e+11	1.0396274992e+03	6.0514878888e+08
780	7.5351159488e+04	3.7876717677e+10	3.0279861665e+03	1.1351604428e+09	1.5983138157e+05	1.0469756413e+11	1.0640573468e+03	6.1585047160e+08
781	7.5392927919e+04	3.7827315463e+10	3.0200938852e+03	1.1314723197e+09	1.6015959140e+05	1.0477057169e+11	1.0536081699e+03	6.1010984091e+08
782	7.5462373377e+04	3.7817510312e+10	2.9922108880e+03	1.1190569293e+09	1.6120167433e+05	1.0518470254e+11	1.0944367088e+03	6.2597030581e+08
783	7.4828366718e+04	3.7702029572e+10	2.9993998026e+03	1.1256227160e+09	1.6227476431e+05	1.0576792705e+11	1.0998183922e+03	6.3441764466e+08
784	7.5126796010e+04	3.7780856415e+10	3.0397449467e+03	1.1505674582e+09	1.6373053988e+05	1.0652265842e+11	1.1292370343e+03	6.5080389129e+08
785	7.5507710578e+04	3.7838715192e+10	3.0016782322e+03	1.1331854066e+09	1.6313166239e+05	1.0618357793e+11	1.0797522469e+03	6.2892439786e+08
786	8.2012115754e+04	3.9558086854e+10	7.9807180214e+03	2.2978828102e+09	1.6316559600e+05	1.0616353411e+11	1.0793042260e+03	6.3135675943e+08
787	8.1177400619e+04	3.9118758091e+10	6.9123775528e+03	2.0096113798e+09	1.6250537799e+05	1.0559393527e+11	1.0287583696e+03	5.9373091638e+08
788	7.8900146598e+04	3.8636182724e+10	5.2064029108e+03	1.6084274503e+09	1.6357587619e+05	1.0607637792e+11	1.0802960053e+03	6.2073623344e+08
789	7.8131987775e+04	3.8393513613e+10	4.5801979235e+03	1.4560392043e+09	1.6425961398e+05	1.0641103987e+11	1.0813262704e+03	6.2421490957e+08
790	7.7786601244e+04	3.8210137446e+10	4.2758568687e+03	1.3842691771e+09	1.6554195915e+05	1.0700280707e+11	1.1106286119e+03	6.3605266082e+08
791	7.7745409273e+04	3.8102440195e+10	4.0904919378e+03	1.3358988856e+09	1.6514588076e+05	1.0668079126e+11	1.0718566539e+03	6.1460420424e+08
792	7.7689511344e+04	3.8075667445e+10	4.0225381273e+03	1.2889041049e+09	1.6755943774e+05	1.0796171705e+11	1.1528405738e+03	6.5939531490e+08
793	7.8100793377e+04	3.8224647880e+10	3.9708524822e+03	1.3033684666e+09	1.6647778809e+05	1.0728787894e+11	1.0912776025e+03	6.2671153769e+08
794	7.7587687394e+04	3.8123118581e+10	3.8297990635e+03	1.2912410325e+09	1.6642731658e+05	1.0709651866e+11	1.0779429618e+03	6.1500779009e+08
795	8.5051175944e+04	4.0491304806e+10	9.2195403382e+03	2.9997938496e+09	1.6659244587e+05	1.0704133697e+11	1.0738048375e+03	6.0898288515e+08
796	8.0155742207e+04	3.8872798752e+10	5.2352086025e+03	1.7295207602e+09	1.6665783958e+05	1.0697863818e+11	1.0744147525e+03	6.0879945437e+08
797	7.9251039936e+04	3.8561681444e+10	4.6074452823e+03	1.5386360441e+09	1.6821647134e+05	1.0787287268e+11	1.1113692283e+03	6.3544618594e+08
798	7.8941108617e+04	3.8451206368e+10	4.3166749161e+03	1.4600129975e+09	1.6926533403e+05	1.0835236802e+11	1.1330446968e+03	6.4471951741e+08
799	7.7771076847e+04	3.8106376477e+10	4.1261726729e+03	1.4052410378e+09	1.6781660223e+05	1.0746381699e+11	1.0588263072e+03	6.0493494026e+08
800	7.7704197375e+04	3.8051047352e+10	3.9880103588e+03	1.3654035378e+09	1.6851071818e+05	1.0781490120e+11	1.0840472907e+03	6.2079628204e+08
801	7.7923915830e+04	3.7988407009e+10	3.8546932756e+03	1.3132377174e+09	1.6817306325e+05	1.0750981211e+11	1.0576202862e+03	6.0450455781e+08
802	7.8295263041e+04	3.8000971469e+10	3.8101582859e+03	1.2987278034e+09	1.6834788527e+05	1.0746444396e+11	1.0617064624e+03	6.0152622510e+08
803	7.8222574682e+04	3.7937988254e+10	3.7717683920e+03	1.2847160370e+09	1.7021625307e+05	1.0852280219e+11	1.1244829524e+03	6.4398994887e+08
804	7.7644176749e+04	3.7849926788e+10	3.6986445881e+03	1.2761379652e+09	1.6917752422e+05	1.0776424934e+11	1.0612032884e+03	6.0131377331e+08
805	7.7721408873e+04	3.7739375804e+10	3.6545188311e+03	1.2577958312e+09	1.6915298003e+05	1.0761789589e+11	1.0487055201e+03	5.9226153888e+08
806	7.7586481057e+04	3.7748977322e+10	3.6242642639e+03	1.2500510138e+09	1.7017270565e+05	1.0803185097e+11	1.0981490367e+03	6.1458470747e+08
807	7.7417406143e+04	3.7560678426e+10	3.5516559075e+03	1.2189263056e+09	1.6981264039e+05	1.0778859599e+11	1.0595068370e+03	5.9869859201e+08
808	8.2080888096e+04	3.9043126064e+10	6.0305537604e+03	1.9938226877e+09	1.7106124674e+05	1.0837615739e+11	1.1022601404e+03	6.1926873421e+08
809	8.6825141802e+04	4.0475558924e+10	1.0274674460e+04	3.3436358140e+09	1.7056138961e+05	1.0809691157e+11	1.0596977189e+03	6.0236444989e+08
810	8.2371439936e+04	3.9090567129e+10	6.5093229678e+03	2.1397234536e+09	1.7178795378e+05	1.0861165185e+11	1.1055598383e+03	6.2128705405e+08
811	8.1168903001e+04	3.8676088183e+10	5.5688384691e+03	1.8432579075e+09	1.7066191167e+05	1.0782755042e+11	1.0364021946e+03	5.8064261675e+08
812	8.0564216708e+04	3.8410717883e+10	5.0809366509e+03	1.6861009286e+09	1.7034359420e+05	1.0751476723e+11	1.0373206329e+03	5.7735430325e+08
813	8.0135468503e+04	3.8125248995e+10	4.7683066465e+03	1.5775743025e+09	1.7114351372e+05	1.0784289934e+11	1.0639035493e+03	5.9066615853e+08
814	8.0122253195e+04	3.8061278576e+10	4.5907386985e+03	1.5206011510e+09	1.7232914199e+05	1.0846667444e+11	1.0962122747e+03	6.1322538782e+08
815	8.0106250430e+04	3.8006582606e+10	4.4920531272e+03	1.4840824991e+09	1.7263919950e+05	1.0848708507e+11	1.0908850565e+03	6.0498652467e+08
816	8.0386876486e+04	3.7917516596e+10	4.3899677948e+03	1.4336169743e+09	1.7213604636e+05	1.0812132553e+11	1.0564820600e+03	5.8760949571e+08
817	7.8247782786e+04	3.7482727299e+10	4.1357263508e+03	1.3781949737e+09	1.7358798838e+05	1.0891476951e+11	1.0866189690e+03	6.0920396080e+08
818	7.8597177969e+04	3.7526537740e+10	4.1050731617e+03	1.3733051605e+09	1.7556497120e+05	1.0997199717e+11	1.1401072291e+03	6.3932032102e+08
819	7.8188008870e+04	3.7347296213e+10	3.9996491684e+03	1.3347831159e+09	1.7671329290e+05	1.1045557727e+11	1.1594891474e+03	6.4398047287e+08
820	7.8174374835e+04	3.7184830473e+10	3.9423507143e+03	1.3049233954e+09	1.7585439888e+05	1.0981640816e+11	1.1113226796e+03	6.1327772234e+08
821	7.8509044712e+04	3.7285426356e+10	3.9350361516e+03	1.3099410773e+09	1.7549456650e+05	1.0962977048e+11	1.0851321971e+03	6.0694352228e+08
822	7.8537757942e+04	3.7306796445e+10	3.9189121700e+03	1.3071350638e+09	1.7615681183e+05	1.0989167047e+11	1.1017682487e+03	6.1470974634e+08
823	7.7659721568e+04	3.7001879322e+10	3.8127308916e+03	1.2684346748e+09	1.7603943090e+05	1.0967215097e+11	1.0858901318e+03	5.9978820531e+08
824	7.7340602544e+04	3.6834399482e+10	3.7703372975e+03	1.2352544361e+09	1.7695216303e+05	1.1004565852e+11	1.1075341202e+03	6.1049199511e+08
825	7.8927737151e+04	3.7306703357e+10	3.9324589423e+03	1.3039383397e+09	1.7686140460e+05	1.0982911014e+11	1.0963890632e+03	5.9951028130e+08
826	7.8196083729e+04	3.7087561250e+10	3.8000901071e+03	1.2693372547e+09	1.7804712446e+05	1.1051687039e+11	1.1211193592e+03	6.2348794104e+08
827	7.7882759414e+04	3.6818859910e+10	3.6833739590e+03	1.2186275040e+09	1.7897573285e+05	1.1090348398e+11	1.1407353170e+03	6.2841123989e+08
828	7.8423661861e+04	3.6983178641e+10	3.7524457100e+03	1.2488759029e+09	1.7929608655e+05	1.1105009627e+11	1.1255381045e+03	6.2462644403e+08
829	7.7097761552e+04	3.6629351201e+10	3.6273209333e+03	1.2058046852e+09	1.7930135387e+05	1.1092331747e+11	1.1146463549e+03	6.1548470835e+08
830	7.7279727803e+04	3.6659890899e+10	3.6477326373e+03	1.2126280672e+09	1.7940848770e+05	1.1083633463e+11	1.1161195447e+03	6.1237020113e+08
831	7.7037729839e+04	3.6507806377e+10	3.5837331296e+03	1.1889739133e+09	1.7937318093e+05	1.1067164782e+11	1.0985513612e+03	5.9988415555e+08
832	7.7383088580e+04	3.6516480924e+10	3.5826513906e+03	1.1885951150e+09	1.7971814257e+05	1.1078484806e+11	1.0998793800e+03	6.0146672471e+08
833	7.7956706335e+04	3.6533775900e+10	3.6236340919e+03	1.1986190334e+09	1.7959222183e+05	1.1069097698e+11	1.0799757934e+03	5.9438039999e+08
834	7.8042888129e+04	3.6484729624e+10	3.5942216326e+03	1.1783596541e+09	1.8063920927e+05	1.1114471791e+11	1.1185832871e+03	6.1240605979e+08
835	7.7395144976e+04	3.6361738236e+10	3.5624660393e+03	1.1681205413e+09	1.8158936009e+05	1.1164412731e+11	1.1235045294e+03	6.2074082285e+08
836	7.7027168538e+04	3.6245096550e+10	3.5514180938e+03	1.1703574757e+09	1.8165875827e+05	1.1145473800e+11	1.1254066730e+03	6.1029509534e+08
837	7.7188726576e+04	3.6277675326e+10	3.5917127240e+03	1.1861144070e+09	1.8151512626e+05	1.1124091463e+11	1.1014268732e+03	5.9579852267e+08
838	7.7583621643e+04	3.6320110035e+10	3.6115854418e+03	1.1889843365e+09	1.8240386375e+05	1.1169026662e+11	1.1263393714e+03	6.1225531182e+08
839	7.7492893475e+04	3.6302171863e+10	3.6179915698e+03	1.1883065238e+09	1.8286480908e+05	1.1191060365e+11	1.1226771293e+03	6.1357240117e+08
840	7.6696500997e+04	3.6101271755e+10	3.5717616916e+03	1.1701518689e+09	1.8329663612e+05	1.1211293029e+11	1.1245659496e+03	6.1761790958e+08
841	7.6539623999e+04	3.5997523905e+10	3.5474962443e+03	1.1539767913e+09	1.8234866163e+05	1.1155065516e+11	1.0598359775e+03	5.8641748487e+08
842	7.6779191844e+04	3.6000300515e+10	3.5551569698e+03	1.1452175334e+09	1.8509479323e+05	1.1290317669e+11	1.1672085771e+03	6.3715150697e+08
843	7.7348884853e+04	3.6100890483e+10	3.6264328476e+03	1.1618738871e+09	1.8465876216e+05	1.1254328775e+11	1.1321487006e+03	6.1687916070e+08
844	7.8241338567e+04	3.6190940081e+10	3.8589829980e+03	1.1859933545e+09	1.8447598217e+05	1.1223845563e+11	1.1201913030e+03	6.0179733656e+08
845	7.7412118929e+04	3.5933259647e+10	3.6873783350e+03	1.1494924887e+09	1.8493130948e+05	1.1253438812e+11	1.1233499705e+03	6.1556442167e+08
846	7.5606522789e+04	3.5571355483e+10	3.4595219192e+03	1.1148805726e+09	1.8490741582e+05	1.1244834185e+11	1.1063428814e+03	6.0422079231e+08
847	7.5860352023e+04	3.5581664127e+10	3.4649100449e+03	1.1076602895e+09	1.8556601610e+05	1.1264805924e+11	1.1240571464e+03	6.0751874179e+08
848	7.5974284044e+04	3.5504210422e+10	3.5005619796e+03	1.1009540509e+09	1.8490812600e+05	1.1225800844e+11	1.0884776671e+03	5.9514594926e+08
849	7.6932820701e+04	3.5724978698e+10	3.6409215863e+03	1.1357350619e+09	1.8476405557e+05	1.1206572139e+11	1.0753344675e+03	5.8248131938e+08
850	7.7641995840e+04	3.5757257531e+10	3.9572037180e+03	1.1603557200e+09	1.8602388501e+05	1.1264572833e+11	1.1196556851e+03	6.0616875707e+08
851	7.7542251717e+04	3.5717501407e+10	3.9871480034e+03	1.1607177445e+09	1.8558468781e+05	1.1223944572e+11	1.0885981235e+03	5.8249814796e+08
852	7.5811144408e+04	3.5317768707e+10	3.4741766913e+03	1.0920070921e+09	1.8722608690e+05	1.1312468677e+11	1.1369321922e+03	6.1574622222e+08
853	7.4607099416e+04	3.5029537666e+10	3.2995131062e+03	1.0630264521e+09	1.8794529667e+05	1.1340137070e+11	1.1435555891e+03	6.1672439149e+08
854	7.4522682169e+04	3.4990516142e+10	3.2772089488e+03	1.0576534407e+09	1.8870378387e+05	1.1369341310e+11	1.1658973623e+03	6.2689819910e+08
855	7.4638396771e+04	3.4963520411e+10	3.2996054950e+03	1.0641291671e+09	1.8794685105e+05	1.1316885267e+11	1.1077910394e+03	5.9440945860e+08
856	7.5296199134e+04	3.5051058330e+10	3.3779664827e+03	1.0729103479e+09	1.8753024878e+05	1.1282067567e+11	1.0859106394e+03	5.8157003953e+08
857	7.6176895419e+04	3.5221011312e+10	3.4209391028e+03	1.0786964772e+09	1.8908289442e+05	1.1350325496e+11	1.1384554625e+03	6.0488213417e+08
858	7.5535435084e+04	3.5076650906e+10	3.3331386603e+03	1.0567401147e+09	1.8939536740e+05	1.1358422224e+11	1.1379191330e+03	6.0495798084e+08
859	7.5482515620e+04	3.5009301772e+10	3.3353243367e+03	1.0574229575e+09	1.9077342796e+05	1.1425371191e+11	1.1724588527e+03	6.2523654562e+08
860	7.5174678864e+04	3.4858173109e+10	3.3073267172e+03	1.0381111245e+09	1.9138550771e+05	1.1449403651e+11	1.1618896995e+03	6.2091903889e+08
861	7.4843177461e+04	3.4765856852e+10	3.2920583848e+03	1.0274839144e+09	1.9244974789e+05	1.1490551589e+11	1.1965423993e+03	6.3247571321e+08
862	7.5288782539e+04	3.4788432906e+10	3.3399742943e+03	1.0398325676e+09	1.9181309842e+05	1.1452079498e+11	1.1340268341e+03	6.0312862863e+08
863	7.5465612253e+04	3.4765493587e+10	3.3424670079e+03	1.0378452405e+09	1.9256853947e+05	1.1481689282e+11	1.1575708646e+03	6.1431037522e+08
864	7.5389297318e+04	3.4677880388e+10	3.3373359554e+03	1.0290807039e+09	1.9322582716e+05	1.1509197762e+11	1.1634764820e+03	6.1831938566e+08
865	7.5004830616e+04	3.4577024240e+10	3.3326344549e+03	1.0178804481e+09	1.9457832020e+05	1.1574362926e+11	1.1939014989e+03	6.3632414725e+08
866	7.5072519674e+04	3.4590916206e+10	3.3742392101e+03	1.0272777861e+09	1.9386176500e+05	1.1523203830e+11	1.1526507041e+03	6.0908006353e+08
867	7.5275504579e+04	3.4607994840e+10	3.4376974499e+03	1.0415795122e+09	1.9406638322e+05	1.1517292430e+11	1.1462364312e+03	6.0221163864e+08
868	7.5335033294e+04	3.4595092074e+10	3.4919087689e+03	1.0426467661e+09	1.9501753208e+05	1.1550951346e+11	1.1733702305e+03	6.1187804340e+08
869	7.5479435982e+04	3.4525889486e+10	3.5525232061e+03	1.0421160150e+09	1.9467851153e+05	1.1523244343e+11	1.1368589878e+03	5.9324488721e+08
870	7.5748727438e+04	3.4513991551e+10	3.6718662450e+03	1.0468069574e+09	1.9576059946e+05	1.1571330421e+11	1.1763848333e+03	6.1533982659e+08
871	7.7016315051e+04	3.4721658950e+10	4.0475225941e+03	1.1042711814e+09	1.9428480074e+05	1.1489174698e+11	1.1013816139e+03	5.7914579005e+08
872	7.8032989478e+04	3.4871766041e+10	4.8826142530e+03	1.2200243685e+09	1.9532123769e+05	1.1536098160e+11	1.1324443622e+03	5.9656013091e+08
873	7.5786026515e+04	3.4414577770e+10	3.6731383545e+03	1.0536506340e+09	1.9630282378e+05	1.1584482775e+11	1.1571341083e+03	6.1182103644e+08
874	7.6780871080e+04	3.4573479344e+10	4.0346843362e+03	1.1069916892e+09	1.9645350702e+05	1.1577328629e+11	1.1486815659e+03	6.0133137463e+08
875	7.3590088834e+04	3.3888195386e+10	2.9864325054e+03	9.5321851643e+08	1.9699956596e+05	1.1602265479e+11	1.1528010191e+03	6.0783122235e+08
876	7.3765429451e+04	3.3870881855e+10	3.0009188443e+03	9.5138614466e+08	1.9740154452e+05	1.1599937937e+11	1.1613977242e+03	6.0060578595e+08
877	7.3349802562e+04	3.3764958541e+10	2.9659919860e+03	9.3913455958e+08	1.9763382148e+05	1.1604152544e+11	1.1562101747e+03	6.0076760775e+08
878	7.3972637748e+04	3.3866318563e+10	3.0175732831e+03	9.5269886846e+08	1.9848195428e+05	1.1634491795e+11	1.1761411323e+03	6.0799827185e+08
879	7.3749920904e+04	3.3722657043e+10	2.9731054263e+03	9.3103576038e+08	1.9950025251e+05	1.1679946122e+11	1.1899657759e+03	6.1672104819e+08
880	7.3571469173e+04	3.3701891771e+10	2.9811083373e+03	9.3535862576e+08	2.0017640385e+05	1.1701753706e+11	1.2025795141e+03	6.1984293993e+08
881	7.3337751984e+04	3.3655982820e+10	2.9911847040e+03	9.3315318232e+08	1.9953326918e+05	1.1658261024e+11	1.1599316658e+03	5.9773151304e+08
882	7.4224980761e+04	3.3761220088e+10	3.1029770342e+03	9.3989871586e+08	1.9924166531e+05	1.1636892031e+11	1.1468687762e+03	5.9226799813e+08
883	7.4116302899e+04	3.3653334662e+10	3.0879479961e+03	9.2625050434e+08	1.9926038135e+05	1.1629223878e+11	1.1406491438e+03	5.8826709679e+08
884	7.2616384004e+04	3.3388632955e+10	2.9165277545e+03	9.0838800083e+08	2.0049614159e+05	1.1679101172e+11	1.1776127717e+03	6.0485693093e+08
885	7.2833331183e+04	3.3327852837e+10	2.9183535357e+03	8.9896246027e+08	1.9904067409e+05	1.1599217136e+11	1.0999225884e+03	5.6821752673e+08
886	7.3046383455e+04	3.3299301663e+10	2.9372874202e+03	8.9554225814e+08	1.9983410205e+05	1.1636395820e+11	1.1375477068e+03	5.9237395950e+08
887	7.3712092483e+04	3.3375950098e+10	3.0068953481e+03	9.0464967132e+08	1.9963353439e+05	1.1613354977e+11	1.1120012604e+03	5.7418930321e+08
888	7.3860737470e+04	3.3337224586e+10	3.0843994270e+03	9.0565463901e+08	2.0131361317e+05	1.1696280831e+11	1.1648781745e+03	6.0423403058e+08
889	7.4583576760e+04	3.3417750846e+10	3.4651427056e+03	9.4168985943e+08	2.0206897794e+05	1.1723590900e+11	1.1685374379e+03	6.0442818796e+08
890	7.6259434415e+04	3.3853872269e+10	4.1875732461e+03	1.1575688198e+09	2.0289216958e+05	1.1760290237e+11	1.1899685285e+03	6.1448518936e+08
891	7.3691470584e+04	3.3298042029e+10	3.1627475290e+03	9.5701272030e+08	2.0230658659e+05	1.1729867338e+11	1.1347096345e+03	5.9400685474e+08
892	7.3524260115e+04	3.3148503133e+10	3.0588788884e+03	9.2316167127e+08	2.0266103094e+05	1.1733377827e+11	1.1492605088e+03	5.9437287814e+08
893	7.3489344512e+04	3.3116360077e+10	3.0756249815e+03	9.1366598171e+08	2.0361824884e+05	1.1773596854e+11	1.1732344363e+03	6.0562444236e+08
894	7.2618472043e+04	3.2948825811e+10	2.9463576682e+03	8.9645727420e+08	2.0325660966e+05	1.1736499938e+11	1.1502885241e+03	5.8912909433e+08
895	7.3217816481e+04	3.2980514428e+10	2.9527508486e+03	8.8766619435e+08	2.0367944185e+05	1.1741446770e+11	1.1562595408e+03	5.8743177925e+08
896	7.3108286287e+04	3.2905131248e+10	2.9287474928e+03	8.8310557069e+08	2.0381046774e+05	1.1741589719e+11	1.1504859274e+03	5.8725071235e+08
897	7.2440694257e+04	3.2810403410e+10	2.8912556360e+03	8.7661958654e+08	2.0406823041e+05	1.1752576974e+11	1.1448930231e+03	5.8664667247e+08
898	7.2768436386e+04	3.2768774362e+10	2.8904335961e+03	8.6784640709e+08	2.0547293897e+05	1.1821276014e+11	1.1783516737e+03	6.0709323744e+08
899	7.3067164766e+04	3.2803579337e+10	2.9440231211e+03	8.6518692818e+08	2.0725209197e+05	1.1907170495e+11	1.2227813538e+03	6.3008229337e+08
900	7.2799694284e+04	3.2696906053e+10	2.8722943332e+03	8.5378288112e+08	2.0730886780e+05	1.1899813457e+11	1.1856064517e+03	6.1028061082e+08
901	7.2111947374e+04	3.2593404616e+10	2.8429965274e+03	8.5204237268e+08	2.0873048026e+05	1.1970014981e+11	1.2201128144e+03	6.3043695412e+08
902	7.1929748942e+04	3.2517133844e+10	2.8276112943e+03	8.4511945279e+08	2.0891596021e+05	1.1961800704e+11	1.2106830409e+03	6.1900182755e+08
903	7.1288214207e+04	3.2429520911e+10	2.7887730568e+03	8.4010879642e+08	2.0773369902e+05	1.1884349778e+11	1.1623307919e+03	5.8939825784e+08
904	7.1398092982e+04	3.2418739389e+10	2.7859571179e+03	8.3818058076e+08	2.0935040357e+05	1.1954894218e+11	1.2104413332e+03	6.1125198390e+08
905	7.1586219670e+04	3.2370492632e+10	2.7802465409e+03	8.3155632753e+08	2.0959748423e+05	1.1967685312e+11	1.1960732911e+03	6.1148507269e+08
906	7.1566717781e+04	3.2344620952e+10	2.7822438032e+03	8.3032402696e+08	2.1016720272e+05	1.1979266590e+11	1.2086787747e+03	6.1194367150e+08
907	7.1709375490e+04	3.2318769413e+10	2.7833534627e+03	8.2823676890e+08	2.1019960846e+05	1.1958980739e+11	1.1954565087e+03	5.9522766095e+08
908	7.2171140528e+04	3.2334619458e+10	2.7879374518e+03	8.2608659699e+08	2.1031900603e+05	1.1955184800e+11	1.1935361526e+03	5.9683389677e+08
909	7.1942564407e+04	3.2250376806e+10	2.7774623582e+03	8.1973123489e+08	2.1280661741e+05	1.2070006658e+11	1.2684762240e+03	6.3498843190e+08
910	7.1999742370e+04	3.2203798423e+10	2.7814796860e+03	8.1600110794e+08	2.1433734835e+05	1.2141795002e+11	1.2744936087e+03	6.3912509999e+08
911	7.2131312002e+04	3.2184716531e+10	2.8038178775e+03	8.1475523507e+08	2.1360904982e+05	1.2096510562e+11	1.2263692505e+03	6.1585742541e+08
912	7.2133446175e+04	3.2205502936e+10	2.8031330668e+03	8.2148735626e+08	2.1384909133e+05	1.2103534233e+11	1.2201892071e+03	6.1462018730e+08
913	7.2113894949e+04	3.2125440536e+10	2.7886627959e+03	8.1155333612e+08	2.1248070572e+05	1.2024412054e+11	1.1591210535e+03	5.8198869865e+08
914	7.1932874397e+04	3.2077538505e+10	2.7919327282e+03	8.0890713018e+08	2.1316336924e+05	1.2044583474e+11	1.1930218189e+03	5.9536732433e+08
915	7.2157923276e+04	3.2084922831e+10	2.8573892059e+03	8.1405555346e+08	2.1310589252e+05	1.2042410804e+11	1.1688008399e+03	5.9191973858e+08
916	7.2253349470e+04	3.2045780323e+10	2.8356080531e+03	8.0683330413e+08	2.1424411515e+05	1.2094240648e+11	1.2064076796e+03	6.0874521321e+08
917	7.2199061301e+04	3.1956780674e+10	2.7689592983e+03	7.9793067032e+08	2.1422424867e+05	1.2085141138e+11	1.1890579988e+03	6.0158765051e+08
918	7.1226025486e+04	3.1837712222e+10	2.7305719575e+03	7.9255486717e+08	2.1509960230e+05	1.2120110857e+11	1.2014428628e+03	6.0655152570e+08
919	7.1343275268e+04	3.1808849986e+10	2.7347173118e+03	7.8892972559e+08	2.1591191771e+05	1.2153460796e+11	1.2164762201e+03	6.1176736553e+08
920	7.1442469004e+04	3.1801754217e+10	2.7511213765e+03	7.8781864621e+08	2.1515370285e+05	1.2104253787e+11	1.1780951000e+03	5.9131885165e+08
921	7.2002323461e+04	3.1845236948e+10	2.8192932141e+03	7.9445894896e+08	2.1598816291e+05	1.2137802088e+11	1.1946023403e+03	6.0109224278e+08
922	7.1911940932e+04	3.1797121819e+10	2.8926340651e+03	7.9386821698e+08	2.1695166273e+05	1.2161694680e+11	1.2343288143e+03	6.0752494789e+08
923	7.0766500771e+04	3.1588321672e+10	2.6923489656e+03	7.7737233529e+08	2.1659167444e+05	1.2140499678e+11	1.1965661639e+03	5.9499538864e+08
924	7.0672524159e+04	3.1538100529e+10	2.6840642881e+03	7.7390460157e+08	2.1673928876e+05	1.2148319825e+11	1.1760840795e+03	5.9146498679e+08
925	7.0904279156e+04	3.1520944342e+10	2.6888646293e+03	7.7128349116e+08	2.1788476652e+05	1.2198944215e+11	1.1986047239e+03	6.0256171034e+08
926	7.1685673570e+04	3.1579474428e+10	2.7385654037e+03	7.7860173275e+08	2.1936693826e+05	1.2258266513e+11	1.2430639140e+03	6.1837060043e+08
927	7.1156933173e+04	3.1517292015e+10	2.7175107760e+03	7.7193137721e+08	2.1969903319e+05	1.2268002203e+11	1.2322220400e+03	6.1560102699e+08
928	7.0758723780e+04	3.1432922370e+10	2.6958622931e+03	7.6707001612e+08	2.1947078469e+05	1.2241471886e+11	1.2062621600e+03	5.9784760756e+08
929	7.0600636749e+04	3.1392357250e+10	2.6853022709e+03	7.6370032864e+08	2.2004868803e+05	1.2246267205e+11	1.2322426711e+03	6.0073404459e+08
930	7.0580000357e+04	3.1376509738e+10	2.6924372955e+03	7.6764608716e+08	2.1944728676e+05	1.2214166520e+11	1.2008989851e+03	5.9149507716e+08
931	7.0776214146e+04	3.1343964035e+10	2.6858815833e+03	7.6200096308e+08	2.2012317420e+05	1.2249579341e+11	1.1983834676e+03	5.9931146040e+08
932	7.0739654328e+04	3.1302300235e+10	2.6811830881e+03	7.5818539564e+08	2.2222049351e+05	1.2343895201e+11	1.2631870960e+03	6.2637208403e+08
933	7.0449881468e+04	3.1254846043e+10	2.6708502214e+03	7.5535954351e+08	2.2114073670e+05	1.2273135259e+11	1.2043784838e+03	5.9195602642e+08
934	7.0811809116e+04	3.1260313123e+10	2.6885795763e+03	7.5638923191e+08	2.2117980845e+05	1.2261759221e+11	1.1965484031e+03	5.8489419859e+08
935	7.0839184677e+04	3.1249099557e+10	2.6992695289e+03	7.5806492178e+08	2.2244065452e+05	1.2324194967e+11	1.2233287346e+03	6.0695590229e+08
936	7.1074131506e+04	3.1221500036e+10	2.6998087448e+03	7.5293591722e+08	2.2263599831e+05	1.2309481283e+11	1.2213341055e+03	5.9494109829e+08
937	7.1267689775e+04	3.1201798682e+10	2.7180403915e+03	7.5139245489e+08	2.2320663950e+05	1.2321015411e+11	1.2410440471e+03	5.9935943729e+08
938	7.1769031796e+04	3.1214957209e+10	2.7643924623e+03	7.5171853457e+08	2.2240130521e+05	1.2282721247e+11	1.1918770786e+03	5.8483831499e+08
939	7.0910629107e+04	3.1093347020e+10	2.6801988369e+03	7.4427190024e+08	2.2282227749e+05	1.2287721455e+11	1.2044845969e+03	5.8273222937e+08
940	7.0812499729e+04	3.1084262880e+10	2.6986025723e+03	7.4965600923e+08	2.2436473001e+05	1.2365818231e+11	1.2358052182e+03	6.0575811380e+08
941	7.1154295422e+04	3.1088803734e+10	2.7163232016e+03	7.5105781278e+08	2.2269364699e+05	1.2269790984e+11	1.1625385723e+03	5.6619155579e+08
942	7.1504563357e+04	3.1093525986e+10	2.7304334445e+03	7.4958442654e+08	2.2282072824e+05	1.2266348942e+11	1.1664911357e+03	5.6791219191e+08
943	7.1154233473e+04	3.1017584775e+10	2.7114886221e+03	7.4380600736e+08	2.2357896179e+05	1.2294960351e+11	1.1894435213e+03	5.7962614123e+08
944	7.1089339836e+04	3.0994206935e+10	2.7123003541e+03	7.4124378382e+08	2.2536026572e+05	1.2382401852e+11	1.2368311053e+03	6.0903313827e+08
945	7.1133816804e+04	3.0969629268e+10	2.7155343833e+03	7.3947787766e+08	2.2598152589e+05	1.2396654178e+11	1.2503973332e+03	6.0746113195e+08
946	7.1669184447e+04	3.0975869911e+10	2.7365787423e+03	7.3856453131e+08	2.2627259090e+05	1.2419953522e+11	1.2279408993e+03	6.1026420190e+08
947	7.2060307928e+04	3.1034473759e+10	2.7909645122e+03	7.4706071188e+08	2.2606200702e+05	1.2407630351e+11	1.1981540929e+03	5.9654676130e+08
948	7.1986793482e+04	3.1002935149e+10	2.7932424726e+03	7.4425214842e+08	2.2676056498e+05	1.2428936872e+11	1.2140961052e+03	5.9904267465e+08
949	7.2338430309e+04	3.1022036535e+10	2.8628666547e+03	7.5463860214e+08	2.2644502401e+05	1.2398652809e+11	1.1994641303e+03	5.8783385423e+08
950	7.3505881908e+04	3.1121052418e+10	3.0161699880e+03	7.6330917910e+08	2.2713152951e+05	1.2420614603e+11	1.2027326977e+03	5.8831957770e+08
951	7.4092784447e+04	3.1197357411e+10	3.3229459727e+03	7.9497473402e+08	2.2774406461e+05	1.2442917110e+11	1.2100696544e+03	5.9226356236e+08
952	7.1676094880e+04	3.0812952226e+10	2.7848360634e+03	7.3217009260e+08	2.2895516916e+05	1.2497020708e+11	1.2331807286e+03	6.0466536410e+08
953	7.1723614690e+04	3.0771319139e+10	2.8515146195e+03	7.3285509891e+08	2.2990058387e+05	1.2532582482e+11	1.2591326959e+03	6.1459017657e+08
954	7.0869657497e+04	3.0673044591e+10	2.7381261096e+03	7.3329415707e+08	2.3115622341e+05	1.2589883053e+11	1.2770445805e+03	6.2796612814e+08
955	7.1454368771e+04	3.0725116428e+10	2.8180082418e+03	7.4137824646e+08	2.3097442952e+05	1.2553894988e+11	1.2597901335e+03	6.0441172537e+08
956	7.1458264703e+04	3.0663319602e+10	2.7652920559e+03	7.2901603762e+08	2.3021486112e+05	1.2505902731e+11	1.2166908572e+03	5.8463576624e+08
957	7.0997490605e+04	3.0565819670e+10	2.7473304696e+03	7.2250180116e+08	2.3162058688e+05	1.2556345542e+11	1.2571599849e+03	5.9744919052e+08
958	7.0227653598e+04	3.0461967531e+10	2.6959285359e+03	7.1802177753e+08	2.3156518841e+05	1.2551494209e+11	1.2352130828e+03	5.9237590754e+08
959	6.9598437563e+04	3.0373832664e+10	2.6751742947e+03	7.1496538234e+08	2.3194250649e+05	1.2569117169e+11	1.2330931855e+03	5.9796291946e+08
960	6.9785990434e+04	3.0354815794e+10	2.6817259697e+03	7.1315166841e+08	2.3375740299e+05	1.2638064120e+11	1.2871104736e+03	6.1683702727e+08
961	6.9654168844e+04	3.0325904538e+10	2.6813688405e+03	7.1164895098e+08	2.3334262726e+05	1.2611451180e+11	1.2430996529e+03	5.9706963899e+08
962	6.9810570221e+04	3.0307182978e+10	2.6912908640e+03	7.1032019069e+08	2.3440527578e+05	1.2646356014e+11	1.2634781164e+03	6.0174943935e+08
963	6.9984303570e+04	3.0278633028e+10	2.6894135172e+03	7.0800215840e+08	2.3475897762e+05	1.2646243372e+11	1.2803375732e+03	6.0438371335e+08
964	6.9785538747e+04	3.0248654900e+10	2.6909819906e+03	7.0674856081e+08	2.3498234233e+05	1.2662250710e+11	1.2612593351e+03	6.0790986585e+08
965	6.9727511017e+04	3.0212169124e+10	2.6897644033e+03	7.0540819277e+08	2.3415081531e+05	1.2606782729e+11	1.1975028328e+03	5.7162014111e+08
966	7.0011579238e+04	3.0195533231e+10	2.7083377791e+03	7.0463243222e+08	2.3539154738e+05	1.2663193879e+11	1.2610597821e+03	6.0352075218e+08
967	6.9611247448e+04	3.0145315290e+10	2.6907059027e+03	7.0282831642e+08	2.3440840057e+05	1.2610086621e+11	1.2002561019e+03	5.7670240878e+08
968	6.9680495331e+04	3.0126473367e+10	2.6987831405e+03	7.0247357394e+08	2.3531444901e+05	1.2645879522e+11	1.2229814924e+03	5.8700505202e+08
969	6.9760005919e+04	3.0109057205e+10	2.7047220307e+03	7.0155587647e+08	2.3694026498e+05	1.2713932105e+11	1.2594503118e+03	6.0242921778e+08
970	7.0034094752e+04	3.0106887158e+10	2.7182088780e+03	7.0090924664e+08	2.3692148512e+05	1.2711860413e+11	1.2412271138e+03	6.0033473162e+08
971	7.0039215329e+04	3.0084873484e+10	2.7231229676e+03	7.0011803046e+08	2.3791676543e+05	1.2748929576e+11	1.2630549185e+03	6.0441963872e+08
972	7.0302731122e+04	3.0088778279e+10	2.7536273465e+03	7.0057810584e+08	2.3887763307e+05	1.2783713866e+11	1.2822044445e+03	6.1196395909e+08
973	7.0198131695e+04	3.0036945437e+10	2.7382015014e+03	6.9856353354e+08	2.3705194889e+05	1.2684454138e+11	1.1916822909e+03	5.6794735420e+08
974	7.0493410048e+04	3.0041213544e+10	2.7578922022e+03	6.9868927471e+08	2.3812864614e+05	1.2729021616e+11	1.2454823622e+03	5.9364982032e+08
975	7.0477294520e+04	3.0004232452e+10	2.7683284929e+03	6.9804518347e+08	2.3801901877e+05	1.2705492182e+11	1.2175334566e+03	5.7493733436e+08
976	7.0034029813e+04	2.9948127789e+10	2.7635426788e+03	6.9726810353e+08	2.3834681015e+05	1.2711666592e+11	1.2220634688e+03	5.7827673480e+08
977	7.0290978099e+04	2.9951678129e+10	2.7942114002e+03	6.9822979022e+08	2.3945666338e+05	1.2756219762e+11	1.2548755558e+03	5.9371552451e+08
978	7.0495754431e+04	2.9916667494e+10	2.7952892434e+03	6.9712262360e+08	2.4031514580e+05	1.2794419982e+11	1.2651383816e+03	6.0213204948e+08
979	7.1114475410e+04	2.9960252704e+10	2.8738382128e+03	7.0085099314e+08	2.3888543028e+05	1.2715236542e+11	1.1985863153e+03	5.6886583851e+08
980	7.0410612692e+04	2.9874136794e+10	2.8125515293e+03	6.9671133851e+08	2.4122577411e+05	1.2817282791e+11	1.2767994660e+03	6.0217775107e+08
981	7.0011979677e+04	2.9819210420e+10	2.8157911157e+03	6.9656619104e+08	2.4241454354e+05	1.2870398623e+11	1.2938382578e+03	6.1378230361e+08
982	6.9993099483e+04	2.9805159845e+10	2.8296565731e+03	6.9714554119e+08	2.4241417931e+05	1.2867661961e+11	1.2698081098e+03	6.0705973842e+08
983	6.9927975062e+04	2.9770466658e+10	2.8415459096e+03	6.9737563472e+08	2.4126601294e+05	1.2795384741e+11	1.2068438023e+03	5.7066859192e+08
984	7.0284782626e+04	2.9770701836e+10	2.8660965518e+03	6.9830720757e+08	2.4140981497e+05	1.2791083099e+11	1.2181025638e+03	5.7454556584e+08
985	7.0466315270e+04	2.9768906220e+10	2.8902509816e+03	6.9945467438e+08	2.4282556271e+05	1.2847666737e+11	1.2686821984e+03	5.9490129847e+08
986	7.0747934950e+04	2.9769981087e+10	2.9139400622e+03	7.0073848187e+08	2.4305080929e+05	1.2858925117e+11	1.2353617567e+03	5.8724066256e+08
987	7.0845301449e+04	2.9750779028e+10	2.9391686898e+03	7.0228117451e+08	2.4261069113e+05	1.2819417361e+11	1.2175576928e+03	5.7156622346e+08
988	7.1032075750e+04	2.9743563379e+10	2.9694072022e+03	7.0410654798e+08	2.4188257686e+05	1.2772632849e+11	1.1888059394e+03	5.5462671274e+08
989	7.1656882533e+04	2.9774483691e+10	3.0182064371e+03	7.0706134140e+08	2.4245547272e+05	1.2793659413e+11	1.1996963459e+03	5.6337207399e+08
990	7.1877797107e+04	2.9787484989e+10	3.0976458048e+03	7.1235285449e+08	2.4487767603e+05	1.2894323901e+11	1.2979346553e+03	6.0448710891e+08
991	7.1148030584e+04	2.9699094812e+10	3.0658277667e+03	7.1216873932e+08	2.4463567657e+05	1.2871338916e+11	1.2572797150e+03	5.8463157501e+08
992	7.1102629872e+04	2.9691893935e+10	3.1158947829e+03	7.1714577624e+08	2.4617087458e+05	1.2930972453e+11	1.2988882151e+03	6.0149529817e+08
993	7.0924929738e+04	2.9657003701e+10	3.1461152741e+03	7.1920329029e+08	2.4600299720e+05	1.2918415250e+11	1.2673578535e+03	5.8982866693e+08
994	7.0911992096e+04	2.9644032441e+10	3.1880725162e+03	7.2370769778e+08	2.4555775985e+05	1.2895128292e+11	1.2308237561e+03	5.7882281763e+08
995	7.1063041403e+04	2.9632838733e+10	3.2512327990e+03	7.2994364964e+08	2.4781745946e+05	1.2993180126e+11	1.3049171221e+03	6.0827380544e+08
996	7.1677632246e+04	2.9664873634e+10	3.3492761693e+03	7.3906302615e+08	2.4857764388e+05	1.3028738339e+11	1.3014735634e+03	6.1426497667e+08
997	7.1619486058e+04	2.9658362558e+10	3.4216338238e+03	7.4733919531e+08	2.4917057336e+05	1.3033856686e+11	1.3054958704e+03	6.0446606614e+08
998	7.2510089318e+04	2.9753136149e+10	3.6298981766e+03	7.6698785354e+08	2.4930053952e+05	1.3024184255e+11	1.2983420100e+03	5.9719083844e+08
999	7.2322363529e+04	2.9718754958e+10	3.7507689277e+03	7.8336427996e+08	2.4942432552e+05	1.3037825410e+11	1.2757480084e+03	5.9876379400e+08
1000	7.2150999031e+04	2.9684858581e+10	3.7914352057e+03	7.9121058003e+08	2.4342615696e+05	1.2737418206e+11	1.0504978573e+03	4.8564180463e+08
1001	7.1279248988e+04	2.9560647285e+10	3.8435201555e+03	8.0153988593e+08	2.3841937007e+05	1.2486147601e+11	8.8442773708e+02	4.0254343794e+08
1002	7.1464841512e+04	2.9586528371e+10	4.0689698427e+03	8.3104734076e+08	2.3532623850e+05	1.2328067857e+11	8.1264085666e+02	3.6669550918e+08
1003	7.2264848298e+04	2.9664531582e+10	4.3946614891e+03	8.7403480771e+08	2.3292971550e+05	1.2203810233e+11	7.6459120177e+02	3.4272003361e+08
1004	7.2990626270e+04	2.9745181879e+10	4.8795503282e+03	9.4138295495e+08	2.3092188268e+05	1.2098559420e+11	7.2821053267e+02	3.2456616220e+08
1005	7.4313286457e+04	2.9906780605e+10	5.7388766716e+03	1.0652688907e+09	2.2915671881e+05	1.2005209547e+11	6.9898427380e+02	3.0998765451e+08
1006	7.7256302723e+04	3.0328632916e+10	7.8994245748e+03	1.3933032797e+09	2.2757119672e+05	1.1920578549e+11	6.7454170799e+02	2.9778083530e+08
1007	8.0412066483e+04	3.0844854090e+10	1.0496632517e+04	1.7999148896e+09	2.2614737329e+05	1.1843858595e+11	6.5353765842e+02	2.8728734232e+08
1008	7.1296250384e+04	2.9248041819e+10	3.2089894390e+03	6.8564224489e+08	2.2483640397e+05	1.1772641557e+11	6.3513345933e+02	2.7809253473e+08
1009	6.9548168915e+04	2.8950439837e+10	2.4173961085e+03	6.0443303226e+08	2.2362208192e+05	1.1706155772e+11	6.1877567693e+02	2.6991265836e+08
1010	6.9887307245e+04	2.8949189153e+10	2.4739005692e+03	6.0518834899e+08	2.2248471941e+05	1.1643447629e+11	6.0406299902e+02	2.6255823991e+08
1011	6.8705530170e+04	2.8830482707e+10	2.3558811287e+03	5.9995347276e+08	2.2142264657e+05	1.1584413702e+11	5.9071134880e+02	2.5587827697e+08
1012	6.8635048641e+04	2.8792802879e+10	2.3623531600e+03	5.9891002153e+08	2.2041825346e+05	1.1528250049e+11	5.7847990903e+02	2.4976011291e+08
1013	6.8423494239e+04	2.8751725820e+10	2.3474678415e+03	5.9758231274e+08	2.1946519257e+05	1.1474616406e+11	5.6720831713e+02	2.4411959100e+08
1014	6.8406974283e+04	2.8735606729e+10	2.3623386498e+03	5.9745381812e+08	2.1856307877e+05	1.1423506235e+11	5.5675428457e+02	2.3888882215e+08
1015	6.9104475733e+04	2.8793080571e+10	2.4516462643e+03	6.0062541582e+08	2.1770001136e+05	1.1374317496e+11	5.4701933968e+02	2.3402006123e+08
1016	6.8948738050e+04	2.8755299262e+10	2.5070509119e+03	6.0331037492e+08	2.1687742744e+05	1.1327148660e+11	5.3791763058e+02	2.2946610599e+08
1017	6.7822642946e+04	2.8597841979e+10	2.3145543448e+03	5.9183073949e+08	2.1608581974e+05	1.1281534030e+11	5.2937155793e+02	2.2519396645e+08
1018	6.7947098699e+04	2.8594562861e+10	2.3269218773e+03	5.9151107497e+08	2.1532980132e+05	1.1237650903e+11	5.2132687601e+02	2.2117003774e+08
1019	6.8349155507e+04	2.8603673632e+10	2.3599932527e+03	5.9212859098e+08	2.1460009681e+05	1.1195094506e+11	5.1372013187e+02	2.1736963291e+08
1020	6.8288122150e+04	2.8564809937e+10	2.3561128541e+03	5.9036219165e+08	2.1389718255e+05	1.1153878940e+11	5.0651779146e+02	2.1376999533e+08
1021	6.8467907816e+04	2.8579861705e+10	2.4204856308e+03	5.9294050182e+08	2.1322013201e+05	1.1113973500e+11	4.9966999200e+02	2.1035160348e+08
1022	6.8619191592e+04	2.8574437531e+10	2.4713466231e+03	5.9443048427e+08	2.1256614753e+05	1.1075221972e+11	4.9316191345e+02	2.0710186778e+08
1023	6.7617900369e+04	2.8455998210e+10	2.3001125735e+03	5.8484974384e+08	2.1193060864e+05	1.1037381946e+11	4.8694771345e+02	2.0400043465e+08
1024	6.7580737290e+04	2.8446333585e+10	2.3026212595e+03	5.8416768024e+08	2.1131838112e+05	1.1000690470e+11	4.8102570190e+02	2.0104804406e+08
1025	6.7698571108e+04	2.8435826361e+10	2.3081313877e+03	5.8354987491e+08	2.1072009167e+05	1.0964730924e+11	4.7533720310e+02	1.9821409502e+08
1026	6.8109349404e+04	2.8455511120e+10	2.3325916517e+03	5.8394273298e+08	2.1014628263e+05	1.0930003572e+11	4.6989645744e+02	1.9550268547e+08
1027	6.7953579385e+04	2.8414165558e+10	2.3289417677e+03	5.8266646742e+08	2.0958496592e+05	1.0895909430e+11	4.6467538633e+02	1.9290397935e+08
1028	6.8566046632e+04	2.8451140638e+10	2.4053925817e+03	5.8592065650e+08	2.0903564306e+05	1.0862410135e+11	4.5965072540e+02	1.9040481050e+08
1029	6.8341950181e+04	2.8398150814e+10	2.3480866417e+03	5.8146310825e+08	2.0850597496e+05	1.0829898664e+11	4.5482907794e+02	1.8801070886e+08
1030	6.8200200767e+04	2.8344727987e+10	2.3198406892e+03	5.7867171276e+08	2.0798933924e+05	1.0798058255e+11	4.5015594755e+02	1.8568761032e+08
1031	6.8117327690e+04	2.8329100880e+10	2.3220099560e+03	5.7799047733e+08	2.0748735117e+05	1.0766955369e+11	4.4567272952e+02	1.8346335584e+08
1032	6.7873810987e+04	2.8283808811e+10	2.3155759478e+03	5.7691181417e+08	2.0699179053e+05	1.0736193358e+11	4.4133203416e+02	1.8131371143e+08
1033	6.8122476612e+04	2.8283440185e+10	2.3269413508e+03	5.7647651749e+08	2.0651207316e+05	1.0706229813e+11	4.3714553707e+02	1.7923956853e+08
1034	6.8476933721e+04	2.8287218290e+10	2.3462061303e+03	5.7626461577e+08	2.0604503500e+05	1.0676942685e+11	4.3308112887e+02	1.7723026718e+08
1035	6.8931238232e+04	2.8318719564e+10	2.3880262711e+03	5.7706936472e+08	2.0558947244e+05	1.0648227448e+11	4.2915466455e+02	1.7528795958e+08
1036	6.8489016901e+04	2.8265421940e+10	2.3820522923e+03	5.7647344698e+08	2.0514059152e+05	1.0619860962e+11	4.2534970495e+02	1.7341056545e+08
1037	6.8477734672e+04	2.8234817621e+10	2.3741787269e+03	5.7558314320e+08	2.0470175449e+05	1.0591993433e+11	4.2166277756e+02	1.7159413574e+08
1038	6.8428831031e+04	2.8222064843e+10	2.3871750584e+03	5.7613133531e+08	2.0427494388e+05	1.0564739585e+11	4.1808248883e+02	1.6982817061e+08
1039	6.8765114495e+04	2.8235690937e+10	2.4444737627e+03	5.7903846760e+08	2.0385682594e+05	1.0537960500e+11	4.1459641727e+02	1.6811513004e+08
1040	6.9620512674e+04	2.8325872187e+10	2.7142214078e+03	5.9651933944e+08	2.0344731150e+05	1.0511585481e+11	4.1122169400e+02	1.6645510686e+08
1041	6.9178034480e+04	2.8226498056e+10	2.4981485004e+03	5.8261660670e+08	2.0304404058e+05	1.0485552698e+11	4.0793604329e+02	1.6484308019e+08
1042	6.7841112286e+04	2.8048083715e+10	2.3193996157e+03	5.6722295649e+08	2.0265044535e+05	1.0460019412e+11	4.0473607590e+02	1.6327673433e+08
1043	6.8007521027e+04	2.8047418721e+10	2.3297802704e+03	5.6698496373e+08	2.0226536359e+05	1.0434926833e+11	4.0162238269e+02	1.6174986917e+08
1044	6.7867485666e+04	2.8025854239e+10	2.3316890158e+03	5.6681526989e+08	2.0188747474e+05	1.0410235373e+11	3.9859262459e+02	1.6026907510e+08
1045	6.7881646251e+04	2.8018347520e+10	2.3459795316e+03	5.6749793650e+08	2.0151490977e+05	1.0385809268e+11	3.9563705130e+02	1.5882773822e+08
1046	6.7634896760e+04	2.7973222160e+10	2.3356090033e+03	5.6536565124e+08	2.0115132941e+05	1.0361821755e+11	3.9275694430e+02	1.5742168885e+08
1047	6.8058303548e+04	2.7989247242e+10	2.3737658257e+03	5.6659810336e+08	2.0079406929e+05	1.0338183443e+11	3.8994571173e+02	1.5605356252e+08
1048	6.8555225630e+04	2.8020074796e+10	2.4809587725e+03	5.7275997820e+08	2.0044358788e+05	1.0314900946e+11	3.8720583873e+02	1.5472144777e+08
1049	6.9078220935e+04	2.8040050202e+10	2.5029244229e+03	5.7248230118e+08	2.0009729229e+05	1.0291833415e+11	3.8452736266e+02	1.5342125069e+08
1050	6.7967371263e+04	2.7896639683e+10	2.3192458549e+03	5.6005427425e+08	1.9976016122e+05	1.0269231501e+11	3.8191389321e+02	1.5215422229e+08
1051	6.7846436865e+04	2.7869021715e+10	2.3210364727e+03	5.5952491953e+08	1.9942588255e+05	1.0246791076e+11	3.7935652741e+02	1.5091633524e+08
1052	6.7877639612e+04	2.7848065249e+10	2.3322639999e+03	5.5974277085e+08	1.9909919811e+05	1.0224753143e+11	3.7685981958e+02	1.4970939529e+08
1053	6.8107895419e+04	2.7864324785e+10	2.3628955877e+03	5.6172464748e+08	1.9877786463e+05	1.0203006960e+11	3.7441508223e+02	1.4853136509e+08
1054	6.7516479815e+04	2.7771679793e+10	2.3094998139e+03	5.5633641595e+08	1.9846142135e+05	1.0181505907e+11	3.7202693636e+02	1.4737982673e+08
1055	6.7785907215e+04	2.7764141855e+10	2.3194068922e+03	5.5574476783e+08	1.9814992046e+05	1.0160270279e+11	3.6968577162e+02	1.4625463987e+08
1056	6.7876089102e+04	2.7752858974e+10	2.3232148392e+03	5.5518376850e+08	1.9784427421e+05	1.0139335530e+11	3.6740012319e+02	1.4515775422e+08
1057	6.8327216928e+04	2.7761170341e+10	2.3432383702e+03	5.5489548015e+08	1.9754238056e+05	1.0118601632e+11	3.6515622956e+02	1.4408133774e+08
1058	6.8040790581e+04	2.7722574744e+10	2.3367823465e+03	5.5416724995e+08	1.9724636525e+05	1.0098186669e+11	3.6296208200e+02	1.4303343605e+08
1059	6.7690110288e+04	2.7702985607e+10	2.3346236983e+03	5.5370990525e+08	1.9695441809e+05	1.0077979388e+11	3.6080787502e+02	1.4200278796e+08
1060	6.7960336037e+04	2.7711865224e+10	2.3487827201e+03	5.5348934298e+08	1.9666702653e+05	1.0058022102e+11	3.5870171660e+02	1.4100062145e+08
1061	6.8084018112e+04	2.7715373388e+10	2.3637341322e+03	5.5365347604e+08	1.9638370766e+05	1.0038279187e+11	3.5663348022e+02	1.4001530141e+08
1062	6.7968496727e+04	2.7688288667e+10	2.3632538776e+03	5.5307737050e+08	1.9610528545e+05	1.0018812525e+11	3.5460567570e+02	1.3905344851e+08
1063	6.8252287444e+04	2.7689396680e+10	2.3870830963e+03	5.5332510843e+08	1.9583055532e+05	9.9995348424e+10	3.5261631201e+02	1.3811068244e+08
1064	6.9076944128e+04	2.7724860734e+10	2.4585152936e+03	5.5508515959e+08	1.9556036296e+05	9.9804814893e+10	3.5066554029e+02	1.3718699258e+08
1065	6.9164652157e+04	2.7749232787e+10	2.5535838162e+03	5.5983722507e+08	1.9529279719e+05	9.9615791525e+10	3.4874890717e+02	1.3628190971e+08
1066	6.8770453700e+04	2.7694285765e+10	2.4754905026e+03	5.5668948487e+08	1.9503073873e+05	9.9429673014e+10	3.4687121229e+02	1.3539734004e+08
1067	6.8427537836e+04	2.7629949432e+10	2.4034900590e+03	5.5213574138e+08	1.9477156688e+05	9.9245076883e+10	3.4502408334e+02	1.3452784108e+08
1068	6.8637500592e+04	2.7613775762e+10	2.4182153432e+03	5.5072680645e+08	1.9451558506e+05	9.9062192812e+10	3.4321073903e+02	1.3367579758e+08
1069	6.8476645340e+04	2.7587611092e+10	2.3986160029e+03	5.4990575951e+08	1.9426391510e+05	9.8881711554e+10	3.4143265962e+02	1.3284453638e+08
1070	6.8553704747e+04	2.7570653994e+10	2.4083525709e+03	5.5001250333e+08	1.9401522656e+05	9.8702925930e+10	3.3967997355e+02	1.3202450921e+08
1071	6.8663450254e+04	2.7570489607e+10	2.4326958020e+03	5.5099939120e+08	1.9377123716e+05	9.8526632581e+10	3.3796061858e+02	1.3122140088e+08
1072	6.9467675144e+04	2.7629486981e+10	2.5264833457e+03	5.5545770094e+08	1.9352907761e+05	9.8351445106e+10	3.3627175176e+02	1.3043688894e+08
1073	6.8561940878e+04	2.7529396373e+10	2.4558390227e+03	5.5168981600e+08	1.9329005596e+05	9.8177776804e+10	3.3460908530e+02	1.2966361531e+08
1074	6.9376235565e+04	2.7596326462e+10	2.5841749976e+03	5.5949361379e+08	1.9305552814e+05	9.8006417689e+10	3.3297751334e+02	1.2890660393e+08
1075	6.8960085594e+04	2.7524859442e+10	2.5206794779e+03	5.5470511252e+08	1.9282296631e+05	9.7836313191e+10	3.3136875302e+02	1.2816367996e+08
1076	6.9613833162e+04	2.7570035910e+10	2.6233917892e+03	5.6122648979e+08	1.9259318614e+05	9.7667622346e+10	3.2978615085e+02	1.2743176877e+08
1077	7.1247862114e+04	2.7751824065e+10	3.1373964251e+03	5.9613481983e+08	1.9236789228e+05	9.7501307091e+10	3.2823531162e+02	1.2671891953e+08
1078	6.9499622037e+04	2.7529814815e+10	2.8956696876e+03	5.8595193250e+08	1.9214401976e+05	9.7335874213e+10	3.2670115015e+02	1.2601194368e+08
1079	6.8911990738e+04	2.7468913484e+10	2.8033990634e+03	5.7829065003e+08	1.9192387411e+05	9.7172643945e+10	3.2519720734e+02	1.2532417526e+08
1080	6.7807192248e+04	2.7283648960e+10	2.3433415848e+03	5.3652975819e+08	1.9170566930e+05	9.7010461755e+10	3.2371135141e+02	1.2464523962e+08
1081	6.8277297018e+04	2.7304862225e+10	2.3755683214e+03	5.3721534684e+08	1.9149094991e+05	9.6850007341e+10	3.2225215299e+02	1.2397794459e+08
1082	6.8243203126e+04	2.7296704059e+10	2.3945165977e+03	5.3812439118e+08	1.9127899353e+05	9.6691052322e+10	3.2081728833e+02	1.2332537347e+08
1083	6.8062882435e+04	2.7279317335e+10	2.4184997102e+03	5.3981780061e+08	1.9106866724e+05	9.6533060269e+10	3.1940005303e+02	1.2268105568e+08
1084	6.8480070553e+04	2.7312695818e+10	2.5144696918e+03	5.4558649380e+08	1.9086199143e+05	9.6377004388e+10	3.1800649366e+02	1.2205061923e+08
1085	6.9149855532e+04	2.7383213015e+10	2.7205115256e+03	5.6046289968e+08	1.9065706587e+05	9.6221921048e+10	3.1663248357e+02	1.2142839102e+08
1086	6.8876479047e+04	2.7343493140e+10	2.8242811047e+03	5.7300550347e+08	1.9045426811e+05	9.6068114971e+10	3.1527849931e+02	1.2081757739e+08
1087	6.7592737814e+04	2.7131606951e+10	2.3435242669e+03	5.3010830250e+08	1.9025521494e+05	9.5916358931e+10	3.1394349990e+02	1.2021828684e+08
1088	6.7638689634e+04	2.7100300537e+10	2.3353241582e+03	5.2887125176e+08	1.9005783546e+05	9.5765533946e+10	3.1263053619e+02	1.1962977683e+08
1089	6.7033377047e+04	2.7056585249e+10	2.3088819646e+03	5.2810717552e+08	1.8986228946e+05	9.5615692508e+10	3.1133431101e+02	1.1904843601e+08
1090	6.7205549664e+04	2.7057055116e+10	2.3245214279e+03	5.2873934226e+08	1.8966974401e+05	9.5467529698e+10	3.1005868101e+02	1.1847910683e+08
1091	6.7368961268e+04	2.7043597839e+10	2.3209356917e+03	5.2702366395e+08	1.8947851217e+05	9.5320116470e+10	3.0879592595e+02	1.1791715539e+08
1092	6.7725362519e+04	2.7049281258e+10	2.3370875703e+03	5.2684898975e+08	1.8929106102e+05	9.5174561187e+10	3.0755613474e+02	1.1736685105e+08
1093	6.7673686259e+04	2.7032569583e+10	2.3355259830e+03	5.2642599621e+08	1.8910375402e+05	9.5029278460e+10	3.0633177476e+02	1.1682352747e+08
1094	6.7504345145e+04	2.6994874339e+10	2.3352426268e+03	5.2574589814e+08	1.8891933230e+05	9.4885681867e+10	3.0512147558e+02	1.1628848845e+08
1095	6.7711027650e+04	2.6995461668e+10	2.3514038827e+03	5.2567590332e+08	1.8873868388e+05	9.4744013302e+10	3.0393493329e+02	1.1576596033e+08
1096	6.7586694439e+04	2.6974482563e+10	2.3540905334e+03	5.2547105366e+08	1.8855746373e+05	9.4602208773e+10	3.0275521526e+02	1.1524710108e+08
1097	6.7266834638e+04	2.6956117273e+10	2.3503788363e+03	5.2543816671e+08	1.8837909808e+05	9.4461988291e+10	3.0159421633e+02	1.1473921615e+08
1098	6.7376645310e+04	2.6952972677e+10	2.3634785921e+03	5.2565253719e+08	1.8820356311e+05	9.4323245709e+10	3.0045378529e+02	1.1424017498e+08
1099	6.7802388474e+04	2.6973400839e+10	2.4037176616e+03	5.2696699282e+08	1.8802946800e+05	9.4185401981e+10	2.9932186366e+02	1.1374657134e+08
1100	6.7685955305e+04	2.6940916249e+10	2.3847322521e+03	5.2597134643e+08	1.8785689368e+05	9.4048443305e+10	2.9820733525e+02	1.1326318799e+08
1101	6.8237972935e+04	2.6956555994e+10	2.4202424120e+03	5.2686919841e+08	1.8768639613e+05	9.3912533649e+10	2.9710682062e+02	1.1278576498e+08
1102	6.7939950892e+04	2.6933046659e+10	2.4253738183e+03	5.2772183688e+08	1.8751804586e+05	9.3777738420e+10	2.9602285081e+02	1.1231560646e+08
1103	6.8457836766e+04	2.6963730503e+10	2.4733602782e+03	5.2991740951e+08	1.8735082962e+05	9.3643914838e+10	2.9494866600e+02	1.1185445049e+08
1104	6.8520085058e+04	2.6961024481e+10	2.5186653441e+03	5.3329518516e+08	1.8718615944e+05	9.3511258684e+10	2.9389051172e+02	1.1139920949e+08
1105	6.9289399120e+04	2.7021072669e+10	2.6860449067e+03	5.4471735875e+08	1.8702247298e+05	9.3379166137e+10	2.9284386750e+02	1.1094976292e+08
1106	7.0682514260e+04	2.7119779028e+10	2.8949591491e+03	5.5858107048e+08	1.8686064739e+05	9.3248237433e+10	2.9181081240e+02	1.1050877442e+08
1107	6.8722120400e+04	2.6895467588e+10	2.5571569677e+03	5.3658556351e+08	1.8670159092e+05	9.3118706335e+10	2.9079398240e+02	1.1007433272e+08
1108	6.8131511518e+04	2.6808344457e+10	2.3802538104e+03	5.1815581233e+08	1.8654248164e+05	9.2989391374e+10	2.8978436595e+02	1.0964602699e+08
1109	6.8138454662e+04	2.6809285091e+10	2.3991386248e+03	5.1908524033e+08	1.8638603979e+05	9.2861426169e+10	2.8878921303e+02	1.0922472467e+08
1110	6.8311472741e+04	2.6823543771e+10	2.4481179173e+03	5.2213715958e+08	1.8623105649e+05	9.2734339877e+10	2.8780810390e+02	1.0880889640e+08
1111	6.8091650707e+04	2.6785930805e+10	2.4289174330e+03	5.2129833446e+08	1.8607774257e+05	9.2608302308e+10	2.8683500790e+02	1.0840002457e+08
1112	6.7994388458e+04	2.6736346597e+10	2.4024343857e+03	5.1700736333e+08	1.8592605711e+05	9.2483087142e+10	2.8587553915e+02	1.0799747537e+08
1113	6.7866444001e+04	2.6728355881e+10	2.4112220449e+03	5.1774123615e+08	1.8577506898e+05	9.2358277516e+10	2.8492676269e+02	1.0759951416e+08
1114	6.8074709525e+04	2.6733522560e+10	2.4376595124e+03	5.1897542298e+08	1.8562671461e+05	9.2234891910e+10	2.8399267679e+02	1.0721037108e+08
1115	6.8317677730e+04	2.6750087896e+10	2.4724432210e+03	5.2126121651e+08	1.8547910094e+05	9.2112078805e+10	2.8306358617e+02	1.0682440457e+08
1116	6.8902473932e+04	2.6790086212e+10	2.5415560294e+03	5.2596585923e+08	1.8533330621e+05	9.1990152158e+10	2.8214759206e+02	1.0644310645e+08
1117	6.9309715344e+04	2.6785478010e+10	2.5988538690e+03	5.2855879145e+08	1.8518885809e+05	9.1869176784e+10	2.8124594096e+02	1.0607112982e+08
1118	6.9342738967e+04	2.6825645814e+10	2.7804517417e+03	5.4415922682e+08	1.8504567843e+05	9.1748881203e+10	2.8034835048e+02	1.0570046462e+08
1119	6.7756493229e+04	2.6633799640e+10	2.4688872750e+03	5.1848461459e+08	1.8490418226e+05	9.1629534544e+10	2.7946506051e+02	1.0533828325e+08
1120	6.7943472335e+04	2.6642414585e+10	2.5017694728e+03	5.2069541862e+08	1.8476373946e+05	9.1510813962e+10	2.7858890109e+02	1.0497996229e+08
1121	6.8045892989e+04	2.6654004727e+10	2.5427756915e+03	5.2383236846e+08	1.8462535484e+05	9.1393110388e+10	2.7772798587e+02	1.0462676463e+08
1122	6.8574997457e+04	2.6687721232e+10	2.6092427364e+03	5.2859481201e+08	1.8448713904e+05	9.1275737743e+10	2.7687098460e+02	1.0427875367e+08
1123	6.8962762488e+04	2.6712056063e+10	2.6968498546e+03	5.3583391523e+08	1.8435096467e+05	9.1159403580e+10	2.7602342381e+02	1.0393497531e+08
1124	6.9700135692e+04	2.6782577747e+10	2.8784834856e+03	5.5191218674e+08	1.8421626442e+05	9.1043883257e+10	2.7519035160e+02	1.0359723272e+08
1125	7.0854661513e+04	2.6896759396e+10	3.2027671416e+03	5.8315652054e+08	1.8408225874e+05	9.0928965633e+10	2.7436116698e+02	1.0326418761e+08
1126	6.9673484517e+04	2.6736465926e+10	3.1711410756e+03	5.7707070755e+08	1.8395010323e+05	9.0814968174e+10	2.7354281887e+02	1.0293436192e+08
1127	7.1172362787e+04	2.6951951970e+10	4.7055957285e+03	7.4538926917e+08	1.8381916952e+05	9.0701683481e+10	2.7273628604e+02	1.0261081321e+08
1128	6.8884100798e+04	2.6601921028e+10	2.8234864924e+03	5.3795316267e+08	1.8368842676e+05	9.0588701930e+10	2.7193039897e+02	1.0229044769e+08
1129	6.8506589387e+04	2.6510226593e+10	2.8671445914e+03	5.3414250485e+08	1.8356027883e+05	9.0476948553e+10	2.7114159601e+02	1.0197569777e+08
1130	6.6870340815e+04	2.6307197936e+10	2.3384870313e+03	4.9687947670e+08	1.8343288662e+05	9.0365703015e+10	2.7035910651e+02	1.0166537450e+08
1131	6.6975028269e+04	2.6309492460e+10	2.3587223527e+03	4.9768716389e+08	1.8330607940e+05	9.0254889712e+10	2.6958057531e+02	1.0135716644e+08
1132	6.7073929294e+04	2.6312396639e+10	2.3839846062e+03	4.9914902561e+08	1.8318056335e+05	9.0144751756e+10	2.6881430856e+02	1.0105510510e+08
1133	6.7516976364e+04	2.6336700710e+10	2.4399791294e+03	5.0251692586e+08	1.8305753699e+05	9.0035991904e+10	2.6805680771e+02	1.0075895214e+08
1134	6.8312237458e+04	2.6400705740e+10	2.5966076879e+03	5.1449997669e+08	1.8293359000e+05	8.9926980988e+10	2.6730291113e+02	1.0046291017e+08
1135	6.8759679507e+04	2.6424129592e+10	2.6444351715e+03	5.1623975190e+08	1.8281237644e+05	8.9819424128e+10	2.6655930876e+02	1.0017326156e+08
1136	6.7872441275e+04	2.6274396151e+10	2.4865639396e+03	4.9879289870e+08	1.8269169953e+05	8.9712303354e+10	2.6582236707e+02	9.9888443028e+07
1137	6.8522573593e+04	2.6322607565e+10	2.6503514929e+03	5.0593817704e+08	1.8257213550e+05	8.9605711476e+10	2.6509427991e+02	9.9606219974e+07
1138	6.9564502542e+04	2.6423418280e+10	3.2928944618e+03	5.4308272749e+08	1.8245356129e+05	8.9499695248e+10	2.6437321785e+02	9.9328256250e+07
1139	6.8113770992e+04	2.6243395481e+10	2.5085536392e+03	4.9805657091e+08	1.8233576944e+05	8.9394163917e+10	2.6365910285e+02	9.9054056712e+07
1140	6.6858943631e+04	2.6123535937e+10	2.3381952930e+03	4.8966690759e+08	1.8221970437e+05	8.9289546763e+10	2.6295271301e+02	9.8782849318e+07
1141	6.6621261782e+04	2.6084051424e+10	2.3009566772e+03	4.8699420853e+08	1.8210386313e+05	8.9185256851e+10	2.6224955903e+02	9.8515460032e+07
1142	6.6405552729e+04	2.6053339193e+10	2.3012269711e+03	4.8669567791e+08	1.8199024089e+05	8.9082013281e+10	2.6156240195e+02	9.8252946462e+07
1143	6.6506482730e+04	2.6038827199e+10	2.3152014735e+03	4.8669486266e+08	1.8187609615e+05	8.8978731851e+10	2.6087238911e+02	9.7992205875e+07
1144	6.6530804265e+04	2.6026301296e+10	2.3291843209e+03	4.8692629246e+08	1.8176362142e+05	8.8876303645e+10	2.6019220585e+02	9.7735047531e+07
1145	6.6765332537e+04	2.6026256497e+10	2.3588094203e+03	4.8781361636e+08	1.8165288997e+05	8.8774897031e+10	2.5952243649e+02	9.7483379793e+07
1146	6.6790331651e+04	2.6026752760e+10	2.3894913831e+03	4.8940881596e+08	1.8154223129e+05	8.8673680031e+10	2.5885411267e+02	9.7233291511e+07
1147	6.7257378844e+04	2.6050736963e+10	2.5041502676e+03	4.9525242001e+08	1.8143265206e+05	8.8572965861e+10	2.5819496047e+02	9.6986488956e+07
1148	6.8225659120e+04	2.6127461922e+10	2.8914577707e+03	5.1834180956e+08	1.8132413480e+05	8.8472886088e+10	2.5754072874e+02	9.6743175906e+07
1149	6.6708099746e+04	2.5943244375e+10	2.2994855408e+03	4.8190220682e+08	1.8121629116e+05	8.8373309260e+10	2.5689392744e+02	9.6504282554e+07
1150	6.6693759528e+04	2.5924701919e+10	2.2992038994e+03	4.8149387955e+08	1.8111017152e+05	8.8274573488e+10	2.5625537113e+02	9.6267916229e+07
1151	6.6948718452e+04	2.5930235750e+10	2.3149484578e+03	4.8162613743e+08	1.8100429704e+05	8.8176203546e+10	2.5561657387e+02	9.6033251570e+07
1152	6.6873131238e+04	2.5920130925e+10	2.3260012698e+03	4.8213147470e+08	1.8089945075e+05	8.8078397170e+10	2.5498730184e+02	9.5802951711e+07
1153	6.6533774266e+04	2.5872469904e+10	2.3076802510e+03	4.8042595601e+08	1.8079505979e+05	8.7980889965e+10	2.5436827725e+02	9.5577057480e+07
1154	6.6798790040e+04	2.5875899688e+10	2.3250732121e+03	4.8046851226e+08	1.8069211070e+05	8.7884215800e+10	2.5374748204e+02	9.5351824159e+07
1155	6.6721004372e+04	2.5851926614e+10	2.3247187231e+03	4.8019308881e+08	1.8059056811e+05	8.7788229220e+10	2.5313645843e+02	9.5129790734e+07
1156	6.6994978059e+04	2.5851886021e+10	2.3392121456e+03	4.8017721852e+08	1.8048885009e+05	8.7692403247e+10	2.5252898343e+02	9.4911207121e+07
1157	6.7338037179e+04	2.5856686269e+10	2.3603582539e+03	4.8031026103e+08	1.8038848813e+05	8.7597120061e+10	2.5193139235e+02	9.4694930898e+07
1158	6.7636041129e+04	2.5858334299e+10	2.3844270118e+03	4.8073033679e+08	1.8028810680e+05	8.7502071118e+10	2.5133563498e+02	9.4482783793e+07
1159	6.7579491953e+04	2.5859430305e+10	2.3964935551e+03	4.8107110190e+08	1.8018980690e+05	8.7408035753e+10	2.5074588522e+02	9.4272059310e+07
1160	6.7754142691e+04	2.5840126414e+10	2.4065540993e+03	4.8073354167e+08	1.8009210561e+05	8.7314455933e+10	2.5016087739e+02	9.4064154591e+07
1161	6.7755608368e+04	2.5841155026e+10	2.4282493177e+03	4.8136947870e+08	1.7999465588e+05	8.7221098464e+10	2.4958289217e+02	9.3859090016e+07
1162	6.7737018796e+04	2.5831355710e+10	2.4587634672e+03	4.8232767968e+08	1.7989858031e+05	8.7128499351e+10	2.4901054648e+02	9.3657436586e+07
1163	6.8920564625e+04	2.5903226780e+10	2.7081675772e+03	4.9059273476e+08	1.7980239325e+05	8.7035983801e+10	2.4843876439e+02	9.3456923018e+07
1164	6.7715995644e+04	2.5802235442e+10	2.4765699117e+03	4.8280644193e+08	1.7970777609e+05	8.6944290488e+10	2.4787701145e+02	9.3260420255e+07
1165	6.7537426396e+04	2.5775923387e+10	2.4790157099e+03	4.8325882905e+08	1.7961407595e+05	8.6853180406e+10	2.4731833983e+02	9.3066117487e+07
1166	6.7531684580e+04	2.5760075200e+10	2.4917809473e+03	4.8306001676e+08	1.7952076616e+05	8.6762301265e+10	2.4676433069e+02	9.2872827655e+07
1167	6.7668436314e+04	2.5758067257e+10	2.5298483883e+03	4.8459918151e+08	1.7942826453e+05	8.6671942009e+10	2.4621626116e+02	9.2684379173e+07
1168	6.7740919950e+04	2.5761337641e+10	2.5735664011e+03	4.8680180062e+08	1.7933642768e+05	8.6581959463e+10	2.4567190321e+02	9.2497343487e+07
1169	6.7986364192e+04	2.5761592739e+10	2.6322624361e+03	4.8964361734e+08	1.7924545530e+05	8.6492483845e+10	2.4513297595e+02	9.2312702012e+07
1170	6.8200965465e+04	2.5771303055e+10	2.7108309354e+03	4.9403691757e+08	1.7915487611e+05	8.6403342713e+10	2.4459727629e+02	9.2129642777e+07
1171	6.8541420628e+04	2.5799522570e+10	2.8363772068e+03	5.0128124504e+08	1.7906609688e+05	8.6315125630e+10	2.4406921864e+02	9.1950248529e+07
1172	6.8931348148e+04	2.5826120888e+10	3.0374572494e+03	5.1423831513e+08	1.7897679137e+05	8.6226825589e+10	2.4354144840e+02	9.1772054976e+07
1173	7.0539476094e+04	2.5971533586e+10	3.6917131246e+03	5.6295018311e+08	1.7888866323e+05	8.6139146988e+10	2.4302173958e+02	9.1597093817e+07
1174	7.0593117134e+04	2.5921785487e+10	3.8756724437e+03	5.6689915481e+08	1.7880148937e+05	8.6051937940e+10	2.4250569974e+02	9.1423016134e+07
1175	7.1731821532e+04	2.6037232895e+10	5.5121499484e+03	6.9512772802e+08	1.7871466323e+05	8.5965083442e+10	2.4199260966e+02	9.1251720269e+07
1176	6.6837474706e+04	2.5509609371e+10	2.2560841635e+03	4.6322317060e+08	1.7862863437e+05	8.5878646935e+10	2.4148521012e+02	9.1083035128e+07
1177	6.6549461972e+04	2.5472757223e+10	2.2487174061e+03	4.6260577591e+08	1.7854352089e+05	8.5792781172e+10	2.4098258053e+02	9.0916723862e+07
1178	6.6158127209e+04	2.5452728864e+10	2.2332000030e+03	4.6218983873e+08	1.7845860465e+05	8.5707113606e+10	2.4048132926e+02	9.0751267715e+07
1179	6.6493172868e+04	2.5452485370e+10	2.2455282208e+03	4.6187607119e+08	1.7837494429e+05	8.5622084338e+10	2.3998760971e+02	9.0588788207e+07
1180	6.6648723548e+04	2.5450771017e+10	2.2519194330e+03	4.6160121096e+08	1.7829138208e+05	8.5537263247e+10	2.3949588892e+02	9.0427907355e+07
1181	6.6700154333e+04	2.5449402127e+10	2.2588591040e+03	4.6143697002e+08	1.7820880667e+05	8.5453005360e+10	2.3901039689e+02	9.0270374243e+07
1182	6.6888842309e+04	2.5448481629e+10	2.2712760283e+03	4.6133258173e+08	1.7812678915e+05	8.5369053681e+10	2.3852608620e+02	9.0112785283e+07
1183	6.7226426023e+04	2.5454149581e+10	2.2831107856e+03	4.6120246977e+08	1.7804543667e+05	8.5285526949e+10	2.3804631946e+02	8.9957916563e+07
1184	6.7318616637e+04	2.5443606151e+10	2.2889126756e+03	4.6098004814e+08	1.7796455430e+05	8.5202347234e+10	2.3757204804e+02	8.9805585062e+07
1185	6.7252305800e+04	2.5439546389e+10	2.2966092804e+03	4.6112990151e+08	1.7788498183e+05	8.5119797106e+10	2.3710231294e+02	8.9654620247e+07
1186	6.8077282302e+04	2.5476884436e+10	2.3788110262e+03	4.6284448760e+08	1.7780499319e+05	8.5037172681e+10	2.3663210786e+02	8.9504013258e+07
1187	6.8081685262e+04	2.5484601166e+10	2.3748972969e+03	4.6471007737e+08	1.7772614718e+05	8.4955250669e+10	2.3617000672e+02	8.9358394953e+07
1188	6.7475248823e+04	2.5397075676e+10	2.3102842801e+03	4.5983996920e+08	1.7764806670e+05	8.4873776990e+10	2.3571089393e+02	8.9213832439e+07
1189	6.7374431518e+04	2.5371108152e+10	2.3034734829e+03	4.5929718902e+08	1.7757005163e+05	8.4792355697e+10	2.3525340501e+02	8.9068918524e+07
1190	6.7657815314e+04	2.5383671915e+10	2.3246406057e+03	4.5958068135e+08	1.7749356088e+05	8.4711734338e+10	2.3480096140e+02	8.8926732211e+07
1191	6.7283575799e+04	2.5353930419e+10	2.3346017420e+03	4.5944740170e+08	1.7741703830e+05	8.4631358988e+10	2.3435297623e+02	8.8788693154e+07
1192	6.7554991590e+04	2.5367566388e+10	2.3290356273e+03	4.5970167214e+08	1.7734079912e+05	8.4551137156e+10	2.3390639513e+02	8.8649908718e+07
1193	6.7809469747e+04	2.5372305543e+10	2.3527110212e+03	4.6033283911e+08	1.7726559250e+05	8.4471437652e+10	2.3346542931e+02	8.8513465658e+07
1194	6.8229011540e+04	2.5390036472e+10	2.4036742199e+03	4.6210797914e+08	1.7719069696e+05	8.4391981313e+10	2.3302616753e+02	8.8378185050e+07
1195	6.9193437292e+04	2.5461149106e+10	2.5999653270e+03	4.7067518774e+08	1.7711734480e+05	8.4313337281e+10	2.3259228606e+02	8.8246253218e+07
1196	6.9118352436e+04	2.5448317478e+10	2.6493980271e+03	4.7378353958e+08	1.7704315423e+05	8.4234404228e+10	2.3216020806e+02	8.8114807276e+07
1197	6.7501110323e+04	2.5275370046e+10	2.3457469677e+03	4.5837829311e+08	1.7696982264e+05	8.4155942897e+10	2.3173193615e+02	8.7984708438e+07
1198	6.7600426059e+04	2.5281738375e+10	2.3726387896e+03	4.5994028706e+08	1.7689762404e+05	8.4078064765e+10	2.3130805816e+02	8.7855787780e+07
1199	6.8229510427e+04	2.5317405545e+10	2.4573197169e+03	4.6396322506e+08	1.7682593684e+05	8.4000572608e+10	2.3088620611e+02	8.7729401946e+07
1200	6.8448861258e+04	2.5318188190e+10	2.5335100009e+03	4.6658879964e+08	1.7675429612e+05	8.3923240372e+10	2.3046745046e+02	8.7604507034e+07
1201	6.7512302860e+04	2.5215614892e+10	2.3363945074e+03	4.5559004947e+08	1.7668336747e+05	8.3846304355e+10	2.3005177326e+02	8.7481415765e+07
1202	6.7739225229e+04	2.5235571680e+10	2.3910531485e+03	4.5831063638e+08	1.7661328322e+05	8.3769823237e+10	2.2964036481e+02	8.7358988399e+07
1203	6.7514784924e+04	2.5195745769e+10	2.3751675228e+03	4.5697830372e+08	1.7654326970e+05	8.3693482652e+10	2.2923196811e+02	8.7238345480e+07
1204	6.8688979043e+04	2.5274791861e+10	2.6819316175e+03	4.7228315118e+08	1.7647429225e+05	8.3617658928e+10	2.2882687066e+02	8.7118674351e+07
1205	6.7071930048e+04	2.5117597558e+10	2.3119155628e+03	4.5309351950e+08	1.7640539245e+05	8.3542044286e+10	2.2842352197e+02	8.7002190854e+07
1206	6.7556957353e+04	2.5125913930e+10	2.3330123337e+03	4.5321587930e+08	1.7633699549e+05	8.3466707396e+10	2.2802353857e+02	8.6885939164e+07
1207	6.7831890242e+04	2.5140405317e+10	2.3544855409e+03	4.5368030030e+08	1.7626946534e+05	8.3391871601e+10	2.2762804210e+02	8.6771676671e+07
1208	6.8025938839e+04	2.5155616508e+10	2.3929715352e+03	4.5512577222e+08	1.7620190458e+05	8.3317120685e+10	2.2723440080e+02	8.6657795472e+07
1209	6.7891677674e+04	2.5135609706e+10	2.4012795766e+03	4.5568378402e+08	1.7613553468e+05	8.3242947636e+10	2.2684363571e+02	8.6545697759e+07
1210	6.7705483201e+04	2.5090086495e+10	2.3669451135e+03	4.5331615862e+08	1.7606957930e+05	8.3169071405e+10	2.2645640239e+02	8.6435307527e+07
1211	6.7777200343e+04	2.5089673448e+10	2.3802798190e+03	4.5379155288e+08	1.7600310699e+05	8.3095128219e+10	2.2607012561e+02	8.6326406779e+07
1212	6.7505511958e+04	2.5063345842e+10	2.3815145983e+03	4.5392571014e+08	1.7593806668e+05	8.3021819691e+10	2.2569061355e+02	8.6218284671e+07
1213	6.8284950274e+04	2.5095224028e+10	2.4471923962e+03	4.5589362056e+08	1.7587343472e+05	8.2948829239e+10	2.2531015548e+02	8.6111131569e+07
1214	6.7937972545e+04	2.5061055241e+10	2.4172436061e+03	4.5495068496e+08	1.7580909108e+05	8.2876063779e+10	2.2493461531e+02	8.6006140737e+07
1215	6.8422025757e+04	2.5071496145e+10	2.4556363953e+03	4.5603285558e+08	1.7574547846e+05	8.2803749930e+10	2.2455941420e+02	8.5901919428e+07
1216	6.8275907604e+04	2.5056095969e+10	2.4679026923e+03	4.5710305132e+08	1.7568196172e+05	8.2731589937e+10	2.2419118723e+02	8.5799955124e+07
1217	6.8590709553e+04	2.5066100544e+10	2.5101360595e+03	4.5892934197e+08	1.7561872730e+05	8.2659604186e+10	2.2382125003e+02	8.5698366460e+07
1218	6.8880873066e+04	2.5088426976e+10	2.5567251234e+03	4.6167751621e+08	1.7555659442e+05	8.2588174612e+10	2.2345813860e+02	8.5598954862e+07
1219	6.9349072952e+04	2.5116177037e+10	2.6336481731e+03	4.6605398721e+08	1.7549458089e+05	8.2516925597e+10	2.2309161788e+02	8.5498948316e+07
1220	6.9781037751e+04	2.5143190183e+10	2.7505328007e+03	4.7329926687e+08	1.7543332013e+05	8.2446073011e+10	2.2273411913e+02	8.5401878738e+07
1221	7.0015855540e+04	2.5182188103e+10	2.9575730905e+03	4.8878383086e+08	1.7537189021e+05	8.2375278543e+10	2.2237664236e+02	8.5305287870e+07
1222	7.2110921984e+04	2.5377667825e+10	3.9262724466e+03	5.6448751346e+08	1.7531127879e+05	8.2304933656e+10	2.2202144315e+02	8.5209910878e+07
1223	6.8500886349e+04	2.5028803273e+10	2.7680406510e+03	4.7630179712e+08	1.7525089733e+05	8.2234773101e+10	2.2166939832e+02	8.5115961005e+07
1224	6.7923487026e+04	2.4915339826e+10	2.4652421172e+03	4.4845883182e+08	1.7519163978e+05	8.2165171414e+10	2.2131812251e+02	8.5022270332e+07
1225	6.7891620049e+04	2.4913335151e+10	2.5436952418e+03	4.5232134777e+08	1.7513238574e+05	8.2095680976e+10	2.2097169241e+02	8.4930756629e+07
1226	6.8686701786e+04	2.4965204511e+10	2.8229547089e+03	4.6557348054e+08	1.7507299439e+05	8.2026245000e+10	2.2062709525e+02	8.4840309353e+07
1227	6.9546949826e+04	2.5026055333e+10	3.1142772111e+03	4.8047689696e+08	1.7501445501e+05	8.1957267279e+10	2.2028462628e+02	8.4750251714e+07
1228	6.7097283623e+04	2.4794857965e+10	2.3558907006e+03	4.4332849572e+08	1.7495684098e+05	8.1888737441e+10	2.1994536884e+02	8.4662443119e+07
1229	6.7583475088e+04	2.4807428415e+10	2.4138660081e+03	4.4614555062e+08	1.7489891562e+05	8.1820244795e+10	2.1960413842e+02	8.4574806823e+07
1230	6.8202324859e+04	2.4857921220e+10	2.5982057376e+03	4.5814027056e+08	1.7484229503e+05	8.1752353480e+10	2.1927426335e+02	8.4488797919e+07
1231	6.7479640537e+04	2.4789188985e+10	2.4228190423e+03	4.4584119171e+08	1.7478432310e+05	8.1684045807e+10	2.1893595378e+02	8.4402790575e+07
1232	6.6553232226e+04	2.4713907304e+10	2.2600708465e+03	4.3396556104e+08	1.7472871968e+05	8.1616744951e+10	2.1860905226e+02	8.4319038174e+07
1233	6.6549229514e+04	2.4708178240e+10	2.2723727543e+03	4.3402715346e+08	1.7467297617e+05	8.1549507250e+10	2.1827868245e+02	8.4235933403e+07
1234	6.6448592592e+04	2.4696231296e+10	2.2706592977e+03	4.3402442249e+08	1.7461679277e+05	8.1482201891e+10	2.1795420230e+02	8.4154368896e+07
1235	6.6919985356e+04	2.4712050483e+10	2.2992780635e+03	4.3455629448e+08	1.7456150858e+05	8.1415339042e+10	2.1763081224e+02	8.4072700733e+07
1236	6.7243342176e+04	2.4717254507e+10	2.3283873756e+03	4.3537356059e+08	1.7450688569e+05	8.1348833024e+10	2.1730792123e+02	8.3991906240e+07
1237	6.7812793722e+04	2.4742057177e+10	2.4063647430e+03	4.3830679365e+08	1.7445265263e+05	8.1282674964e+10	2.1698750870e+02	8.3913168034e+07
1238	6.8250512105e+04	2.4791537834e+10	2.7728357672e+03	4.5796310087e+08	1.7439893463e+05	8.1216744751e+10	2.1667317981e+02	8.3835248663e+07
1239	6.6614935996e+04	2.4621537292e+10	2.2650965557e+03	4.3086251544e+08	1.7434439512e+05	8.1150583598e+10	2.1635673625e+02	8.3757143129e+07
1240	6.6657712457e+04	2.4620038952e+10	2.2752389302e+03	4.3080139991e+08	1.7429155698e+05	8.1085240114e+10	2.1604506042e+02	8.3681320583e+07
1241	6.6744317725e+04	2.4617834667e+10	2.2815404157e+03	4.3079609056e+08	1.7423860934e+05	8.1019947050e+10	2.1573287359e+02	8.3605853111e+07
1242	6.7147850018e+04	2.4628417100e+10	2.3072415625e+03	4.3101412392e+08	1.7418630198e+05	8.0954963926e+10	2.1542492731e+02	8.3531068846e+07
1243	6.7383009897e+04	2.4631072132e+10	2.3455212906e+03	4.3184723406e+08	1.7413429730e+05	8.0890258951e+10	2.1511905533e+02	8.3457738415e+07
1244	6.7933277103e+04	2.4673857667e+10	2.4546829687e+03	4.3528411339e+08	1.7408181525e+05	8.0825433685e+10	2.1481347993e+02	8.3384841187e+07
1245	6.7606871690e+04	2.4637362999e+10	2.4423427934e+03	4.3465839354e+08	1.7403067466e+05	8.0761259288e+10	2.1451217916e+02	8.3313917408e+07
1246	6.7341093227e+04	2.4590050846e+10	2.3428715784e+03	4.3047844172e+08	1.7398006734e+05	8.0697350084e+10	2.1421285889e+02	8.3242423374e+07
1247	6.7117238256e+04	2.4565380777e+10	2.3429056168e+03	4.3030056378e+08	1.7392910145e+05	8.0633429790e+10	2.1391217253e+02	8.3172308740e+07
1248	6.6781135281e+04	2.4526849737e+10	2.3021400284e+03	4.2870812659e+08	1.7387884905e+05	8.0569892100e+10	2.1361707152e+02	8.3103342249e+07
1249	6.7029020400e+04	2.4553254213e+10	2.3803555019e+03	4.3167751930e+08	1.7382875069e+05	8.0506494003e+10	2.1332399234e+02	8.3035363390e+07
1250	6.6440978785e+04	2.4487973041e+10	2.2790997241e+03	4.2732460505e+08	1.7377879731e+05	8.0443283998e+10	2.1302896031e+02	8.2967208767e+07
1251	6.6501896320e+04	2.4477307208e+10	2.2840393896e+03	4.2707105673e+08	1.7373040649e+05	8.0380711106e+10	2.1274278226e+02	8.2900802973e+07
1252	6.6737114759e+04	2.4478574199e+10	2.2953576380e+03	4.2699804146e+08	1.7368071596e+05	8.0317816325e+10	2.1244973288e+02	8.2834562276e+07
1253	6.6870764674e+04	2.4477500918e+10	2.3082029937e+03	4.2719096567e+08	1.7363238662e+05	8.0255506437e+10	2.1216485215e+02	8.2770420398e+07
1254	6.6602954549e+04	2.4454117625e+10	2.2955903064e+03	4.2657706243e+08	1.7358424839e+05	8.0193365840e+10	2.1188242450e+02	8.2705993677e+07
1255	6.7062832253e+04	2.4468310136e+10	2.3185119691e+03	4.2673600844e+08	1.7353580384e+05	8.0131238720e+10	2.1159494209e+02	8.2642360124e+07
1256	6.7055265948e+04	2.4456111872e+10	2.3173573040e+03	4.2659982095e+08	1.7348882442e+05	8.0069701805e+10	2.1131968284e+02	8.2580368469e+07
1257	6.7392387738e+04	2.4457269647e+10	2.3330551688e+03	4.2645975143e+08	1.7344119697e+05	8.0008102450e+10	2.1103589407e+02	8.2518590523e+07
1258	6.7779719562e+04	2.4478973314e+10	2.3712075451e+03	4.2745412976e+08	1.7339462213e+05	7.9946950419e+10	2.1076077123e+02	8.2457938165e+07
1259	6.7441330542e+04	2.4432268177e+10	2.3467351586e+03	4.2629776664e+08	1.7334803214e+05	7.9885891758e+10	2.1048539482e+02	8.2397569180e+07
1260	6.7366624940e+04	2.4420592334e+10	2.3485705029e+03	4.2612606697e+08	1.7330126089e+05	7.9824911054e+10	2.1020995158e+02	8.2337900169e+07
1261	6.7652876146e+04	2.4434804852e+10	2.3764437213e+03	4.2676713939e+08	1.7325561846e+05	7.9764393343e+10	2.0994043419e+02	8.2279792231e+07
1262	6.7394042502e+04	2.4402825069e+10	2.3618871936e+03	4.2607036458e+08	1.7321035504e+05	7.9704080557e+10	2.0966948741e+02	8.2221500163e+07
1263	6.7362001150e+04	2.4388340346e+10	2.3643215680e+03	4.2596838985e+08	1.7316441506e+05	7.9643627753e+10	2.0940006072e+02	8.2164241194e+07
1264	6.7388946384e+04	2.4390472997e+10	2.3746099379e+03	4.2628258157e+08	1.7311967850e+05	7.9583791764e+10	2.0913446542e+02	8.2107508645e+07
1265	6.7709566101e+04	2.4397039637e+10	2.3980730460e+03	4.2678722199e+08	1.7307511382e+05	7.9524084440e+10	2.0886923486e+02	8.2051628326e+07
1266	6.8131928772e+04	2.4412569610e+10	2.4388531771e+03	4.2803469615e+08	1.7303075350e+05	7.9464577446e+10	2.0860570079e+02	8.1996941357e+07
1267	6.9264963684e+04	2.4497795247e+10	2.6896514355e+03	4.3882422826e+08	1.7298674667e+05	7.9405208623e+10	2.0834334744e+02	8.1941515689e+07
1268	6.7966143239e+04	2.4375448241e+10	2.4167004379e+03	4.2634428252e+08	1.7294280542e+05	7.9345995877e+10	2.0808583281e+02	8.1888559886e+07
1269	6.8047847994e+04	2.4374269309e+10	2.4294877586e+03	4.2655009839e+08	1.7289890433e+05	7.9286937153e+10	2.0782500814e+02	8.1835374030e+07
1270	6.8023071486e+04	2.4363124737e+10	2.4451238599e+03	4.2687920449e+08	1.7285652274e+05	7.9228555418e+10	2.0756983930e+02	8.1783484884e+07
1271	6.7730119585e+04	2.4340215311e+10	2.4346296845e+03	4.2653136413e+08	1.7281391577e+05	7.9170098514e+10	2.0731417677e+02	8.1731101652e+07
1272	6.7867079653e+04	2.4336870885e+10	2.4465229402e+03	4.2692584986e+08	1.7277060084e+05	7.9111460168e+10	2.0706071295e+02	8.1679926053e+07
1273	6.8406966028e+04	2.4358662328e+10	2.4857661551e+03	4.2806048754e+08	1.7272847311e+05	7.9053407265e+10	2.0681083249e+02	8.1629997145e+07
1274	6.8668297251e+04	2.4364170804e+10	2.5210096540e+03	4.2931472846e+08	1.7268656297e+05	7.8995568673e+10	2.0655851360e+02	8.1580264059e+07
1275	6.8961130617e+04	2.4391454311e+10	2.6067775595e+03	4.3335572337e+08	1.7264499563e+05	7.8937902997e+10	2.0631067235e+02	8.1530898249e+07
1276	6.8526746823e+04	2.4350212944e+10	2.6072714132e+03	4.3212041485e+08	1.7260393156e+05	7.8880534062e+10	2.0606241047e+02	8.1481812256e+07
1277	6.8152545226e+04	2.4313444076e+10	2.5583955633e+03	4.3106589139e+08	1.7256248210e+05	7.8823047390e+10	2.0581827273e+02	8.1433595775e+07
1278	6.9170143267e+04	2.4377718273e+10	2.7682493940e+03	4.4099738272e+08	1.7252166517e+05	7.8765979486e+10	2.0557377985e+02	8.1387329763e+07
1279	6.8971934260e+04	2.4331335097e+10	2.6012629342e+03	4.3176405862e+08	1.7248095552e+05	7.8708966226e+10	2.0533112542e+02	8.1340510651e+07
1280	6.8295656104e+04	2.4271582932e+10	2.5732652456e+03	4.3078431955e+08	1.7244106125e+05	7.8652330227e+10	2.0509064814e+02	8.1293530212e+07
1281	6.8687140541e+04	2.4292333131e+10	2.6150175939e+03	4.3255861087e+08	1.7240124215e+05	7.8595866872e+10	2.0485166865e+02	8.1248303189e+07
1282	6.9288385318e+04	2.4320678855e+10	2.6744120738e+03	4.3495788770e+08	1.7236087271e+05	7.8539274965e+10	2.0461138354e+02	8.1203101032e+07
1283	6.9664514134e+04	2.4339621941e+10	2.7378168163e+03	4.3798699661e+08	1.7232199412e+05	7.8483350986e+10	2.0437683253e+02	8.1159272518e+07
1284	6.9578329137e+04	2.4331950823e+10	2.8062919434e+03	4.4171396669e+08	1.7228290546e+05	7.8427382807e+10	2.0414102209e+02	8.1115100087e+07
1285	6.9769786428e+04	2.4347138886e+10	2.8949717074e+03	4.4696755884e+08	1.7224373653e+05	7.8371491168e+10	2.0390818309e+02	8.1072129574e+07
1286	7.0345547051e+04	2.4384916067e+10	3.0466098884e+03	4.5590733214e+08	1.7220494140e+05	7.8315854622e+10	2.0367603120e+02	8.1029743962e+07
1287	7.1140018840e+04	2.4456464229e+10	3.3866353824e+03	4.7622027196e+08	1.7216702567e+05	7.8260646166e+10	2.0344367880e+02	8.0987385290e+07
1288	7.2962371731e+04	2.4578906040e+10	3.8573010586e+03	5.0567923178e+08	1.7212921338e+05	7.8205530440e+10	2.0321557059e+02	8.0945793226e+07
1289	7.2212900396e+04	2.4499955746e+10	3.6599267459e+03	5.0212936915e+08	1.7209075462e+05	7.8150231630e+10	2.0298716204e+02	8.0905031755e+07
1290	7.4659716382e+04	2.4771011338e+10	5.4556090228e+03	6.5813623717e+08	1.7205329342e+05	7.8095393581e+10	2.0275951409e+02	8.0864156979e+07
1291	7.1052932569e+04	2.4376338562e+10	3.4446236701e+03	4.7394358200e+08	1.7201642493e+05	7.8040870570e+10	2.0253857206e+02	8.0824866694e+07
1292	7.1619295059e+04	2.4434389085e+10	4.6768294641e+03	5.5082754521e+08	1.7197855711e+05	7.7986099144e+10	2.0230810252e+02	8.0785181575e+07
1293	6.7482170745e+04	2.4106726137e+10	2.9358849008e+03	4.5989881799e+08	1.7194276500e+05	7.7932155060e+10	2.0209080460e+02	8.0746340093e+07
1294	6.6127395324e+04	2.3912358951e+10	2.3699618824e+03	4.1116694789e+08	1.7190590274e+05	7.7877875273e+10	2.0186811941e+02	8.0707996893e+07
1295	6.5667502962e+04	2.3882020927e+10	2.3191519076e+03	4.1023028404e+08	1.7186950686e+05	7.7823848837e+10	2.0164828933e+02	8.0669804027e+07
1296	6.5874765774e+04	2.3888304696e+10	2.3602096330e+03	4.1187697611e+08	1.7183345508e+05	7.7770081555e+10	2.0143010921e+02	8.0633246312e+07
1297	6.5578693060e+04	2.3845298273e+10	2.3169586425e+03	4.0919303242e+08	1.7179786248e+05	7.7716564468e+10	2.0121154062e+02	8.0596283112e+07
1298	6.5943607980e+04	2.3862315394e+10	2.3609590767e+03	4.1070367782e+08	1.7176233305e+05	7.7663154614e+10	2.0099706876e+02	8.0560222534e+07
1299	6.6584848712e+04	2.3899057389e+10	2.5452808353e+03	4.1899966168e+08	1.7172690358e+05	7.7609826041e+10	2.0078073198e+02	8.0523789337e+07
1300	6.5597839440e+04	2.3802946934e+10	2.3132399081e+03	4.0766659271e+08	1.7169203657e+05	7.7556773336e+10	2.0057055075e+02	8.0488658483e+07
1301	6.5900995242e+04	2.3810194540e+10	2.3329872702e+03	4.0801861262e+08	1.7165703853e+05	7.7503765999e+10	2.0035547518e+02	8.0453328403e+07
1302	6.6235598654e+04	2.3820505889e+10	2.3714700647e+03	4.0913777986e+08	1.7162238905e+05	7.7451005524e+10	2.0014636591e+02	8.0419159906e+07
1303	6.6628741401e+04	2.3830146029e+10	2.3961034226e+03	4.0951281239e+08	1.7158831568e+05	7.7398568202e+10	1.9993602513e+02	8.0385815214e+07
1304	6.6139575655e+04	2.3783076698e+10	2.3824318188e+03	4.0851879251e+08	1.7155442586e+05	7.7346183166e+10	1.9972809201e+02	8.0351469330e+07
1305	6.6673564638e+04	2.3800243733e+10	2.4414980347e+03	4.0993184037e+08	1.7152036780e+05	7.7293860142e+10	1.9951999283e+02	8.0318287433e+07
1306	6.7273803550e+04	2.3832572894e+10	2.5633494880e+03	4.1350819000e+08	1.7148685807e+05	7.7241785860e+10	1.9931754942e+02	8.0286011932e+07
1307	6.8217152715e+04	2.3894214207e+10	3.1889265782e+03	4.3695305308e+08	1.7145285427e+05	7.7189626371e+10	1.9910877476e+02	8.0253269992e+07
1308	6.5864709758e+04	2.3716428199e+10	2.3241629845e+03	4.0577381242e+08	1.7142028987e+05	7.7138105548e+10	1.9890716745e+02	8.0221457081e+07
1309	6.6040403103e+04	2.3714882554e+10	2.3356662564e+03	4.0593037906e+08	1.7138776124e+05	7.7086700754e+10	1.9870556852e+02	8.0190036837e+07
1310	6.6457483805e+04	2.3720137394e+10	2.3638597620e+03	4.0646274896e+08	1.7135440291e+05	7.7035012935e+10	1.9850227500e+02	8.0159424874e+07
1311	6.6865298700e+04	2.3730437557e+10	2.3985798912e+03	4.0717545766e+08	1.7132188620e+05	7.6983699202e+10	1.9830397197e+02	8.0128649132e+07
1312	6.6807231772e+04	2.3736690301e+10	2.4250091621e+03	4.0849875437e+08	1.7129026221e+05	7.6932866722e+10	1.9810664032e+02	8.0098973463e+07
1313	6.7086641054e+04	2.3761296169e+10	2.4790766131e+03	4.1152277377e+08	1.7125761670e+05	7.6881687070e+10	1.9790694852e+02	8.0069263346e+07
1314	6.7600375000e+04	2.3811538159e+10	2.7070014055e+03	4.2406595736e+08	1.7122599692e+05	7.6830951248e+10	1.9771031518e+02	8.0039701688e+07
1315	6.7205103163e+04	2.3756657054e+10	2.5493280626e+03	4.1497256197e+08	1.7119490932e+05	7.6780527258e+10	1.9751755784e+02	8.0011078218e+07
1316	6.6220580226e+04	2.3638504916e+10	2.3741215734e+03	4.0417731737e+08	1.7116294255e+05	7.6729825939e+10	1.9732043372e+02	7.9982599400e+07
1317	6.6223473453e+04	2.3619539655e+10	2.3557163122e+03	4.0359388754e+08	1.7113182868e+05	7.6679536458e+10	1.9712940974e+02	7.9955193532e+07
1318	6.6446256124e+04	2.3619337957e+10	2.3685479861e+03	4.0384516127e+08	1.7110109202e+05	7.6629451492e+10	1.9693726640e+02	7.9927512686e+07
1319	6.6628597312e+04	2.3620516054e+10	2.3900784636e+03	4.0426562502e+08	1.7107037781e+05	7.6579457822e+10	1.9674609431e+02	7.9900042114e+07
1320	6.6975194829e+04	2.3638716506e+10	2.4276905626e+03	4.0523096682e+08	1.7103988190e+05	7.6529599254e+10	1.9655715465e+02	7.9873015423e+07
1321	6.7558735970e+04	2.3668323423e+10	2.5268720968e+03	4.0829675237e+08	1.7100958919e+05	7.6479933102e+10	1.9636713918e+02	7.9846664988e+07
1322	6.7102819268e+04	2.3644156725e+10	2.5406362586e+03	4.0896595805e+08	1.7097954023e+05	7.6430380079e+10	1.9618144793e+02	7.9820757636e+07
1323	6.6483356000e+04	2.3577951572e+10	2.4049209365e+03	4.0409114729e+08	1.7094955335e+05	7.6380975658e+10	1.9599198917e+02	7.9795186311e+07
1324	6.6964035987e+04	2.3599878406e+10	2.4541682086e+03	4.0545495214e+08	1.7091999793e+05	7.6331741515e+10	1.9581059961e+02	7.9770186849e+07
1325	6.7537628242e+04	2.3629409365e+10	2.6095639005e+03	4.1054557887e+08	1.7089058657e+05	7.6282656269e+10	1.9562470883e+02	7.9744988393e+07
1326	6.6469057745e+04	2.3539701355e+10	2.4141137088e+03	4.0404914208e+08	1.7086094651e+05	7.6233595872e+10	1.9544014042e+02	7.9720431710e+07
1327	6.6411194950e+04	2.3545836685e+10	2.4288330171e+03	4.0469606321e+08	1.7083213129e+05	7.6184870700e+10	1.9525909297e+02	7.9695905147e+07
1328	6.7114185270e+04	2.3569268735e+10	2.4802689734e+03	4.0569650199e+08	1.7080357298e+05	7.6136331971e+10	1.9507946817e+02	7.9671879986e+07
1329	6.7094315250e+04	2.3565369653e+10	2.4878739999e+03	4.0643033432e+08	1.7077471714e+05	7.6087789356e+10	1.9489677736e+02	7.9648541772e+07
1330	6.7232838055e+04	2.3559459283e+10	2.5084747553e+03	4.0725194702e+08	1.7074626079e+05	7.6039422500e+10	1.9471776997e+02	7.9625729896e+07
1331	6.7120212109e+04	2.3564749037e+10	2.5296357998e+03	4.0867246404e+08	1.7071825907e+05	7.5991291714e+10	1.9454164257e+02	7.9603116861e+07
1332	6.7479743887e+04	2.3580984452e+10	2.5972143361e+03	4.1137111538e+08	1.7068975604e+05	7.5943033938e+10	1.9436277308e+02	7.9579722462e+07
1333	6.8100873360e+04	2.3609504509e+10	2.7384031636e+03	4.1697029848e+08	1.7066215113e+05	7.5895196452e+10	1.9418895436e+02	7.9557655124e+07
1334	6.7559139474e+04	2.3547717268e+10	2.6536563310e+03	4.1418684115e+08	1.7063450806e+05	7.5847410505e+10	1.9401171578e+02	7.9536029900e+07
1335	6.7163276924e+04	2.3523787071e+10	2.7040917841e+03	4.1768634910e+08	1.7060704673e+05	7.5799771020e+10	1.9383933935e+02	7.9514966103e+07
1336	6.7428667880e+04	2.3561619888e+10	2.8774809609e+03	4.2766234332e+08	1.7057966586e+05	7.5752265679e+10	1.9366551310e+02	7.9494021018e+07
1337	6.7907769941e+04	2.3598267419e+10	3.0757914840e+03	4.3917210142e+08	1.7055267432e+05	7.5704979397e+10	1.9349296682e+02	7.9472760374e+07
1338	6.7144992204e+04	2.3514171949e+10	2.9214207819e+03	4.3374901178e+08	1.7052599329e+05	7.5657831220e+10	1.9332351601e+02	7.9452478433e+07
1339	6.8304737551e+04	2.3598484034e+10	3.4496145098e+03	4.6950004099e+08	1.7049881828e+05	7.5610596489e+10	1.9314985226e+02	7.9432453694e+07
1340	6.8406118058e+04	2.3618121782e+10	3.8445478126e+03	4.9883163377e+08	1.7047293465e+05	7.5563887040e+10	1.9298426901e+02	7.9412774067e+07
1341	6.5995687724e+04	2.3351704384e+10	2.5189488751e+03	4.0335732964e+08	1.7044610720e+05	7.5516854471e+10	1.9281538344e+02	7.9392876341e+07
1342	6.6473331988e+04	2.3380337850e+10	2.6183543041e+03	4.0835798640e+08	1.7041995544e+05	7.5470236322e+10	1.9264743836e+02	7.9374005959e+07
1343	6.7021741016e+04	2.3399440336e+10	2.8091650621e+03	4.1865910638e+08	1.7039429308e+05	7.5423843694e+10	1.9248101313e+02	7.9355293161e+07
1344	6.9024094477e+04	2.3569473850e+10	4.2818928596e+03	5.1241376798e+08	1.7036861902e+05	7.5377504403e+10	1.9231391084e+02	7.9336816840e+07
1345	6.5820848493e+04	2.3270118486e+10	2.3053282944e+03	3.8697476372e+08	1.7034293679e+05	7.5331164604e+10	1.9215146230e+02	7.9318297211e+07
1346	6.6138831757e+04	2.3272166988e+10	2.3301018026e+03	3.8712388789e+08	1.7031746324e+05	7.5284968435e+10	1.9198898642e+02	7.9299682368e+07
1347	6.5517285611e+04	2.3239994164e+10	2.3166013739e+03	3.8711205923e+08	1.7029196970e+05	7.5238882003e+10	1.9182495080e+02	7.9282373833e+07
1348	6.5679701481e+04	2.3252697935e+10	2.3670176922e+03	3.8836632526e+08	1.7026682170e+05	7.5193012733e+10	1.9166130325e+02	7.9264650627e+07
1349	6.6422021345e+04	2.3293901429e+10	2.7348117972e+03	3.9945752959e+08	1.7024264705e+05	7.5147531147e+10	1.9150413248e+02	7.9247510702e+07
1350	6.5049849497e+04	2.3191639328e+10	2.2673871735e+03	3.8483735303e+08	1.7021758627e+05	7.5101831311e+10	1.9134283916e+02	7.9230543049e+07
1351	6.5080982606e+04	2.3185369650e+10	2.2727179229e+03	3.8471174876e+08	1.7019313958e+05	7.5056438981e+10	1.9118198819e+02	7.9213691593e+07
1352	6.5337766591e+04	2.3179826600e+10	2.2917466643e+03	3.8462537180e+08	1.7016904170e+05	7.5011172515e+10	1.9102578304e+02	7.9198002709e+07
1353	6.5763448707e+04	2.3187689537e+10	2.3268872829e+03	3.8491220932e+08	1.7014416032e+05	7.4965716806e+10	1.9086525526e+02	7.9181585028e+07
1354	6.5676234191e+04	2.3182309492e+10	2.2941080166e+03	3.8441689318e+08	1.7012061228e+05	7.4920808700e+10	1.9071127631e+02	7.9165905339e+07
1355	6.5925215438e+04	2.3175764803e+10	2.3124991565e+03	3.8447967557e+08	1.7009673770e+05	7.4875767757e+10	1.9055747492e+02	7.9150240237e+07
1356	6.5895097605e+04	2.3176072850e+10	2.3329482657e+03	3.8535614531e+08	1.7007301498e+05	7.4830948639e+10	1.9040055946e+02	7.9134713027e+07
1357	6.6135270513e+04	2.3190136609e+10	2.3583295656e+03	3.8602031513e+08	1.7004961628e+05	7.4786307650e+10	1.9024643246e+02	7.9119787566e+07
1358	6.5060425909e+04	2.3107676030e+10	2.2742761100e+03	3.8282308956e+08	1.7002591739e+05	7.4741569359e+10	1.9009240893e+02	7.9104901847e+07
1359	6.5357879535e+04	2.3111074975e+10	2.2877373739e+03	3.8274817783e+08	1.7000324186e+05	7.4697285329e+10	1.8994270615e+02	7.9090270698e+07
1360	6.5545783449e+04	2.3110419460e+10	2.2990194827e+03	3.8277314093e+08	1.6998018518e+05	7.4652967257e+10	1.8979070676e+02	7.9076170921e+07
1361	6.5869935467e+04	2.3116690166e+10	2.3150698459e+03	3.8294333517e+08	1.6995693109e+05	7.4608624083e+10	1.8963789706e+02	7.9062503541e+07
1362	6.5792316236e+04	2.3111083122e+10	2.3213145279e+03	3.8251555537e+08	1.6993470729e+05	7.4564664654e+10	1.8949160909e+02	7.9048020809e+07
1363	6.5794745887e+04	2.3107461093e+10	2.3251610144e+03	3.8253692726e+08	1.6991187602e+05	7.4520634689e+10	1.8933963333e+02	7.9034538037e+07
1364	6.5479742712e+04	2.3084373419e+10	2.3153620851e+03	3.8234814471e+08	1.6988963882e+05	7.4476859721e+10	1.8919144164e+02	7.9021411726e+07
1365	6.5591779446e+04	2.3085914602e+10	2.3291987561e+03	3.8258149703e+08	1.6986795418e+05	7.4433321278e+10	1.8904759821e+02	7.9008895558e+07
1366	6.6171420536e+04	2.3110720045e+10	2.3936846586e+03	3.8440609499e+08	1.6984516419e+05	7.4389454192e+10	1.8889759500e+02	7.8996168286e+07
1367	6.6154983708e+04	2.3090845577e+10	2.3795632602e+03	3.8330204810e+08	1.6982337285e+05	7.4346031324e+10	1.8875232925e+02	7.8983224635e+07
1368	6.6585766361e+04	2.3108899373e+10	2.4791254049e+03	3.8587369001e+08	1.6980248794e+05	7.4302980662e+10	1.8860983642e+02	7.8970982503e+07
1369	6.6208006132e+04	2.3091920684e+10	2.4967588929e+03	3.8742870948e+08	1.6978020408e+05	7.4259464171e+10	1.8846221962e+02	7.8958741196e+07
1370	6.5312418705e+04	2.3016083764e+10	2.3199327701e+03	3.8095516709e+08	1.6975880017e+05	7.4216371161e+10	1.8832094613e+02	7.8947915397e+07
1371	6.5306723509e+04	2.2995230726e+10	2.3203540488e+03	3.8055785873e+08	1.6973791096e+05	7.4173508263e+10	1.8817928206e+02	7.8936199061e+07
1372	6.5114980333e+04	2.2990847473e+10	2.3169951370e+03	3.8056191583e+08	1.6971636588e+05	7.4130458359e+10	1.8803435264e+02	7.8923703172e+07
1373	6.5362109202e+04	2.2993646073e+10	2.3328249344e+03	3.8063569983e+08	1.6969610369e+05	7.4087948483e+10	1.8789634727e+02	7.8912765416e+07
1374	6.5136805693e+04	2.2979678818e+10	2.3248203037e+03	3.8048575663e+08	1.6967526773e+05	7.4045321406e+10	1.8775432552e+02	7.8902547542e+07
1375	6.5506599630e+04	2.2985932494e+10	2.3415694845e+03	3.8060218558e+08	1.6965402062e+05	7.4002540339e+10	1.8761359330e+02	7.8891555090e+07
1376	6.5987173683e+04	2.3005224419e+10	2.3728120233e+03	3.8107151900e+08	1.6963367674e+05	7.3960134434e+10	1.8747811401e+02	7.8880987747e+07
1377	6.6348878273e+04	2.3021618608e+10	2.4172377173e+03	3.8226099625e+08	1.6961368723e+05	7.3917976764e+10	1.8733936660e+02	7.8870135030e+07
1378	6.5782253043e+04	2.2979514818e+10	2.3871799103e+03	3.8168327446e+08	1.6959328878e+05	7.3875730060e+10	1.8720033107e+02	7.8860339793e+07
1379	6.5779336487e+04	2.2956377757e+10	2.3822464681e+03	3.8051050417e+08	1.6957347550e+05	7.3833742833e+10	1.8706396588e+02	7.8851071536e+07
1380	6.5571550918e+04	2.2948908159e+10	2.3788785274e+03	3.8074326123e+08	1.6955356235e+05	7.3791792029e+10	1.8692862909e+02	7.8841510579e+07
1381	6.5814685017e+04	2.2965895394e+10	2.4128213320e+03	3.8179070884e+08	1.6953368000e+05	7.3749904513e+10	1.8679361783e+02	7.8831574935e+07
1382	6.6202583435e+04	2.2982560318e+10	2.5166413964e+03	3.8581785836e+08	1.6951407002e+05	7.3708128089e+10	1.8665987830e+02	7.8821740155e+07
1383	6.5845215362e+04	2.2942872451e+10	2.4071344771e+03	3.8106482436e+08	1.6949465843e+05	7.3666503998e+10	1.8652643002e+02	7.8812523450e+07
1384	6.5430933804e+04	2.2903065849e+10	2.3766356129e+03	3.7980507899e+08	1.6947523584e+05	7.3624980392e+10	1.8639019962e+02	7.8803812047e+07
1385	6.5708679432e+04	2.2910051543e+10	2.3929503435e+03	3.8009342955e+08	1.6945630237e+05	7.3583647940e+10	1.8626024265e+02	7.8795547357e+07
1386	6.5700376034e+04	2.2902236006e+10	2.4021946137e+03	3.8038223585e+08	1.6943732298e+05	7.3542350634e+10	1.8612991748e+02	7.8786690277e+07
1387	6.6074797241e+04	2.2905577825e+10	2.4253665533e+03	3.8065075639e+08	1.6941816861e+05	7.3501107410e+10	1.8599621509e+02	7.8778382468e+07
1388	6.6062760218e+04	2.2909161956e+10	2.4463792837e+03	3.8137361600e+08	1.6939965820e+05	7.3460073979e+10	1.8586811478e+02	7.8769896754e+07
1389	6.6160236021e+04	2.2915894901e+10	2.4730714298e+03	3.8263002201e+08	1.6938087283e+05	7.3419015697e+10	1.8573855411e+02	7.8762021418e+07
1390	6.6564737858e+04	2.2938098690e+10	2.5330026569e+03	3.8463968165e+08	1.6936251392e+05	7.3378204106e+10	1.8560899589e+02	7.8754028908e+07
1391	6.6008629220e+04	2.2894745216e+10	2.4920337631e+03	3.8380909508e+08	1.6934436019e+05	7.3337545087e+10	1.8548164950e+02	7.8747153237e+07
1392	6.6144030368e+04	2.2904190456e+10	2.5791473139e+03	3.8842372377e+08	1.6932621795e+05	7.3296916212e+10	1.8535442668e+02	7.8739638830e+07
1393	6.6640945793e+04	2.2932755105e+10	2.7075946182e+03	3.9485248964e+08	1.6930771223e+05	7.3256254833e+10	1.8522509978e+02	7.8732600224e+07
1394	6.5982624496e+04	2.2850656722e+10	2.5079693504e+03	3.8386148256e+08	1.6929018572e+05	7.3215968859e+10	1.8510043213e+02	7.8725562396e+07
1395	6.6098887496e+04	2.2850027001e+10	2.5313461249e+03	3.8290235578e+08	1.6927268889e+05	7.3175740856e+10	1.8497664633e+02	7.8719222744e+07
1396	6.6111251166e+04	2.2843018727e+10	2.5372541465e+03	3.8320806290e+08	1.6925440577e+05	7.3135278503e+10	1.8485011265e+02	7.8712625329e+07
1397	6.5728456410e+04	2.2799272974e+10	2.4704091242e+03	3.8084946497e+08	1.6923692922e+05	7.3095149672e+10	1.8472610808e+02	7.8705852603e+07
1398	6.6139660314e+04	2.2811041399e+10	2.5113251265e+03	3.8213231694e+08	1.6921991892e+05	7.3055283743e+10	1.8460391200e+02	7.8699841840e+07
1399	6.6636967112e+04	2.2827644897e+10	2.5868386816e+03	3.8472018883e+08	1.6920271659e+05	7.3015416976e+10	1.8448040857e+02	7.8693496706e+07
1400	6.7519697855e+04	2.2890143817e+10	2.9458958380e+03	3.9880681034e+08	1.6918541223e+05	7.2975573504e+10	1.8435611133e+02	7.8687921462e+07
1401	6.6688637156e+04	2.2796506272e+10	2.5364891011e+03	3.8237498861e+08	1.6916853852e+05	7.2935856919e+10	1.8423682181e+02	7.8682103888e+07
1402	6.6578417013e+04	2.2789360426e+10	2.5541584867e+03	3.8350846598e+08	1.6915173744e+05	7.2896268625e+10	1.8411587238e+02	7.8676040761e+07
1403	6.6679882849e+04	2.2779062960e+10	2.5818102342e+03	3.8480804318e+08	1.6913465955e+05	7.2856634015e+10	1.8399464228e+02	7.8670588818e+07
1404	6.6480814785e+04	2.2769088517e+10	2.6166408252e+03	3.8718499465e+08	1.6911837600e+05	7.2817327533e+10	1.8387603253e+02	7.8665094507e+07
1405	6.6242430129e+04	2.2755529170e+10	2.6031317253e+03	3.8744316112e+08	1.6910193680e+05	7.2778071705e+10	1.8375751343e+02	7.8660507712e+07
1406	6.6505903504e+04	2.2754630633e+10	2.6415169259e+03	3.8918286878e+08	1.6908535350e+05	7.2738861055e+10	1.8363567985e+02	7.8655781289e+07
1407	6.6800134140e+04	2.2768111466e+10	2.7228326511e+03	3.9367036220e+08	1.6906940848e+05	7.2699832074e+10	1.8352012343e+02	7.8650557556e+07
1408	6.7077055451e+04	2.2788256928e+10	2.8369651751e+03	4.0096476774e+08	1.6905346455e+05	7.2660858439e+10	1.8340522830e+02	7.8646249821e+07
1409	6.7455822054e+04	2.2822158771e+10	3.0572096414e+03	4.1569212651e+08	1.6903690371e+05	7.2621725983e+10	1.8328512555e+02	7.8641496597e+07
1410	6.8090689908e+04	2.2888575033e+10	3.6950851227e+03	4.6163981181e+08	1.6902168468e+05	7.2583120025e+10	1.8317073632e+02	7.8636904071e+07
1411	6.8730719324e+04	2.2931349458e+10	4.1422031882e+03	4.9482510272e+08	1.6900615508e+05	7.2544502203e+10	1.8305645445e+02	7.8632806695e+07
1412	6.5411741767e+04	2.2609698035e+10	2.3599531005e+03	3.6758229230e+08	1.6898978667e+05	7.2505673423e+10	1.8293942646e+02	7.8628780938e+07
1413	6.5502035557e+04	2.2610552570e+10	2.3707041234e+03	3.6768127508e+08	1.6897466254e+05	7.2467254506e+10	1.8282683202e+02	7.8624804818e+07
1414	6.5475455044e+04	2.2605839625e+10	2.3747840107e+03	3.6775750835e+08	1.6895971793e+05	7.2428964264e+10	1.8271391926e+02	7.8620727291e+07
1415	6.5620987279e+04	2.2607800963e+10	2.3844113956e+03	3.6787862428e+08	1.6894436994e+05	7.2390614550e+10	1.8259827430e+02	7.8616953571e+07
1416	6.6336952355e+04	2.2623931162e+10	2.4287284902e+03	3.6833442815e+08	1.6892937113e+05	7.2352391951e+10	1.8248784495e+02	7.8613255128e+07
1417	6.6220535588e+04	2.2629709693e+10	2.4491785359e+03	3.6926627968e+08	1.6891386558e+05	7.2314092375e+10	1.8237698566e+02	7.8610510762e+07
1418	6.6209742159e+04	2.2634791777e+10	2.4829394597e+03	3.7041390872e+08	1.6889897379e+05	7.2276088268e+10	1.8226367959e+02	7.8607575977e+07
1419	6.6053569771e+04	2.2611611904e+10	2.4536098657e+03	3.6961663035e+08	1.6888477015e+05	7.2238296988e+10	1.8215382525e+02	7.8604018580e+07
1420	6.6154941001e+04	2.2598533644e+10	2.4636969427e+03	3.6950195966e+08	1.6887041040e+05	7.2200556768e+10	1.8204449970e+02	7.8601041903e+07
1421	6.6301149484e+04	2.2608856678e+10	2.4966217789e+03	3.7079757921e+08	1.6885552218e+05	7.2162734221e+10	1.8193422087e+02	7.8598486872e+07
1422	6.7062175852e+04	2.2646451217e+10	2.6901832100e+03	3.7751167057e+08	1.6884038466e+05	7.2124816562e+10	1.8182490465e+02	7.8595929851e+07
1423	6.6115087205e+04	2.2578068113e+10	2.4826674172e+03	3.7031113861e+08	1.6882678265e+05	7.2087494866e+10	1.8171825096e+02	7.8593748455e+07
1424	6.5767208933e+04	2.2540494184e+10	2.4587822967e+03	3.6955956488e+08	1.6881285456e+05	7.2050145824e+10	1.8160852987e+02	7.8591319170e+07
1425	6.5992518415e+04	2.2547349741e+10	2.4965874316e+03	3.7116335988e+08	1.6879887365e+05	7.2012796975e+10	1.8150090150e+02	7.8588988045e+07
1426	6.6538084529e+04	2.2568324515e+10	2.5721805779e+03	3.7431525421e+08	1.6878482424e+05	7.1975492658e+10	1.8139606390e+02	7.8587134324e+07
1427	6.7083879491e+04	2.2599993642e+10	2.7267145739e+03	3.8229552739e+08	1.6877037286e+05	7.1938105419e+10	1.8128779961e+02	7.8585293706e+07
1428	6.8291762620e+04	2.2699726912e+10	3.4452763125e+03	4.2497586809e+08	1.6875701471e+05	7.1901070450e+10	1.8118282977e+02	7.8583000240e+07
1429	6.6887419645e+04	2.2527353438e+10	2.6160921018e+03	3.6786670528e+08	1.6874404628e+05	7.1864224396e+10	1.8108051617e+02	7.8581149569e+07
1430	6.6471172038e+04	2.2492412496e+10	2.4735572535e+03	3.6467926897e+08	1.6873005231e+05	7.1827151435e+10	1.8097158855e+02	7.8579599941e+07
1431	6.6073076324e+04	2.2476819429e+10	2.4449824536e+03	3.6471113048e+08	1.6871669885e+05	7.1790338005e+10	1.8086936857e+02	7.8578395622e+07
1432	6.6342724679e+04	2.2489614488e+10	2.5371452195e+03	3.6768421787e+08	1.6870365897e+05	7.1753667812e+10	1.8076895251e+02	7.8577059973e+07
1433	6.6047792973e+04	2.2457901252e+10	2.4765543913e+03	3.6593384753e+08	1.6869005008e+05	7.1716864937e+10	1.8066239754e+02	7.8575495619e+07
1434	6.5336300619e+04	2.2399050352e+10	2.3834115520e+03	3.6205349743e+08	1.6867736587e+05	7.1680440568e+10	1.8055901502e+02	7.8574289448e+07
1435	6.5614006176e+04	2.2401070651e+10	2.3951258594e+03	3.6206052783e+08	1.6866513573e+05	7.1644172843e+10	1.8046102930e+02	7.8573279201e+07
1436	6.5993721798e+04	2.2404691462e+10	2.4196269523e+03	3.6221080368e+08	1.6865173812e+05	7.1607639784e+10	1.8035800248e+02	7.8572468851e+07
1437	6.5953439801e+04	2.2398483073e+10	2.4190244590e+03	3.6219149102e+08	1.6863855138e+05	7.1571205419e+10	1.8025535203e+02	7.8571956509e+07
1438	6.6468276519e+04	2.2400403178e+10	2.4463435367e+03	3.6219001798e+08	1.6862631593e+05	7.1535130234e+10	1.8015639099e+02	7.8571463115e+07
1439	6.6051095017e+04	2.2389312621e+10	2.4385203593e+03	3.6224690233e+08	1.6861434013e+05	7.1499139595e+10	1.8005763767e+02	7.8570688081e+07
1440	6.6603857160e+04	2.2399590252e+10	2.4753906044e+03	3.6260987776e+08	1.6860135310e+05	7.1462946261e+10	1.7995468370e+02	7.8570588454e+07
1441	6.6436811675e+04	2.2405223068e+10	2.4959290624e+03	3.6330434089e+08	1.6858919456e+05	7.1426997808e+10	1.7985864645e+02	7.8570185500e+07
1442	6.6787483714e+04	2.2421288226e+10	2.5918183754e+03	3.6565834444e+08	1.6857726872e+05	7.1391198867e+10	1.7976265839e+02	7.8569733908e+07
1443	6.7691036071e+04	2.2460602520e+10	2.9831648428e+03	3.7526178206e+08	1.6856464054e+05	7.1355263919e+10	1.7966077973e+02	7.8569902375e+07
1444	6.6161844835e+04	2.2354550933e+10	2.4364403111e+03	3.6100902435e+08	1.6855301469e+05	7.1319679960e+10	1.7956448247e+02	7.8570221851e+07
1445	6.6433609583e+04	2.2353414550e+10	2.4456253073e+03	3.6097430854e+08	1.6854130232e+05	7.1284142681e+10	1.7946799650e+02	7.8570159637e+07
1446	6.6176565013e+04	2.2342720646e+10	2.4367376471e+03	3.6081485737e+08	1.6852927387e+05	7.1248521971e+10	1.7937070657e+02	7.8570026057e+07
1447	6.6433777724e+04	2.2355246521e+10	2.4542364248e+03	3.6103378075e+08	1.6851792519e+05	7.1213200994e+10	1.7927651568e+02	7.8570375420e+07
1448	6.6708154952e+04	2.2359204384e+10	2.4714995938e+03	3.6124100877e+08	1.6850607691e+05	7.1177801470e+10	1.7917933485e+02	7.8571228331e+07
1449	6.6729663625e+04	2.2353353392e+10	2.4866484190e+03	3.6146349925e+08	1.6849439179e+05	7.1142433150e+10	1.7908348788e+02	7.8571900614e+07
1450	6.6799481574e+04	2.2354864211e+10	2.5108197148e+03	3.6213252892e+08	1.6848363168e+05	7.1107468212e+10	1.7899179298e+02	7.8572798436e+07
1451	6.6489144175e+04	2.2324389327e+10	2.4916151486e+03	3.6143696124e+08	1.6847230057e+05	7.1072352383e+10	1.7889688696e+02	7.8573608309e+07
1452	6.6495337723e+04	2.2322791881e+10	2.5171185404e+03	3.6224137614e+08	1.6846045019e+05	7.1037077210e+10	1.7880158508e+02	7.8574349625e+07
1453	6.6535255841e+04	2.2318458808e+10	2.5184973090e+03	3.6216193673e+08	1.6844987242e+05	7.1002290394e+10	1.7871103813e+02	7.8575216016e+07
1454	6.6596562192e+04	2.2301026051e+10	2.4941964900e+03	3.6108436896e+08	1.6843934937e+05	7.0967567450e+10	1.7861822235e+02	7.8576155489e+07
1455	6.6896171619e+04	2.2302009353e+10	2.5207940818e+03	3.6128185449e+08	1.6842791679e+05	7.0932585659e+10	1.7852494364e+02	7.8577448016e+07
1456	6.6490698779e+04	2.2288029713e+10	2.5192335136e+03	3.6171516980e+08	1.6841735914e+05	7.0897986110e+10	1.7843408119e+02	7.8579015089e+07
1457	6.7321444633e+04	2.2327455937e+10	2.6670557082e+03	3.6641422128e+08	1.6840684249e+05	7.0863442404e+10	1.7834368575e+02	7.8580487791e+07
1458	6.6779331165e+04	2.2285750888e+10	2.5240264548e+03	3.6119481501e+08	1.6839599764e+05	7.0828801921e+10	1.7825203726e+02	7.8581637611e+07
1459	6.6660937756e+04	2.2260283565e+10	2.5195017049e+03	3.6059738420e+08	1.6838529338e+05	7.0794253554e+10	1.7816153773e+02	7.8583222435e+07
1460	6.6685501659e+04	2.2250884286e+10	2.5176550989e+03	3.6056872088e+08	1.6837526431e+05	7.0760024008e+10	1.7807214565e+02	7.8584765351e+07
1461	6.6871634518e+04	2.2256628933e+10	2.5375596608e+03	3.6092417408e+08	1.6836534143e+05	7.0725855799e+10	1.7798331140e+02	7.8586489768e+07
1462	6.6926577402e+04	2.2255708388e+10	2.5496725927e+03	3.6120204850e+08	1.6835496454e+05	7.0691621787e+10	1.7789379912e+02	7.8588590073e+07
1463	6.7394071407e+04	2.2276065285e+10	2.6055871627e+03	3.6219523258e+08	1.6834440703e+05	7.0657369486e+10	1.7780302150e+02	7.8590611467e+07
1464	6.7351147691e+04	2.2277795662e+10	2.6143078312e+03	3.6285684389e+08	1.6833466853e+05	7.0623318907e+10	1.7771875544e+02	7.8592450433e+07
1465	6.8392003171e+04	2.2326566712e+10	2.8175393060e+03	3.6785206576e+08	1.6832471920e+05	7.0589320618e+10	1.7763076345e+02	7.8594300852e+07
1466	6.7837760762e+04	2.2282403503e+10	2.7284133020e+03	3.6612945887e+08	1.6831486210e+05	7.0555382207e+10	1.7754204545e+02	7.8596244635e+07
1467	6.7806423564e+04	2.2258802072e+10	2.6693356445e+03	3.6381346266e+08	1.6830548494e+05	7.0521685918e+10	1.7745656439e+02	7.8598363783e+07
1468	6.6892636068e+04	2.2199515191e+10	2.5778313383e+03	3.6125735802e+08	1.6829567837e+05	7.0487925293e+10	1.7736990163e+02	7.8601251403e+07
1469	6.6683943603e+04	2.2190809659e+10	2.5845334181e+03	3.6157867928e+08	1.6828578636e+05	7.0454132959e+10	1.7728388437e+02	7.8603780544e+07
1470	6.7674161471e+04	2.2226074915e+10	2.6979205867e+03	3.6342279277e+08	1.6827624499e+05	7.0420488826e+10	1.7719897723e+02	7.8606215009e+07
1471	6.7138944459e+04	2.2199401766e+10	2.6259891014e+03	3.6295598637e+08	1.6826712857e+05	7.0387055047e+10	1.7711313830e+02	7.8608692515e+07
1472	6.7784736472e+04	2.2211704170e+10	2.6621371126e+03	3.6348838884e+08	1.6825828497e+05	7.0353796579e+10	1.7702829947e+02	7.8611185773e+07
1473	6.7534785528e+04	2.2187841722e+10	2.6664099086e+03	3.6320434541e+08	1.6824906358e+05	7.0320391020e+10	1.7694607784e+02	7.8613908567e+07
1474	6.7836854542e+04	2.2209172247e+10	2.7266459354e+03	3.6478809287e+08	1.6823896780e+05	7.0286771670e+10	1.7685945521e+02	7.8616803928e+07
1475	6.8381538596e+04	2.2241690294e+10	2.8317851304e+03	3.6821693608e+08	1.6823057611e+05	7.0253788853e+10	1.7677788557e+02	7.8619895955e+07
1476	6.8254444302e+04	2.2246561268e+10	2.9722292691e+03	3.7379341738e+08	1.6822227127e+05	7.0220870347e+10	1.7669733926e+02	7.8623037326e+07
1477	6.7511878749e+04	2.2204146099e+10	3.0566709694e+03	3.7644974967e+08	1.6821276386e+05	7.0187572201e+10	1.7661217062e+02	7.8626191203e+07
1478	6.6405290799e+04	2.2118853028e+10	2.6657697390e+03	3.6408823518e+08	1.6820376075e+05	7.0154505019e+10	1.7652887583e+02	7.8629243262e+07
1479	6.6477388985e+04	2.2119466115e+10	2.6866008029e+03	3.6508591645e+08	1.6819581202e+05	7.0121808406e+10	1.7645101565e+02	7.8632402355e+07
1480	6.7050954386e+04	2.2140595469e+10	2.7427114055e+03	3.6685012490e+08	1.6818717388e+05	7.0088953642e+10	1.7636865657e+02	7.8635885328e+07
1481	6.7377611470e+04	2.2163085598e+10	2.8259403794e+03	3.7034081068e+08	1.6817814316e+05	7.0055991652e+10	1.7628569496e+02	7.8639160306e+07
1482	6.7749989086e+04	2.2171208386e+10	2.9118929710e+03	3.7251873192e+08	1.6816998885e+05	7.0023381207e+10	1.7620709186e+02	7.8642932999e+07
1483	6.7782719440e+04	2.2168467825e+10	2.9443954416e+03	3.7623497409e+08	1.6816170041e+05	6.9990796573e+10	1.7612705177e+02	7.8646629035e+07
1484	6.8777216305e+04	2.2239711129e+10	3.3501658554e+03	3.9677263594e+08	1.6815350609e+05	6.9958274403e+10	1.7604731423e+02	7.8649840225e+07
1485	6.8576578374e+04	2.2215155252e+10	3.1968139828e+03	3.8782367398e+08	1.6814555944e+05	6.9925847034e+10	1.7596977953e+02	7.8653641522e+07
1486	6.8458204985e+04	2.2196013739e+10	3.5630920094e+03	4.0530863429e+08	1.6813719447e+05	6.9893366361e+10	1.7588770069e+02	7.8657503929e+07
1487	6.6336624329e+04	2.2022356855e+10	2.7744482647e+03	3.6748372662e+08	1.6812931679e+05	6.9861070803e+10	1.7581009166e+02	7.8661212592e+07
1488	6.6784058654e+04	2.2032123743e+10	2.8550838989e+03	3.7081189718e+08	1.6812151620e+05	6.9828846438e+10	1.7573333989e+02	7.8665140937e+07
1489	6.6343496560e+04	2.2009573869e+10	2.8486437224e+03	3.7216768830e+08	1.6811340583e+05	6.9796551920e+10	1.7565464705e+02	7.8668812722e+07
1490	6.6136294621e+04	2.2007437099e+10	2.9455878399e+03	3.7783463351e+08	1.6810593318e+05	6.9764499844e+10	1.7557945837e+02	7.8673120156e+07
1491	6.6393826563e+04	2.2029498712e+10	3.1753924900e+03	3.9050202546e+08	1.6809834494e+05	6.9732461915e+10	1.7550147092e+02	7.8677099271e+07
1492	6.8038152290e+04	2.2150679661e+10	4.3101947312e+03	4.5774764624e+08	1.6809071516e+05	6.9700473919e+10	1.7542436460e+02	7.8681435726e+07
1493	6.6391425223e+04	2.1996385630e+10	2.9677759822e+03	3.7653843608e+08	1.6808256426e+05	6.9668355289e+10	1.7534695847e+02	7.8685614099e+07
1494	6.4676285578e+04	2.1867406844e+10	2.5722534233e+03	3.5508029633e+08	1.6807559581e+05	6.9636644472e+10	1.7527342152e+02	7.8689601857e+07
1495	6.4971012121e+04	2.1871186529e+10	2.6011976628e+03	3.5604820032e+08	1.6806865249e+05	6.9605033804e+10	1.7519939389e+02	7.8694011479e+07
1496	6.5666419889e+04	2.1902758304e+10	2.7569782924e+03	3.6160724044e+08	1.6806147306e+05	6.9573395750e+10	1.7512229915e+02	7.8698578483e+07
1497	6.4783859868e+04	2.1842828517e+10	2.5722371878e+03	3.5382111160e+08	1.6805387779e+05	6.9541641417e+10	1.7504727118e+02	7.8703430987e+07
1498	6.5016515539e+04	2.1848302460e+10	2.5891959671e+03	3.5413990860e+08	1.6804660930e+05	6.9509986793e+10	1.7497446264e+02	7.8708051817e+07
1499	6.5067946223e+04	2.1845046765e+10	2.6079647781e+03	3.5455418953e+08	1.6803987244e+05	6.9478570250e+10	1.7490049191e+02	7.8712091793e+07
1500	6.4493182515e+04	2.1825676100e+10	2.5915310622e+03	3.5477575011e+08	1.6803303500e+05	6.9447207011e+10	1.7482632260e+02	7.8716953908e+07
1501	6.4738704190e+04	2.1829790184e+10	2.6129260628e+03	3.5529622359e+08	1.6802639477e+05	6.9415934042e+10	1.7475459091e+02	7.8721770625e+07
1502	6.4964745108e+04	2.1832906891e+10	2.6344383371e+03	3.5591348027e+08	1.6801935145e+05	6.9384580545e+10	1.7468173813e+02	7.8726795385e+07
1503	6.5387653486e+04	2.1846277409e+10	2.6850508900e+03	3.5712704989e+08	1.6801240891e+05	6.9353317080e+10	1.7460687659e+02	7.8731849837e+07
1504	6.6031052414e+04	2.1856050996e+10	2.8266011459e+03	3.5867470745e+08	1.6800611016e+05	6.9322230164e+10	1.7453735803e+02	7.8736569698e+07
1505	6.4962887398e+04	2.1813302221e+10	2.6642934338e+03	3.5770868783e+08	1.6799965825e+05	6.9291170937e+10	1.7446617103e+02	7.8741671844e+07
1506	6.5265645461e+04	2.1822381941e+10	2.6942870331e+03	3.5887178627e+08	1.6799320003e+05	6.9260167771e+10	1.7439410772e+02	7.8746627884e+07
1507	6.5826692903e+04	2.1846943378e+10	2.7647208693e+03	3.6094242749e+08	1.6798639245e+05	6.9229113830e+10	1.7432203798e+02	7.8751923242e+07
1508	6.6098343195e+04	2.1852438213e+10	2.7945128640e+03	3.6292466946e+08	1.6798018630e+05	6.9198270349e+10	1.7425309147e+02	7.8757032795e+07
1509	6.6026642220e+04	2.1851715906e+10	2.8792371365e+03	3.6728811853e+08	1.6797432730e+05	6.9167552473e+10	1.7418316323e+02	7.8761800824e+07
1510	6.7204023454e+04	2.1942895949e+10	3.5941155186e+03	4.0380891643e+08	1.6796792017e+05	6.9136740336e+10	1.7411188723e+02	7.8767262137e+07
1511	6.4662199444e+04	2.1747054141e+10	2.7086936834e+03	3.6025905317e+08	1.6796192415e+05	6.9106091851e+10	1.7404395164e+02	7.8772802465e+07
1512	6.5072314237e+04	2.1753566420e+10	2.7479072512e+03	3.6190490568e+08	1.6795587515e+05	6.9075506477e+10	1.7397336546e+02	7.8778217176e+07
1513	6.5314271631e+04	2.1763403312e+10	2.7857781161e+03	3.6398902448e+08	1.6794971687e+05	6.9044879277e+10	1.7390411305e+02	7.8783776747e+07
1514	6.5718866258e+04	2.1775529495e+10	2.8378730676e+03	3.6669610867e+08	1.6794387739e+05	6.9014350989e+10	1.7383762808e+02	7.8788747657e+07
1515	6.5959784009e+04	2.1797180419e+10	2.9097660288e+03	3.7090225814e+08	1.6793834380e+05	6.8984041753e+10	1.7376960844e+02	7.8794461009e+07
1516	6.5461903503e+04	2.1773111596e+10	2.9781372181e+03	3.7623563593e+08	1.6793272607e+05	6.8953745256e+10	1.7370099547e+02	7.8800128696e+07
1517	6.5427642756e+04	2.1768943116e+10	3.0803026610e+03	3.8496446842e+08	1.6792679082e+05	6.8923359445e+10	1.7363274070e+02	7.8805627905e+07
1518	6.6420126150e+04	2.1831085137e+10	3.4343009867e+03	4.0943003583e+08	1.6792109787e+05	6.8893059248e+10	1.7356713691e+02	7.8811241296e+07
1519	6.7111962657e+04	2.1880081208e+10	4.1532986865e+03	4.6732492522e+08	1.6791594582e+05	6.8863040096e+10	1.7350109972e+02	7.8816932049e+07
1520	6.4768756517e+04	2.1659502156e+10	2.4905466236e+03	3.3935147902e+08	1.6791058382e+05	6.8832994291e+10	1.7343276303e+02	7.8822858650e+07
1521	6.4868267192e+04	2.1667039065e+10	2.5046287541e+03	3.3975750160e+08	1.6790469016e+05	6.8802794677e+10	1.7336678827e+02	7.8828751969e+07
1522	6.5176116183e+04	2.1669077603e+10	2.5252407694e+03	3.3999792616e+08	1.6789951271e+05	6.8772834139e+10	1.7330263341e+02	7.8834722522e+07
1523	6.5362334034e+04	2.1675488855e+10	2.5548520484e+03	3.4068291938e+08	1.6789478654e+05	6.8743100633e+10	1.7323673500e+02	7.8840483604e+07
1524	6.5531628588e+04	2.1674815385e+10	2.5923777142e+03	3.4174828672e+08	1.6788930617e+05	6.8713155696e+10	1.7316976673e+02	7.8846453422e+07
1525	6.5910929018e+04	2.1699369083e+10	2.7033525684e+03	3.4543848126e+08	1.6788430599e+05	6.8683357992e+10	1.7310702262e+02	7.8852422710e+07
1526	6.6751825851e+04	2.1743458273e+10	2.9628330334e+03	3.5414174324e+08	1.6787921012e+05	6.8653609235e+10	1.7304346426e+02	7.8858427943e+07
1527	6.5035539916e+04	2.1623285212e+10	2.5285949053e+03	3.3927916495e+08	1.6787414765e+05	6.8623947929e+10	1.7297749911e+02	7.8864652437e+07
1528	6.6078964508e+04	2.1667991321e+10	2.6850356789e+03	3.4342815696e+08	1.6786945312e+05	6.8594395532e+10	1.7291487307e+02	7.8870910400e+07
1529	6.5840625925e+04	2.1633896063e+10	2.5993897593e+03	3.4013715552e+08	1.6786487340e+05	6.8564920287e+10	1.7285285912e+02	7.8876934578e+07
1530	6.5048406046e+04	2.1603261641e+10	2.5646890614e+03	3.4024949057e+08	1.6785984797e+05	6.8535413385e+10	1.7278713784e+02	7.8883626175e+07
1531	6.5564620533e+04	2.1608859093e+10	2.6400709049e+03	3.4111071763e+08	1.6785515476e+05	6.8505985697e+10	1.7272502810e+02	7.8889936647e+07
1532	6.5186633839e+04	2.1587161018e+10	2.5900518340e+03	3.3952115306e+08	1.6785092496e+05	6.8476769950e+10	1.7266353999e+02	7.8896174102e+07
1533	6.4839073173e+04	2.1555533022e+10	2.5318128525e+03	3.3760568171e+08	1.6784622549e+05	6.8447423880e+10	1.7260088072e+02	7.8902438192e+07
1534	6.4539621972e+04	2.1543109851e+10	2.5306320524e+03	3.3768586582e+08	1.6784156988e+05	6.8418134296e+10	1.7253825335e+02	7.8908972940e+07
1535	6.4421974103e+04	2.1538274380e+10	2.5352368618e+03	3.3788415813e+08	1.6783728154e+05	6.8389037498e+10	1.7247745807e+02	7.8915739173e+07
1536	6.4268464579e+04	2.1527072881e+10	2.5408001722e+03	3.3819767977e+08	1.6783324163e+05	6.8359985006e+10	1.7241793401e+02	7.8922004386e+07
1537	6.4614748732e+04	2.1536479592e+10	2.5808877362e+03	3.3930839195e+08	1.6782845701e+05	6.8330768036e+10	1.7235471224e+02	7.8928975592e+07
1538	6.5559069865e+04	2.1586129774e+10	2.8516363156e+03	3.4901290687e+08	1.6782446110e+05	6.8301854912e+10	1.7229395891e+02	7.8935293815e+07
1539	6.4536240329e+04	2.1502945538e+10	2.5294190764e+03	3.3665651223e+08	1.6782067559e+05	6.8273013166e+10	1.7223619978e+02	7.8941727124e+07
1540	6.4359814951e+04	2.1486145528e+10	2.5244424552e+03	3.3643793302e+08	1.6781634251e+05	6.8244068254e+10	1.7217619594e+02	7.8948551723e+07
1541	6.4181660145e+04	2.1480287623e+10	2.5208402912e+03	3.3650164418e+08	1.6781221141e+05	6.8215237026e+10	1.7211427802e+02	7.8955394195e+07
1542	6.4414934886e+04	2.1481220252e+10	2.5318281022e+03	3.3656515602e+08	1.6780827109e+05	6.8186504944e+10	1.7205443672e+02	7.8962371875e+07
1543	6.4781316051e+04	2.1488013676e+10	2.5528105018e+03	3.3675453636e+08	1.6780478151e+05	6.8157933637e+10	1.7199724191e+02	7.8969158991e+07
1544	6.4529719325e+04	2.1473699821e+10	2.5426411227e+03	3.3651479228e+08	1.6780103011e+05	6.8129297714e+10	1.7193835406e+02	7.8975687349e+07
1545	6.4633749894e+04	2.1471876537e+10	2.5510913586e+03	3.3663489335e+08	1.6779689227e+05	6.8100583254e+10	1.7187973985e+02	7.8982502975e+07
1546	6.5089815031e+04	2.1480929851e+10	2.5768432562e+03	3.3686641739e+08	1.6779319523e+05	6.8072050413e+10	1.7182211103e+02	7.8989392985e+07
1547	6.5078528032e+04	2.1467809038e+10	2.5764132512e+03	3.3672057963e+08	1.6778979652e+05	6.8043660096e+10	1.7176439242e+02	7.8996405945e+07
1548	6.4920097064e+04	2.1465175236e+10	2.5786132211e+03	3.3683091662e+08	1.6778601270e+05	6.8015228429e+10	1.7170482707e+02	7.9003470910e+07
1549	6.5119645229e+04	2.1468840867e+10	2.5914453239e+03	3.3700828394e+08	1.6778280041e+05	6.7986974701e+10	1.7164822575e+02	7.9010612835e+07
1550	6.5227386115e+04	2.1469624278e+10	2.6140663704e+03	3.3727175143e+08	1.6777965580e+05	6.7958770399e+10	1.7159308798e+02	7.9017450840e+07
1551	6.5252509374e+04	2.1462789436e+10	2.6032775520e+03	3.3717579477e+08	1.6777599169e+05	6.7930444268e+10	1.7153580365e+02	7.9025005228e+07
1552	6.5492117695e+04	2.1463699122e+10	2.6194328076e+03	3.3737406801e+08	1.6777254940e+05	6.7902224787e+10	1.7147864378e+02	7.9031995931e+07
1553	6.5875387249e+04	2.1475897856e+10	2.6469567253e+03	3.3773101639e+08	1.6776916865e+05	6.7874078320e+10	1.7142193209e+02	7.9039331594e+07
1554	6.5769127965e+04	2.1475304337e+10	2.6565942449e+03	3.3818262605e+08	1.6776637294e+05	6.7846153043e+10	1.7136693637e+02	7.9046412168e+07
1555	6.5428682037e+04	2.1459870905e+10	2.6536256153e+03	3.3827136036e+08	1.6776342796e+05	6.7818179718e+10	1.7131287093e+02	7.9053492564e+07
1556	6.5901218439e+04	2.1476055832e+10	2.6989355489e+03	3.3914307094e+08	1.6775997574e+05	6.7790118761e+10	1.7125527741e+02	7.9061016525e+07
1557	6.5896312776e+04	2.1470815974e+10	2.6975130001e+03	3.3948102836e+08	1.6775713673e+05	6.7762287106e+10	1.7120097432e+02	7.9068430906e+07
1558	6.6516375648e+04	2.1496761015e+10	2.7688269119e+03	3.4149490673e+08	1.6775424029e+05	6.7734483941e+10	1.7114711977e+02	7.9075976299e+07
1559	6.6605691407e+04	2.1495149906e+10	2.8579337871e+03	3.4424864590e+08	1.6775128831e+05	6.7706686228e+10	1.7109226906e+02	7.9083122631e+07
1560	6.6249889378e+04	2.1462084409e+10	2.8201346062e+03	3.4177773785e+08	1.6774872435e+05	6.7679006946e+10	1.7103730539e+02	7.9090349148e+07
1561	6.6038663076e+04	2.1445020133e+10	2.7899485920e+03	3.4219883471e+08	1.6774580093e+05	6.7651274535e+10	1.7098365249e+02	7.9098112730e+07
1562	6.5494496446e+04	2.1397514381e+10	2.6978950652e+03	3.3883933230e+08	1.6774315443e+05	6.7623645045e+10	1.7093119095e+02	7.9105423163e+07
1563	6.5589903791e+04	2.1400770731e+10	2.7166704740e+03	3.3942251244e+08	1.6774042987e+05	6.7596066314e+10	1.7087801535e+02	7.9112884899e+07
1564	6.5840069013e+04	2.1405269666e+10	2.7408547051e+03	3.4009910673e+08	1.6773777486e+05	6.7568549027e+10	1.7082391351e+02	7.9120301471e+07
1565	6.5712345726e+04	2.1399655003e+10	2.7617704428e+03	3.4090948541e+08	1.6773540426e+05	6.7541142053e+10	1.7077256757e+02	7.9127956403e+07
1566	6.5858540478e+04	2.1404569642e+10	2.7996106475e+03	3.4236368132e+08	1.6773310246e+05	6.7513815365e+10	1.7071829835e+02	7.9135703702e+07
1567	6.6477178520e+04	2.1429755145e+10	2.8952517781e+03	3.4528813569e+08	1.6773076477e+05	6.7486486017e+10	1.7066630954e+02	7.9143320644e+07
1568	6.6482380057e+04	2.1425576095e+10	2.9537599693e+03	3.4836366193e+08	1.6772831182e+05	6.7459190531e+10	1.7061376517e+02	7.9151035082e+07
1569	6.7287166500e+04	2.1472373141e+10	3.2685578306e+03	3.6202957099e+08	1.6772605048e+05	6.7431950174e+10	1.7056447095e+02	7.9158697375e+07
1570	6.8132287194e+04	2.1516189825e+10	3.5525556904e+03	3.7460329432e+08	1.6772364253e+05	6.7404691802e+10	1.7051305360e+02	7.9166396380e+07
1571	6.6099023524e+04	2.1368445327e+10	2.7759494416e+03	3.4014833033e+08	1.6772160385e+05	6.7377628850e+10	1.7045936158e+02	7.9174182520e+07
1572	6.5808085700e+04	2.1338115998e+10	2.7509166837e+03	3.3867311487e+08	1.6771968452e+05	6.7350622573e+10	1.7040786086e+02	7.9182374373e+07
1573	6.6568013519e+04	2.1367053457e+10	2.8456512122e+03	3.4144244461e+08	1.6771760422e+05	6.7323569071e+10	1.7035975183e+02	7.9190291532e+07
1574	6.5989872219e+04	2.1325959871e+10	2.7892579624e+03	3.3979563506e+08	1.6771563654e+05	6.7296596764e+10	1.7030901064e+02	7.9197776431e+07
1575	6.5913559073e+04	2.1307570457e+10	2.7527264801e+03	3.3743672923e+08	1.6771334185e+05	6.7269560346e+10	1.7025762371e+02	7.9205516199e+07
1576	6.6511240662e+04	2.1338191729e+10	2.8672395459e+03	3.4021547870e+08	1.6771169638e+05	6.7242750985e+10	1.7020994461e+02	7.9213188856e+07
1577	6.5663055509e+04	2.1287364169e+10	2.7492992043e+03	3.3740194907e+08	1.6770978141e+05	6.7215911049e+10	1.7015917380e+02	7.9221316864e+07
1578	6.5973296034e+04	2.1299356784e+10	2.7796274243e+03	3.3832748159e+08	1.6770811538e+05	6.7189197301e+10	1.7010895188e+02	7.9229374369e+07
1579	6.7055903970e+04	2.1348753232e+10	2.9216242897e+03	3.4239753808e+08	1.6770648097e+05	6.7162531602e+10	1.7005959707e+02	7.9237404937e+07
1580	6.5794538879e+04	2.1255897889e+10	2.7800819686e+03	3.3750578986e+08	1.6770495177e+05	6.7135894864e+10	1.7001199115e+02	7.9245144011e+07
1581	6.5302729501e+04	2.1245147316e+10	2.7591813925e+03	3.3756319714e+08	1.6770314746e+05	6.7109221810e+10	1.6996274808e+02	7.9253009242e+07
1582	6.5599593545e+04	2.1250442554e+10	2.7782590199e+03	3.3796898092e+08	1.6770156588e+05	6.7082648166e+10	1.6991459787e+02	7.9261076523e+07
1583	6.5994740315e+04	2.1259153266e+10	2.8035884945e+03	3.3844981705e+08	1.6770020629e+05	6.7056188880e+10	1.6986640403e+02	7.9269356550e+07
1584	6.6457847825e+04	2.1265563105e+10	2.8454250889e+03	3.3899642691e+08	1.6769867383e+05	6.7029725349e+10	1.6981863168e+02	7.9277556885e+07
1585	6.6385429803e+04	2.1263322255e+10	2.8468666148e+03	3.3940972216e+08	1.6769744413e+05	6.7003382028e+10	1.6976996849e+02	7.9285466165e+07
1586	6.6492364351e+04	2.1267989624e+10	2.9025232722e+03	3.4097659351e+08	1.6769618144e+05	6.6977045390e+10	1.6972366166e+02	7.9293778573e+07
1587	6.6856346358e+04	2.1276820152e+10	3.0541896892e+03	3.4453622695e+08	1.6769469248e+05	6.6950685723e+10	1.6967681615e+02	7.9302035578e+07
1588	6.5765516036e+04	2.1217594215e+10	2.8453597561e+03	3.3970165858e+08	1.6769358645e+05	6.6924469196e+10	1.6962920564e+02	7.9310374865e+07
1589	6.5930538187e+04	2.1218557633e+10	2.8660344951e+03	3.4029253478e+08	1.6769230580e+05	6.6898233098e+10	1.6958154990e+02	7.9318551646e+07
1590	6.6442144752e+04	2.1231232547e+10	2.9193742134e+03	3.4150418584e+08	1.6769134740e+05	6.6872118328e+10	1.6953681735e+02	7.9326555840e+07
1591	6.7035264460e+04	2.1268482074e+10	3.1034962620e+03	3.4742201881e+08	1.6769046390e+05	6.6846060506e+10	1.6949078804e+02	7.9334665700e+07
1592	6.6218756719e+04	2.1213487020e+10	2.9134807470e+03	3.4120274094e+08	1.6768936022e+05	6.6819991899e+10	1.6944443034e+02	7.9342839030e+07
1593	6.5601738657e+04	2.1172631204e+10	2.8680561087e+03	3.3998893309e+08	1.6768833895e+05	6.6793980804e+10	1.6939783057e+02	7.9351155336e+07
1594	6.5953497988e+04	2.1178108450e+10	2.8910738379e+03	3.4045647375e+08	1.6768710949e+05	6.6767884397e+10	1.6935202284e+02	7.9359748807e+07
1595	6.6072579901e+04	2.1179242360e+10	2.9092881683e+03	3.4096278655e+08	1.6768655353e+05	6.6742077178e+10	1.6930830181e+02	7.9367776516e+07
1596	6.6577630021e+04	2.1186914648e+10	2.9473553311e+03	3.4157208612e+08	1.6768588506e+05	6.6716239920e+10	1.6926439894e+02	7.9375907457e+07
1597	6.6030848167e+04	2.1171407806e+10	2.9309558820e+03	3.4187705066e+08	1.6768506761e+05	6.6690486633e+10	1.6921794657e+02	7.9384582293e+07
1598	6.6183711567e+04	2.1173242868e+10	2.9567341337e+03	3.4257581984e+08	1.6768439791e+05	6.6664753061e+10	1.6917237717e+02	7.9393143271e+07
1599	6.6083458233e+04	2.1162122482e+10	2.9657013555e+03	3.4312402180e+08	1.6768363056e+05	6.6639005734e+10	1.6912803071e+02	7.9401782522e+07
1600	6.6400220850e+04	2.1168973264e+10	2.9940362754e+03	3.4399774579e+08	1.6768325712e+05	6.6613395264e+10	1.6908639676e+02	7.9410106091e+07
1601	6.6735402536e+04	2.1179022327e+10	3.0335561223e+03	3.4528329752e+08	1.6768254073e+05	6.6587752089e+10	1.6904151281e+02	7.9418547596e+07
1602	6.7301125582e+04	2.1202879494e+10	3.1160353411e+03	3.4804656972e+08	1.6768212526e+05	6.6562225401e+10	1.6899767350e+02	7.9426968860e+07
1603	6.7521609377e+04	2.1228243422e+10	3.3183514848e+03	3.5660337723e+08	1.6768159828e+05	6.6536680533e+10	1.6895400253e+02	7.9435480934e+07
1604	6.6116675572e+04	2.1126365906e+10	3.0279153367e+03	3.4491342660e+08	1.6768142759e+05	6.6511278200e+10	1.6891150894e+02	7.9444293287e+07
1605	6.6036129758e+04	2.1126905200e+10	3.0402647423e+03	3.4561459541e+08	1.6768068376e+05	6.6485720234e+10	1.6886760172e+02	7.9453132314e+07
1606	6.6306265065e+04	2.1131434920e+10	3.0668265173e+03	3.4645050188e+08	1.6768066042e+05	6.6460471985e+10	1.6882492502e+02	7.9461380306e+07
1607	6.6523688197e+04	2.1136956329e+10	3.0952243833e+03	3.4738749032e+08	1.6768063543e+05	6.6435195807e+10	1.6878373887e+02	7.9469731163e+07
1608	6.7022341397e+04	2.1159497644e+10	3.1664899140e+03	3.4940211209e+08	1.6768003375e+05	6.6409775869e+10	1.6874149102e+02	7.9478190787e+07
1609	6.6773596998e+04	2.1136651506e+10	3.1418314434e+03	3.4912784097e+08	1.6768014156e+05	6.6384629685e+10	1.6869903315e+02	7.9486782920e+07
1610	6.6867168950e+04	2.1136363705e+10	3.1696721910e+03	3.5020003778e+08	1.6767999616e+05	6.6359472322e+10	1.6865594503e+02	7.9496198795e+07
1611	6.7286637334e+04	2.1149604751e+10	3.2126137560e+03	3.5155561017e+08	1.6767978546e+05	6.6334255900e+10	1.6861534703e+02	7.9504735854e+07
1612	6.7575970198e+04	2.1167154231e+10	3.2834695602e+03	3.5387218729e+08	1.6767962744e+05	6.6309114971e+10	1.6857358975e+02	7.9512878683e+07
1613	6.7432726341e+04	2.1153256943e+10	3.3067904713e+03	3.5477534931e+08	1.6768009323e+05	6.6284225345e+10	1.6853431270e+02	7.9521527758e+07
1614	6.7544148409e+04	2.1150335903e+10	3.3161330217e+03	3.5568173177e+08	1.6768008915e+05	6.6259247611e+10	1.6849228697e+02	7.9530341787e+07
1615	6.7560067180e+04	2.1145928332e+10	3.3606253319e+03	3.5746754424e+08	1.6768029078e+05	6.6234335312e+10	1.6845038989e+02	7.9539501596e+07
1616	6.7934651940e+04	2.1170389596e+10	3.4843743537e+03	3.6146614160e+08	1.6768015015e+05	6.6209319444e+10	1.6840900839e+02	7.9548573318e+07
1617	6.7372119590e+04	2.1133947599e+10	3.4243206345e+03	3.6106208014e+08	1.6768058884e+05	6.6184517260e+10	1.6837137649e+02	7.9557079205e+07
1618	6.7457954992e+04	2.1127345192e+10	3.4683051303e+03	3.6320582658e+08	1.6768092621e+05	6.6159756035e+10	1.6833122811e+02	7.9565795773e+07
1619	6.7473575789e+04	2.1127334861e+10	3.5339891734e+03	3.6638926674e+08	1.6768105520e+05	6.6134936931e+10	1.6829021122e+02	7.9574440130e+07
1620	6.7760906086e+04	2.1144510471e+10	3.6357369563e+03	3.7088133064e+08	1.6768147624e+05	6.6110222564e+10	1.6824982204e+02	7.9583411120e+07
1621	6.8469921118e+04	2.1175196686e+10	3.7959220284e+03	3.7776566825e+08	1.6768185863e+05	6.6085520733e+10	1.6821178411e+02	7.9592694527e+07
1622	6.9611105199e+04	2.1229692308e+10	4.1085704776e+03	3.9146922461e+08	1.6768242667e+05	6.6060915959e+10	1.6817299503e+02	7.9601539012e+07
1623	7.1908916028e+04	2.1374604200e+10	5.4213189853e+03	4.5362492906e+08	1.6768275834e+05	6.6036305591e+10	1.6813242211e+02	7.9610074494e+07
1624	6.8996404833e+04	2.1166084872e+10	3.9346728475e+03	3.8490010806e+08	1.6768342483e+05	6.6011829775e+10	1.6809411708e+02	7.9618838931e+07
1625	6.6874068338e+04	2.1059663556e+10	3.6439425899e+03	3.7593235331e+08	1.6768414959e+05	6.5987360760e+10	1.6805687467e+02	7.9627718389e+07
1626	6.6586690550e+04	2.1028846654e+10	3.5991119447e+03	3.7024338674e+08	1.6768471295e+05	6.5962871332e+10	1.6801740160e+02	7.9636732511e+07
1627	6.6334499084e+04	2.1009039115e+10	3.6277759144e+03	3.7274006310e+08	1.6768516741e+05	6.5938395002e+10	1.6797831849e+02	7.9645784469e+07
1628	6.6661416656e+04	2.1016689406e+10	3.7010542474e+03	3.7644146135e+08	1.6768607551e+05	6.5914097308e+10	1.6794160093e+02	7.9654552369e+07
1629	6.7186259973e+04	2.1032332182e+10	3.7946950261e+03	3.8096643109e+08	1.6768682747e+05	6.5889812326e+10	1.6790387319e+02	7.9663284124e+07
1630	6.7266287204e+04	2.1035708865e+10	3.8851677166e+03	3.8598461661e+08	1.6768780079e+05	6.5865626365e+10	1.6786659685e+02	7.9672209792e+07
1631	6.7322274401e+04	2.1036531178e+10	3.9834722419e+03	3.9175595403e+08	1.6768849892e+05	6.5841347872e+10	1.6782818680e+02	7.9681719560e+07
1632	6.7870780106e+04	2.1058614232e+10	4.1224255715e+03	3.9899682017e+08	1.6768932632e+05	6.5817128305e+10	1.6779116157e+02	7.9690999824e+07
1633	6.8124850515e+04	2.1068216654e+10	4.2733176798e+03	4.0768164047e+08	1.6769017810e+05	6.5792989539e+10	1.6775337505e+02	7.9700295798e+07
1634	6.8300166487e+04	2.1080850135e+10	4.4510912511e+03	4.1849507264e+08	1.6769110817e+05	6.5768868263e+10	1.6771717719e+02	7.9708823242e+07
1635	6.8166401236e+04	2.1074526760e+10	4.6675256589e+03	4.3214648439e+08	1.6769272903e+05	6.5744998470e+10	1.6768320563e+02	7.9717425778e+07
1636	6.9038115557e+04	2.1109495714e+10	4.9793453757e+03	4.5078612287e+08	1.6769372013e+05	6.5720977018e+10	1.6764632536e+02	7.9726490870e+07
1637	6.9089582011e+04	2.1123940488e+10	5.3813138817e+03	4.7690573266e+08	1.6769442578e+05	6.5696914056e+10	1.6760669097e+02	7.9736339726e+07
1638	6.9738945981e+04	2.1173202371e+10	5.9964571978e+03	5.1694757639e+08	1.6769514944e+05	6.5672832233e+10	1.6756969952e+02	7.9745583627e+07
1639	7.0851470055e+04	2.1253658225e+10	7.0408059906e+03	5.8753577031e+08	1.6769671863e+05	6.5649030471e+10	1.6753798094e+02	7.9754276496e+07
1640	7.3697062768e+04	2.1444809448e+10	9.4285375905e+03	7.5493273573e+08	1.6769836755e+05	6.5625312635e+10	1.6750439503e+02	7.9762836156e+07
1641	8.0172402584e+04	2.1933579809e+10	1.5739269502e+04	1.2161554315e+09	1.6769938705e+05	6.5601493876e+10	1.6746668636e+02	7.9772136276e+07
1642	6.4857748609e+04	2.0760756857e+10	2.7297966194e+03	3.1897439655e+08	1.6770036549e+05	6.5577682530e+10	1.6742831806e+02	7.9781534592e+07
1643	6.5206343368e+04	2.0763613568e+10	2.7508406143e+03	3.1918539684e+08	1.6770184926e+05	6.5553998624e+10	1.6739341925e+02	7.9791058081e+07
1644	6.4982119998e+04	2.0755185652e+10	2.7505164829e+03	3.1929296970e+08	1.6770348083e+05	6.5530380695e+10	1.6736139307e+02	7.9800038955e+07
1645	6.5158502396e+04	2.0757608090e+10	2.7695090296e+03	3.1955695356e+08	1.6770507559e+05	6.5506794978e+10	1.6732880889e+02	7.9808803466e+07
1646	6.5251033853e+04	2.0754870071e+10	2.7819268169e+03	3.1974190168e+08	1.6770633184e+05	6.5483167275e+10	1.6729277716e+02	7.9817953881e+07
1647	6.5349493691e+04	2.0751343891e+10	2.7891632712e+03	3.1985918784e+08	1.6770757887e+05	6.5459577207e+10	1.6725611409e+02	7.9827342153e+07
1648	6.5187057751e+04	2.0750046112e+10	2.7883444552e+03	3.2011703530e+08	1.6770938953e+05	6.5436158251e+10	1.6722278028e+02	7.9836844027e+07
1649	6.5558555570e+04	2.0757757839e+10	2.8131826006e+03	3.2052534402e+08	1.6771115224e+05	6.5412742655e+10	1.6718989570e+02	7.9846241413e+07
1650	6.6118876639e+04	2.0772228218e+10	2.8620565954e+03	3.2131107557e+08	1.6771298349e+05	6.5389407816e+10	1.6715830708e+02	7.9855316881e+07
1651	6.6448180260e+04	2.0774226902e+10	2.8886529481e+03	3.2167442315e+08	1.6771411317e+05	6.5365914352e+10	1.6712138460e+02	7.9864667358e+07
1652	6.6201454731e+04	2.0757159027e+10	2.8684277609e+03	3.2135288314e+08	1.6771593276e+05	6.5342599038e+10	1.6708919093e+02	7.9873854677e+07
1653	6.7100709260e+04	2.0781915481e+10	3.0080223875e+03	3.2321220511e+08	1.6771784331e+05	6.5319352877e+10	1.6705641714e+02	7.9883252513e+07
1654	6.5769424606e+04	2.0733583869e+10	2.8749689604e+03	3.2175872898e+08	1.6771991012e+05	6.5296169956e+10	1.6702445560e+02	7.9892593963e+07
1655	6.5497992457e+04	2.0721996872e+10	2.8847548323e+03	3.2223469696e+08	1.6772141129e+05	6.5272880443e+10	1.6698975771e+02	7.9901825250e+07
1656	6.5782807085e+04	2.0737873791e+10	2.9649462910e+03	3.2422333994e+08	1.6772313869e+05	6.5249693146e+10	1.6695671038e+02	7.9911108269e+07
1657	6.5594231451e+04	2.0719138857e+10	2.9125329608e+03	3.2303166717e+08	1.6772523782e+05	6.5226612820e+10	1.6692701925e+02	7.9920137478e+07
1658	6.5854951185e+04	2.0720119968e+10	2.9530873956e+03	3.2386771364e+08	1.6772721732e+05	6.5203508479e+10	1.6689471106e+02	7.9929150949e+07
1659	6.6797626123e+04	2.0749954727e+10	3.0639525904e+03	3.2616193431e+08	1.6772919225e+05	6.5180471805e+10	1.6686086310e+02	7.9938652370e+07
1660	6.7438325976e+04	2.0788265873e+10	3.3761016079e+03	3.3506320047e+08	1.6773117358e+05	6.5157473875e+10	1.6682868748e+02	7.9948296358e+07
1661	6.5898012597e+04	2.0703625766e+10	3.1018220252e+03	3.2744628459e+08	1.6773344908e+05	6.5134548867e+10	1.6680010511e+02	7.9957460423e+07
1662	6.4957126225e+04	2.0651194018e+10	2.8882776710e+03	3.2197480007e+08	1.6773516415e+05	6.5111534339e+10	1.6676717907e+02	7.9966996794e+07
1663	6.5027213666e+04	2.0645690085e+10	2.9054583871e+03	3.2215019265e+08	1.6773722226e+05	6.5088625328e+10	1.6673429178e+02	7.9975967829e+07
1664	6.4763231624e+04	2.0633665333e+10	2.8907331436e+03	3.2216785060e+08	1.6773994727e+05	6.5065969875e+10	1.6670404537e+02	7.9985227666e+07
1665	6.4950584610e+04	2.0633525212e+10	2.9046324956e+03	3.2247548778e+08	1.6774215476e+05	6.5043180508e+10	1.6667441366e+02	7.9995194380e+07
1666	6.4933430954e+04	2.0632803643e+10	2.9138349543e+03	3.2280880402e+08	1.6774431409e+05	6.5020384122e+10	1.6664382464e+02	8.0004385412e+07
1667	6.5371227399e+04	2.0636966753e+10	2.9406121320e+03	3.2317918125e+08	1.6774614955e+05	6.4997538520e+10	1.6661069317e+02	8.0013629688e+07
1668	6.5170163798e+04	2.0628441473e+10	2.9414460610e+03	3.2346718918e+08	1.6774846588e+05	6.4974846392e+10	1.6658092091e+02	8.0023044005e+07
1669	6.5175290651e+04	2.0630152222e+10	2.9534824542e+03	3.2387180188e+08	1.6775134721e+05	6.4952353595e+10	1.6655255675e+02	8.0032491319e+07
1670	6.5670554748e+04	2.0639737706e+10	2.9851817793e+03	3.2439758114e+08	1.6775389717e+05	6.4929773465e+10	1.6652313039e+02	8.0041735813e+07
1671	6.5417359821e+04	2.0632196274e+10	2.9879813332e+03	3.2483447852e+08	1.6775561749e+05	6.4907027173e+10	1.6648964032e+02	8.0051415532e+07
1672	6.5696746035e+04	2.0646321776e+10	3.0520908911e+03	3.2675940767e+08	1.6775805716e+05	6.4884509364e+10	1.6645941090e+02	8.0060785230e+07
1673	6.5179954018e+04	2.0610160787e+10	2.9990022379e+03	3.2524383003e+08	1.6776101719e+05	6.4862140800e+10	1.6643325660e+02	8.0070286400e+07
1674	6.5642365185e+04	2.0620534354e+10	3.0334928739e+03	3.2594972836e+08	1.6776378560e+05	6.4839767789e+10	1.6640505640e+02	8.0079579468e+07
1675	6.5396477766e+04	2.0606650591e+10	3.0301009771e+03	3.2612912794e+08	1.6776599737e+05	6.4817265289e+10	1.6637410095e+02	8.0089259673e+07
1676	6.5760694264e+04	2.0612854028e+10	3.0555204937e+03	3.2668229954e+08	1.6776824790e+05	6.4794837471e+10	1.6634173961e+02	8.0099046788e+07
1677	6.6123825086e+04	2.0622997673e+10	3.0899847045e+03	3.2743532059e+08	1.6777109626e+05	6.4772552524e+10	1.6631428874e+02	8.0108384909e+07
1678	6.6155736731e+04	2.0621970475e+10	3.1188001340e+03	3.2830283387e+08	1.6777408872e+05	6.4750311806e+10	1.6628843073e+02	8.0117722700e+07
1679	6.6055696839e+04	2.0609173396e+10	3.1134541186e+03	3.2843562957e+08	1.6777688758e+05	6.4728080974e+10	1.6625922964e+02	8.0127061248e+07
1680	6.6191131738e+04	2.0615521399e+10	3.1482277955e+03	3.2944142713e+08	1.6777958315e+05	6.4705850204e+10	1.6622915225e+02	8.0136466890e+07
1681	6.5932960536e+04	2.0594996893e+10	3.1437803832e+03	3.2970288363e+08	1.6778170244e+05	6.4683473941e+10	1.6620055247e+02	8.0146125552e+07
1682	6.6347480058e+04	2.0606943808e+10	3.1962613302e+03	3.3106170931e+08	1.6778487153e+05	6.4661451918e+10	1.6617481072e+02	8.0155618049e+07
1683	6.5837188956e+04	2.0585060002e+10	3.1775487675e+03	3.3119942873e+08	1.6778759885e+05	6.4639350020e+10	1.6614556115e+02	8.0165360068e+07
1684	6.6255960378e+04	2.0595153719e+10	3.2245680337e+03	3.3274127600e+08	1.6779090740e+05	6.4617400404e+10	1.6611747988e+02	8.0175121307e+07
1685	6.6997162352e+04	2.0619168453e+10	3.3357458300e+03	3.3645485268e+08	1.6779371893e+05	6.4595333320e+10	1.6609001772e+02	8.0184448427e+07
1686	6.7377195770e+04	2.0634112056e+10	3.4251688479e+03	3.3934993177e+08	1.6779672095e+05	6.4573361674e+10	1.6606287308e+02	8.0194101334e+07
1687	6.6076537592e+04	2.0565614247e+10	3.2307396271e+03	3.3206090292e+08	1.6779963992e+05	6.4551407992e+10	1.6603495500e+02	8.0203526772e+07
1688	6.5931588635e+04	2.0552484332e+10	3.2250596115e+03	3.3219297879e+08	1.6780219084e+05	6.4529337882e+10	1.6600828451e+02	8.0212957037e+07
1689	6.6209194490e+04	2.0556461177e+10	3.2527671698e+03	3.3302572212e+08	1.6780522640e+05	6.4507453642e+10	1.6598110612e+02	8.0222806513e+07
1690	6.6172120913e+04	2.0548401492e+10	3.2730844369e+03	3.3376604374e+08	1.6780892795e+05	6.4485797614e+10	1.6595540876e+02	8.0232175299e+07
1691	6.6097551316e+04	2.0553827321e+10	3.2931928576e+03	3.3481465615e+08	1.6781181341e+05	6.4463936762e+10	1.6592751185e+02	8.0241942553e+07
1692	6.6161610274e+04	2.0548680576e+10	3.3157209381e+03	3.3559855782e+08	1.6781494678e+05	6.4442161025e+10	1.6590012872e+02	8.0251265098e+07
1693	6.6298174434e+04	2.0552451355e+10	3.3486682445e+03	3.3676312401e+08	1.6781825505e+05	6.4420445063e+10	1.6587604343e+02	8.0260584916e+07
1694	6.6017863634e+04	2.0541170839e+10	3.3638732522e+03	3.3782914252e+08	1.6782131393e+05	6.4398738099e+10	1.6584871118e+02	8.0270486746e+07
1695	6.6293286699e+04	2.0547332593e+10	3.4039243353e+03	3.3935514905e+08	1.6782461248e+05	6.4377070662e+10	1.6582333028e+02	8.0280098390e+07
1696	6.6655893674e+04	2.0556720558e+10	3.4556944952e+03	3.4129798855e+08	1.6782749664e+05	6.4355330370e+10	1.6579550459e+02	8.0289808960e+07
1697	6.7191670561e+04	2.0572675471e+10	3.5380908702e+03	3.4436486979e+08	1.6783114762e+05	6.4333832335e+10	1.6577124001e+02	8.0299332078e+07
1698	6.7566345270e+04	2.0600357209e+10	3.7105183175e+03	3.5195749680e+08	1.6783467233e+05	6.4312328280e+10	1.6574708668e+02	8.0308533920e+07
1699	6.8545299150e+04	2.0651430663e+10	4.0806657502e+03	3.6818958654e+08	1.6783782195e+05	6.4290797331e+10	1.6572031145e+02	8.0318370897e+07
1700	6.7102140819e+04	2.0531161492e+10	3.5160763375e+03	3.4204538472e+08	1.6784102715e+05	6.4269268793e+10	1.6569168819e+02	8.0328357970e+07
1701	6.6635089287e+04	2.0506446357e+10	3.4921713831e+03	3.4216625042e+08	1.6784517074e+05	6.4248019270e+10	1.6567070823e+02	8.0337568391e+07
1702	6.7036892717e+04	2.0513976147e+10	3.5406482685e+03	3.4348575857e+08	1.6784814162e+05	6.4226436403e+10	1.6564576297e+02	8.0347529856e+07
1703	6.7024499857e+04	2.0508770842e+10	3.5580904194e+03	3.4463981015e+08	1.6785169967e+05	6.4205086552e+10	1.6562074838e+02	8.0356730752e+07
1704	6.6424191181e+04	2.0493716904e+10	3.5681773011e+03	3.4573164416e+08	1.6785476300e+05	6.4183631027e+10	1.6559279958e+02	8.0366313871e+07
1705	6.6786432285e+04	2.0502423199e+10	3.6108392567e+03	3.4723144928e+08	1.6785866571e+05	6.4162436745e+10	1.6556884228e+02	8.0376142489e+07
1706	6.7246414666e+04	2.0512725068e+10	3.6609239784e+03	3.4884624830e+08	1.6786315751e+05	6.4141401764e+10	1.6554830003e+02	8.0385566506e+07
1707	6.6875595571e+04	2.0495946046e+10	3.6889023619e+03	3.5038138398e+08	1.6786645563e+05	6.4120077095e+10	1.6552410940e+02	8.0395284838e+07
1708	6.6818948759e+04	2.0494093655e+10	3.7234886969e+03	3.5211299929e+08	1.6786926787e+05	6.4098659962e+10	1.6549562407e+02	8.0405251682e+07
1709	6.7007086588e+04	2.0500747883e+10	3.7764927865e+03	3.5422901872e+08	1.6787271008e+05	6.4077429325e+10	1.6547109898e+02	8.0414858182e+07
1710	6.7409602158e+04	2.0512178492e+10	3.8472705696e+03	3.5677162298e+08	1.6787706275e+05	6.4056468578e+10	1.6545091689e+02	8.0424175408e+07
1711	6.8099106955e+04	2.0536034300e+10	3.9833670289e+03	3.6115276392e+08	1.6788169957e+05	6.4035595353e+10	1.6542935748e+02	8.0433622895e+07
1712	6.9331560328e+04	2.0582343669e+10	4.2683427908e+03	3.6946514267e+08	1.6788489651e+05	6.4014387184e+10	1.6540304907e+02	8.0443581176e+07
1713	6.7039275201e+04	2.0472128100e+10	3.8903473462e+03	3.6046900319e+08	1.6788808802e+05	6.3993192312e+10	1.6537629463e+02	8.0453424688e+07
1714	6.7372266407e+04	2.0480327700e+10	3.9477182843e+03	3.6290214579e+08	1.6789216268e+05	6.3972277757e+10	1.6535566246e+02	8.0462569433e+07
1715	6.7614228988e+04	2.0482395197e+10	4.0015548117e+03	3.6536196464e+08	1.6789654388e+05	6.3951485144e+10	1.6533475837e+02	8.0472110094e+07
1716	6.7653610179e+04	2.0482670023e+10	4.0586049215e+03	3.6810983423e+08	1.6790030951e+05	6.3930539266e+10	1.6531033885e+02	8.0482306468e+07
1717	6.7749444907e+04	2.0489263578e+10	4.1181724704e+03	3.7114251547e+08	1.6790413058e+05	6.3909599191e+10	1.6528759552e+02	8.0491991170e+07
1718	6.8260950546e+04	2.0501469533e+10	4.1931560217e+03	3.7444793263e+08	1.6790821197e+05	6.3888812042e+10	1.6526366468e+02	8.0501946758e+07
1719	6.8714061208e+04	2.0515311569e+10	4.2766838854e+03	3.7820808277e+08	1.6791219598e+05	6.3867989277e+10	1.6524052276e+02	8.0511404419e+07
1720	6.8574923650e+04	2.0507152105e+10	4.3453059586e+03	3.8194671463e+08	1.6791598928e+05	6.3847112032e+10	1.6521948953e+02	8.0520745776e+07
1721	6.8726621305e+04	2.0512379137e+10	4.4377557207e+03	3.8641771913e+08	1.6792031391e+05	6.3826401120e+10	1.6519802856e+02	8.0529957015e+07
1722	6.8959480609e+04	2.0509452893e+10	4.5358366491e+03	3.9122536992e+08	1.6792453926e+05	6.3805725271e+10	1.6517589362e+02	8.0539736215e+07
1723	6.8640417576e+04	2.0516786678e+10	4.6315258396e+03	3.9677100222e+08	1.6792845719e+05	6.3784990774e+10	1.6515372023e+02	8.0549870874e+07
1724	6.8853754480e+04	2.0527692792e+10	4.7564894306e+03	4.0319491597e+08	1.6793276807e+05	6.3764433939e+10	1.6513002477e+02	8.0559697417e+07
1725	6.9001040175e+04	2.0538246398e+10	4.8920940689e+03	4.1063665492e+08	1.6793670437e+05	6.3743727985e+10	1.6510867322e+02	8.0569207623e+07
1726	6.9576218166e+04	2.0569459866e+10	5.0800369641e+03	4.2030664462e+08	1.6794122746e+05	6.3723206443e+10	1.6508913994e+02	8.0578443560e+07
1727	6.9408819442e+04	2.0554906572e+10	5.2350983276e+03	4.2921995370e+08	1.6794555964e+05	6.3702675625e+10	1.6506785830e+02	8.0588286005e+07
1728	7.0042784002e+04	2.0578376717e+10	5.4691058589e+03	4.4180567739e+08	1.6794973334e+05	6.3682131421e+10	1.6504540056e+02	8.0597998640e+07
1729	7.0369412861e+04	2.0596470209e+10	5.7575016732e+03	4.5768149687e+08	1.6795411842e+05	6.3661680801e+10	1.6502408089e+02	8.0607637597e+07
1730	7.0429758191e+04	2.0610697188e+10	6.0981736734e+03	4.7799331932e+08	1.6795852907e+05	6.3641279036e+10	1.6500267633e+02	8.0617251592e+07
1731	7.1338766791e+04	2.0656034578e+10	6.5905291473e+03	5.0644245372e+08	1.6796283890e+05	6.3620831364e+10	1.6498235132e+02	8.0627243456e+07
1732	7.2301139723e+04	2.0706442362e+10	7.2991569351e+03	5.4841361463e+08	1.6796702165e+05	6.3600362328e+10	1.6496245570e+02	8.0636500957e+07
1733	7.3687102539e+04	2.0796897124e+10	8.4722885407e+03	6.2004487057e+08	1.6797161361e+05	6.3580068558e+10	1.6494070732e+02	8.0646119918e+07
1734	7.7258624365e+04	2.1001606286e+10	1.1021688339e+04	7.7961307054e+08	1.6797641686e+05	6.3559836455e+10	1.6492046408e+02	8.0655964604e+07
1735	8.6473283172e+04	2.1642674756e+10	2.0644946953e+04	1.4090638064e+09	1.6798087598e+05	6.3539538611e+10	1.6489989047e+02	8.0665431465e+07
1736	6.6360557830e+04	2.0280847514e+10	3.7362305175e+03	3.4646180738e+08	1.6798522810e+05	6.3519215178e+10	1.6488003327e+02	8.0674920232e+07
1737	6.6443995161e+04	2.0285041882e+10	3.7888100240e+03	3.4913016849e+08	1.6798950189e+05	6.3498909640e+10	1.6485968242e+02	8.0684983137e+07
1738	6.7052748792e+04	2.0304224359e+10	3.8705029493e+03	3.5234687639e+08	1.6799429406e+05	6.3478793630e+10	1.6484032229e+02	8.0694593515e+07
1739	6.7200242571e+04	2.0307550734e+10	3.9532789466e+03	3.5580803467e+08	1.6799892296e+05	6.3458625882e+10	1.6482039883e+02	8.0704152353e+07
1740	6.7255191630e+04	2.0307662396e+10	4.0234517842e+03	3.5952271098e+08	1.6800369783e+05	6.3438543432e+10	1.6479989382e+02	8.0714057897e+07
1741	6.7898221000e+04	2.0331879537e+10	4.1894430224e+03	3.6615228453e+08	1.6800871353e+05	6.3418539747e+10	1.6478153816e+02	8.0723268296e+07
1742	6.9510169867e+04	2.0408137530e+10	4.7305834613e+03	3.8674420227e+08	1.6801323599e+05	6.3398447605e+10	1.6476074422e+02	8.0732922925e+07
1743	6.7612082924e+04	2.0300906305e+10	4.2041902420e+03	3.6876383734e+08	1.6801769065e+05	6.3378337497e+10	1.6474224897e+02	8.0742898394e+07
1744	6.7071881744e+04	2.0262757864e+10	4.2027812522e+03	3.7004821040e+08	1.6802234515e+05	6.3358285582e+10	1.6472347958e+02	8.0752500255e+07
1745	6.7127589986e+04	2.0264831257e+10	4.2880765824e+03	3.7465233258e+08	1.6802729230e+05	6.3338355866e+10	1.6470278574e+02	8.0762247900e+07
1746	6.7772027383e+04	2.0285867617e+10	4.4038747047e+03	3.8004935998e+08	1.6803245208e+05	6.3318520047e+10	1.6468418413e+02	8.0771859579e+07
1747	6.7562722231e+04	2.0274236014e+10	4.4956615821e+03	3.8534055304e+08	1.6803743361e+05	6.3298601655e+10	1.6466804507e+02	8.0781100358e+07
1748	6.7056443459e+04	2.0257552849e+10	4.5905373461e+03	3.9124548663e+08	1.6804220613e+05	6.3278702656e+10	1.6464836314e+02	8.0790781011e+07
1749	6.7559113381e+04	2.0271537139e+10	4.7261621139e+03	3.9837750109e+08	1.6804680238e+05	6.3258779472e+10	1.6462864594e+02	8.0800748330e+07
1750	6.8314361799e+04	2.0289530477e+10	4.8839966580e+03	4.0644531725e+08	1.6805192201e+05	6.3239020557e+10	1.6460982430e+02	8.0810441614e+07
1751	6.8673035882e+04	2.0302008664e+10	5.0533248240e+03	4.1573172637e+08	1.6805727128e+05	6.3219363749e+10	1.6459118471e+02	8.0820144349e+07
1752	6.8433738625e+04	2.0310776049e+10	5.2349803216e+03	4.2641943329e+08	1.6806219972e+05	6.3199552915e+10	1.6457445565e+02	8.0829520703e+07
1753	6.8146331130e+04	2.0308707551e+10	5.4423644446e+03	4.3884499988e+08	1.6806722277e+05	6.3179795520e+10	1.6455787156e+02	8.0838786080e+07
1754	6.8880359841e+04	2.0339545160e+10	5.7113215380e+03	4.5394496742e+08	1.6807223450e+05	6.3160107220e+10	1.6453908547e+02	8.0848758158e+07
1755	6.9317680934e+04	2.0360477174e+10	6.0243931939e+03	4.7226535852e+08	1.6807718875e+05	6.3140431680e+10	1.6452067857e+02	8.0858708539e+07
1756	6.9594952407e+04	2.0377449477e+10	6.3960465368e+03	4.9476360927e+08	1.6808248983e+05	6.3120847154e+10	1.6450244491e+02	8.0868219811e+07
1757	7.0158550983e+04	2.0406461781e+10	6.8741279277e+03	5.2390919644e+08	1.6808780846e+05	6.3101287833e+10	1.6448356046e+02	8.0877776223e+07
1758	7.0964454635e+04	2.0448911493e+10	7.5167681353e+03	5.6348835953e+08	1.6809350275e+05	6.3081842607e+10	1.6446835526e+02	8.0886914327e+07
1759	7.1839599609e+04	2.0508793558e+10	8.4182824768e+03	6.2019835287e+08	1.6809866928e+05	6.3062292122e+10	1.6445332384e+02	8.0896567635e+07
1760	7.3444744727e+04	2.0611885600e+10	9.8456286593e+03	7.1154391744e+08	1.6810337693e+05	6.3042619626e+10	1.6443490139e+02	8.0906557315e+07
1761	7.6810146487e+04	2.0818732323e+10	1.2622380937e+04	8.9249099440e+08	1.6810824755e+05	6.3023024016e+10	1.6441573778e+02	8.0916307261e+07
1762	9.3489377325e+04	2.1912761657e+10	2.8216540846e+04	1.9381125084e+09	1.6811406297e+05	6.3003722815e+10	1.6439919848e+02	8.0926101817e+07
1763	6.6380876140e+04	2.0087643212e+10	3.0962212069e+03	2.9605756503e+08	1.6811975364e+05	6.2984391394e+10	1.6438342368e+02	8.0935385062e+07
1764	6.5604629915e+04	2.0026416989e+10	2.8758705452e+03	2.7840685114e+08	1.6812551319e+05	6.2965131052e+10	1.6436665589e+02	8.0944856674e+07
1765	6.6305477993e+04	2.0046257372e+10	3.2288001494e+03	2.9000068512e+08	1.6813058700e+05	6.2945652653e+10	1.6435089456e+02	8.0954214100e+07
1766	6.7315656208e+04	2.0112696295e+10	4.9263598011e+03	3.5602521936e+08	1.6813570404e+05	6.2926257702e+10	1.6433294813e+02	8.0964115785e+07
1767	6.4517522873e+04	1.9966894798e+10	2.7900302542e+03	2.7601385284e+08	1.6814121293e+05	6.2906949398e+10	1.6431707520e+02	8.0973581488e+07
1768	6.2429184538e+04	1.9846138773e+10	2.0087375672e+03	2.5441482015e+08	1.6814668013e+05	6.2887642632e+10	1.6430145470e+02	8.0983390267e+07
1769	6.2421657802e+04	1.9843803620e+10	2.0067333466e+03	2.5437055795e+08	1.6815238818e+05	6.2868452845e+10	1.6428453224e+02	8.0992740925e+07
1770	6.2566621586e+04	1.9844095746e+10	2.0136980697e+03	2.5436820340e+08	1.6815832618e+05	6.2849380695e+10	1.6426854648e+02	8.1002102160e+07
1771	6.2782811470e+04	1.9847382541e+10	2.0345275929e+03	2.5447153736e+08	1.6816379488e+05	6.2830185262e+10	1.6425283477e+02	8.1012051264e+07
1772	6.2816841397e+04	1.9840836492e+10	2.0369389901e+03	2.5438120032e+08	1.6816910768e+05	6.2810932228e+10	1.6423761677e+02	8.1021719689e+07
1773	6.3351688520e+04	1.9847988616e+10	2.0808202248e+03	2.5450979866e+08	1.6817471186e+05	6.2791776699e+10	1.6422167826e+02	8.1031206327e+07
1774	6.2990381415e+04	1.9840994404e+10	2.0727861543e+03	2.5464716696e+08	1.6818036005e+05	6.2772651030e+10	1.6420510846e+02	8.1040948222e+07
1775	6.3498078069e+04	1.9850985915e+10	2.1361658278e+03	2.5520885139e+08	1.6818642917e+05	6.2753659280e+10	1.6419123151e+02	8.1050112118e+07
1776	6.3970980633e+04	1.9868173140e+10	2.3223941318e+03	2.5764074613e+08	1.6819252741e+05	6.2734773740e+10	1.6417560693e+02	8.1059711290e+07
1777	6.3372210712e+04	1.9835748092e+10	2.1215964539e+03	2.5487726060e+08	1.6819799454e+05	6.2715685751e+10	1.6415991504e+02	8.1069470356e+07
1778	6.4257595384e+04	1.9865814014e+10	2.2876779258e+03	2.5724258080e+08	1.6820352817e+05	6.2696595068e+10	1.6414541016e+02	8.1078947826e+07
1779	6.3307525587e+04	1.9834411802e+10	2.1856116700e+03	2.5577932131e+08	1.6820951397e+05	6.2677655129e+10	1.6413106000e+02	8.1088429384e+07
1780	6.3380589357e+04	1.9824997558e+10	2.3229254461e+03	2.5684829285e+08	1.6821556395e+05	6.2658785292e+10	1.6411574817e+02	8.1098220870e+07
1781	6.2080666653e+04	1.9774066685e+10	2.0147639291e+03	2.5325270514e+08	1.6822141863e+05	6.2639896322e+10	1.6410010450e+02	8.1107693243e+07
1782	6.2110247191e+04	1.9769815282e+10	2.0206489853e+03	2.5321263964e+08	1.6822738815e+05	6.2621027061e+10	1.6408589266e+02	8.1116890922e+07
1783	6.2352001746e+04	1.9769749793e+10	2.0383217836e+03	2.5322070030e+08	1.6823323763e+05	6.2602144039e+10	1.6407103707e+02	8.1126555111e+07
1784	6.2337400342e+04	1.9768431531e+10	2.0422272180e+03	2.5325452870e+08	1.6823938400e+05	6.2583335378e+10	1.6405871734e+02	8.1135772753e+07
1785	6.2530603904e+04	1.9769449011e+10	2.0590331877e+03	2.5334099319e+08	1.6824563779e+05	6.2564613278e+10	1.6404436313e+02	8.1145459140e+07
1786	6.2674083675e+04	1.9773759165e+10	2.0844852133e+03	2.5356619325e+08	1.6825146215e+05	6.2545797795e+10	1.6402847818e+02	8.1155181838e+07
1787	6.2621188621e+04	1.9767709553e+10	2.0977369359e+03	2.5374707077e+08	1.6825753582e+05	6.2527055761e+10	1.6401424703e+02	8.1164652302e+07
1788	6.2905281703e+04	1.9772477513e+10	2.1513950719e+03	2.5437773495e+08	1.6826368019e+05	6.2508358055e+10	1.6400060451e+02	8.1174291550e+07
1789	6.3404353941e+04	1.9785287772e+10	2.2977862582e+03	2.5638836353e+08	1.6826995157e+05	6.2489674257e+10	1.6398837314e+02	8.1183772532e+07
1790	6.4359301249e+04	1.9812375093e+10	2.6866468473e+03	2.6245484110e+08	1.6827614566e+05	6.2471017286e+10	1.6397417256e+02	8.1193123616e+07
1791	6.2634449637e+04	1.9739935826e+10	2.0261389288e+03	2.5224763368e+08	1.6828245754e+05	6.2452411289e+10	1.6396000769e+02	8.1202601014e+07
1792	6.2782156736e+04	1.9747288479e+10	2.0474642380e+03	2.5256130002e+08	1.6828878858e+05	6.2433821444e+10	1.6394622126e+02	8.1212095838e+07
1793	6.2761554808e+04	1.9735245555e+10	2.0388878590e+03	2.5215963069e+08	1.6829504439e+05	6.2415228299e+10	1.6393359587e+02	8.1221415974e+07
1794	6.2902192451e+04	1.9735337187e+10	2.0469417864e+03	2.5218738519e+08	1.6830133295e+05	6.2396664375e+10	1.6392076981e+02	8.1231149310e+07
1795	6.2912380421e+04	1.9737342837e+10	2.0600800190e+03	2.5238241726e+08	1.6830761675e+05	6.2378117428e+10	1.6390624633e+02	8.1240758387e+07
1796	6.3499089001e+04	1.9753801774e+10	2.1289699088e+03	2.5315124656e+08	1.6831392634e+05	6.2359556241e+10	1.6389284479e+02	8.1249869649e+07
1797	6.3172595175e+04	1.9732861921e+10	2.0909703164e+03	2.5250041721e+08	1.6832067258e+05	6.2341147825e+10	1.6388165734e+02	8.1259184136e+07
1798	6.3093390474e+04	1.9717183901e+10	2.0754072688e+03	2.5201032036e+08	1.6832734548e+05	6.2322763134e+10	1.6386830721e+02	8.1268557423e+07
1799	6.2722616411e+04	1.9703750736e+10	2.0441851263e+03	2.5177090293e+08	1.6833383215e+05	6.2304330556e+10	1.6385639013e+02	8.1278051332e+07
1800	6.3085734369e+04	1.9707668725e+10	2.0670093142e+03	2.5179615579e+08	1.6834004064e+05	6.2285833977e+10	1.6384242366e+02	8.1287778669e+07
1801	6.3277409325e+04	1.9708213942e+10	2.0833836914e+03	2.5183784613e+08	1.6834662551e+05	6.2267448493e+10	1.6382913619e+02	8.1297238514e+07
1802	6.3112787640e+04	1.9701277289e+10	2.0745988693e+03	2.5181545282e+08	1.6835354487e+05	6.2249155645e+10	1.6381745027e+02	8.1306464535e+07
1803	6.3219322226e+04	1.9698044536e+10	2.0798525673e+03	2.5180869022e+08	1.6836006827e+05	6.2230757168e+10	1.6380638149e+02	8.1315842949e+07
1804	6.3610374011e+04	1.9703372837e+10	2.1073777006e+03	2.5195755086e+08	1.6836697332e+05	6.2212491243e+10	1.6379440726e+02	8.1325224597e+07
1805	6.3599304968e+04	1.9697592648e+10	2.1215691071e+03	2.5197167880e+08	1.6837360352e+05	6.2194211282e+10	1.6378164000e+02	8.1334649260e+07
1806	6.3290096383e+04	1.9693177133e+10	2.1116835904e+03	2.5208546707e+08	1.6838034976e+05	6.2175925333e+10	1.6377017758e+02	8.1344295984e+07
1807	6.3668123439e+04	1.9695905506e+10	2.1554500456e+03	2.5240920727e+08	1.6838713046e+05	6.2157661121e+10	1.6375737452e+02	8.1353586698e+07
1808	6.3646787884e+04	1.9707128899e+10	2.3142233159e+03	2.5577963581e+08	1.6839401540e+05	6.2139458729e+10	1.6374511893e+02	8.1362978676e+07
1809	6.2633609846e+04	1.9659107147e+10	2.0789789589e+03	2.5155146428e+08	1.6840104807e+05	6.2121307617e+10	1.6373480261e+02	8.1372389428e+07
1810	6.2617170059e+04	1.9656741478e+10	2.0816095012e+03	2.5159395501e+08	1.6840858231e+05	6.2103283418e+10	1.6372560472e+02	8.1381599490e+07
1811	6.2845952998e+04	1.9657596223e+10	2.0985102259e+03	2.5166511953e+08	1.6841493409e+05	6.2084975465e+10	1.6371203144e+02	8.1391425901e+07
1812	6.2735126574e+04	1.9653341522e+10	2.0936303833e+03	2.5172143931e+08	1.6842167452e+05	6.2066781296e+10	1.6369941500e+02	8.1401058028e+07
1813	6.2871150165e+04	1.9653019947e+10	2.1026829830e+03	2.5181808286e+08	1.6842898840e+05	6.2048742560e+10	1.6368812191e+02	8.1410371364e+07
1814	6.3018333537e+04	1.9653099372e+10	2.1127772858e+03	2.5194541479e+08	1.6843637757e+05	6.2030706412e+10	1.6367907752e+02	8.1419515871e+07
1815	6.3179696002e+04	1.9653623540e+10	2.1240495882e+03	2.5209866486e+08	1.6844392597e+05	6.2012743232e+10	1.6367058590e+02	8.1428513763e+07
1816	6.3359660594e+04	1.9654721893e+10	2.1370961530e+03	2.5230133527e+08	1.6845107546e+05	6.1994680358e+10	1.6365905855e+02	8.1438115197e+07
1817	6.3567637124e+04	1.9656714852e+10	2.1526353025e+03	2.5256574432e+08	1.6845783445e+05	6.1976528289e+10	1.6364617254e+02	8.1447931455e+07
1818	6.3819802131e+04	1.9659991112e+10	2.1718632527e+03	2.5291024052e+08	1.6846499110e+05	6.1958504049e+10	1.6363410149e+02	8.1457512320e+07
1819	6.4170764952e+04	1.9665875546e+10	2.1993623977e+03	2.5339846903e+08	1.6847273241e+05	6.1940597164e+10	1.6362555259e+02	8.1466597654e+07
1820	6.4807277953e+04	1.9681658491e+10	2.2595783322e+03	2.5445998792e+08	1.6848052237e+05	6.1922700141e+10	1.6361846723e+02	8.1475505524e+07
1821	6.4471160867e+04	1.9667557244e+10	2.2577400179e+03	2.5468934399e+08	1.6848806984e+05	6.1904765302e+10	1.6360950295e+02	8.1484721680e+07
1822	6.5125203200e+04	1.9683022457e+10	2.3430055111e+03	2.5611747894e+08	1.6849555023e+05	6.1886839430e+10	1.6359833699e+02	8.1494260246e+07
1823	6.4785155932e+04	1.9671842506e+10	2.3470975178e+03	2.5737721105e+08	1.6850260717e+05	6.1868812173e+10	1.6358585759e+02	8.1503932926e+07
1824	6.5220599238e+04	1.9683022875e+10	2.4465580517e+03	2.6031381448e+08	1.6851023931e+05	6.1850941972e+10	1.6357586091e+02	8.1513477111e+07
1825	6.5188539917e+04	1.9690471899e+10	2.5665136457e+03	2.6600948615e+08	1.6851839632e+05	6.1833174207e+10	1.6356912859e+02	8.1522781717e+07
1826	6.5956546388e+04	1.9744419397e+10	3.1020065410e+03	2.8901963223e+08	1.6852635539e+05	6.1815384212e+10	1.6356177993e+02	8.1531838626e+07
1827	6.5945928357e+04	1.9736513282e+10	3.0045192389e+03	2.8414697356e+08	1.6853435927e+05	6.1797635243e+10	1.6355327043e+02	8.1540923382e+07
1828	6.4131648382e+04	1.9607827750e+10	2.2120955544e+03	2.4981408253e+08	1.6854206539e+05	6.1779815188e+10	1.6354226530e+02	8.1550901555e+07
1829	6.3747195463e+04	1.9588148823e+10	2.1640136797e+03	2.4922119979e+08	1.6854962683e+05	6.1761960077e+10	1.6353115452e+02	8.1560721743e+07
1830	6.3710180389e+04	1.9585900358e+10	2.1846040185e+03	2.4946995561e+08	1.6855801131e+05	6.1744245810e+10	1.6352473292e+02	8.1570028472e+07
1831	6.3528317038e+04	1.9578310016e+10	2.1998379535e+03	2.4977399418e+08	1.6856606479e+05	6.1726466020e+10	1.6351677918e+02	8.1579324271e+07
1832	6.3971367874e+04	1.9592487864e+10	2.3558835682e+03	2.5193175331e+08	1.6857445464e+05	6.1708773896e+10	1.6351118447e+02	8.1588148858e+07
1833	6.3906665374e+04	1.9583513015e+10	2.2644719819e+03	2.5049202262e+08	1.6858272303e+05	6.1691052772e+10	1.6350450052e+02	8.1597200012e+07
1834	6.3334963923e+04	1.9553917862e+10	2.1371428884e+03	2.4867742946e+08	1.6859052149e+05	6.1673239998e+10	1.6349234481e+02	8.1607322984e+07
1835	6.3265548591e+04	1.9544110696e+10	2.1332808220e+03	2.4851057915e+08	1.6859936179e+05	6.1655690456e+10	1.6348587967e+02	8.1616694531e+07
1836	6.3472627871e+04	1.9544683090e+10	2.1456009627e+03	2.4854888043e+08	1.6860784632e+05	6.1638043488e+10	1.6347851218e+02	8.1626096914e+07
1837	6.3768787197e+04	1.9546743667e+10	2.1644349250e+03	2.4861922386e+08	1.6861616413e+05	6.1620361032e+10	1.6347165523e+02	8.1635357628e+07
1838	6.4250770561e+04	1.9551746003e+10	2.2026768811e+03	2.4878266398e+08	1.6862511624e+05	6.1602790023e+10	1.6346761868e+02	8.1644496265e+07
1839	6.3778686177e+04	1.9542058634e+10	2.1744584445e+03	2.4867630848e+08	1.6863382909e+05	6.1585208347e+10	1.6346028064e+02	8.1653818420e+07
1840	6.3836456563e+04	1.9543338322e+10	2.1880792878e+03	2.4879229580e+08	1.6864249967e+05	6.1567633926e+10	1.6345207275e+02	8.1663826940e+07
1841	6.4099291531e+04	1.9546423818e+10	2.2093383772e+03	2.4896702360e+08	1.6865119065e+05	6.1549991464e+10	1.6344478015e+02	8.1673309970e+07
1842	6.4437903004e+04	1.9551484103e+10	2.2382463922e+03	2.4922814985e+08	1.6866026054e+05	6.1532471651e+10	1.6343831748e+02	8.1682630913e+07
1843	6.4980683353e+04	1.9560523004e+10	2.2867434749e+03	2.4964401971e+08	1.6866928585e+05	6.1514858929e+10	1.6343649900e+02	8.1691350881e+07
1844	6.5585904246e+04	1.9575883942e+10	2.3581454746e+03	2.5044254982e+08	1.6867868161e+05	6.1497398229e+10	1.6343165295e+02	8.1700641819e+07
1845	6.5460572521e+04	1.9580700307e+10	2.4392627123e+03	2.5184095232e+08	1.6868758547e+05	6.1479801428e+10	1.6342559740e+02	8.1710052522e+07
1846	6.6341531350e+04	1.9610495381e+10	2.7414962606e+03	2.5701464394e+08	1.6869669122e+05	6.1462282772e+10	1.6341811069e+02	8.1719902733e+07
1847	6.6471670756e+04	1.9608992961e+10	2.7392581803e+03	2.5712201544e+08	1.6870618899e+05	6.1444843891e+10	1.6341290195e+02	8.1729586014e+07
1848	6.5289334595e+04	1.9543905695e+10	2.6232063356e+03	2.5208735545e+08	1.6871584022e+05	6.1427407721e+10	1.6341084188e+02	8.1738791161e+07
1849	6.3776139790e+04	1.9492931556e+10	2.1978350413e+03	2.4802076964e+08	1.6872562412e+05	6.1410038482e+10	1.6340902089e+02	8.1747598845e+07
1850	6.3698945311e+04	1.9486766877e+10	2.2155346572e+03	2.4819729102e+08	1.6873504694e+05	6.1392560151e+10	1.6340370699e+02	8.1757367392e+07
1851	6.4051923920e+04	1.9490639104e+10	2.2593257082e+03	2.4856573119e+08	1.6874461811e+05	6.1375099095e+10	1.6339905194e+02	8.1767090930e+07
1852	6.3862095403e+04	1.9486062822e+10	2.3125944645e+03	2.4932352228e+08	1.6875438970e+05	6.1357659168e+10	1.6339501039e+02	8.1776682698e+07
1853	6.5324210463e+04	1.9530560359e+10	2.8793280215e+03	2.5739745533e+08	1.6876445636e+05	6.1340270595e+10	1.6339193211e+02	8.1786052411e+07
1854	6.3207152089e+04	1.9448670465e+10	2.1569724613e+03	2.4716088078e+08	1.6877493199e+05	6.1322995744e+10	1.6339168330e+02	8.1795134426e+07
1855	6.3099017752e+04	1.9444652150e+10	2.1597842139e+03	2.4717707939e+08	1.6878507190e+05	6.1305616339e+10	1.6339113984e+02	8.1803903289e+07
1856	6.3039640012e+04	1.9440034385e+10	2.1586645876e+03	2.4717612992e+08	1.6879467687e+05	6.1288140667e+10	1.6338575360e+02	8.1813884591e+07
1857	6.3184055494e+04	1.9439479423e+10	2.1662158586e+03	2.4719838136e+08	1.6880492537e+05	6.1270782473e+10	1.6338436357e+02	8.1823779419e+07
1858	6.3347958061e+04	1.9439302044e+10	2.1746631831e+03	2.4722318512e+08	1.6881559238e+05	6.1253528795e+10	1.6338282328e+02	8.1833282309e+07
1859	6.3551363071e+04	1.9440029158e+10	2.1852588077e+03	2.4726393224e+08	1.6882620661e+05	6.1236255861e+10	1.6338093012e+02	8.1843020774e+07
1860	6.3952145596e+04	1.9445011611e+10	2.2139501270e+03	2.4738920281e+08	1.6883697318e+05	6.1218972231e+10	1.6338286524e+02	8.1852168527e+07
1861	6.3885973922e+04	1.9439021302e+10	2.2071894728e+03	2.4736378473e+08	1.6884805993e+05	6.1201791154e+10	1.6338413393e+02	8.1861181890e+07
1862	6.4133294507e+04	1.9443467960e+10	2.2296955885e+03	2.4750424729e+08	1.6885831861e+05	6.1184377431e+10	1.6338153604e+02	8.1871130266e+07
1863	6.3993268905e+04	1.9437815679e+10	2.2215806093e+03	2.4751723008e+08	1.6886892074e+05	6.1167040883e+10	1.6338037568e+02	8.1880915522e+07
1864	6.3930201186e+04	1.9432527757e+10	2.2255267206e+03	2.4757015846e+08	1.6888042068e+05	6.1149929582e+10	1.6338083012e+02	8.1890533337e+07
1865	6.4326125578e+04	1.9439550230e+10	2.2571971047e+03	2.4784159608e+08	1.6889153339e+05	6.1132652235e+10	1.6338220777e+02	8.1899723923e+07
1866	6.4016501003e+04	1.9428833241e+10	2.2415452358e+03	2.4780122923e+08	1.6890292615e+05	6.1115436786e+10	1.6338644542e+02	8.1908716651e+07
1867	6.4250455335e+04	1.9431821911e+10	2.2580467036e+03	2.4802223183e+08	1.6891425386e+05	6.1098209831e+10	1.6338844788e+02	8.1917833280e+07
1868	6.4562757777e+04	1.9437820792e+10	2.2827097119e+03	2.4841650043e+08	1.6892565786e+05	6.1081004775e+10	1.6338865506e+02	8.1927786055e+07
1869	6.5176084605e+04	1.9455919742e+10	2.3505658174e+03	2.4972902311e+08	1.6893714835e+05	6.1063818254e+10	1.6339035379e+02	8.1937801763e+07
1870	6.5146304583e+04	1.9445802603e+10	2.3369326312e+03	2.4902894665e+08	1.6894867361e+05	6.1046581765e+10	1.6339182625e+02	8.1947534395e+07
1871	6.4568219697e+04	1.9414863126e+10	2.2852349906e+03	2.4774291708e+08	1.6896083189e+05	6.1029486181e+10	1.6339754278e+02	8.1956882919e+07
1872	6.4995366872e+04	1.9418532910e+10	2.3169740212e+03	2.4793361475e+08	1.6897301498e+05	6.1012402924e+10	1.6340244543e+02	8.1966043588e+07
1873	6.5066815269e+04	1.9421391422e+10	2.3263004974e+03	2.4819131093e+08	1.6898487923e+05	6.0995188436e+10	1.6340551526e+02	8.1975280378e+07
1874	6.5563606245e+04	1.9428753203e+10	2.3632857710e+03	2.4855587943e+08	1.6899729604e+05	6.0978130199e+10	1.6340952568e+02	8.1985151805e+07
1875	6.6395134951e+04	1.9444535200e+10	2.4347805235e+03	2.4922555951e+08	1.6900917439e+05	6.0960889216e+10	1.6341284077e+02	8.1994900844e+07
1876	6.7019352278e+04	1.9460968447e+10	2.5405687832e+03	2.5051759734e+08	1.6902139205e+05	6.0943706666e+10	1.6341657251e+02	8.2004629136e+07
1877	6.6198962146e+04	1.9439551090e+10	2.5565028535e+03	2.5113257768e+08	1.6903426375e+05	6.0926682398e+10	1.6342508875e+02	8.2013673609e+07
1878	6.6594118049e+04	1.9453548450e+10	2.7255208948e+03	2.5376012617e+08	1.6904712089e+05	6.0909658269e+10	1.6343133777e+02	8.2022997855e+07
1879	6.5175417324e+04	1.9415015912e+10	2.5119706550e+03	2.5098675862e+08	1.6905982487e+05	6.0892563780e+10	1.6343732532e+02	8.2032861553e+07
1880	6.4656082730e+04	1.9382769540e+10	2.3706450080e+03	2.4859516794e+08	1.6907259127e+05	6.0875448242e+10	1.6344302881e+02	8.2042864076e+07
1881	6.4688531185e+04	1.9386319723e+10	2.3870777524e+03	2.4902789256e+08	1.6908576589e+05	6.0858420838e+10	1.6344934277e+02	8.2052547329e+07
1882	6.5086841442e+04	1.9393899904e+10	2.4307215926e+03	2.4964044355e+08	1.6909931910e+05	6.0841444225e+10	1.6345862781e+02	8.2061761724e+07
1883	6.5749090688e+04	1.9408288231e+10	2.5081936119e+03	2.5064992057e+08	1.6911233447e+05	6.0824305848e+10	1.6346641645e+02	8.2071377364e+07
1884	6.6387972764e+04	1.9429113382e+10	2.6430870802e+03	2.5267119839e+08	1.6912568148e+05	6.0807220034e+10	1.6347512992e+02	8.2080646122e+07
1885	6.6638111360e+04	1.9437256885e+10	2.8578766306e+03	2.5665791969e+08	1.6913940553e+05	6.0790221447e+10	1.6348454014e+02	8.2090381853e+07
1886	6.6774848198e+04	1.9447892722e+10	3.2545932488e+03	2.6619259199e+08	1.6915303248e+05	6.0773207590e+10	1.6349293884e+02	8.2100484522e+07
1887	6.4591905685e+04	1.9353177007e+10	2.3841488674e+03	2.4900176587e+08	1.6916689213e+05	6.0756189065e+10	1.6350233560e+02	8.2110114055e+07
1888	6.4887981238e+04	1.9358594552e+10	2.4156485292e+03	2.4960340119e+08	1.6918093462e+05	6.0739238930e+10	1.6351302245e+02	8.2119794302e+07
1889	6.4969509029e+04	1.9359088638e+10	2.4665121413e+03	2.5072237061e+08	1.6919517148e+05	6.0722292938e+10	1.6352459378e+02	8.2129212782e+07
1890	6.5203459839e+04	1.9369260794e+10	2.5373198569e+03	2.5238883182e+08	1.6920951032e+05	6.0705339032e+10	1.6353625436e+02	8.2138792812e+07
1891	6.4425731416e+04	1.9336463362e+10	2.4480403782e+03	2.5086891085e+08	1.6922365991e+05	6.0688283009e+10	1.6354804485e+02	8.2148803674e+07
1892	6.5024942154e+04	1.9352934032e+10	2.5339124720e+03	2.5275617393e+08	1.6923795084e+05	6.0671259235e+10	1.6355968710e+02	8.2159122587e+07
1893	6.5707347618e+04	1.9377358068e+10	2.7488707380e+03	2.5900861965e+08	1.6925313522e+05	6.0654463182e+10	1.6357273208e+02	8.2168818483e+07
1894	6.4973048449e+04	1.9349647111e+10	2.6237514769e+03	2.5584233452e+08	1.6926812229e+05	6.0637554438e+10	1.6358635098e+02	8.2178278308e+07
1895	6.4298227351e+04	1.9303619407e+10	2.4563412267e+03	2.4952138200e+08	1.6928295219e+05	6.0620581708e+10	1.6360089065e+02	8.2187988280e+07
1896	6.4005261642e+04	1.9289436715e+10	2.4235205246e+03	2.4945483107e+08	1.6929792839e+05	6.0603627290e+10	1.6361586910e+02	8.2197778170e+07
1897	6.4135555971e+04	1.9289001623e+10	2.4458480924e+03	2.4992156830e+08	1.6931304243e+05	6.0586680300e+10	1.6363030480e+02	8.2207701844e+07
1898	6.4434830405e+04	1.9292311252e+10	2.4784871118e+03	2.5046700804e+08	1.6932833264e+05	6.0569763031e+10	1.6364562985e+02	8.2217863199e+07
1899	6.4014257781e+04	1.9279124980e+10	2.4753448113e+03	2.5072091558e+08	1.6934369838e+05	6.0552821207e+10	1.6366080243e+02	8.2227401657e+07
1900	6.4280597274e+04	1.9282037724e+10	2.5074085617e+03	2.5132355804e+08	1.6935975075e+05	6.0536032731e+10	1.6367979301e+02	8.2236857297e+07
1901	6.4315602173e+04	1.9280699555e+10	2.5311728085e+03	2.5200148971e+08	1.6937568017e+05	6.0519214907e+10	1.6369642433e+02	8.2246786710e+07
1902	6.4963427697e+04	1.9291357166e+10	2.6262879439e+03	2.5309319814e+08	1.6939141749e+05	6.0502311690e+10	1.6371300939e+02	8.2256991036e+07
1903	6.4309105508e+04	1.9277539367e+10	2.5797762755e+03	2.5358612903e+08	1.6940725898e+05	6.0485410497e+10	1.6373155194e+02	8.2266978049e+07
1904	6.4653661555e+04	1.9283085729e+10	2.6295785611e+03	2.5466605366e+08	1.6942349788e+05	6.0468625820e+10	1.6375007441e+02	8.2276785674e+07
1905	6.4607158347e+04	1.9281284469e+10	2.6592692898e+03	2.5585712415e+08	1.6943963981e+05	6.0451777861e+10	1.6376859122e+02	8.2286478351e+07
1906	6.4817250315e+04	1.9284912368e+10	2.7110276884e+03	2.5735016321e+08	1.6945594896e+05	6.0434901632e+10	1.6378955835e+02	8.2296098316e+07
1907	6.5087661203e+04	1.9290307041e+10	2.7731733182e+03	2.5918085359e+08	1.6947270760e+05	6.0418202505e+10	1.6380825171e+02	8.2306337346e+07
1908	6.5418395559e+04	1.9297534178e+10	2.8501919030e+03	2.6148824911e+08	1.6948951237e+05	6.0401460517e+10	1.6382841428e+02	8.2316385736e+07
1909	6.5920857029e+04	1.9308340297e+10	2.9549890002e+03	2.6448992703e+08	1.6950605047e+05	6.0384596342e+10	1.6384954679e+02	8.2326375705e+07
1910	6.6112561169e+04	1.9319618176e+10	3.0720887414e+03	2.6854727543e+08	1.6952279658e+05	6.0367776417e+10	1.6387091534e+02	8.2336386705e+07
1911	6.6432839111e+04	1.9331190038e+10	3.2410910438e+03	2.7431721046e+08	1.6953980699e+05	6.0350987124e+10	1.6389321425e+02	8.2345862530e+07
1912	6.7317201273e+04	1.9361318815e+10	3.5284239768e+03	2.8361281035e+08	1.6955733403e+05	6.0334307831e+10	1.6391631469e+02	8.2355803628e+07
1913	6.8642242123e+04	1.9413759163e+10	4.1271514448e+03	3.0212580780e+08	1.6957522170e+05	6.0317703524e+10	1.6393992244e+02	8.2365824989e+07
1914	6.7726181288e+04	1.9393820333e+10	4.4740838699e+03	3.2642967214e+08	1.6959206061e+05	6.0300784215e+10	1.6396207145e+02	8.2376032395e+07
1915	7.1537308271e+04	1.9589031653e+10	7.5442250509e+03	4.7493995126e+08	1.6960938981e+05	6.0283973853e+10	1.6398570356e+02	8.2385985238e+07
1916	6.6978083360e+04	1.9336072815e+10	3.6344663826e+03	2.8973805071e+08	1.6962730423e+05	6.0267341847e+10	1.6401037179e+02	8.2395719419e+07
1917	6.4170233142e+04	1.9169816807e+10	2.3048734575e+03	2.4193437875e+08	1.6964546859e+05	6.0250743660e+10	1.6403594461e+02	8.2405607881e+07
1918	6.4517443649e+04	1.9173978652e+10	2.3314264348e+03	2.4214758607e+08	1.6966330274e+05	6.0234037308e+10	1.6405972537e+02	8.2415877760e+07
1919	6.4904458998e+04	1.9177682230e+10	2.3795994555e+03	2.4252044274e+08	1.6968137267e+05	6.0217384588e+10	1.6408550582e+02	8.2425860716e+07
1920	6.5223613759e+04	1.9186834220e+10	2.4395272003e+03	2.4313793456e+08	1.6969940026e+05	6.0200695606e+10	1.6411193443e+02	8.2436046919e+07
1921	6.4361899340e+04	1.9157647089e+10	2.3562204180e+03	2.4255009484e+08	1.6971750681e+05	6.0184014078e+10	1.6413699844e+02	8.2446361917e+07
1922	6.4291909001e+04	1.9158295525e+10	2.3676972551e+03	2.4287518426e+08	1.6973640041e+05	6.0167486044e+10	1.6416491255e+02	8.2456410189e+07
1923	6.4533463123e+04	1.9163548019e+10	2.4025352295e+03	2.4336543787e+08	1.6975521650e+05	6.0150925297e+10	1.6419370191e+02	8.2466450643e+07
1924	6.4993377351e+04	1.9174996016e+10	2.4703033995e+03	2.4443142048e+08	1.6977351024e+05	6.0134243347e+10	1.6421907684e+02	8.2476467566e+07
1925	6.5671441744e+04	1.9192558406e+10	2.5863122722e+03	2.4626004497e+08	1.6979271055e+05	6.0117761486e+10	1.6424972602e+02	8.2486504384e+07
1926	6.5156277035e+04	1.9162092967e+10	2.5427844824e+03	2.4485685914e+08	1.6981148035e+05	6.0101157504e+10	1.6427856481e+02	8.2496777053e+07
1927	6.6005297006e+04	1.9187864304e+10	2.9967423592e+03	2.5060216293e+08	1.6983045839e+05	6.0084616139e+10	1.6430859291e+02	8.2506946522e+07
1928	6.5163638064e+04	1.9152585747e+10	2.4780981703e+03	2.4432140932e+08	1.6984917421e+05	6.0068003794e+10	1.6433839005e+02	8.2517037127e+07
1929	6.4814815739e+04	1.9133076635e+10	2.4302506453e+03	2.4392367842e+08	1.6986822949e+05	6.0051477284e+10	1.6436764309e+02	8.2527181486e+07
1930	6.4966940646e+04	1.9134983210e+10	2.4753898037e+03	2.4473050403e+08	1.6988756967e+05	6.0035065411e+10	1.6439761715e+02	8.2537464821e+07
1931	6.4900483612e+04	1.9142700948e+10	2.5256540866e+03	2.4617785908e+08	1.6990668422e+05	6.0018559350e+10	1.6442850242e+02	8.2547606025e+07
1932	6.5685588054e+04	1.9166887854e+10	2.7130356584e+03	2.5010434693e+08	1.6992630828e+05	6.0002164880e+10	1.6446373246e+02	8.2557335700e+07
1933	6.6622071094e+04	1.9200586523e+10	3.2268255057e+03	2.6267068504e+08	1.6994519701e+05	5.9985591932e+10	1.6449450587e+02	8.2567766123e+07
1934	6.4944741527e+04	1.9110920134e+10	2.4369164715e+03	2.4269315083e+08	1.6996462854e+05	5.9969153230e+10	1.6452588885e+02	8.2578094872e+07
1935	6.4328279042e+04	1.9092754750e+10	2.3806923049e+03	2.4244255208e+08	1.6998444455e+05	5.9952838212e+10	1.6456041542e+02	8.2588086470e+07
1936	6.4623319019e+04	1.9098258435e+10	2.4037416007e+03	2.4280384786e+08	1.7000366194e+05	5.9936356947e+10	1.6459201781e+02	8.2598108603e+07
1937	6.4634858430e+04	1.9095845391e+10	2.4087350039e+03	2.4292225186e+08	1.7002321685e+05	5.9919940133e+10	1.6462658170e+02	8.2608541110e+07
1938	6.4984282866e+04	1.9096368243e+10	2.4422494753e+03	2.4316934247e+08	1.7004330849e+05	5.9903667474e+10	1.6466198167e+02	8.2618910131e+07
1939	6.5166566035e+04	1.9101534688e+10	2.4660296440e+03	2.4358311574e+08	1.7006262797e+05	5.9887213303e+10	1.6469509829e+02	8.2629371698e+07
1940	6.5137934325e+04	1.9099955874e+10	2.4776570357e+03	2.4391036028e+08	1.7008264163e+05	5.9870953971e+10	1.6473034350e+02	8.2639138449e+07
1941	6.5562921464e+04	1.9109396462e+10	2.5235103631e+03	2.4455352981e+08	1.7010227583e+05	5.9854642158e+10	1.6476412170e+02	8.2649625120e+07
1942	6.6009086277e+04	1.9120886760e+10	2.6262933262e+03	2.4585258215e+08	1.7012204511e+05	5.9838320937e+10	1.6479918164e+02	8.2659989986e+07
1943	6.6120757435e+04	1.9124958787e+10	2.7538720828e+03	2.4768575052e+08	1.7014187128e+05	5.9822026393e+10	1.6483518616e+02	8.2670358109e+07
1944	6.4840969001e+04	1.9078728798e+10	2.5040537906e+03	2.4502856700e+08	1.7016180251e+05	5.9805811421e+10	1.6487131796e+02	8.2680430730e+07
1945	6.4606443048e+04	1.9064977525e+10	2.5056244300e+03	2.4519547818e+08	1.7018117241e+05	5.9789467140e+10	1.6490415828e+02	8.2691037379e+07
1946	6.4887248111e+04	1.9068995436e+10	2.5323825851e+03	2.4570036844e+08	1.7020107426e+05	5.9773328847e+10	1.6493873027e+02	8.2701808326e+07
1947	6.5351670314e+04	1.9077866614e+10	2.5749795236e+03	2.4637030331e+08	1.7022058820e+05	5.9757064401e+10	1.6497473696e+02	8.2712128883e+07
1948	6.5709433080e+04	1.9081608378e+10	2.6153012033e+03	2.4698674182e+08	1.7024016007e+05	5.9740907952e+10	1.6500904617e+02	8.2722291481e+07
1949	6.5637693894e+04	1.9083463138e+10	2.6419799710e+03	2.4780240295e+08	1.7025963977e+05	5.9724810488e+10	1.6504302563e+02	8.2732325051e+07
1950	6.6100369833e+04	1.9093496184e+10	2.7858966248e+03	2.4967676367e+08	1.7027895856e+05	5.9708697450e+10	1.6507744135e+02	8.2742944821e+07
1951	6.5596855375e+04	1.9073431843e+10	2.6838129373e+03	2.4917958340e+08	1.7029794325e+05	5.9692587686e+10	1.6511036448e+02	8.2753422819e+07
1952	6.6473111607e+04	1.9097657609e+10	2.8540066213e+03	2.5197740468e+08	1.7031697214e+05	5.9676608322e+10	1.6514543381e+02	8.2763872769e+07
1953	6.5738765190e+04	1.9069305837e+10	2.7298406004e+03	2.5061838481e+08	1.7033566900e+05	5.9660680220e+10	1.6517792532e+02	8.2774381480e+07
1954	6.6232025129e+04	1.9079505398e+10	2.7954384911e+03	2.5197133478e+08	1.7035438635e+05	5.9644803400e+10	1.6521067118e+02	8.2784690062e+07
1955	6.6018813743e+04	1.9079006443e+10	2.8328958853e+03	2.5354666400e+08	1.7037251549e+05	5.9628886790e+10	1.6524183043e+02	8.2794743585e+07
1956	6.6564204244e+04	1.9096057496e+10	2.9324460679e+03	2.5608740087e+08	1.7039091483e+05	5.9613145943e+10	1.6527611292e+02	8.2804709634e+07
1957	6.7509886115e+04	1.9136394752e+10	3.2044497966e+03	2.6308557536e+08	1.7040827115e+05	5.9597256490e+10	1.6530690866e+02	8.2814952371e+07
1958	6.7547119870e+04	1.9129675708e+10	3.1905150415e+03	2.6350369263e+08	1.7042586759e+05	5.9581598464e+10	1.6533628227e+02	8.2825566321e+07
1959	6.6187024608e+04	1.9056069929e+10	2.9644157156e+03	2.5770942362e+08	1.7044273842e+05	5.9565873300e+10	1.6536495244e+02	8.2836123817e+07
1960	6.6691622414e+04	1.9071146360e+10	3.0618149927e+03	2.6034895085e+08	1.7045973144e+05	5.9550295222e+10	1.6539411285e+02	8.2846019234e+07
1961	6.6868302208e+04	1.9081672781e+10	3.1628543000e+03	2.6381864438e+08	1.7047612716e+05	5.9534718529e+10	1.6542228602e+02	8.2856182858e+07
1962	6.7647593487e+04	1.9113081069e+10	3.3993590320e+03	2.7162443619e+08	1.7049236205e+05	5.9519277690e+10	1.6544819854e+02	8.2866725424e+07
1963	6.6914436567e+04	1.9072337126e+10	3.3651324833e+03	2.7024563935e+08	1.7050805088e+05	5.9503783868e+10	1.6547284856e+02	8.2877190602e+07
1964	6.7936622988e+04	1.9108571186e+10	3.6183284913e+03	2.7853824140e+08	1.7052357389e+05	5.9488421779e+10	1.6549899688e+02	8.2887360229e+07
1965	6.8218816408e+04	1.9115214512e+10	3.8004398816e+03	2.8358678393e+08	1.7053869714e+05	5.9473176850e+10	1.6552415543e+02	8.2897532065e+07
1966	6.8729195639e+04	1.9131280411e+10	4.1774816208e+03	2.9483516007e+08	1.7055325432e+05	5.9457922461e+10	1.6554725689e+02	8.2908144750e+07
1967	7.0324444209e+04	1.9186853685e+10	5.0330144126e+03	3.2035534412e+08	1.7056734835e+05	5.9442798237e+10	1.6556830311e+02	8.2918776435e+07
1968	7.1349674807e+04	1.9221617995e+10	5.8907844501e+03	3.5208185090e+08	1.7058117199e+05	5.9427884342e+10	1.6558796181e+02	8.2929125855e+07
1969	6.9041246942e+04	1.9155197157e+10	5.9726522899e+03	3.8250496115e+08	1.7059463363e+05	5.9413140307e+10	1.6560868085e+02	8.2939045834e+07
1970	7.1478285736e+04	1.9272704404e+10	8.0514686718e+03	4.7820806405e+08	1.7060736848e+05	5.9398468093e+10	1.6562634660e+02	8.2949182631e+07
1971	6.4455721173e+04	1.8895684472e+10	2.2955902054e+03	2.2798551771e+08	1.7061922060e+05	5.9383932419e+10	1.6563932265e+02	8.2959529218e+07
1972	6.4848958692e+04	1.8908088190e+10	2.5329106180e+03	2.3099619690e+08	1.7063038095e+05	5.9369459733e+10	1.6565420978e+02	8.2969412203e+07
1973	6.3850197105e+04	1.8864909290e+10	2.1574200336e+03	2.2623133396e+08	1.7064028009e+05	5.9355058604e+10	1.6566334202e+02	8.2979554226e+07
1974	6.3676243809e+04	1.8862190117e+10	2.1629282980e+03	2.2636727736e+08	1.7064942508e+05	5.9340831036e+10	1.6566930102e+02	8.2989711803e+07
1975	6.4054772301e+04	1.8869501323e+10	2.2259264195e+03	2.2686733023e+08	1.7065773011e+05	5.9326687911e+10	1.6567482258e+02	8.2999562012e+07
1976	6.3938054668e+04	1.8861523495e+10	2.2125548813e+03	2.2680606842e+08	1.7066485826e+05	5.9312641658e+10	1.6567662412e+02	8.3008854881e+07
1977	6.4993920509e+04	1.8890391725e+10	2.4347191479e+03	2.2963284301e+08	1.7067080465e+05	5.9298666688e+10	1.6567619154e+02	8.3018050499e+07
1978	6.5021412167e+04	1.8879071324e+10	2.5733060808e+03	2.2956549475e+08	1.7067601047e+05	5.9284977378e+10	1.6567217995e+02	8.3027590994e+07
1979	6.3473564892e+04	1.8834159251e+10	2.1465742854e+03	2.2587331636e+08	1.7067967046e+05	5.9271409254e+10	1.6566366392e+02	8.3036839220e+07
1980	6.3495600613e+04	1.8830309263e+10	2.1522399271e+03	2.2591025129e+08	1.7068207994e+05	5.9258066606e+10	1.6565617132e+02	8.3045488839e+07
1981	6.4035058323e+04	1.8841528636e+10	2.2172639699e+03	2.2652153592e+08	1.7068344580e+05	5.9245050253e+10	1.6564690016e+02	8.3054133623e+07
1982	6.4428460624e+04	1.8850618209e+10	2.2829718293e+03	2.2730388634e+08	1.7068258062e+05	5.9232101764e+10	1.6562480351e+02	8.3063178589e+07
1983	6.4213054248e+04	1.8833702727e+10	2.2288171546e+03	2.2629624950e+08	1.7067938933e+05	5.9219420147e+10	1.6559938608e+02	8.3072033482e+07
1984	6.4049168126e+04	1.8815991229e+10	2.2046457187e+03	2.2571078490e+08	1.7067266814e+05	5.9206853659e+10	1.6556951120e+02	8.3080096105e+07
1985	6.4200824060e+04	1.8819925441e+10	2.3107532934e+03	2.2642341100e+08	1.7066338357e+05	5.9194614782e+10	1.6552787530e+02	8.3088766252e+07
1986	6.3830604433e+04	1.8814237259e+10	2.2222966567e+03	2.2590237660e+08	1.7065280446e+05	5.9182862792e+10	1.6547748785e+02	8.3097716368e+07
1987	6.3044399761e+04	1.8793348635e+10	2.1344197811e+03	2.2537085711e+08	1.7064020548e+05	5.9171639658e+10	1.6541813094e+02	8.3105378956e+07
1988	6.3122086506e+04	1.8791988589e+10	2.1435652563e+03	2.2541988685e+08	1.7062504754e+05	5.9161060806e+10	1.6535790880e+02	8.3111306267e+07
1989	6.3354434228e+04	1.8795085689e+10	2.1608241782e+03	2.2553815939e+08	1.7060756393e+05	5.9151161082e+10	1.6529580298e+02	8.3118188801e+07
1990	6.3693449919e+04	1.8801572964e+10	2.1945600765e+03	2.2585441102e+08	1.7058539661e+05	5.9141562198e+10	1.6520212368e+02	8.3126365413e+07
1991	6.4564545679e+04	1.8823938212e+10	2.3747865268e+03	2.2791276899e+08	1.7055662143e+05	5.9131830441e+10	1.6509896066e+02	8.3131392796e+07
1992	6.3964466744e+04	1.8794572202e+10	2.1959543695e+03	2.2545243852e+08	1.7051833960e+05	5.9121728142e+10	1.6501741506e+02	8.3136728112e+07
1993	6.3526255349e+04	1.8787768323e+10	2.1713262245e+03	2.2545718118e+08	1.7046941703e+05	5.9112171711e+10	1.6485543881e+02	8.3147948907e+07
1994	6.3918698861e+04	1.8796363494e+10	2.2164771683e+03	2.2583867402e+08	1.7042713320e+05	5.9107214173e+10	1.6463868863e+02	8.3155774121e+07
1995	6.3523078030e+04	1.8779269409e+10	2.1761959821e+03	2.2533398897e+08	1.7038777280e+05	5.9105146173e+10	1.6452549264e+02	8.3149833267e+07
1996	6.4066174868e+04	1.8786351286e+10	2.2141365844e+03	2.2541423174e+08	1.7030944539e+05	5.9097677536e+10	1.6436209985e+02	8.3150702521e+07
1997	6.4173682830e+04	1.8783090194e+10	2.2219548952e+03	2.2532961477e+08	1.7019762119e+05	5.9088622958e+10	1.6403792134e+02	8.3158727164e+07
1998	6.4270053493e+04	1.8790264091e+10	2.2440160218e+03	2.2538734915e+08	1.7008958479e+05	5.9089931578e+10	1.6364548092e+02	8.3167959917e+07
1999	6.2632469244e+04	1.8509602364e+10	2.2109566424e+03	2.2502290709e+08	1.6407528260e+05	5.7362757074e+10	1.6332032722e+02	8.2624801566e+07
