# DaMaSCUS-SUN evaporation times
# format_version = 3
# DM_mass_GeV = 1.000000e-02
# DM_sigma_cm2 = 1.000000e-35
# sorted_by = lifetime_unbinding_sec rank trajectory_id
# rank trajectory_id lifetime_unbinding_sec
3	13000	5.1655865149e-02
0	10379	6.7919047580e-02
1	1713	1.1470991320e-01
3	1004	1.4067928889e-01
0	10486	1.4947192557e-01
0	12270	1.5803451140e-01
1	6173	2.5518659973e-01
2	9899	2.6256333778e-01
0	187	3.2611924972e-01
2	12460	4.0367483113e-01
2	13221	4.1087061280e-01
2	9076	4.1888643219e-01
2	13262	4.4495718571e-01
2	3618	5.1383720126e-01
1	6350	5.4752055052e-01
3	8032	5.9245032622e-01
3	12877	6.9136024761e-01
1	16099	7.2019846473e-01
3	9879	7.5297010318e-01
2	13030	7.6173969606e-01
3	14741	7.8533725242e-01
1	16655	7.8570687122e-01
1	359	8.5222147335e-01
0	4695	9.7503411285e-01
0	5178	9.8119170246e-01
1	17286	1.0264168515e+00
3	5947	1.0273977234e+00
3	11372	1.0303522168e+00
0	14398	1.0452318196e+00
1	14028	1.2092411263e+00
1	13947	1.2501616420e+00
2	4209	1.2670303849e+00
0	9132	1.3210928993e+00
2	7010	1.3770451669e+00
3	8693	1.4045759744e+00
3	8893	1.4325472348e+00
0	12114	1.4524595494e+00
1	12130	1.4731527102e+00
3	12281	1.4770270450e+00
0	13384	1.5095894119e+00
1	5392	1.5366138757e+00
3	13731	1.5846622949e+00
3	1965	1.6238251331e+00
1	2742	1.6319207765e+00
1	7299	1.6748586088e+00
2	16236	1.8597720043e+00
3	5050	1.8636503053e+00
0	7764	1.8863216376e+00
0	5942	1.9182148791e+00
1	7732	1.9523992420e+00
1	17280	1.9843340177e+00
1	6799	2.0181276217e+00
3	7581	2.0384957492e+00
0	12681	2.0936024956e+00
2	15181	2.1095136519e+00
0	9983	2.1268884186e+00
0	14294	2.1566822847e+00
2	7382	2.2060883569e+00
2	10883	2.2092422304e+00
1	12083	2.2294232503e+00
1	9436	2.2477547121e+00
3	9097	2.3272937740e+00
2	9630	2.4643315506e+00
0	5189	2.4743811283e+00
2	7811	2.4747011093e+00
2	15176	2.5174757702e+00
0	11054	2.5235707190e+00
0	9272	2.5277276857e+00
3	3516	2.5445467593e+00
1	8094	2.5492392001e+00
0	16318	2.5542533528e+00
3	5735	2.6323892347e+00
0	9797	2.6542406289e+00
2	10405	2.6726812190e+00
3	476	2.6780416738e+00
0	11936	2.6866923604e+00
3	14099	2.7198264480e+00
2	12086	2.7709653274e+00
1	2373	2.7725930409e+00
1	14442	2.8516990291e+00
2	2978	2.9697694826e+00
3	14134	3.0079063556e+00
2	475	3.0460446571e+00
0	13224	3.0877502846e+00
3	8497	3.0944516195e+00
0	6365	3.1022025869e+00
2	6745	3.1022350134e+00
3	15647	3.1039862155e+00
3	5877	3.1082705263e+00
1	13782	3.1999119355e+00
1	3511	3.3125539564e+00
2	11877	3.4271306689e+00
3	14085	3.5750819505e+00
3	10392	3.5802521651e+00
1	10408	3.6355031381e+00
0	16815	3.6654660476e+00
0	3103	3.7431078779e+00
1	16778	3.7803725608e+00
3	9432	3.8064229348e+00
2	4784	3.8410545108e+00
1	16672	3.8656725400e+00
2	5355	3.8776102566e+00
2	6859	3.8847382281e+00
1	15579	3.9856475071e+00
3	12591	4.0293386466e+00
1	9365	4.0560098480e+00
3	7234	4.0659837588e+00
2	455	4.0777889383e+00
0	1735	4.0901839931e+00
0	3184	4.0925796969e+00
2	6361	4.2747520855e+00
0	3638	4.3079595161e+00
1	9931	4.3449813374e+00
2	12431	4.4188882287e+00
1	5183	4.4227609785e+00
2	4914	4.4573211433e+00
0	14490	4.4897210000e+00
2	16004	4.5428897171e+00
3	15935	4.5519535350e+00
0	95	4.5871610493e+00
3	8279	4.5907955756e+00
1	9724	4.6960464398e+00
2	8265	4.7665879016e+00
2	5359	4.7685465330e+00
1	13126	4.7860071093e+00
3	3462	4.8122264576e+00
1	9715	4.8626257680e+00
2	3693	4.8823544770e+00
2	12635	4.9071311639e+00
3	4356	4.9485786089e+00
3	6629	4.9582752266e+00
1	15057	4.9616508746e+00
1	2959	4.9764965905e+00
1	14673	4.9826857494e+00
1	6698	5.0049232150e+00
0	15982	5.0991907672e+00
0	9609	5.1668312198e+00
0	10039	5.2006730973e+00
0	3254	5.2099764542e+00
1	4836	5.3133825418e+00
3	15236	5.3200806507e+00
1	13712	5.4177221397e+00
1	7618	5.4345554351e+00
0	9401	5.4397219552e+00
3	1894	5.4722815374e+00
0	11253	5.5645539847e+00
1	7181	5.6086145528e+00
2	11159	5.7102876875e+00
3	6997	5.7541038913e+00
1	13886	5.7587067798e+00
1	4521	5.8983924294e+00
1	2949	5.9065628788e+00
3	15816	6.0025631374e+00
3	12918	6.0183571197e+00
1	15624	6.0399080508e+00
1	4282	6.0910557106e+00
0	9261	6.0989733188e+00
2	13953	6.1608495040e+00
0	6870	6.1880981329e+00
0	8891	6.2068921637e+00
1	2116	6.2485213195e+00
3	5533	6.3193805132e+00
3	17137	6.3432307486e+00
3	10083	6.3506183450e+00
3	119	6.3693431615e+00
2	14407	6.3726758490e+00
3	12251	6.4133590982e+00
1	12128	6.4303924392e+00
2	8069	6.4606461686e+00
3	3405	6.5378422873e+00
0	14226	6.6130036988e+00
2	13800	6.6516836222e+00
1	13163	6.6605667563e+00
2	10599	6.6638256583e+00
0	15880	6.6886697977e+00
2	16559	6.7037420798e+00
0	12581	6.7320481108e+00
1	1505	6.7406553207e+00
2	12195	6.7935304441e+00
2	1205	6.8088135898e+00
1	14274	6.8119072291e+00
2	6880	6.8662986618e+00
3	11097	6.9141804002e+00
3	16076	6.9511071479e+00
0	5057	6.9919735701e+00
0	491	7.0361167048e+00
0	8417	7.0920425938e+00
1	4001	7.1633537601e+00
1	406	7.1676700794e+00
3	14535	7.2604557491e+00
0	2172	7.3052703466e+00
0	10043	7.3144973458e+00
3	7678	7.3274431747e+00
0	1445	7.3664664276e+00
3	2820	7.4221129858e+00
1	92	7.4269347043e+00
1	16197	7.4354050001e+00
0	4006	7.4366005311e+00
2	1642	7.4586057034e+00
3	5829	7.4701635310e+00
3	1031	7.4877231558e+00
1	4825	7.5095062795e+00
2	13773	7.5428843975e+00
1	2691	7.5547870010e+00
1	6883	7.6127804993e+00
2	360	7.6676116913e+00
0	12671	7.6831215346e+00
2	2478	7.6970557449e+00
1	11273	7.7099174549e+00
3	6268	7.8017923768e+00
1	5935	7.8104385794e+00
3	16585	7.8356730213e+00
0	1268	7.8409734405e+00
1	11085	7.8578603096e+00
2	5745	7.8661587166e+00
2	9373	7.9089395580e+00
3	2299	7.9430555288e+00
0	11471	7.9863808847e+00
0	6562	8.0104007136e+00
2	2294	8.0203118615e+00
1	1618	8.1267341935e+00
0	1800	8.1375114990e+00
3	12541	8.1693620277e+00
1	6431	8.1973628157e+00
2	16612	8.3346496301e+00
2	6360	8.4368919646e+00
3	150	8.4782769765e+00
2	13342	8.5038543363e+00
2	10731	8.5185242644e+00
2	1410	8.5362804919e+00
3	10585	8.5561044828e+00
3	4975	8.6353295165e+00
1	16524	8.6741397613e+00
1	185	8.6888199889e+00
3	63	8.7056545345e+00
1	5969	8.7128706414e+00
3	16049	8.7342315696e+00
2	3474	8.7815748265e+00
3	13585	8.8161607733e+00
3	11402	8.8513531162e+00
1	2658	8.9280531825e+00
3	15339	8.9339445297e+00
0	15576	9.0522866505e+00
0	1969	9.0896989914e+00
0	16710	9.1506334392e+00
1	7020	9.1569312686e+00
3	7109	9.1592960379e+00
0	7947	9.1638712389e+00
2	16621	9.2007386355e+00
2	2265	9.2103061636e+00
2	11521	9.2417946306e+00
1	7534	9.2572955605e+00
0	1902	9.4777717842e+00
0	1213	9.5610345944e+00
3	11090	9.5926135422e+00
2	4693	9.6335208493e+00
0	2113	9.6815467779e+00
2	14272	9.7191261602e+00
3	17171	9.7478264798e+00
2	1392	9.7938545863e+00
1	16195	9.7952441643e+00
2	13972	9.8133748935e+00
2	14585	9.8252754093e+00
3	12341	9.8426635010e+00
1	6474	9.8865183316e+00
0	16794	9.8974392403e+00
1	1878	9.9248170736e+00
2	2223	9.9325117240e+00
3	4390	9.9360026894e+00
2	14081	9.9396026320e+00
0	6498	9.9969489208e+00
2	4360	1.0069409296e+01
2	2550	1.0089036812e+01
2	8358	1.0114767156e+01
3	15178	1.0166226453e+01
0	13445	1.0208320871e+01
1	16508	1.0256438741e+01
0	12883	1.0279300420e+01
2	16472	1.0317248824e+01
1	16480	1.0338807107e+01
1	8345	1.0355175175e+01
3	9679	1.0413086286e+01
1	5965	1.0450607011e+01
0	4135	1.0451403276e+01
3	3442	1.0454037525e+01
0	7494	1.0546823611e+01
2	3881	1.0625852817e+01
2	9826	1.0632677992e+01
3	5269	1.0650807525e+01
3	353	1.0686974574e+01
0	15225	1.0745663938e+01
1	13434	1.0766243621e+01
2	11867	1.0766401358e+01
1	10161	1.0820903734e+01
2	8001	1.1038366125e+01
3	9951	1.1039581769e+01
1	4235	1.1076776304e+01
3	282	1.1088987946e+01
3	10971	1.1093537922e+01
2	10775	1.1161458693e+01
2	4024	1.1168811020e+01
3	16148	1.1252313385e+01
3	10367	1.1315825359e+01
1	2663	1.1413571957e+01
0	2581	1.1423379309e+01
3	3554	1.1429395296e+01
0	36	1.1477156407e+01
2	12147	1.1508008525e+01
3	12218	1.1519538880e+01
0	7612	1.1531325201e+01
1	14687	1.1558257171e+01
3	235	1.1558715851e+01
0	15135	1.1560043122e+01
2	3194	1.1568348847e+01
2	283	1.1684222403e+01
1	6890	1.1958760488e+01
0	686	1.1966811285e+01
0	13514	1.1990754431e+01
2	496	1.2062533222e+01
0	16658	1.2085941432e+01
2	7893	1.2245413507e+01
2	396	1.2266276749e+01
0	16233	1.2274516384e+01
1	9047	1.2487022115e+01
1	16753	1.2490334472e+01
3	13311	1.2570755156e+01
3	6016	1.2579230365e+01
3	4862	1.2592858376e+01
0	9340	1.2649372597e+01
3	2718	1.2796986961e+01
3	1994	1.2801725623e+01
1	5715	1.2878998608e+01
3	9507	1.2908158490e+01
3	851	1.2916238225e+01
1	10192	1.2969130347e+01
3	6617	1.3065762146e+01
0	3608	1.3075241420e+01
1	7449	1.3152637107e+01
1	15300	1.3179873061e+01
3	5059	1.3193863199e+01
0	596	1.3196101514e+01
3	3815	1.3251411815e+01
2	7203	1.3286253314e+01
3	12290	1.3410405900e+01
3	12694	1.3492761000e+01
0	3180	1.3500482688e+01
3	16120	1.3511700261e+01
2	15315	1.3588408026e+01
0	7413	1.3622894920e+01
0	555	1.3643349714e+01
0	7225	1.3768542075e+01
0	8327	1.3815478296e+01
2	9064	1.3860322770e+01
1	7454	1.3868065977e+01
1	10864	1.3918052397e+01
3	11227	1.4035750532e+01
1	15247	1.4071301917e+01
2	16721	1.4126094776e+01
0	7485	1.4204416011e+01
3	15641	1.4268909476e+01
3	5247	1.4272001187e+01
1	9991	1.4275857620e+01
0	13535	1.4322681596e+01
1	4467	1.4362469953e+01
0	15415	1.4364787465e+01
2	10332	1.4414141190e+01
0	15375	1.4432875581e+01
1	8355	1.4483874479e+01
1	11233	1.4574726438e+01
2	6118	1.4581811507e+01
3	8598	1.4678515276e+01
2	1418	1.4779266471e+01
1	15317	1.4800180218e+01
2	10284	1.4918037785e+01
2	7971	1.4987750423e+01
1	14280	1.5007476977e+01
3	376	1.5022959458e+01
3	3500	1.5038875179e+01
0	14164	1.5041058122e+01
2	3456	1.5180245874e+01
1	17102	1.5232062329e+01
3	13673	1.5240156782e+01
3	8862	1.5244012070e+01
2	14060	1.5260518227e+01
3	2548	1.5290194975e+01
0	9515	1.5304125562e+01
3	15296	1.5322301263e+01
1	12888	1.5348904598e+01
0	15874	1.5359294485e+01
1	1332	1.5377821341e+01
0	15267	1.5474978066e+01
1	6035	1.5582498433e+01
2	13839	1.5675349505e+01
2	9052	1.5732702641e+01
3	1185	1.5823971269e+01
3	1289	1.5849762492e+01
1	10412	1.5952157553e+01
2	8711	1.5979029591e+01
0	2292	1.6024261153e+01
0	8366	1.6131043532e+01
2	5335	1.6191974625e+01
2	13455	1.6198132455e+01
1	1822	1.6226212921e+01
2	3224	1.6235794331e+01
0	1885	1.6276009437e+01
1	7205	1.6280282455e+01
3	3043	1.6335961846e+01
3	3183	1.6480075668e+01
1	16089	1.6485796759e+01
2	15298	1.6505361630e+01
2	10588	1.6556488549e+01
3	16299	1.6567680237e+01
2	5415	1.6576529381e+01
3	12441	1.6685974114e+01
2	4444	1.6739389834e+01
3	14720	1.6742301226e+01
2	2249	1.6773059227e+01
1	6259	1.6793419911e+01
0	8920	1.6795875533e+01
3	14631	1.6803836411e+01
3	10576	1.6885087460e+01
0	8853	1.6953435519e+01
2	798	1.6966878067e+01
0	1334	1.7072494140e+01
0	14530	1.7152732124e+01
0	8332	1.7181811011e+01
0	11609	1.7224628939e+01
2	9567	1.7232355698e+01
1	5350	1.7245948350e+01
3	8739	1.7253282863e+01
2	2692	1.7293702706e+01
2	10152	1.7301213495e+01
0	11402	1.7303078975e+01
0	2752	1.7346805574e+01
0	9050	1.7354791302e+01
1	10934	1.7388934297e+01
1	5126	1.7419809426e+01
2	13852	1.7489786626e+01
3	7209	1.7502512910e+01
1	10882	1.7515846276e+01
0	13929	1.7530420888e+01
3	6974	1.7532588173e+01
2	4192	1.7596934894e+01
3	4465	1.7618840759e+01
2	15536	1.7619037419e+01
2	14366	1.7652268228e+01
3	8300	1.7655286200e+01
3	14512	1.7680818048e+01
0	9645	1.7715858177e+01
1	3173	1.7828921867e+01
3	16633	1.7843819431e+01
3	11627	1.7849642485e+01
3	16359	1.7922856313e+01
3	5348	1.7977150476e+01
1	6163	1.7984972300e+01
1	5305	1.8034125976e+01
0	13786	1.8034723473e+01
2	10916	1.8047972988e+01
2	15698	1.8077144592e+01
1	5774	1.8082362583e+01
3	124	1.8085434984e+01
0	9048	1.8104966418e+01
2	6288	1.8192954921e+01
2	16144	1.8198754041e+01
1	407	1.8246905267e+01
1	3953	1.8265935804e+01
3	5916	1.8278635993e+01
0	10112	1.8317139754e+01
1	219	1.8368306353e+01
2	3653	1.8526813976e+01
3	12573	1.8583287800e+01
2	114	1.8692326055e+01
1	11036	1.8693410693e+01
0	3969	1.8696687587e+01
2	14525	1.8741607759e+01
3	7091	1.8862129590e+01
0	1884	1.8882480064e+01
3	4125	1.8949588868e+01
3	16306	1.8950319233e+01
1	685	1.8975533969e+01
0	13660	1.9087302781e+01
0	2128	1.9087551694e+01
2	4601	1.9101918360e+01
3	3478	1.9110214805e+01
2	10188	1.9149415006e+01
3	7529	1.9283613725e+01
2	2491	1.9375644798e+01
2	5879	1.9385788012e+01
3	7627	1.9540216328e+01
1	324	1.9618793906e+01
0	9811	1.9634137469e+01
1	14891	1.9702548942e+01
0	9245	1.9703703817e+01
0	11847	1.9794104151e+01
3	10202	1.9807050004e+01
1	2181	1.9879385680e+01
0	10452	1.9943659184e+01
0	12149	1.9955085796e+01
0	13840	1.9980842824e+01
2	11612	2.0136353693e+01
0	196	2.0148487419e+01
2	12938	2.0164871317e+01
0	9286	2.0197749054e+01
0	10369	2.0207082393e+01
0	4721	2.0222859154e+01
0	17124	2.0273048773e+01
3	17232	2.0310195458e+01
2	16728	2.0321576107e+01
2	4650	2.0337351720e+01
2	14233	2.0387456616e+01
2	6906	2.0389183123e+01
3	8185	2.0411007521e+01
1	2210	2.0527394380e+01
0	5255	2.0542217973e+01
3	8276	2.0582821224e+01
1	4197	2.0598289409e+01
1	14503	2.0679474771e+01
0	2443	2.0683485711e+01
1	12751	2.0698326736e+01
0	7421	2.0735463452e+01
2	12983	2.0739152042e+01
0	16758	2.0792543596e+01
3	17143	2.0857720193e+01
2	10064	2.0915607402e+01
2	2509	2.0931039772e+01
2	7590	2.0948788414e+01
1	7243	2.0965155286e+01
0	17391	2.0997400663e+01
0	10300	2.1029030046e+01
1	6236	2.1056812914e+01
3	11534	2.1146435951e+01
0	6101	2.1185815048e+01
2	13484	2.1186464519e+01
0	11584	2.1212854311e+01
0	15139	2.1354467493e+01
0	4164	2.1385535957e+01
2	9097	2.1607081070e+01
2	2962	2.1616113353e+01
0	3510	2.1645775320e+01
1	15422	2.1720633060e+01
1	16245	2.1750910874e+01
3	17248	2.1761852828e+01
2	1412	2.1772136292e+01
1	5418	2.1833139011e+01
0	8635	2.1863783156e+01
3	8253	2.1890018494e+01
3	13105	2.1945486541e+01
0	4912	2.2102661486e+01
3	17058	2.2278477968e+01
3	7387	2.2297721690e+01
2	1992	2.2302450018e+01
2	12089	2.2393526001e+01
2	13225	2.2430253518e+01
0	5974	2.2596443220e+01
0	15266	2.2613013378e+01
3	5418	2.2660669289e+01
3	9383	2.2718571670e+01
1	15090	2.2735240549e+01
3	10890	2.2762535449e+01
0	5319	2.2846191814e+01
2	7972	2.2998043534e+01
1	15113	2.3045257403e+01
0	8225	2.3118319716e+01
0	9126	2.3120026093e+01
3	6950	2.3140793171e+01
1	9208	2.3159028052e+01
1	12635	2.3203068292e+01
2	12623	2.3204689133e+01
2	1395	2.3267651124e+01
3	3685	2.3326784280e+01
1	4345	2.3361893621e+01
0	9386	2.3398613948e+01
0	11290	2.3460688619e+01
0	6999	2.3463903999e+01
3	74	2.3578342075e+01
0	10094	2.3626708387e+01
2	12841	2.3659543410e+01
0	14149	2.3665801092e+01
1	15357	2.3716539598e+01
2	13519	2.3725292585e+01
3	9792	2.3742667187e+01
0	7060	2.3747430698e+01
0	876	2.3840006572e+01
2	10802	2.3849135259e+01
0	1035	2.3903879790e+01
0	15708	2.3916245131e+01
1	9593	2.3973141654e+01
1	16054	2.3978612803e+01
0	7370	2.4030608231e+01
2	13932	2.4041063299e+01
0	6793	2.4055870851e+01
1	10320	2.4092558052e+01
1	6434	2.4104436520e+01
3	13998	2.4112329548e+01
0	10258	2.4120973117e+01
3	935	2.4122545487e+01
3	2002	2.4128653574e+01
0	11780	2.4191458806e+01
2	7124	2.4266731834e+01
1	15350	2.4268247211e+01
3	6947	2.4369248742e+01
1	13429	2.4423499596e+01
0	12865	2.4485402006e+01
3	15984	2.4494130507e+01
2	7303	2.4526241700e+01
1	5462	2.4544397238e+01
1	2233	2.4556999040e+01
0	11391	2.4563316198e+01
3	475	2.4579640283e+01
0	984	2.4687866202e+01
3	1111	2.4715048168e+01
3	16473	2.4736940295e+01
1	3347	2.4748822103e+01
1	6546	2.4758178130e+01
2	2925	2.4774614277e+01
2	8086	2.4816301110e+01
1	14193	2.4877575397e+01
2	9128	2.4943248963e+01
1	4706	2.5040708424e+01
0	13120	2.5187088181e+01
1	11231	2.5252365297e+01
2	5344	2.5292382696e+01
3	13309	2.5308417713e+01
2	910	2.5332956296e+01
1	5381	2.5360868029e+01
1	3409	2.5377530333e+01
3	7116	2.5392595575e+01
0	6521	2.5441747789e+01
1	12932	2.5454449203e+01
2	7612	2.5537083913e+01
3	12858	2.5552285149e+01
3	16187	2.5617638484e+01
0	15801	2.5630333707e+01
3	16103	2.5654815988e+01
1	7975	2.5671033848e+01
0	14857	2.5722586712e+01
1	11146	2.5813482947e+01
3	1428	2.5922166391e+01
0	3505	2.5953541699e+01
3	10629	2.6072476564e+01
1	14144	2.6237867626e+01
3	13075	2.6259564368e+01
1	13002	2.6295650071e+01
2	2189	2.6315636096e+01
0	16464	2.6345065750e+01
2	13792	2.6359220421e+01
1	3171	2.6400686345e+01
0	1789	2.6437071189e+01
2	11482	2.6580958715e+01
0	14409	2.6725196199e+01
1	16794	2.6815476660e+01
3	3641	2.6816420131e+01
1	11023	2.6817338976e+01
2	7887	2.6835163249e+01
0	8722	2.7030006715e+01
0	16423	2.7073125257e+01
1	6407	2.7180005985e+01
1	2301	2.7180324694e+01
2	11704	2.7184344339e+01
2	2735	2.7190121603e+01
3	1241	2.7202806887e+01
0	7097	2.7336124887e+01
1	12000	2.7393768552e+01
2	6028	2.7435210186e+01
3	4358	2.7472031703e+01
0	9000	2.7493345633e+01
0	16000	2.7547083201e+01
1	13680	2.7661282561e+01
3	4259	2.7715602594e+01
3	9009	2.7737360834e+01
2	11315	2.7819029772e+01
1	334	2.7843043660e+01
3	2963	2.8036679475e+01
0	1830	2.8063414055e+01
3	8953	2.8092670762e+01
3	11901	2.8246713730e+01
3	4247	2.8263343504e+01
1	16087	2.8290235917e+01
2	1270	2.8313847056e+01
1	16925	2.8481456757e+01
2	2231	2.8490715850e+01
1	12207	2.8496304559e+01
1	5496	2.8550575712e+01
1	6364	2.8587560350e+01
0	2228	2.8608316055e+01
3	4906	2.8645802099e+01
0	14156	2.8650554114e+01
0	6697	2.8758072694e+01
0	11523	2.8774014301e+01
2	14283	2.8784177967e+01
3	15323	2.8790320952e+01
3	11630	2.8794675377e+01
2	15707	2.8836036134e+01
2	13435	2.8860372931e+01
1	6826	2.8871719379e+01
2	4889	2.8945751672e+01
3	14520	2.8956554659e+01
1	13247	2.8976381690e+01
3	8016	2.9009421995e+01
2	3357	2.9124930547e+01
3	17188	2.9154655424e+01
1	7196	2.9191163442e+01
3	6847	2.9224339764e+01
1	10919	2.9234665392e+01
1	4164	2.9254564317e+01
1	2955	2.9389224733e+01
3	16723	2.9404929601e+01
2	5602	2.9422938022e+01
2	3476	2.9516614794e+01
0	2343	2.9552831391e+01
0	618	2.9555911363e+01
0	17386	2.9555957787e+01
0	9333	2.9631459063e+01
1	6365	2.9646026634e+01
3	5861	2.9690127745e+01
2	4981	2.9692628299e+01
3	14854	2.9839751017e+01
1	148	2.9861464707e+01
1	5655	2.9884092815e+01
3	3887	2.9929463208e+01
1	14204	2.9992610117e+01
3	13337	2.9993292662e+01
2	5020	3.0029476461e+01
1	7364	3.0123317492e+01
1	15945	3.0167630237e+01
2	16234	3.0181874757e+01
2	15107	3.0207958705e+01
1	181	3.0272372082e+01
1	13463	3.0379158683e+01
2	4402	3.0479958161e+01
1	4367	3.0492308920e+01
1	191	3.0530041937e+01
2	595	3.0540912987e+01
0	14370	3.0583419105e+01
0	15703	3.0593768779e+01
2	5738	3.0708807828e+01
0	13865	3.0773025917e+01
1	10235	3.0813352781e+01
1	5761	3.0832734251e+01
1	136	3.0929357661e+01
2	4170	3.1012095771e+01
3	3353	3.1078166785e+01
0	569	3.1216210833e+01
0	12060	3.1374564769e+01
2	15785	3.1510343214e+01
1	10488	3.1603115258e+01
2	840	3.1662694364e+01
1	16092	3.1683201862e+01
2	8824	3.1690057154e+01
0	696	3.1716699730e+01
1	10531	3.1792108835e+01
1	6131	3.1883557870e+01
0	4182	3.2048305588e+01
3	4253	3.2061007558e+01
1	15597	3.2085995399e+01
0	4237	3.2102956940e+01
3	15405	3.2126766728e+01
0	4681	3.2164255940e+01
0	3832	3.2225082034e+01
0	16947	3.2271855906e+01
3	13542	3.2287451821e+01
2	11418	3.2324065733e+01
2	11110	3.2354222262e+01
1	13233	3.2361038093e+01
0	9079	3.2513656554e+01
1	7889	3.2555112177e+01
1	14557	3.2564986283e+01
0	7672	3.2775276817e+01
3	2733	3.2922065420e+01
3	14260	3.2951247496e+01
0	6797	3.2968394275e+01
2	6608	3.3253784636e+01
2	3137	3.3279341866e+01
0	4923	3.3309609151e+01
1	3570	3.3329629474e+01
2	10055	3.3342027954e+01
2	110	3.3432917124e+01
3	16888	3.3434238195e+01
2	11535	3.3566002585e+01
0	5526	3.3794848074e+01
3	10138	3.3846277413e+01
0	7235	3.3860570290e+01
3	467	3.3992858919e+01
0	7032	3.3993332378e+01
3	14553	3.3994665294e+01
2	16438	3.4105282036e+01
0	10303	3.4105949617e+01
1	6782	3.4140927557e+01
3	9431	3.4146013497e+01
2	4882	3.4212853604e+01
2	13290	3.4235232522e+01
0	15409	3.4303910016e+01
1	5011	3.4332054335e+01
2	21	3.4371187241e+01
2	15290	3.4442173245e+01
1	7954	3.4494571227e+01
2	14429	3.4499657091e+01
2	15226	3.4537250308e+01
1	2385	3.4594325972e+01
3	11568	3.4607271708e+01
0	10782	3.4612523568e+01
3	5778	3.4662022892e+01
2	879	3.4715225576e+01
3	15824	3.4723267234e+01
1	9375	3.4779115256e+01
2	1975	3.4858245100e+01
3	7772	3.4965171081e+01
2	469	3.5013976906e+01
2	2533	3.5040767287e+01
0	10123	3.5042050357e+01
2	1959	3.5063063888e+01
2	11854	3.5124146901e+01
0	10001	3.5227005898e+01
1	4142	3.5236391446e+01
2	3115	3.5297635659e+01
3	3431	3.5307993196e+01
0	4710	3.5356349636e+01
2	7877	3.5381291939e+01
2	1731	3.5533849970e+01
3	12159	3.5586896912e+01
0	10268	3.5652401946e+01
2	9486	3.5686284589e+01
3	10659	3.5729301566e+01
2	601	3.5814849774e+01
1	4681	3.5829552677e+01
3	9130	3.5833588559e+01
2	17159	3.5859818592e+01
3	5702	3.5879495540e+01
0	17092	3.5893361830e+01
2	15118	3.6024805661e+01
1	13763	3.6090821530e+01
3	15355	3.6113050580e+01
1	10101	3.6128234486e+01
1	13294	3.6193565478e+01
1	15361	3.6216064349e+01
2	597	3.6288097608e+01
0	13030	3.6357387466e+01
1	15838	3.6445057756e+01
2	10479	3.6451282861e+01
2	2339	3.6511436793e+01
3	12556	3.6563542858e+01
0	9320	3.6614792950e+01
0	14778	3.6630984906e+01
0	3294	3.6637023966e+01
3	11777	3.6707794071e+01
3	11608	3.6778688285e+01
3	2258	3.7015039845e+01
0	14589	3.7036403102e+01
2	417	3.7255782029e+01
3	4645	3.7320007883e+01
2	4614	3.7369939617e+01
0	7760	3.7401838612e+01
3	8011	3.7420819817e+01
2	17200	3.7437336013e+01
3	15580	3.7513558764e+01
3	15629	3.7625953483e+01
3	3497	3.7658459617e+01
2	6807	3.7717368882e+01
0	5785	3.7836962902e+01
3	7712	3.7860835413e+01
0	15715	3.7919159140e+01
1	15710	3.7947388206e+01
3	587	3.7995951335e+01
3	5924	3.8048907705e+01
1	2686	3.8065717120e+01
1	11636	3.8089743053e+01
3	4087	3.8109713579e+01
0	13203	3.8228951215e+01
3	15130	3.8250933369e+01
2	16926	3.8272505052e+01
2	11682	3.8360626233e+01
0	13692	3.8398884343e+01
0	16825	3.8402622370e+01
0	5672	3.8405336673e+01
3	12198	3.8445020711e+01
3	5547	3.8557818867e+01
2	14662	3.8587315379e+01
2	6351	3.8594459633e+01
0	13246	3.8708056477e+01
2	6601	3.8759100797e+01
0	3583	3.8768845445e+01
2	13077	3.8786585438e+01
2	11127	3.8833297510e+01
0	1665	3.8850104945e+01
2	14204	3.8878678661e+01
3	7541	3.9071816096e+01
1	1732	3.9076926634e+01
2	8161	3.9210643729e+01
2	4534	3.9342556824e+01
1	1610	3.9370636241e+01
0	16338	3.9467610291e+01
1	11861	3.9470031101e+01
0	11407	3.9495925190e+01
0	8713	3.9515306062e+01
2	9732	3.9516167756e+01
3	8687	3.9620991525e+01
2	5296	3.9650594974e+01
0	6348	3.9724551690e+01
1	5877	3.9728870306e+01
2	9958	3.9733854562e+01
2	8924	3.9771033235e+01
0	3521	3.9819190511e+01
0	4819	3.9824717637e+01
2	8694	3.9883438201e+01
2	13532	4.0075293708e+01
3	6334	4.0084406728e+01
2	6322	4.0097431821e+01
3	4268	4.0115391923e+01
3	15245	4.0151379391e+01
0	14192	4.0235874674e+01
3	10534	4.0368870023e+01
3	2219	4.0387295460e+01
1	6618	4.0411950512e+01
0	6532	4.0413567037e+01
2	17061	4.0507429910e+01
2	10780	4.0566238624e+01
2	2620	4.0585618991e+01
3	16672	4.0619150819e+01
2	1767	4.0629565540e+01
2	13254	4.0648493124e+01
2	10832	4.0662996539e+01
1	11427	4.0726967368e+01
0	11019	4.0727326860e+01
0	8538	4.0762854572e+01
3	1342	4.0816167281e+01
3	14904	4.0846472126e+01
0	10884	4.0879482051e+01
2	3006	4.0893821628e+01
1	9098	4.0930262256e+01
1	16046	4.1010528589e+01
0	7623	4.1032805126e+01
1	2688	4.1212450822e+01
2	6251	4.1275088729e+01
2	3904	4.1319927156e+01
2	16015	4.1324337651e+01
0	5353	4.1379373254e+01
0	1881	4.1386903962e+01
2	1848	4.1440127012e+01
1	9002	4.1469338531e+01
0	287	4.1477726713e+01
1	12341	4.1774015811e+01
1	16093	4.1774616559e+01
0	11948	4.1789142374e+01
2	13521	4.1936880721e+01
0	13334	4.1968319676e+01
2	13073	4.2000254160e+01
3	7615	4.2026095464e+01
0	11238	4.2086996586e+01
1	4837	4.2116477136e+01
1	10842	4.2128354005e+01
1	11796	4.2136648562e+01
1	6358	4.2187542784e+01
2	6777	4.2363748437e+01
3	14451	4.2383455082e+01
1	1398	4.2459622312e+01
2	9972	4.2554303214e+01
2	12577	4.2667199930e+01
2	7177	4.2672576662e+01
1	11417	4.2710056268e+01
0	13912	4.2792556669e+01
3	7027	4.2817565970e+01
1	1063	4.2855658773e+01
3	13851	4.2878077260e+01
2	15117	4.2967134301e+01
3	12313	4.2984678798e+01
2	14982	4.3002287670e+01
0	11091	4.3218497978e+01
2	9939	4.3234054313e+01
0	6815	4.3286274816e+01
0	12465	4.3592801612e+01
2	7768	4.3616114837e+01
3	10384	4.3642578792e+01
3	14254	4.3682015749e+01
0	15614	4.3720717478e+01
1	2956	4.3747249557e+01
0	5449	4.3764639864e+01
1	10937	4.3828444276e+01
2	15125	4.3836603560e+01
3	8754	4.3845850533e+01
0	6893	4.3893790683e+01
2	11043	4.3896314888e+01
3	12346	4.3908686281e+01
2	8520	4.3948033959e+01
1	14200	4.4021460948e+01
0	16115	4.4034380070e+01
1	5889	4.4148238907e+01
3	12817	4.4173334368e+01
2	435	4.4199598238e+01
1	2730	4.4240513295e+01
0	4451	4.4413559434e+01
1	9970	4.4451813593e+01
2	1408	4.4480312333e+01
0	6924	4.4493296588e+01
1	11720	4.4494421294e+01
3	659	4.4514333107e+01
0	4055	4.4532507238e+01
0	5946	4.4596453845e+01
1	7667	4.4615283557e+01
1	875	4.4682670059e+01
1	5860	4.4723395735e+01
1	3314	4.4737357304e+01
3	994	4.4752915863e+01
1	7255	4.4757712724e+01
0	16357	4.4793757561e+01
1	12400	4.4815273349e+01
2	14988	4.4863767336e+01
2	1492	4.4904855422e+01
0	12414	4.5052933248e+01
3	14951	4.5094396192e+01
2	4819	4.5108652911e+01
0	5903	4.5176360085e+01
0	621	4.5214746614e+01
2	15826	4.5231523065e+01
2	2971	4.5269569067e+01
1	11265	4.5314495371e+01
1	9369	4.5337259941e+01
3	11041	4.5345493142e+01
2	12743	4.5386684193e+01
3	11205	4.5418869894e+01
1	7526	4.5439939951e+01
0	2258	4.5503406774e+01
0	14394	4.5522317022e+01
1	7109	4.5535871744e+01
2	5775	4.5542188558e+01
3	11713	4.5643242184e+01
1	5630	4.5802449617e+01
0	17478	4.5835308645e+01
0	12336	4.5932643400e+01
3	11944	4.5964401416e+01
1	14139	4.5971967432e+01
1	16118	4.6074380155e+01
1	10245	4.6074449101e+01
1	5450	4.6120630084e+01
0	5972	4.6145168680e+01
2	13825	4.6304785493e+01
1	14475	4.6328122033e+01
0	15148	4.6350788182e+01
3	5503	4.6355444348e+01
2	7667	4.6392976885e+01
0	2946	4.6440787266e+01
2	3202	4.6495515291e+01
0	1220	4.6528136007e+01
1	13514	4.6550567562e+01
0	15391	4.6646830589e+01
3	12365	4.6715254669e+01
3	1231	4.6865321548e+01
2	11198	4.6870923685e+01
0	14813	4.6946190314e+01
0	6228	4.6963275072e+01
3	17009	4.7051238383e+01
3	15767	4.7101584836e+01
1	11733	4.7149573380e+01
0	4741	4.7212504755e+01
2	10703	4.7339011148e+01
3	1589	4.7433816325e+01
1	14889	4.7446673390e+01
1	10388	4.7450157629e+01
3	4758	4.7451531059e+01
1	5845	4.7525782114e+01
3	8010	4.7604824178e+01
2	8862	4.7635297824e+01
0	14849	4.7639701786e+01
3	11066	4.7644320729e+01
2	8585	4.7666603616e+01
2	9422	4.7707099173e+01
0	5087	4.7737008488e+01
3	5866	4.7742188765e+01
1	13707	4.7768587546e+01
1	6064	4.7773703876e+01
0	7976	4.7859519142e+01
2	7741	4.7924459954e+01
3	3843	4.8013424641e+01
0	17052	4.8038099585e+01
1	6372	4.8044348254e+01
3	2859	4.8498456728e+01
2	9643	4.8508931582e+01
0	2628	4.8521739895e+01
0	7945	4.8576555478e+01
0	2415	4.8654007085e+01
3	7213	4.8692009627e+01
3	14361	4.8768041503e+01
2	10717	4.8797076469e+01
0	13667	4.8804925848e+01
0	2584	4.8835120891e+01
1	1236	4.8870475057e+01
2	1112	4.8918116105e+01
2	4200	4.8979908815e+01
1	6839	4.9011959622e+01
1	3316	4.9021640795e+01
2	5469	4.9046954889e+01
3	13070	4.9047166513e+01
2	3531	4.9066373408e+01
2	5105	4.9075843761e+01
2	13072	4.9157775197e+01
3	14501	4.9493776773e+01
2	11902	4.9543821281e+01
0	3002	4.9570618583e+01
1	13234	4.9599508120e+01
3	2753	4.9606287512e+01
3	2771	4.9734736924e+01
3	6736	4.9875457593e+01
3	10589	4.9903361372e+01
2	2545	4.9923815872e+01
3	904	4.9953859642e+01
0	14537	5.0006670192e+01
0	11827	5.0024500044e+01
2	12864	5.0277773202e+01
0	11783	5.0284834312e+01
3	7740	5.0289509528e+01
0	3458	5.0445194156e+01
2	4207	5.0493004982e+01
2	9646	5.0568378249e+01
3	9476	5.0580838367e+01
1	7138	5.0591007870e+01
2	5162	5.0732296238e+01
2	2038	5.0742274267e+01
2	6483	5.0823304798e+01
2	14854	5.0903590551e+01
1	13998	5.0928470466e+01
2	14130	5.1057802219e+01
1	7742	5.1063715954e+01
1	15238	5.1085013944e+01
3	12735	5.1131355748e+01
0	7089	5.1156938662e+01
3	10761	5.1283977905e+01
3	8500	5.1303643978e+01
0	5943	5.1392038666e+01
2	16665	5.1461311305e+01
1	4188	5.1468913870e+01
2	3971	5.1469213274e+01
2	4401	5.1678737365e+01
3	2568	5.1695875130e+01
0	13448	5.1747050822e+01
1	15264	5.1910339669e+01
2	15634	5.1994789717e+01
2	7486	5.2010225241e+01
0	12501	5.2033404272e+01
2	16587	5.2065837623e+01
1	9383	5.2116198355e+01
3	14715	5.2224561924e+01
3	14453	5.2232664368e+01
1	12051	5.2252301603e+01
2	1298	5.2266596176e+01
1	619	5.2279254844e+01
2	16585	5.2415735906e+01
2	14007	5.2598852349e+01
2	10899	5.2651278652e+01
1	13077	5.2661132515e+01
3	5980	5.2680482964e+01
3	10602	5.2846133034e+01
3	10700	5.2979934881e+01
2	4193	5.3043002856e+01
3	13001	5.3077413906e+01
0	8828	5.3169008597e+01
3	9938	5.3239541340e+01
3	17081	5.3268752781e+01
0	4046	5.3304724040e+01
1	1247	5.3354947442e+01
1	6794	5.3451161620e+01
2	2710	5.3494796588e+01
3	49	5.3533067973e+01
0	898	5.3535084422e+01
3	11984	5.3588191135e+01
0	3375	5.3676206237e+01
3	6181	5.3736468898e+01
2	3273	5.3772583105e+01
1	11413	5.3799338619e+01
2	14195	5.3821976833e+01
1	8258	5.3928176883e+01
0	7057	5.3996273531e+01
1	6300	5.3999691449e+01
1	2711	5.4016234475e+01
2	16358	5.4068622482e+01
1	802	5.4106283196e+01
2	5946	5.4198255903e+01
0	5983	5.4217396084e+01
2	8006	5.4245683522e+01
3	9633	5.4388328832e+01
3	7113	5.4399784739e+01
0	10874	5.4509333944e+01
3	3797	5.4592720576e+01
2	13101	5.4638630387e+01
1	3908	5.4749791655e+01
2	13781	5.4764942344e+01
1	6773	5.4945506986e+01
0	15901	5.4960109603e+01
1	10747	5.4965406025e+01
3	7096	5.4968560810e+01
1	8811	5.5157899565e+01
2	16193	5.5278593898e+01
1	11555	5.5568535199e+01
1	14453	5.5591420957e+01
1	14379	5.5599779725e+01
3	1216	5.5642113216e+01
3	9150	5.5649959877e+01
1	897	5.5668364646e+01
1	16398	5.5679854133e+01
0	9687	5.5698957304e+01
1	12387	5.5700100448e+01
0	10373	5.5700589028e+01
0	2211	5.5727564588e+01
3	14857	5.5750775121e+01
1	16084	5.5796376725e+01
1	9009	5.5921057090e+01
0	5375	5.6003772771e+01
0	6939	5.6038259752e+01
1	13984	5.6163242856e+01
1	16677	5.6286318132e+01
3	7358	5.6297981690e+01
3	6213	5.6301780293e+01
0	6905	5.6420596322e+01
1	7262	5.6434798154e+01
1	4634	5.6502147606e+01
0	11246	5.6544113214e+01
0	588	5.6621086792e+01
0	11129	5.6635495215e+01
2	3239	5.6668851785e+01
2	3046	5.6681957350e+01
3	15092	5.6755818961e+01
3	4446	5.6764643752e+01
0	12346	5.6788554690e+01
0	8942	5.6934719360e+01
2	6183	5.6962759414e+01
1	10217	5.7001029557e+01
1	3605	5.7009404467e+01
1	11982	5.7118527693e+01
0	15086	5.7170379872e+01
0	8243	5.7177750981e+01
0	13312	5.7225233160e+01
3	10477	5.7248357195e+01
2	13882	5.7251715385e+01
0	9436	5.7277372213e+01
3	14127	5.7332640099e+01
0	14306	5.7425187800e+01
0	1966	5.7453020315e+01
1	6497	5.7490292268e+01
2	770	5.7513715753e+01
3	618	5.7528669376e+01
0	11485	5.7582254822e+01
2	5449	5.7761835776e+01
1	2163	5.7770984017e+01
3	10592	5.7796166460e+01
0	1586	5.7816799601e+01
1	6838	5.7851827471e+01
1	16078	5.7901106052e+01
3	14305	5.7936281849e+01
2	2116	5.7966846396e+01
1	5159	5.8045561328e+01
3	15704	5.8140773632e+01
0	321	5.8165945745e+01
2	8354	5.8175912648e+01
3	2915	5.8235563138e+01
2	8083	5.8263784943e+01
3	14896	5.8344276508e+01
1	224	5.8610667822e+01
1	1922	5.8630442652e+01
3	8637	5.8716974163e+01
0	2652	5.8718000741e+01
3	16693	5.8802888076e+01
1	10668	5.8809184203e+01
0	11355	5.8838706179e+01
3	9324	5.8839258799e+01
2	7270	5.8895455283e+01
2	124	5.8917412599e+01
3	8612	5.8924620530e+01
1	12488	5.9020977104e+01
0	5485	5.9034425506e+01
1	5041	5.9131776742e+01
0	13249	5.9173480446e+01
0	11250	5.9184143931e+01
2	8519	5.9187781874e+01
2	10210	5.9214984461e+01
1	4637	5.9268245588e+01
1	5856	5.9330545892e+01
2	6016	5.9370931261e+01
1	10798	5.9413357068e+01
1	10411	5.9430114653e+01
3	7821	5.9479093014e+01
0	3334	5.9567482248e+01
2	4777	5.9595924276e+01
3	5509	5.9609153332e+01
3	4647	5.9634699784e+01
1	14584	5.9962329030e+01
1	5289	6.0079990633e+01
3	13871	6.0188103644e+01
0	4983	6.0230314310e+01
3	7792	6.0248555274e+01
1	16896	6.0248705571e+01
3	15173	6.0255309083e+01
2	7529	6.0255672930e+01
2	6770	6.0327830186e+01
2	8032	6.0396350867e+01
0	4261	6.0397242019e+01
2	13662	6.0440662900e+01
3	7476	6.0452560999e+01
2	1486	6.0584109541e+01
0	5437	6.0661361435e+01
0	11339	6.0680441614e+01
3	4604	6.0691214600e+01
1	4087	6.0717205626e+01
3	1801	6.0806575168e+01
1	15805	6.1005381603e+01
1	14339	6.1098068820e+01
1	10495	6.1103563108e+01
2	16513	6.1215548484e+01
0	6518	6.1280753051e+01
2	7797	6.1423224376e+01
3	16822	6.1526595695e+01
1	3734	6.1649980239e+01
2	14598	6.1690716070e+01
0	2159	6.1772961672e+01
1	3466	6.1796456832e+01
0	11570	6.1852288188e+01
1	16067	6.1866266170e+01
0	2561	6.1870746588e+01
1	10877	6.1945231430e+01
2	16068	6.1962311400e+01
1	11579	6.2046085045e+01
1	10643	6.2048958883e+01
2	15271	6.2107491914e+01
2	14286	6.2114979094e+01
0	3465	6.2130356380e+01
3	7707	6.2155720202e+01
2	3763	6.2276153605e+01
0	2706	6.2333063207e+01
0	3705	6.2338041685e+01
0	10088	6.2439676347e+01
3	2565	6.2458453072e+01
1	6092	6.2478955622e+01
3	5799	6.2509672027e+01
0	1224	6.2542664498e+01
3	15989	6.2585415964e+01
3	13836	6.2640935653e+01
1	9326	6.2727287283e+01
2	1783	6.2929250527e+01
3	14089	6.2936600966e+01
0	13615	6.2951173740e+01
2	14391	6.2964074560e+01
0	8712	6.3028538435e+01
1	14644	6.3100594208e+01
3	16564	6.3147846454e+01
2	9803	6.3240749662e+01
2	17173	6.3284940433e+01
2	4181	6.3329960005e+01
0	9604	6.3367951735e+01
3	9906	6.3503731036e+01
3	14229	6.3786662807e+01
2	16398	6.3898428587e+01
1	11652	6.3907341274e+01
1	15147	6.3967900667e+01
0	2185	6.3971802660e+01
1	3816	6.3973592422e+01
1	17037	6.4044019070e+01
3	13300	6.4065985728e+01
3	14490	6.4128570987e+01
0	8650	6.4284376064e+01
3	8904	6.4310616327e+01
3	8738	6.4407091940e+01
2	2838	6.4417386125e+01
3	8390	6.4551264139e+01
0	1689	6.4561864616e+01
3	16874	6.4590111654e+01
2	13206	6.4600790990e+01
0	3428	6.4700575665e+01
0	9625	6.4940004609e+01
1	16940	6.4986199691e+01
3	15452	6.5001974089e+01
0	10612	6.5021826015e+01
1	17086	6.5077219954e+01
3	3221	6.5077654955e+01
0	12208	6.5214122106e+01
2	16806	6.5265452000e+01
2	4299	6.5325511549e+01
0	7160	6.5366298894e+01
3	12097	6.5402773240e+01
0	6249	6.5464696185e+01
0	760	6.5473750244e+01
3	2059	6.5486303393e+01
1	16557	6.5526004491e+01
2	6734	6.5576438845e+01
3	5647	6.5687067023e+01
3	7249	6.5729233447e+01
2	12796	6.5775598605e+01
2	1851	6.5927861327e+01
1	5587	6.6000070275e+01
1	6029	6.6113035327e+01
1	16025	6.6135035171e+01
3	10773	6.6147315082e+01
3	16052	6.6240572835e+01
3	14506	6.6272918644e+01
2	8586	6.6302422075e+01
0	45	6.6375543293e+01
1	1051	6.6382641710e+01
2	15243	6.6708428322e+01
3	2010	6.6732246739e+01
0	3176	6.6742776999e+01
2	3154	6.6947011534e+01
0	641	6.6949671584e+01
0	2362	6.6990184327e+01
3	4232	6.7010751230e+01
0	1060	6.7188093378e+01
2	6950	6.7315652974e+01
2	11296	6.7367276943e+01
0	6615	6.7411246319e+01
1	4039	6.7499056809e+01
2	12332	6.7939480939e+01
3	5302	6.8026783521e+01
3	13852	6.8192435136e+01
1	1768	6.8288218340e+01
1	11926	6.8330563107e+01
0	12519	6.8371862076e+01
2	8240	6.8384634267e+01
2	15111	6.8455140892e+01
2	6443	6.8478472820e+01
0	2995	6.8484394863e+01
0	601	6.8543632560e+01
3	3098	6.8603350738e+01
3	10691	6.8768530603e+01
3	5530	6.8768575820e+01
2	1503	6.8832681911e+01
3	15006	6.8833763737e+01
3	9722	6.8843144391e+01
1	4676	6.8896526983e+01
0	7014	6.8942808927e+01
3	10126	6.9032526283e+01
3	1307	6.9037247124e+01
0	12990	6.9059069563e+01
0	5537	6.9234292236e+01
2	7206	6.9345631234e+01
3	8654	6.9421743256e+01
1	10037	6.9455480044e+01
0	3240	6.9554208831e+01
0	3578	6.9641716524e+01
3	9154	6.9761121753e+01
1	7981	6.9786493901e+01
3	12437	6.9809925131e+01
2	371	6.9820303220e+01
3	8133	6.9861584424e+01
2	100	6.9873573473e+01
2	7766	6.9998695187e+01
1	5115	7.0072313015e+01
3	7551	7.0077223832e+01
2	10980	7.0114329057e+01
2	9740	7.0153453734e+01
1	7041	7.0156038489e+01
3	3705	7.0219579743e+01
0	13664	7.0285484022e+01
2	2737	7.0342774107e+01
3	7288	7.0421094208e+01
0	6334	7.0453451607e+01
3	10519	7.0471738048e+01
0	8952	7.0607154239e+01
2	7330	7.0621802870e+01
3	6924	7.0778065220e+01
1	5633	7.0804068843e+01
1	8853	7.0838844892e+01
1	16969	7.0914967120e+01
3	2528	7.0942382180e+01
3	10786	7.1311511854e+01
0	5201	7.1321886620e+01
2	3738	7.1551656540e+01
0	3623	7.1611758161e+01
0	15198	7.1840141230e+01
3	5199	7.1850246027e+01
1	7693	7.2055350664e+01
0	10070	7.2182161470e+01
2	4385	7.2302195773e+01
0	6891	7.2304613780e+01
3	6973	7.2463529032e+01
2	14311	7.2578071730e+01
3	16709	7.2766395897e+01
0	9638	7.2775138428e+01
2	14243	7.2882732435e+01
1	15190	7.2950532695e+01
2	14290	7.2984151300e+01
0	1771	7.3078803567e+01
3	1197	7.3083596851e+01
1	1419	7.3143324284e+01
3	7245	7.3175097813e+01
1	12277	7.3249221801e+01
1	15010	7.3302804757e+01
1	14892	7.3305051912e+01
3	12035	7.3366866066e+01
3	1648	7.3406374947e+01
3	15604	7.3490977261e+01
2	13693	7.3507013014e+01
3	9211	7.3555643590e+01
2	598	7.3720621947e+01
1	14864	7.3809839610e+01
2	1713	7.3923386404e+01
3	6524	7.3926361115e+01
3	12574	7.3971592708e+01
3	14018	7.4058702272e+01
1	6387	7.4107779730e+01
0	5187	7.4320138629e+01
3	2558	7.4337012374e+01
0	15383	7.4408955898e+01
3	12568	7.4480924968e+01
0	17545	7.4690573306e+01
2	177	7.4736123121e+01
2	123	7.4790026285e+01
3	16911	7.4917186306e+01
1	11502	7.4976284087e+01
3	3023	7.5001663561e+01
2	12644	7.5023628946e+01
1	4891	7.5173188486e+01
3	10362	7.5192074011e+01
2	2662	7.5222388893e+01
3	9565	7.5249939592e+01
1	7057	7.5490928313e+01
3	5540	7.5561445166e+01
2	642	7.5577391157e+01
2	6045	7.5637240809e+01
2	3764	7.6016858320e+01
3	8457	7.6022990108e+01
0	15080	7.6045054197e+01
1	5417	7.6110337273e+01
1	11150	7.6175490331e+01
1	6036	7.6225200628e+01
3	11848	7.6254738469e+01
1	10301	7.6256691780e+01
0	10468	7.6262948606e+01
0	3147	7.6329972936e+01
1	17015	7.6574509049e+01
0	11761	7.6789878053e+01
1	13919	7.6847882282e+01
1	1043	7.6888371665e+01
2	14524	7.6890207079e+01
1	11998	7.7049280257e+01
3	7450	7.7065126545e+01
1	7505	7.7112300044e+01
0	12858	7.7117155190e+01
1	3272	7.7134439287e+01
3	2914	7.7139224290e+01
3	6302	7.7285296642e+01
0	2685	7.7293155254e+01
0	4240	7.7411397536e+01
0	2005	7.7664363278e+01
0	1288	7.7695473305e+01
0	4151	7.8044910208e+01
3	7992	7.8057394471e+01
3	12922	7.8080199104e+01
3	7888	7.8134459997e+01
2	5590	7.8282168174e+01
2	14567	7.8497838569e+01
0	9464	7.8605901887e+01
1	3363	7.8726371782e+01
1	1334	7.8822375653e+01
1	9918	7.8828838390e+01
3	8650	7.8858533026e+01
2	9479	7.8941132966e+01
3	9184	7.9027337205e+01
1	2669	7.9029025425e+01
1	1318	7.9041335527e+01
3	90	7.9044104626e+01
3	7421	7.9147137660e+01
0	9533	7.9158100441e+01
2	2750	7.9244849272e+01
3	11629	7.9370413322e+01
3	5451	7.9374946772e+01
3	7081	7.9390328288e+01
0	14279	7.9474968885e+01
2	10046	7.9480213938e+01
2	4835	7.9496872343e+01
1	16135	7.9694025018e+01
2	11179	7.9762229360e+01
2	11042	7.9775339681e+01
0	2504	7.9787843745e+01
0	2840	7.9877025981e+01
1	12779	7.9884128079e+01
1	11267	7.9886830033e+01
2	3120	7.9902576780e+01
2	8729	8.0068960876e+01
3	11560	8.0104304301e+01
3	9234	8.0220208708e+01
0	2631	8.0270320591e+01
1	13995	8.0281288925e+01
3	14161	8.0313288445e+01
1	6904	8.0343575346e+01
0	9985	8.0361389460e+01
3	15689	8.0377719084e+01
1	10804	8.0598850048e+01
0	7351	8.0616663243e+01
0	14668	8.0813963030e+01
3	7748	8.0858572983e+01
2	16496	8.0988065254e+01
2	9038	8.1054353078e+01
1	8328	8.1062556162e+01
2	4698	8.1198916920e+01
1	7047	8.1216024702e+01
1	854	8.1501570944e+01
3	14202	8.1542700563e+01
3	7052	8.1571978926e+01
1	3987	8.1590289187e+01
1	4265	8.1705391741e+01
3	6905	8.2246073757e+01
0	12315	8.2373258551e+01
3	13826	8.2681385125e+01
3	6021	8.2688278517e+01
3	337	8.2759554036e+01
2	2954	8.2765209176e+01
0	1950	8.2799001964e+01
2	6583	8.2863070292e+01
1	6291	8.2886394995e+01
3	10966	8.2910629168e+01
1	10858	8.2923164258e+01
3	11992	8.3009708253e+01
0	17150	8.3132981932e+01
3	8971	8.3325420713e+01
2	3373	8.3645542845e+01
0	4690	8.3705225598e+01
3	4023	8.3797032615e+01
2	11431	8.3946008359e+01
3	10297	8.4089385877e+01
2	3801	8.4115451816e+01
3	6254	8.4123079395e+01
2	6374	8.4202583288e+01
1	11761	8.4250731044e+01
0	5287	8.4283238536e+01
3	12670	8.4427296990e+01
1	4291	8.4516770563e+01
1	1340	8.4539007208e+01
1	10019	8.4541515390e+01
3	1815	8.4548973395e+01
2	16111	8.4993913896e+01
1	3027	8.5064965631e+01
0	6048	8.5071145850e+01
3	4494	8.5153640253e+01
1	1463	8.5197897798e+01
0	12107	8.5349165730e+01
2	6957	8.5402814543e+01
2	7468	8.5421951648e+01
2	7066	8.5435356779e+01
3	1868	8.5453049852e+01
0	2105	8.5522283725e+01
0	12735	8.5570187132e+01
1	8994	8.5718456685e+01
0	14229	8.5736573986e+01
1	11638	8.5762774611e+01
1	5705	8.5990595152e+01
2	8341	8.5998913489e+01
0	10991	8.6025874862e+01
2	8414	8.6026182169e+01
2	14725	8.6046494782e+01
2	10059	8.6052995372e+01
1	11234	8.6063799978e+01
3	6820	8.6069153376e+01
1	7500	8.6086820120e+01
3	16061	8.6136254396e+01
3	13996	8.6209399773e+01
0	7959	8.6353486944e+01
2	7284	8.6362404791e+01
0	11259	8.6387590353e+01
1	12882	8.6419096864e+01
0	908	8.6471403834e+01
3	8584	8.6626159754e+01
2	14652	8.6715566821e+01
0	10497	8.6794177985e+01
0	14155	8.6992032984e+01
0	5428	8.7028173705e+01
1	4349	8.7069570599e+01
3	6818	8.7071554625e+01
1	14345	8.7133967310e+01
1	7259	8.7168806765e+01
1	11308	8.7214741843e+01
2	16074	8.7222462287e+01
0	9208	8.7229983412e+01
1	8632	8.7270712316e+01
2	7660	8.7287847637e+01
3	7839	8.7312484086e+01
3	4399	8.7385690520e+01
1	13227	8.7405725511e+01
2	2310	8.7481127853e+01
1	9729	8.7634207867e+01
0	10941	8.7760421063e+01
3	12018	8.7910408237e+01
1	10910	8.7910806079e+01
1	16644	8.7957617991e+01
2	2664	8.8052575107e+01
0	13262	8.8060874789e+01
2	7144	8.8094413695e+01
0	6513	8.8148141064e+01
2	14777	8.8180706786e+01
0	3358	8.8196867617e+01
1	10219	8.8263297986e+01
0	8924	8.8272396176e+01
1	2854	8.8310852705e+01
1	11356	8.8347632156e+01
0	2707	8.8613431242e+01
3	6977	8.8802448361e+01
2	16980	8.8815986556e+01
3	7163	8.8928070007e+01
2	16676	8.9027020565e+01
0	16863	8.9088422248e+01
0	12954	8.9173204690e+01
0	3186	8.9235860694e+01
3	2495	8.9237353926e+01
3	3716	8.9242606439e+01
0	15394	8.9329639995e+01
3	9266	8.9365273750e+01
3	9787	8.9411248502e+01
2	758	8.9445406122e+01
0	2508	8.9503192546e+01
2	881	8.9511738279e+01
0	16517	8.9755532323e+01
1	14214	8.9763996492e+01
1	6667	8.9805631142e+01
3	7131	9.0194962116e+01
0	3987	9.0233882414e+01
0	8732	9.0271782442e+01
3	10609	9.0365041770e+01
1	10274	9.0399637475e+01
0	11392	9.0584637589e+01
1	2279	9.0800149258e+01
1	5972	9.0807047686e+01
3	5992	9.0886536159e+01
1	62	9.0903753505e+01
3	15901	9.0928248142e+01
3	6002	9.1015452195e+01
1	679	9.1140729530e+01
2	3512	9.1167111748e+01
0	3640	9.1191566780e+01
1	1975	9.1329064838e+01
1	12686	9.1330333216e+01
0	3582	9.1343951866e+01
3	12831	9.1449533353e+01
3	13224	9.1492845742e+01
0	15143	9.1501357178e+01
0	7588	9.1519011197e+01
1	11697	9.1623556487e+01
1	9148	9.1647423026e+01
1	12690	9.1697918810e+01
3	12943	9.1774493773e+01
1	31	9.1786503737e+01
0	17533	9.1914500591e+01
1	7542	9.2069941789e+01
2	2661	9.2088419655e+01
3	9238	9.2130839945e+01
0	13894	9.2201653684e+01
2	4722	9.2250019148e+01
2	6832	9.2258609657e+01
2	12767	9.2384088637e+01
2	14442	9.2396075169e+01
2	11838	9.2470954437e+01
0	15105	9.2490914934e+01
0	9656	9.2608072062e+01
2	10619	9.2643037752e+01
0	15798	9.2811282418e+01
1	9997	9.3113644024e+01
3	13446	9.3154398665e+01
3	12377	9.3225027184e+01
1	7127	9.3246134556e+01
3	15718	9.3263187166e+01
1	3106	9.3341132572e+01
1	7673	9.3416661743e+01
3	13014	9.3428166753e+01
1	1343	9.3515187385e+01
0	11232	9.3568318672e+01
0	7058	9.3623570524e+01
0	16211	9.3628693541e+01
0	4120	9.3634745146e+01
3	3816	9.3718752064e+01
0	12072	9.3779636250e+01
2	816	9.3997952314e+01
3	11556	9.4012480997e+01
1	702	9.4019860521e+01
0	7915	9.4105921591e+01
3	4011	9.4108794019e+01
0	10152	9.4309979226e+01
0	11249	9.4671755614e+01
3	93	9.4686383392e+01
0	11534	9.4694609334e+01
0	6757	9.4716203315e+01
1	2004	9.4744146034e+01
2	3871	9.4827925562e+01
0	11234	9.4829394322e+01
0	7305	9.4839035867e+01
1	10918	9.4887438010e+01
2	11026	9.4915275503e+01
2	5361	9.4926447768e+01
1	9902	9.4951257908e+01
0	955	9.4954780498e+01
0	12055	9.4964964034e+01
3	4530	9.5122676694e+01
2	10639	9.5212343031e+01
3	6088	9.5239062975e+01
0	13492	9.5266899933e+01
2	9872	9.5313428979e+01
2	11720	9.5358053618e+01
2	5375	9.5463902700e+01
0	11053	9.5583050393e+01
1	9168	9.5608672415e+01
1	7844	9.5752699603e+01
1	9136	9.5756747527e+01
2	1359	9.5792072410e+01
2	9170	9.5883307457e+01
3	16007	9.5919159859e+01
3	2453	9.5941717258e+01
2	12961	9.5981658635e+01
3	12700	9.6067248770e+01
2	5632	9.6119736509e+01
0	6680	9.6168624344e+01
2	17040	9.6231169453e+01
3	9666	9.6250526262e+01
2	10062	9.6422891615e+01
3	1174	9.6428794350e+01
2	8147	9.6607082405e+01
1	14315	9.6625200723e+01
3	14243	9.6635390278e+01
0	1560	9.6792268985e+01
3	14694	9.6807795253e+01
0	11314	9.6922719641e+01
2	4780	9.6930725577e+01
1	8687	9.7019390993e+01
2	12704	9.7060606330e+01
2	9488	9.7138482263e+01
1	4663	9.7261552427e+01
2	13164	9.7274389933e+01
3	7881	9.7293479013e+01
1	14355	9.7324622772e+01
1	11718	9.7446511710e+01
0	242	9.7466453075e+01
1	757	9.7712307540e+01
2	724	9.7807491693e+01
2	2991	9.7819895938e+01
2	13198	9.7916971446e+01
2	10207	9.8026004794e+01
3	12599	9.8028735062e+01
2	16870	9.8050682805e+01
0	14752	9.8195928381e+01
0	6776	9.8346665035e+01
0	2389	9.8393522642e+01
2	2032	9.8395356561e+01
1	16358	9.8405808263e+01
3	12338	9.8411864698e+01
0	10378	9.8438365276e+01
1	11797	9.8558229836e+01
0	2253	9.8573333748e+01
2	15193	9.8600119870e+01
1	10725	9.8739749610e+01
0	17226	9.8788259131e+01
0	14970	9.8792852781e+01
3	15832	9.8858817032e+01
3	8009	9.8941011848e+01
2	13802	9.9110994247e+01
2	722	9.9229786462e+01
0	13313	9.9357803435e+01
3	13225	9.9363476131e+01
3	15028	9.9455770223e+01
3	5022	9.9559181414e+01
2	3193	9.9576627232e+01
3	11763	9.9707216475e+01
3	5707	9.9733830485e+01
3	7222	9.9815995488e+01
1	12875	9.9855244237e+01
1	14438	1.0003017902e+02
2	6071	1.0006418323e+02
2	1682	1.0020163002e+02
0	941	1.0038296260e+02
1	12974	1.0050288062e+02
2	3843	1.0053715868e+02
3	11959	1.0057717846e+02
1	10419	1.0059779196e+02
1	12912	1.0061721540e+02
2	16792	1.0067159996e+02
2	12595	1.0067258320e+02
0	2048	1.0080448641e+02
1	13110	1.0081278971e+02
3	1267	1.0082293969e+02
0	979	1.0086068444e+02
1	10967	1.0109756616e+02
2	13268	1.0117813505e+02
2	18	1.0124390202e+02
2	10398	1.0130946444e+02
3	8296	1.0133573809e+02
0	615	1.0141961312e+02
3	3821	1.0167927727e+02
0	12393	1.0182102431e+02
3	5433	1.0193119613e+02
2	15734	1.0193590364e+02
3	10078	1.0200397762e+02
2	6793	1.0217714297e+02
2	8061	1.0224943772e+02
0	13640	1.0226691277e+02
3	6090	1.0228558747e+02
0	2029	1.0235584361e+02
3	11846	1.0239209474e+02
0	13574	1.0240632948e+02
3	8804	1.0263928208e+02
0	9679	1.0270113730e+02
0	13935	1.0275863055e+02
3	14440	1.0276438726e+02
1	1034	1.0276665112e+02
1	1027	1.0282723632e+02
3	12460	1.0283038193e+02
3	7585	1.0286367573e+02
0	9906	1.0304840062e+02
2	14504	1.0317346015e+02
3	1337	1.0329810514e+02
0	13444	1.0332366471e+02
2	3981	1.0332789000e+02
1	15173	1.0340938052e+02
0	14882	1.0359779957e+02
3	7316	1.0381519859e+02
1	13147	1.0383206643e+02
2	5657	1.0383311883e+02
0	8969	1.0386718915e+02
2	14308	1.0396051797e+02
1	11596	1.0404418208e+02
2	13357	1.0408883650e+02
1	12870	1.0410360721e+02
2	12652	1.0411982758e+02
3	1544	1.0427145794e+02
1	4312	1.0433846006e+02
3	12070	1.0434465932e+02
2	9285	1.0446699004e+02
0	541	1.0458112357e+02
1	9357	1.0465717271e+02
0	13446	1.0478753663e+02
1	10802	1.0502588135e+02
3	10004	1.0506982050e+02
2	12336	1.0508475747e+02
1	16803	1.0508883531e+02
2	15882	1.0510073184e+02
3	9616	1.0510253201e+02
1	3431	1.0522510861e+02
3	13668	1.0523395529e+02
3	4208	1.0523988761e+02
3	7008	1.0526683008e+02
1	1772	1.0535585634e+02
3	86	1.0556085286e+02
2	5909	1.0567462049e+02
0	12180	1.0575153849e+02
2	17137	1.0576388979e+02
1	15200	1.0576618863e+02
0	3040	1.0581989452e+02
1	16692	1.0591647583e+02
0	14354	1.0598284785e+02
1	9085	1.0605651575e+02
0	11980	1.0609652372e+02
2	11007	1.0615681650e+02
3	3634	1.0616974065e+02
3	13193	1.0625762338e+02
1	13119	1.0626072699e+02
3	13195	1.0629133256e+02
3	14321	1.0630360231e+02
2	12046	1.0636209169e+02
2	14271	1.0636578887e+02
1	9753	1.0645742301e+02
3	11830	1.0660523624e+02
0	3962	1.0668783422e+02
2	11233	1.0674474674e+02
2	6041	1.0684464638e+02
2	4991	1.0716701803e+02
0	14162	1.0717796442e+02
2	5678	1.0726249572e+02
3	15065	1.0731062625e+02
3	10892	1.0732841482e+02
1	15926	1.0733168480e+02
0	13130	1.0733715952e+02
2	9742	1.0747290386e+02
1	3136	1.0751125602e+02
1	11693	1.0764411343e+02
3	3283	1.0793618626e+02
0	1062	1.0794818772e+02
3	3667	1.0801124989e+02
1	3851	1.0803646204e+02
0	6701	1.0803844956e+02
1	10154	1.0818083602e+02
2	49	1.0820319407e+02
1	10585	1.0820531326e+02
3	17194	1.0828062508e+02
2	3473	1.0829347731e+02
2	11801	1.0834258292e+02
3	15772	1.0838389602e+02
2	14349	1.0839468203e+02
3	5412	1.0847081385e+02
0	3366	1.0848911572e+02
0	4943	1.0860492505e+02
2	4891	1.0865957091e+02
0	3359	1.0867433959e+02
0	1154	1.0868834260e+02
2	11040	1.0869531316e+02
0	10477	1.0873691473e+02
1	16405	1.0885443617e+02
3	1818	1.0887474647e+02
2	8015	1.0892251851e+02
2	2081	1.0895470712e+02
0	6207	1.0906821803e+02
2	16407	1.0914913156e+02
1	9309	1.0918208563e+02
3	8353	1.0925945825e+02
2	4521	1.0926404590e+02
2	15989	1.0938130329e+02
2	12173	1.0940824184e+02
3	1259	1.0950242486e+02
3	8667	1.0952583339e+02
1	17046	1.0954586904e+02
1	17131	1.0979503234e+02
2	4217	1.0982416163e+02
2	7019	1.0983454075e+02
2	2475	1.0995978636e+02
0	13497	1.0997663480e+02
3	6383	1.1001493875e+02
2	10051	1.1008912570e+02
1	1551	1.1015490238e+02
3	16279	1.1019202848e+02
2	11185	1.1021100839e+02
3	8518	1.1021732950e+02
0	12194	1.1030594652e+02
3	3913	1.1042578702e+02
1	2352	1.1044406207e+02
3	15808	1.1047033981e+02
3	11363	1.1069934703e+02
0	5576	1.1070289361e+02
1	10610	1.1082814290e+02
1	488	1.1083789143e+02
2	9163	1.1086989466e+02
3	13640	1.1093836821e+02
3	5634	1.1114655458e+02
1	17258	1.1129049898e+02
0	11093	1.1132036040e+02
0	10639	1.1136617340e+02
3	6015	1.1145493572e+02
1	11241	1.1153296993e+02
3	12435	1.1154572171e+02
2	9893	1.1156530319e+02
0	5484	1.1189000436e+02
1	14094	1.1192344885e+02
0	10435	1.1205459954e+02
3	10748	1.1207897060e+02
2	8088	1.1210054927e+02
0	13690	1.1218319592e+02
1	9372	1.1220073694e+02
1	1757	1.1220760259e+02
1	14423	1.1225946165e+02
2	5084	1.1233466533e+02
0	330	1.1234530867e+02
0	14529	1.1242456753e+02
2	5554	1.1243244563e+02
3	15098	1.1258435534e+02
2	8120	1.1270122640e+02
2	11818	1.1274689348e+02
1	4795	1.1277412839e+02
3	13353	1.1301085755e+02
1	6139	1.1302775385e+02
2	6499	1.1307556788e+02
1	10175	1.1317980645e+02
1	7444	1.1348006658e+02
1	12806	1.1377204326e+02
2	14143	1.1379538304e+02
0	11127	1.1388683788e+02
0	13169	1.1389686886e+02
2	5740	1.1390103779e+02
2	17110	1.1396270006e+02
3	14214	1.1405694494e+02
2	6370	1.1415144792e+02
2	11062	1.1416773281e+02
3	16272	1.1420866272e+02
2	12300	1.1422165417e+02
3	704	1.1425761000e+02
3	13410	1.1429886996e+02
0	3487	1.1440872304e+02
0	10531	1.1444891862e+02
3	12229	1.1458385608e+02
3	16849	1.1464019390e+02
2	583	1.1468203657e+02
1	6162	1.1470923836e+02
3	11031	1.1481374552e+02
0	11145	1.1496662550e+02
1	1004	1.1499513586e+02
0	8788	1.1508690348e+02
1	5000	1.1518617712e+02
0	14281	1.1526591929e+02
0	6055	1.1527748237e+02
3	6209	1.1547855817e+02
2	53	1.1551185017e+02
1	11991	1.1554109526e+02
1	6786	1.1579292329e+02
1	5375	1.1586195565e+02
1	10330	1.1601296377e+02
3	6248	1.1601360227e+02
3	14169	1.1609276497e+02
1	16373	1.1609565657e+02
1	6088	1.1610148516e+02
1	6801	1.1611758001e+02
1	9660	1.1617027701e+02
0	1591	1.1622678890e+02
2	4661	1.1629997408e+02
1	11479	1.1633486181e+02
3	8658	1.1635788620e+02
3	6469	1.1643634583e+02
3	14466	1.1647557732e+02
1	1596	1.1651889850e+02
2	10922	1.1665524915e+02
2	17130	1.1665546372e+02
0	11650	1.1671101968e+02
0	3374	1.1679062390e+02
1	5987	1.1679091159e+02
0	7628	1.1683337910e+02
2	4453	1.1695625913e+02
2	587	1.1712070640e+02
3	10563	1.1730823726e+02
1	9133	1.1739587197e+02
3	4219	1.1744959230e+02
1	518	1.1753804073e+02
0	7704	1.1759151834e+02
2	8140	1.1759625709e+02
3	6437	1.1771633584e+02
2	1671	1.1772032998e+02
1	8650	1.1792302231e+02
3	14966	1.1798333486e+02
1	1172	1.1799330957e+02
1	10939	1.1814085288e+02
0	14800	1.1818207187e+02
1	7130	1.1830550131e+02
0	12709	1.1844937556e+02
3	4769	1.1846149561e+02
3	2326	1.1857038556e+02
0	6015	1.1861281481e+02
1	8506	1.1875687291e+02
1	17116	1.1910645340e+02
0	5453	1.1922552554e+02
3	14415	1.1923120930e+02
1	7048	1.1924122697e+02
3	9366	1.1957047106e+02
2	4934	1.1959337905e+02
2	12549	1.1960821009e+02
1	16214	1.1962198228e+02
1	2161	1.1965181349e+02
1	10085	1.1969907412e+02
0	15651	1.1979268899e+02
2	16991	1.1980838402e+02
3	149	1.1987930090e+02
1	17175	1.2002205033e+02
2	9226	1.2003413620e+02
1	542	1.2023432680e+02
2	11935	1.2028899572e+02
0	8231	1.2063805245e+02
3	12981	1.2065594325e+02
1	7014	1.2066631184e+02
2	5712	1.2080572110e+02
3	9268	1.2081223182e+02
3	13702	1.2108557232e+02
0	14286	1.2109583475e+02
1	13393	1.2110271292e+02
2	13222	1.2113345974e+02
2	5007	1.2116608970e+02
1	4748	1.2116901205e+02
0	7277	1.2118871022e+02
1	3663	1.2119951540e+02
3	3420	1.2134171357e+02
3	3116	1.2134210318e+02
2	9445	1.2139249695e+02
1	8273	1.2148559802e+02
3	1086	1.2148749858e+02
3	15550	1.2154361272e+02
1	13824	1.2155032127e+02
2	6648	1.2155497913e+02
0	15617	1.2175775534e+02
3	8686	1.2187592434e+02
2	2495	1.2192201630e+02
3	529	1.2193194080e+02
0	3810	1.2193520475e+02
0	12030	1.2199883455e+02
1	14925	1.2206530098e+02
1	9221	1.2213765331e+02
3	9253	1.2217976146e+02
1	10223	1.2239018977e+02
1	3285	1.2239906411e+02
3	663	1.2250600743e+02
3	1443	1.2252666245e+02
0	9619	1.2254486221e+02
2	1878	1.2266047780e+02
3	6297	1.2279416126e+02
1	3403	1.2283244805e+02
3	17178	1.2284046489e+02
0	14587	1.2287342225e+02
0	16699	1.2288715904e+02
1	5505	1.2299184924e+02
1	13203	1.2306776777e+02
2	1850	1.2322429373e+02
0	1989	1.2323987425e+02
3	7242	1.2329255100e+02
2	15137	1.2332193422e+02
1	7692	1.2333598620e+02
2	2666	1.2337544526e+02
1	9607	1.2342076638e+02
0	11853	1.2362404581e+02
0	16013	1.2370347833e+02
2	16636	1.2393358544e+02
0	7862	1.2400160201e+02
2	2918	1.2404498695e+02
2	7845	1.2404790469e+02
1	13783	1.2409025909e+02
0	13057	1.2435723667e+02
1	10341	1.2436298974e+02
2	8081	1.2437520492e+02
2	16416	1.2437725077e+02
0	8602	1.2457284586e+02
1	17206	1.2460205404e+02
1	9854	1.2462946194e+02
3	13609	1.2469071179e+02
1	6577	1.2485897126e+02
1	4912	1.2496051299e+02
3	8503	1.2497747275e+02
1	8836	1.2517183798e+02
0	10910	1.2526171872e+02
0	13885	1.2548943038e+02
2	7865	1.2553231560e+02
0	3871	1.2562504343e+02
0	9457	1.2570060493e+02
3	4304	1.2575321996e+02
3	16072	1.2587203479e+02
0	708	1.2587439238e+02
0	845	1.2594193636e+02
3	1497	1.2601022431e+02
0	13800	1.2604247302e+02
2	2272	1.2605336537e+02
0	1876	1.2624278439e+02
2	11630	1.2634537672e+02
1	8780	1.2634912123e+02
3	9690	1.2639375255e+02
0	16014	1.2639829205e+02
1	1263	1.2640845973e+02
1	16345	1.2641690864e+02
0	11023	1.2649643753e+02
1	10927	1.2654420150e+02
3	5208	1.2654696697e+02
2	4922	1.2657394719e+02
1	7425	1.2667346640e+02
1	10012	1.2668026199e+02
1	9076	1.2691301948e+02
3	7107	1.2695472051e+02
0	2357	1.2701691876e+02
1	2829	1.2722523169e+02
0	8459	1.2731731719e+02
1	9397	1.2737788897e+02
0	13743	1.2739410994e+02
2	2923	1.2750955955e+02
1	13920	1.2755019691e+02
3	602	1.2759695395e+02
2	14141	1.2774187751e+02
3	10704	1.2781924317e+02
2	4381	1.2785136796e+02
1	3792	1.2810929472e+02
2	1458	1.2813310691e+02
0	10729	1.2816817370e+02
0	9294	1.2818002180e+02
1	4513	1.2819373073e+02
0	8191	1.2827187611e+02
1	16975	1.2856565817e+02
3	13997	1.2874877041e+02
0	16897	1.2878713835e+02
3	6706	1.2882091264e+02
3	8761	1.2895629887e+02
2	4766	1.2903712348e+02
2	4050	1.2918137852e+02
3	6702	1.2930026180e+02
1	14814	1.2951671668e+02
1	16507	1.2956387032e+02
0	3867	1.2957210151e+02
1	2203	1.2958602102e+02
3	3949	1.2985963457e+02
0	11924	1.2991504181e+02
1	13790	1.2994204378e+02
0	3542	1.2997807291e+02
3	7978	1.3003258716e+02
0	16192	1.3008227149e+02
0	529	1.3017228818e+02
1	12898	1.3018847780e+02
3	9649	1.3026891686e+02
0	4307	1.3028097947e+02
2	1128	1.3039177834e+02
0	14887	1.3040987102e+02
0	2627	1.3054967115e+02
0	15254	1.3071497518e+02
3	12687	1.3099826547e+02
1	127	1.3107381057e+02
3	15942	1.3107394276e+02
1	2835	1.3123062609e+02
1	16788	1.3125018351e+02
1	11756	1.3127679752e+02
1	6753	1.3131557858e+02
2	6663	1.3142860088e+02
2	16517	1.3147235640e+02
2	13515	1.3159185982e+02
0	13363	1.3164902405e+02
2	8149	1.3180095439e+02
1	2022	1.3200362642e+02
0	12428	1.3203670291e+02
0	14115	1.3214006120e+02
0	5589	1.3216501796e+02
2	6331	1.3220078616e+02
3	7087	1.3262706990e+02
1	14549	1.3271528883e+02
3	8726	1.3289359384e+02
2	14104	1.3294247966e+02
0	533	1.3297440242e+02
3	14292	1.3317949240e+02
0	8656	1.3318738602e+02
3	8712	1.3321626453e+02
3	6154	1.3321703442e+02
0	11404	1.3322773636e+02
0	12992	1.3324398790e+02
1	16072	1.3334694660e+02
2	7958	1.3334748436e+02
1	12716	1.3336417735e+02
3	7084	1.3339299082e+02
2	13119	1.3345693067e+02
1	3278	1.3356067722e+02
0	6043	1.3357104240e+02
0	2114	1.3361610613e+02
0	9008	1.3365136304e+02
3	15360	1.3367714758e+02
1	9496	1.3379575216e+02
1	10312	1.3404726574e+02
3	15184	1.3406068425e+02
2	9307	1.3407720884e+02
0	9769	1.3412060023e+02
0	9600	1.3412899841e+02
1	6409	1.3434279725e+02
1	15507	1.3443797422e+02
3	4888	1.3446588998e+02
3	10365	1.3466550856e+02
3	11615	1.3476375734e+02
1	728	1.3506732649e+02
1	12550	1.3508070406e+02
1	7699	1.3514768793e+02
0	4841	1.3515829810e+02
2	8575	1.3528542734e+02
3	4905	1.3534718115e+02
3	14508	1.3540500545e+02
3	3958	1.3560443981e+02
3	16414	1.3569979424e+02
2	10582	1.3570062797e+02
0	1945	1.3593130090e+02
0	751	1.3594809428e+02
1	14184	1.3603797276e+02
2	2831	1.3604471902e+02
2	6602	1.3608225690e+02
1	9149	1.3608887431e+02
0	14147	1.3614686626e+02
0	13478	1.3616234032e+02
3	11240	1.3621519000e+02
0	16480	1.3624509325e+02
1	6822	1.3632052689e+02
3	1401	1.3633274466e+02
2	8378	1.3645020922e+02
3	14818	1.3646186946e+02
2	10620	1.3649645516e+02
0	7004	1.3649681014e+02
2	11872	1.3654985637e+02
1	1402	1.3656622603e+02
3	13683	1.3658861495e+02
3	9915	1.3678034320e+02
1	7296	1.3681718742e+02
3	15582	1.3684681254e+02
2	10690	1.3685927342e+02
3	1845	1.3693644931e+02
1	10126	1.3698072409e+02
3	3657	1.3714590373e+02
1	5108	1.3717728538e+02
2	9873	1.3718579932e+02
0	14419	1.3725446556e+02
1	608	1.3736088016e+02
0	2083	1.3746544781e+02
0	1535	1.3758426716e+02
2	13546	1.3767549513e+02
1	16198	1.3767560551e+02
2	16181	1.3777904068e+02
2	68	1.3789111645e+02
0	13962	1.3794794942e+02
2	11209	1.3802409957e+02
3	3552	1.3811717314e+02
0	9915	1.3819902633e+02
0	12935	1.3827781777e+02
3	16312	1.3828344700e+02
2	16431	1.3829003846e+02
2	14374	1.3830758080e+02
2	2911	1.3836369812e+02
0	6415	1.3838000197e+02
0	15493	1.3839956994e+02
3	7580	1.3843706529e+02
1	10819	1.3868590074e+02
0	14808	1.3876008526e+02
1	13946	1.3894497084e+02
0	5221	1.3895191236e+02
3	499	1.3896311871e+02
1	1139	1.3898877006e+02
3	4924	1.3898906218e+02
3	14961	1.3906639459e+02
0	3417	1.3921958892e+02
0	9835	1.3931307514e+02
3	1977	1.3936023587e+02
1	2099	1.3940729367e+02
0	764	1.3942327104e+02
1	12447	1.3943520872e+02
1	9237	1.3951138981e+02
0	7825	1.3952786783e+02
2	5217	1.3972148370e+02
2	670	1.3980677237e+02
3	11484	1.3991596291e+02
3	13961	1.4004683169e+02
2	9461	1.4009342979e+02
0	5939	1.4009749867e+02
3	5486	1.4014998135e+02
0	4853	1.4015693902e+02
1	15003	1.4017926898e+02
1	6718	1.4027252095e+02
1	11360	1.4031255477e+02
2	6481	1.4053500577e+02
1	1144	1.4054914586e+02
2	3099	1.4056164715e+02
1	13527	1.4064955038e+02
1	7472	1.4070013341e+02
0	4896	1.4072215535e+02
0	1695	1.4082521000e+02
3	16125	1.4088904218e+02
2	14158	1.4093135424e+02
2	3532	1.4095170737e+02
2	3841	1.4107913714e+02
1	3066	1.4118981711e+02
2	9401	1.4129208961e+02
3	2007	1.4145322966e+02
0	4895	1.4151533342e+02
3	12157	1.4153070166e+02
1	7859	1.4175253759e+02
1	5515	1.4175801758e+02
0	10598	1.4179799870e+02
3	4724	1.4183592448e+02
2	2775	1.4190312634e+02
0	16158	1.4200314477e+02
0	6371	1.4201239008e+02
3	3591	1.4202520900e+02
3	4780	1.4202665921e+02
2	36	1.4230835239e+02
3	1054	1.4247769528e+02
2	14799	1.4252006847e+02
1	3755	1.4256127053e+02
2	13855	1.4257375388e+02
1	2653	1.4293476525e+02
0	11113	1.4302377743e+02
2	13388	1.4305381424e+02
1	5964	1.4317497793e+02
2	11891	1.4325631015e+02
3	10361	1.4329776480e+02
3	6047	1.4330391309e+02
2	9528	1.4338322945e+02
1	5810	1.4344088518e+02
3	8852	1.4346666364e+02
2	5062	1.4357363406e+02
3	16821	1.4383623786e+02
2	8331	1.4389198913e+02
2	6558	1.4397463399e+02
0	3746	1.4410486692e+02
2	1898	1.4411163732e+02
0	5499	1.4419293249e+02
3	13010	1.4424252758e+02
1	15876	1.4426373428e+02
0	902	1.4433389921e+02
1	9417	1.4433689143e+02
1	2390	1.4433975751e+02
3	9643	1.4434193603e+02
2	12780	1.4436765956e+02
2	1943	1.4448372711e+02
3	11299	1.4450920060e+02
1	6476	1.4508613810e+02
0	14284	1.4511240405e+02
2	14186	1.4520196985e+02
3	97	1.4529983966e+02
1	13487	1.4545472235e+02
0	16599	1.4549557970e+02
0	17037	1.4553694897e+02
3	14244	1.4557942285e+02
2	6038	1.4596924407e+02
0	3446	1.4597664206e+02
2	1853	1.4600597298e+02
0	1787	1.4601742585e+02
3	15637	1.4606555241e+02
1	8217	1.4606559233e+02
3	15016	1.4622694042e+02
0	8102	1.4628148147e+02
1	5658	1.4632980751e+02
3	1293	1.4637840893e+02
0	2090	1.4652852156e+02
1	114	1.4656154950e+02
2	16289	1.4665332493e+02
0	2855	1.4669399466e+02
0	13143	1.4678062421e+02
2	12364	1.4695615723e+02
1	11699	1.4703879847e+02
3	13889	1.4704394295e+02
3	11019	1.4716510360e+02
0	12682	1.4720475702e+02
0	4029	1.4740005122e+02
0	13612	1.4741993538e+02
3	1582	1.4761130953e+02
3	225	1.4765562913e+02
3	1784	1.4770090988e+02
0	1345	1.4778943650e+02
3	708	1.4785180868e+02
0	16247	1.4789661787e+02
0	17078	1.4794953304e+02
2	11974	1.4802985563e+02
1	7069	1.4809807686e+02
1	2548	1.4824100402e+02
2	1106	1.4827245235e+02
1	12060	1.4829030293e+02
0	16571	1.4837905162e+02
0	5431	1.4838220970e+02
3	15976	1.4847217307e+02
2	12782	1.4865816327e+02
3	3950	1.4883016786e+02
0	8183	1.4891515621e+02
0	7224	1.4902460498e+02
1	16176	1.4924130909e+02
3	16785	1.4926549046e+02
2	12695	1.4936965565e+02
1	1425	1.4957007695e+02
0	13231	1.4965226869e+02
1	5331	1.4975843557e+02
0	9422	1.4982030304e+02
3	5016	1.4992900104e+02
1	15836	1.5014293697e+02
1	8564	1.5026362998e+02
2	3186	1.5033128776e+02
1	14852	1.5053214711e+02
1	14469	1.5057262818e+02
1	14090	1.5064701834e+02
0	13290	1.5080215976e+02
2	13380	1.5110645601e+02
3	13273	1.5117061301e+02
3	3546	1.5119998678e+02
3	10774	1.5124686780e+02
0	10836	1.5125634971e+02
0	13668	1.5126791346e+02
0	15967	1.5133112285e+02
0	14304	1.5133538427e+02
2	6713	1.5134438700e+02
0	5111	1.5134559969e+02
0	4877	1.5135387809e+02
3	3855	1.5135477382e+02
2	4818	1.5172299764e+02
3	12779	1.5178516793e+02
2	14153	1.5183334876e+02
2	6380	1.5191434184e+02
0	12976	1.5200642579e+02
1	6775	1.5204393105e+02
2	15806	1.5210322591e+02
0	5095	1.5223935959e+02
2	2271	1.5231712316e+02
2	14858	1.5246728224e+02
2	17198	1.5254673017e+02
3	9653	1.5264773758e+02
2	11265	1.5266226399e+02
2	10906	1.5267616710e+02
0	4244	1.5270884916e+02
1	745	1.5278985246e+02
0	3613	1.5281718813e+02
3	15490	1.5293267964e+02
3	5891	1.5297342042e+02
2	5389	1.5312115284e+02
3	15305	1.5318276206e+02
1	10987	1.5337841072e+02
1	16008	1.5346994490e+02
0	11905	1.5352816485e+02
2	14653	1.5359196377e+02
1	10606	1.5364991254e+02
3	12555	1.5369471045e+02
1	4468	1.5391476845e+02
1	8548	1.5402049024e+02
2	6992	1.5406557296e+02
2	9783	1.5412311219e+02
3	6267	1.5412884890e+02
1	9876	1.5416516980e+02
0	2711	1.5426095776e+02
2	2489	1.5444686084e+02
0	3820	1.5453160648e+02
2	10915	1.5455896800e+02
2	6363	1.5463476520e+02
1	6290	1.5479221947e+02
2	14771	1.5501698690e+02
1	14798	1.5505362971e+02
2	15972	1.5539379226e+02
3	15567	1.5539620835e+02
0	9708	1.5540894213e+02
1	11832	1.5547881972e+02
0	10745	1.5566990289e+02
1	12592	1.5596701592e+02
3	10294	1.5599133728e+02
2	4179	1.5609754120e+02
0	10000	1.5619998987e+02
0	5856	1.5632400896e+02
3	2895	1.5647925354e+02
2	5169	1.5653808440e+02
3	4151	1.5657068272e+02
0	8013	1.5667076893e+02
1	15861	1.5670696225e+02
2	1626	1.5673337377e+02
1	6424	1.5686468771e+02
3	8583	1.5687124111e+02
1	16421	1.5689174715e+02
3	15341	1.5728384451e+02
3	12646	1.5753874539e+02
1	2401	1.5757609442e+02
1	4812	1.5760129764e+02
0	11877	1.5763430081e+02
2	7697	1.5769458812e+02
2	2100	1.5772298653e+02
3	10713	1.5774315432e+02
3	11970	1.5776292926e+02
2	10084	1.5787230456e+02
1	4660	1.5799722130e+02
3	13801	1.5837820879e+02
3	7010	1.5857584092e+02
2	6034	1.5861811744e+02
0	11624	1.5873494956e+02
1	10766	1.5898674323e+02
2	11207	1.5915261698e+02
2	9334	1.5920207820e+02
2	1636	1.5926746002e+02
3	11197	1.5950439736e+02
1	6269	1.5951369013e+02
0	4815	1.5956308765e+02
2	2146	1.5972411994e+02
0	6942	1.5980089238e+02
3	7928	1.5980965729e+02
1	14349	1.5989206113e+02
1	12388	1.5999481761e+02
0	5386	1.6007796666e+02
1	4918	1.6010678651e+02
0	10903	1.6012666592e+02
2	9998	1.6021494243e+02
3	15153	1.6050614485e+02
3	3877	1.6061358186e+02
0	6152	1.6065655774e+02
3	14362	1.6067920433e+02
2	11405	1.6078682545e+02
3	4077	1.6079670274e+02
3	12174	1.6079916744e+02
0	7093	1.6089635561e+02
3	13496	1.6093007265e+02
0	1094	1.6099146225e+02
3	13906	1.6101232618e+02
0	13266	1.6103823737e+02
2	15437	1.6114336882e+02
0	12017	1.6121799023e+02
3	10763	1.6131587065e+02
0	4468	1.6135756449e+02
2	1216	1.6148115605e+02
0	7934	1.6160064925e+02
0	13509	1.6163677115e+02
3	8771	1.6169858919e+02
1	13830	1.6169954893e+02
1	16365	1.6171396411e+02
3	10953	1.6201554299e+02
1	3380	1.6202225606e+02
0	11796	1.6210426717e+02
2	9607	1.6234008183e+02
2	12313	1.6238835144e+02
3	17053	1.6239035183e+02
0	574	1.6281486340e+02
2	16576	1.6283722026e+02
2	9828	1.6293631156e+02
0	8057	1.6300670013e+02
3	229	1.6337595447e+02
3	11368	1.6356705468e+02
1	7106	1.6368239537e+02
0	3729	1.6395611650e+02
2	19	1.6407862844e+02
1	10333	1.6408232046e+02
1	12764	1.6411211656e+02
0	11886	1.6416416551e+02
1	6356	1.6427313617e+02
1	6977	1.6431169437e+02
3	8541	1.6460632541e+02
0	15694	1.6478552425e+02
0	6798	1.6486822383e+02
3	12989	1.6500648170e+02
0	14891	1.6510541087e+02
2	5399	1.6520609590e+02
0	2024	1.6525906805e+02
2	11673	1.6530037349e+02
0	5262	1.6546928826e+02
0	9591	1.6550363527e+02
0	8945	1.6560455064e+02
0	14670	1.6566858260e+02
0	7286	1.6569875273e+02
1	13757	1.6571897890e+02
3	3852	1.6576138654e+02
2	210	1.6595715468e+02
0	14596	1.6606224872e+02
0	62	1.6607484104e+02
2	8221	1.6617264891e+02
3	8879	1.6622806569e+02
1	15454	1.6627686984e+02
3	9970	1.6630341004e+02
1	9555	1.6636715410e+02
2	12164	1.6637182232e+02
1	12402	1.6637447272e+02
1	14679	1.6647803463e+02
2	3085	1.6659078857e+02
1	16030	1.6666401724e+02
1	15388	1.6668711860e+02
1	5836	1.6690219021e+02
1	13515	1.6690316946e+02
1	8889	1.6694299593e+02
3	16234	1.6701103922e+02
0	4319	1.6712562446e+02
2	14387	1.6734701141e+02
3	1674	1.6744042390e+02
1	7008	1.6746784597e+02
2	10655	1.6747493094e+02
0	1016	1.6752062742e+02
0	16602	1.6790941305e+02
2	8099	1.6794275070e+02
2	14785	1.6848961483e+02
3	1057	1.6856997649e+02
3	12099	1.6874287332e+02
3	15614	1.6899964379e+02
2	7983	1.6958413371e+02
1	13831	1.6973978435e+02
3	14289	1.6974816561e+02
0	13366	1.6995063726e+02
3	7343	1.7021496721e+02
1	6338	1.7029993094e+02
1	15132	1.7038114015e+02
3	6679	1.7038519476e+02
2	10380	1.7041048226e+02
2	2940	1.7041339586e+02
3	14900	1.7051530719e+02
1	8002	1.7069329200e+02
3	16077	1.7117416912e+02
1	10862	1.7137927892e+02
0	4026	1.7144339522e+02
2	2002	1.7157018033e+02
3	558	1.7183061383e+02
2	7544	1.7198976289e+02
0	9118	1.7213686172e+02
3	14640	1.7241535192e+02
0	5798	1.7246433969e+02
1	9197	1.7275089860e+02
2	8869	1.7280200124e+02
1	8149	1.7281418205e+02
1	11971	1.7295384581e+02
0	5265	1.7307064993e+02
3	2821	1.7324651609e+02
1	891	1.7329994588e+02
2	12567	1.7333759058e+02
3	2127	1.7337620954e+02
1	6455	1.7357941148e+02
2	15935	1.7364838795e+02
0	206	1.7396533519e+02
2	7041	1.7400966593e+02
3	8592	1.7401579143e+02
1	11781	1.7410055487e+02
0	7445	1.7416385288e+02
2	1227	1.7419797107e+02
0	940	1.7447714932e+02
1	15436	1.7468399924e+02
2	365	1.7488271098e+02
2	10033	1.7490941711e+02
0	3688	1.7499968466e+02
0	10171	1.7551924371e+02
2	5137	1.7556640481e+02
0	6652	1.7591808925e+02
3	14811	1.7595503767e+02
3	16334	1.7614114942e+02
3	9907	1.7614277836e+02
3	15077	1.7627631107e+02
1	4111	1.7629675346e+02
3	14859	1.7633490480e+02
1	12656	1.7645356515e+02
0	9891	1.7678355977e+02
0	9109	1.7699854985e+02
1	16127	1.7705006070e+02
0	6945	1.7707153621e+02
1	6458	1.7719308465e+02
1	3978	1.7749949078e+02
0	8549	1.7761054464e+02
3	315	1.7767143769e+02
1	2693	1.7768654362e+02
3	15675	1.7809822886e+02
2	3162	1.7818721196e+02
3	5128	1.7827357519e+02
3	14457	1.7833103633e+02
3	3960	1.7833662796e+02
2	10595	1.7838408416e+02
3	10467	1.7842079556e+02
2	6751	1.7857007202e+02
2	14018	1.7888143317e+02
1	13019	1.7905693420e+02
2	9223	1.7921455486e+02
2	309	1.7927883832e+02
3	15421	1.7944439809e+02
1	16974	1.7946682777e+02
1	14831	1.7948434964e+02
3	9652	1.7955267149e+02
0	13285	1.7959743206e+02
0	3438	1.7971767140e+02
0	14185	1.7972088491e+02
0	4	1.7987161817e+02
0	16766	1.7990423872e+02
2	12663	1.7993024244e+02
2	9611	1.8015522390e+02
1	3097	1.8025005495e+02
2	15680	1.8033155628e+02
0	12670	1.8036832339e+02
3	15132	1.8040368165e+02
2	3127	1.8044460068e+02
3	2327	1.8053377975e+02
3	11948	1.8077906595e+02
1	2346	1.8089370402e+02
3	9839	1.8119490020e+02
3	13404	1.8126580858e+02
1	5882	1.8143927529e+02
0	11865	1.8144406661e+02
0	1433	1.8178111977e+02
0	7311	1.8182197528e+02
1	1638	1.8184061111e+02
2	13971	1.8187821173e+02
2	7627	1.8195655242e+02
1	3650	1.8199614461e+02
2	785	1.8202093195e+02
3	8282	1.8205851807e+02
2	7332	1.8209304448e+02
2	2539	1.8216363279e+02
0	2972	1.8227770113e+02
0	2082	1.8232328506e+02
3	2052	1.8249263465e+02
2	199	1.8252612611e+02
2	15648	1.8275575132e+02
2	14163	1.8283418205e+02
2	14563	1.8310034944e+02
2	6113	1.8316294185e+02
2	3237	1.8330228580e+02
3	7594	1.8330875537e+02
2	1795	1.8334056717e+02
0	5719	1.8387740354e+02
3	8664	1.8399400136e+02
1	12721	1.8406383199e+02
1	13422	1.8407737246e+02
1	9789	1.8417389716e+02
1	8640	1.8462009814e+02
3	5343	1.8462360280e+02
1	12411	1.8475464722e+02
3	6580	1.8488100733e+02
0	14172	1.8498140314e+02
1	3508	1.8502621775e+02
0	463	1.8513414154e+02
3	8081	1.8517026820e+02
1	1879	1.8529490815e+02
3	9521	1.8538431638e+02
2	11985	1.8540354305e+02
1	12153	1.8568589478e+02
0	9976	1.8587036032e+02
2	9986	1.8587959179e+02
0	712	1.8606603379e+02
3	12547	1.8628717097e+02
1	15260	1.8633447042e+02
3	2503	1.8639262484e+02
3	6555	1.8644083111e+02
2	6782	1.8646615426e+02
0	7605	1.8652306536e+02
2	1233	1.8716803935e+02
0	10242	1.8730184017e+02
2	15444	1.8732912205e+02
0	10888	1.8801117583e+02
3	12117	1.8804592985e+02
1	2953	1.8847217399e+02
2	1935	1.8853672525e+02
0	7203	1.8905985972e+02
2	14805	1.8926966664e+02
3	12443	1.8938576314e+02
0	11559	1.8963929678e+02
2	12911	1.9000827020e+02
1	2211	1.9016429216e+02
2	6730	1.9052006148e+02
2	1691	1.9067601786e+02
1	16460	1.9068306261e+02
1	12112	1.9079410364e+02
0	3606	1.9100332628e+02
3	11730	1.9124545803e+02
0	11200	1.9130802589e+02
0	7517	1.9155987044e+02
2	14628	1.9179523259e+02
1	3108	1.9207857845e+02
2	4958	1.9238719177e+02
2	11593	1.9272744416e+02
1	1396	1.9273754898e+02
0	11013	1.9296720171e+02
3	214	1.9310621358e+02
0	6745	1.9321787019e+02
0	10693	1.9324952756e+02
3	4833	1.9338806092e+02
3	9186	1.9338871731e+02
1	13895	1.9357737392e+02
0	17490	1.9376512256e+02
1	13627	1.9388231471e+02
2	4900	1.9394064751e+02
0	9856	1.9412592697e+02
1	2446	1.9417818744e+02
2	579	1.9428101914e+02
2	16264	1.9459787934e+02
3	11552	1.9460383336e+02
3	1559	1.9478512774e+02
1	13158	1.9478784529e+02
2	8409	1.9510533972e+02
0	1217	1.9561497748e+02
2	16524	1.9571866709e+02
0	10992	1.9581854425e+02
0	4188	1.9582764750e+02
2	1103	1.9592941716e+02
1	7388	1.9602776425e+02
0	5970	1.9608989778e+02
1	1558	1.9635606530e+02
1	3822	1.9641880171e+02
0	1671	1.9644117102e+02
0	9022	1.9648416319e+02
1	480	1.9665537565e+02
0	14884	1.9686821910e+02
1	10278	1.9690323240e+02
0	7153	1.9704281660e+02
3	6776	1.9718999190e+02
0	1173	1.9721363054e+02
0	2643	1.9727822894e+02
1	16944	1.9749273857e+02
3	6898	1.9753037701e+02
3	8698	1.9779447875e+02
1	8684	1.9805693878e+02
1	4562	1.9810815213e+02
1	5652	1.9813426622e+02
2	10697	1.9816433301e+02
3	14990	1.9882443528e+02
0	12783	1.9919399118e+02
3	2490	1.9932274479e+02
3	9349	1.9932511709e+02
2	12631	1.9935052023e+02
1	601	1.9936140279e+02
1	3667	1.9941334674e+02
0	13703	1.9943429697e+02
3	15387	1.9947711230e+02
0	2528	1.9955787520e+02
3	7893	1.9960754956e+02
3	2418	1.9988429248e+02
1	11498	1.9993528805e+02
1	13568	1.9998483813e+02
2	11575	2.0002413775e+02
3	13232	2.0002639415e+02
1	3984	2.0007835368e+02
2	6067	2.0014511205e+02
2	7205	2.0023983804e+02
0	13498	2.0024258736e+02
3	474	2.0031347460e+02
0	4485	2.0065767323e+02
1	7502	2.0070914720e+02
3	5988	2.0122978863e+02
0	1487	2.0142609893e+02
0	1573	2.0143695531e+02
2	9031	2.0164926720e+02
1	10413	2.0171455098e+02
3	16138	2.0173820751e+02
0	17250	2.0177157279e+02
2	13159	2.0178667441e+02
1	7357	2.0193681738e+02
1	1	2.0211505590e+02
2	3220	2.0246542314e+02
0	13898	2.0248123264e+02
2	1304	2.0254648007e+02
0	228	2.0263995056e+02
3	13257	2.0287251741e+02
0	8700	2.0331005422e+02
2	8700	2.0340343146e+02
0	4191	2.0341563221e+02
3	13456	2.0346030692e+02
1	4274	2.0358749473e+02
3	6	2.0367188565e+02
2	5055	2.0379115158e+02
2	12137	2.0390212819e+02
3	9174	2.0398875971e+02
2	13688	2.0406186016e+02
2	16745	2.0422545679e+02
2	13120	2.0429118044e+02
3	13992	2.0430288327e+02
1	10832	2.0440298269e+02
3	161	2.0450501893e+02
1	5759	2.0473835225e+02
3	1960	2.0483627355e+02
2	1947	2.0490252680e+02
1	15392	2.0524612525e+02
3	2884	2.0550504455e+02
2	6212	2.0562766247e+02
1	6218	2.0581399334e+02
3	16518	2.0647828266e+02
3	16155	2.0650465854e+02
1	10516	2.0659010500e+02
0	9816	2.0671092464e+02
0	9406	2.0682015721e+02
1	11487	2.0700264386e+02
3	4236	2.0718354546e+02
3	11550	2.0718881812e+02
3	13768	2.0744342620e+02
1	14296	2.0753423106e+02
1	10345	2.0765611114e+02
1	7663	2.0771554950e+02
0	8009	2.0773210824e+02
2	15672	2.0781331224e+02
2	12626	2.0799600048e+02
0	8796	2.0810452350e+02
0	1479	2.0823367826e+02
3	2995	2.0907252419e+02
1	9679	2.0908171142e+02
3	16954	2.0909011642e+02
1	15348	2.0913157179e+02
0	12791	2.0922185057e+02
3	9209	2.0932123390e+02
2	16402	2.0952567414e+02
3	5045	2.0993188359e+02
2	11244	2.0993272098e+02
0	14137	2.0998230244e+02
1	10190	2.0999777791e+02
3	10596	2.1009352333e+02
1	11855	2.1012847157e+02
2	13143	2.1023110648e+02
3	15975	2.1046327939e+02
1	2692	2.1048193290e+02
1	7208	2.1066017762e+02
3	13975	2.1073399830e+02
1	15402	2.1080133376e+02
0	14159	2.1089087052e+02
1	14416	2.1094003553e+02
3	6667	2.1094584844e+02
3	11095	2.1101006824e+02
2	12583	2.1104056595e+02
2	16199	2.1104165231e+02
0	49	2.1131223348e+02
1	4993	2.1161917126e+02
2	15520	2.1179135087e+02
1	11422	2.1179703401e+02
2	14140	2.1198486081e+02
0	2468	2.1200610744e+02
3	3266	2.1205150913e+02
2	11232	2.1225638118e+02
3	677	2.1226647113e+02
2	6718	2.1231569946e+02
2	806	2.1245754355e+02
3	15695	2.1246728203e+02
1	9084	2.1267685356e+02
3	10813	2.1283285021e+02
1	7897	2.1303197379e+02
2	9775	2.1315407477e+02
3	12592	2.1357747425e+02
1	5702	2.1365329528e+02
0	9566	2.1384805516e+02
0	13593	2.1396958492e+02
3	12459	2.1397785101e+02
2	14146	2.1405547749e+02
2	13746	2.1417174217e+02
2	2299	2.1417789366e+02
1	4665	2.1422100317e+02
1	12575	2.1488388534e+02
3	4100	2.1500118828e+02
2	6260	2.1511054145e+02
2	9581	2.1517470554e+02
0	17286	2.1532206732e+02
1	16607	2.1554659152e+02
0	7669	2.1569344940e+02
3	15150	2.1578595564e+02
2	15883	2.1583237742e+02
1	14902	2.1584493749e+02
0	15154	2.1593056159e+02
1	9609	2.1620513782e+02
2	1155	2.1624845103e+02
1	2515	2.1648697059e+02
3	1213	2.1662520442e+02
3	13554	2.1670916498e+02
2	5660	2.1673099273e+02
3	11633	2.1675131141e+02
0	13177	2.1700938580e+02
2	12721	2.1701513815e+02
1	3544	2.1704760961e+02
3	10278	2.1710465741e+02
0	2732	2.1713652607e+02
1	12108	2.1717563087e+02
3	13816	2.1747828443e+02
2	16880	2.1751597957e+02
1	7462	2.1769752871e+02
2	8397	2.1787096812e+02
2	16429	2.1797045109e+02
3	13991	2.1802345154e+02
3	10184	2.1803135779e+02
3	13674	2.1856524832e+02
1	10136	2.1873580856e+02
0	11300	2.1900214012e+02
3	16088	2.1905067791e+02
2	5540	2.1913217597e+02
0	2153	2.1921978331e+02
2	14132	2.1923789192e+02
0	13209	2.1998449180e+02
3	3361	2.2032404594e+02
1	11616	2.2051250897e+02
2	1771	2.2054851070e+02
0	4517	2.2059081630e+02
0	8757	2.2070435483e+02
1	10575	2.2106368637e+02
3	8186	2.2127658826e+02
3	5837	2.2161855689e+02
2	10930	2.2165837332e+02
3	10393	2.2179647757e+02
0	8984	2.2186515542e+02
2	15927	2.2186974083e+02
0	17112	2.2197200811e+02
1	2154	2.2221723469e+02
3	15544	2.2240580698e+02
1	11298	2.2240605908e+02
0	1002	2.2248110416e+02
2	8798	2.2283106069e+02
2	6985	2.2283668612e+02
2	15933	2.2288277419e+02
3	7160	2.2326214503e+02
0	12102	2.2370939031e+02
0	4114	2.2419865176e+02
0	16984	2.2424458796e+02
1	6913	2.2427102189e+02
2	15918	2.2443912236e+02
3	11874	2.2448910412e+02
1	9091	2.2461258863e+02
1	12804	2.2476580032e+02
1	5130	2.2479457003e+02
1	8489	2.2484937395e+02
2	10008	2.2486632147e+02
1	16790	2.2504941772e+02
3	13166	2.2509723702e+02
1	597	2.2519979110e+02
1	16963	2.2534004325e+02
0	11900	2.2538745486e+02
1	7967	2.2546267936e+02
3	11411	2.2577021142e+02
2	2392	2.2583057937e+02
0	10185	2.2600719700e+02
3	12871	2.2602258506e+02
0	5781	2.2605122313e+02
3	15346	2.2609182775e+02
0	7668	2.2614226318e+02
0	11245	2.2641825761e+02
2	9814	2.2646633856e+02
0	15557	2.2648028058e+02
1	15466	2.2656686849e+02
2	11409	2.2657456177e+02
1	7828	2.2683472348e+02
2	10182	2.2693236917e+02
2	1658	2.2697158187e+02
0	3160	2.2704406138e+02
2	9338	2.2710049653e+02
0	8119	2.2724473782e+02
1	1089	2.2727544667e+02
1	5141	2.2731606354e+02
1	10337	2.2737136466e+02
3	9344	2.2745535153e+02
0	7186	2.2790436809e+02
2	2721	2.2806733213e+02
3	12265	2.2839871810e+02
2	11239	2.2845726658e+02
3	3086	2.2855449353e+02
1	4992	2.2866964906e+02
0	5808	2.2878795779e+02
0	6413	2.2881619067e+02
1	8609	2.2881722629e+02
1	11317	2.2882692734e+02
2	2276	2.2913023616e+02
3	1581	2.2938880112e+02
3	5166	2.2950663571e+02
1	1520	2.2953164065e+02
2	8010	2.2961517962e+02
1	1819	2.2982985143e+02
0	3165	2.3015766321e+02
3	4457	2.3082705858e+02
2	14980	2.3096168708e+02
2	5730	2.3098020366e+02
1	9621	2.3126644284e+02
0	12217	2.3144588094e+02
1	10551	2.3164944027e+02
0	13373	2.3166645355e+02
1	22	2.3181956364e+02
0	15634	2.3221802376e+02
3	10478	2.3226358870e+02
1	6966	2.3250081552e+02
2	3130	2.3258567101e+02
0	11860	2.3264987426e+02
0	16849	2.3295050848e+02
0	921	2.3318222087e+02
1	5353	2.3347389121e+02
3	13067	2.3357738073e+02
3	2816	2.3362485414e+02
3	4302	2.3371499023e+02
2	9723	2.3372007951e+02
2	9216	2.3379635451e+02
2	7158	2.3387715613e+02
1	13206	2.3413648934e+02
2	15292	2.3425427354e+02
0	3759	2.3433136072e+02
0	9990	2.3444915472e+02
3	11274	2.3471591484e+02
3	15320	2.3503549332e+02
3	11005	2.3511298612e+02
3	9742	2.3523614681e+02
0	14308	2.3526183440e+02
3	8560	2.3530540166e+02
2	1918	2.3534954372e+02
2	10449	2.3576537979e+02
3	8699	2.3580291351e+02
1	6918	2.3583531378e+02
1	8651	2.3619089639e+02
0	2100	2.3627790462e+02
1	11794	2.3634455065e+02
2	8912	2.3643483377e+02
2	11530	2.3658667700e+02
1	9038	2.3667991212e+02
0	2340	2.3676973548e+02
0	11012	2.3684560227e+02
1	4331	2.3707700176e+02
1	2841	2.3713012065e+02
0	9974	2.3724400936e+02
1	8861	2.3735418748e+02
1	14737	2.3742356426e+02
1	8559	2.3747281979e+02
3	15576	2.3780869526e+02
0	3581	2.3787368083e+02
1	11341	2.3799686039e+02
1	565	2.3819076666e+02
1	15288	2.3843093128e+02
2	4363	2.3869011276e+02
1	11464	2.3880457082e+02
3	3036	2.3881046859e+02
3	16611	2.3893299544e+02
2	1071	2.3896197258e+02
2	14004	2.3903241417e+02
0	6733	2.3910857044e+02
2	16344	2.3910945116e+02
1	16835	2.3926669543e+02
1	4531	2.3972328047e+02
3	15122	2.4010691432e+02
1	5465	2.4016036883e+02
3	15262	2.4019550628e+02
0	15376	2.4020548255e+02
2	13238	2.4021291863e+02
3	15018	2.4025873431e+02
3	9963	2.4026251344e+02
2	4038	2.4040082380e+02
2	11827	2.4056960978e+02
0	878	2.4066287630e+02
0	8923	2.4068208617e+02
2	10882	2.4070633129e+02
3	13200	2.4074717385e+02
0	10362	2.4096888575e+02
3	13457	2.4098465750e+02
3	1832	2.4101395400e+02
1	7937	2.4103684146e+02
1	16990	2.4104909917e+02
1	6604	2.4107496139e+02
1	16361	2.4121432434e+02
1	14589	2.4133758403e+02
2	11208	2.4160090156e+02
2	3418	2.4160262747e+02
1	1069	2.4161562806e+02
2	8833	2.4184533417e+02
2	7906	2.4206758668e+02
2	651	2.4220549091e+02
3	6925	2.4231069716e+02
2	632	2.4234723918e+02
2	2176	2.4242534913e+02
3	2624	2.4281705674e+02
0	10755	2.4283317732e+02
0	1364	2.4284244631e+02
3	6055	2.4286719372e+02
1	13743	2.4291256939e+02
0	13260	2.4307766251e+02
2	7956	2.4334958568e+02
2	2848	2.4376947374e+02
0	9621	2.4429016700e+02
1	2435	2.4434153613e+02
1	47	2.4445792555e+02
1	3166	2.4457756796e+02
2	7736	2.4478250478e+02
3	6498	2.4490690471e+02
2	291	2.4497805696e+02
2	6932	2.4499277814e+02
2	10610	2.4499448422e+02
3	14267	2.4504969338e+02
3	4148	2.4509149001e+02
1	9688	2.4531717402e+02
0	5361	2.4543897052e+02
1	10214	2.4575653022e+02
3	14573	2.4600387000e+02
3	16615	2.4635644679e+02
2	10119	2.4640730451e+02
2	4828	2.4646473797e+02
0	9433	2.4672187327e+02
1	11063	2.4673858037e+02
3	14837	2.4683669935e+02
2	9609	2.4725844176e+02
1	12567	2.4731407417e+02
0	11857	2.4757378779e+02
3	3549	2.4812888413e+02
0	16856	2.4823153302e+02
2	3209	2.4838527147e+02
0	1277	2.4857489499e+02
1	5174	2.4863794982e+02
3	13053	2.4875196070e+02
0	7403	2.4876414144e+02
3	7974	2.4887630209e+02
3	3320	2.4888815862e+02
1	10195	2.4907840993e+02
1	10845	2.4920088474e+02
3	11281	2.4922009301e+02
3	15203	2.4933067518e+02
0	5424	2.4954823645e+02
2	961	2.4966779446e+02
2	4551	2.4976620588e+02
1	14491	2.4982974816e+02
0	5411	2.4989281642e+02
3	5292	2.5008977590e+02
3	13657	2.5011729522e+02
0	6581	2.5016297587e+02
1	9570	2.5060898174e+02
1	4905	2.5066036119e+02
3	425	2.5082017672e+02
1	9596	2.5082306074e+02
1	1493	2.5085780593e+02
0	4071	2.5091331061e+02
3	3556	2.5098773837e+02
1	12306	2.5105362947e+02
0	550	2.5115005439e+02
3	1182	2.5120353909e+02
2	2697	2.5132652317e+02
1	10965	2.5139971755e+02
1	5051	2.5160534294e+02
3	509	2.5162883426e+02
0	7451	2.5171727262e+02
3	10931	2.5174288175e+02
2	14983	2.5201592961e+02
3	3066	2.5256296784e+02
3	8900	2.5263761831e+02
3	4109	2.5306584477e+02
1	1204	2.5347406230e+02
2	1884	2.5348640178e+02
3	1925	2.5358038066e+02
2	7853	2.5376713335e+02
0	9954	2.5385830227e+02
0	13487	2.5389639146e+02
3	8244	2.5394388706e+02
3	3936	2.5400507909e+02
3	6345	2.5414968300e+02
0	10312	2.5415193726e+02
2	13213	2.5431354510e+02
2	514	2.5450727602e+02
0	2447	2.5464232437e+02
0	1473	2.5467059945e+02
1	3936	2.5473741998e+02
2	1425	2.5496853270e+02
3	8358	2.5516513078e+02
1	13496	2.5536744428e+02
0	6028	2.5547123763e+02
2	9115	2.5561433550e+02
0	6836	2.5569374581e+02
2	2592	2.5576094410e+02
1	10682	2.5578602143e+02
2	4411	2.5594006078e+02
1	9438	2.5615868784e+02
2	5212	2.5616743282e+02
1	1521	2.5618190238e+02
3	15166	2.5655115727e+02
1	11159	2.5693025418e+02
3	3465	2.5698317970e+02
3	1598	2.5714168597e+02
0	13335	2.5714258582e+02
0	13621	2.5745367838e+02
3	2863	2.5757486239e+02
2	9802	2.5767716341e+02
0	9342	2.5769411143e+02
1	4192	2.5772333039e+02
1	16450	2.5777980725e+02
0	6594	2.5830446383e+02
3	7862	2.5836193566e+02
0	1169	2.5839807930e+02
3	4799	2.5860951881e+02
3	10179	2.5865238786e+02
3	10408	2.5877264422e+02
1	4417	2.5878152383e+02
0	4455	2.5880634252e+02
3	16835	2.5891408454e+02
0	10669	2.5932965712e+02
2	7668	2.5937907603e+02
3	9303	2.5946698174e+02
1	2196	2.5953942781e+02
3	9197	2.5960235685e+02
1	9449	2.5971880146e+02
2	9197	2.6012179835e+02
3	4807	2.6021227937e+02
2	9737	2.6032719744e+02
2	11318	2.6056672518e+02
1	14938	2.6086486100e+02
3	4669	2.6114321618e+02
1	428	2.6169012543e+02
0	16630	2.6173269645e+02
0	255	2.6174404329e+02
2	9645	2.6174582548e+02
0	10525	2.6195443753e+02
3	3444	2.6207403703e+02
0	7519	2.6214397463e+02
3	12902	2.6216731232e+02
3	17086	2.6232557148e+02
1	3705	2.6239122450e+02
2	15081	2.6264658580e+02
3	1698	2.6274645361e+02
3	10702	2.6280402512e+02
1	7882	2.6289416993e+02
2	14372	2.6318579061e+02
1	5966	2.6325054864e+02
1	8806	2.6326801100e+02
2	17229	2.6336193061e+02
3	12030	2.6340277752e+02
1	9823	2.6350372617e+02
1	25	2.6382082963e+02
1	5179	2.6393492577e+02
2	15384	2.6395061547e+02
0	5505	2.6412489395e+02
2	9836	2.6462305762e+02
0	8453	2.6464704199e+02
2	16816	2.6474153954e+02
1	7489	2.6487114017e+02
3	6398	2.6488228633e+02
1	8953	2.6496167790e+02
0	15707	2.6531294891e+02
1	1009	2.6533831718e+02
1	5186	2.6548672733e+02
1	12132	2.6559651250e+02
2	5856	2.6570878904e+02
2	16025	2.6581005123e+02
3	15543	2.6593938168e+02
2	5597	2.6605605475e+02
0	6305	2.6606234939e+02
3	9439	2.6610681230e+02
3	8630	2.6621288180e+02
2	10181	2.6644402937e+02
3	11665	2.6675182072e+02
2	8404	2.6680303762e+02
3	10122	2.6742781452e+02
2	16780	2.6743708195e+02
3	6579	2.6752751983e+02
3	12160	2.6758062666e+02
2	1180	2.6768709036e+02
1	7531	2.6772564599e+02
2	9438	2.6782041516e+02
1	7550	2.6794657352e+02
2	13550	2.6808175933e+02
3	1915	2.6816137897e+02
2	12608	2.6834037241e+02
1	14854	2.6841744082e+02
2	2622	2.6844258154e+02
1	12810	2.6871016717e+02
0	801	2.6891913339e+02
1	7399	2.6909764465e+02
2	3897	2.6916314928e+02
1	4254	2.6927428147e+02
0	13951	2.6929785263e+02
2	7508	2.6941405949e+02
2	9883	2.6997525193e+02
2	7563	2.7002355139e+02
3	12375	2.7013039870e+02
2	10126	2.7026127904e+02
1	1570	2.7030794233e+02
0	8391	2.7038012270e+02
0	10626	2.7060466790e+02
3	1747	2.7079204067e+02
1	11410	2.7097030104e+02
1	3866	2.7098891177e+02
3	949	2.7138954322e+02
0	5664	2.7143032153e+02
2	6004	2.7143852744e+02
1	16420	2.7202601921e+02
0	12340	2.7216104026e+02
2	943	2.7252030991e+02
0	13794	2.7256014772e+02
2	13732	2.7268250329e+02
1	9781	2.7268951486e+02
1	11556	2.7280797105e+02
1	520	2.7283382417e+02
1	13146	2.7320657724e+02
3	1070	2.7326642213e+02
3	8567	2.7329443918e+02
2	15956	2.7349484744e+02
1	5907	2.7376635664e+02
0	16253	2.7377441841e+02
3	16825	2.7384824413e+02
1	2076	2.7391898954e+02
1	14166	2.7405484229e+02
1	11713	2.7408276324e+02
0	4398	2.7408327646e+02
3	8713	2.7467556716e+02
1	4858	2.7473370654e+02
0	11419	2.7478063654e+02
2	14763	2.7479488715e+02
3	557	2.7480379587e+02
2	8283	2.7487967211e+02
1	2045	2.7488840124e+02
3	3389	2.7495792959e+02
0	7712	2.7524143765e+02
1	9992	2.7542628906e+02
3	1690	2.7574948209e+02
3	553	2.7585382557e+02
0	8552	2.7588957057e+02
2	10523	2.7594545019e+02
2	3297	2.7620114684e+02
3	16164	2.7646752889e+02
3	12905	2.7663270093e+02
2	12230	2.7672377311e+02
1	15996	2.7676788054e+02
1	2609	2.7682180118e+02
2	14615	2.7693830206e+02
1	6891	2.7712267565e+02
3	9165	2.7713094412e+02
2	5497	2.7726883587e+02
1	10805	2.7733945099e+02
1	16684	2.7737220885e+02
1	6998	2.7743212340e+02
3	9456	2.7764864660e+02
0	16580	2.7790521027e+02
0	11308	2.7809056861e+02
1	6033	2.7901588752e+02
1	15323	2.7918552237e+02
1	14093	2.7961364158e+02
0	5588	2.8015349921e+02
2	3327	2.8021082669e+02
0	5644	2.8026689797e+02
3	6151	2.8061555598e+02
2	15824	2.8067310423e+02
2	5753	2.8076820700e+02
0	8361	2.8102804298e+02
1	14561	2.8128580935e+02
0	15083	2.8132878664e+02
1	13310	2.8165577252e+02
2	94	2.8166725586e+02
1	8662	2.8176503094e+02
0	16110	2.8195382674e+02
1	5663	2.8196716889e+02
2	13384	2.8212548186e+02
3	16195	2.8232557150e+02
3	5972	2.8245675386e+02
2	9699	2.8254256615e+02
2	10129	2.8273343354e+02
1	3132	2.8284800138e+02
2	10893	2.8297445566e+02
0	14091	2.8333995251e+02
1	4996	2.8349232218e+02
0	11181	2.8391912887e+02
3	5342	2.8392283886e+02
3	14791	2.8400239829e+02
1	5736	2.8441030028e+02
2	5840	2.8442219690e+02
2	6465	2.8456900038e+02
3	7174	2.8468261788e+02
1	10093	2.8475140342e+02
0	470	2.8495479781e+02
2	4839	2.8506915457e+02
2	15364	2.8582712177e+02
2	9985	2.8603570769e+02
3	13483	2.8627061256e+02
3	6508	2.8629502465e+02
3	16590	2.8636588133e+02
2	8497	2.8638697264e+02
3	13630	2.8641008393e+02
0	14051	2.8651741475e+02
0	6598	2.8661327806e+02
1	3036	2.8661656407e+02
1	17070	2.8686346368e+02
3	514	2.8718857957e+02
2	1110	2.8723145158e+02
0	11915	2.8731213997e+02
2	9854	2.8765261655e+02
3	2769	2.8780523276e+02
0	12053	2.8790919646e+02
1	13452	2.8791393604e+02
0	6950	2.8857597221e+02
2	9821	2.8874549689e+02
0	15015	2.8876662103e+02
1	4428	2.8883064578e+02
2	9766	2.8894868563e+02
1	14753	2.8908931840e+02
0	4611	2.8910570945e+02
0	13977	2.8913947624e+02
1	16648	2.8921213310e+02
1	1601	2.8991107160e+02
3	5376	2.8993533800e+02
2	12989	2.9020897649e+02
2	6478	2.9098029626e+02
2	11815	2.9131177017e+02
3	4960	2.9205861475e+02
3	16319	2.9232760239e+02
3	6280	2.9245274856e+02
1	17216	2.9257770173e+02
2	13123	2.9261211135e+02
3	5725	2.9275923056e+02
2	10082	2.9287774747e+02
0	4246	2.9353243686e+02
2	7731	2.9365347116e+02
3	9068	2.9387041522e+02
3	5833	2.9407174892e+02
3	10317	2.9439288642e+02
2	3842	2.9468836652e+02
3	12562	2.9505770884e+02
1	9457	2.9648562816e+02
1	9254	2.9650014518e+02
1	9448	2.9696322716e+02
1	1117	2.9752421873e+02
3	12178	2.9758623089e+02
3	7260	2.9766530622e+02
1	16170	2.9772173496e+02
1	16467	2.9800098543e+02
1	2121	2.9805521199e+02
0	7331	2.9819205467e+02
2	5924	2.9853091487e+02
0	13755	2.9856901226e+02
3	2082	2.9872781650e+02
0	17056	2.9898427937e+02
3	4789	2.9903620896e+02
3	3045	2.9903813524e+02
3	11748	2.9913606637e+02
0	2922	2.9917533339e+02
0	11903	2.9953919443e+02
1	11805	2.9956130669e+02
3	13714	2.9965379119e+02
1	11557	2.9969935827e+02
1	7961	2.9977412086e+02
3	14200	2.9987238141e+02
3	6411	3.0007224482e+02
0	9049	3.0022251340e+02
2	16555	3.0024741780e+02
0	4128	3.0042492302e+02
0	13031	3.0056561013e+02
3	12237	3.0085684122e+02
2	10662	3.0085740506e+02
0	6460	3.0085811636e+02
3	7029	3.0112140564e+02
0	2237	3.0129858369e+02
3	15386	3.0189234138e+02
1	15550	3.0249045347e+02
0	3593	3.0249252927e+02
2	6031	3.0250332993e+02
0	15671	3.0255741872e+02
1	15011	3.0275996348e+02
3	16854	3.0276383221e+02
2	2252	3.0294777748e+02
3	8994	3.0299459558e+02
2	8933	3.0299760282e+02
1	17161	3.0336344362e+02
1	8206	3.0442677894e+02
2	6526	3.0464053024e+02
3	9545	3.0470678812e+02
1	3374	3.0474889441e+02
3	153	3.0477421633e+02
3	7	3.0513222683e+02
3	7568	3.0523972591e+02
3	3550	3.0527987614e+02
3	6407	3.0587295171e+02
1	8293	3.0612999384e+02
3	755	3.0685341849e+02
1	283	3.0686907346e+02
3	4050	3.0709427356e+02
0	12014	3.0727224831e+02
1	3899	3.0738739820e+02
3	4558	3.0762445239e+02
1	10026	3.0782103242e+02
2	1014	3.0796297720e+02
2	6855	3.0834148791e+02
2	10052	3.0840527252e+02
0	238	3.0842225328e+02
3	7516	3.0869005660e+02
2	3597	3.0911966901e+02
1	3823	3.0933430876e+02
0	11285	3.0978646707e+02
2	8522	3.0998356521e+02
3	9583	3.1016903808e+02
0	5853	3.1029549409e+02
2	7945	3.1042975834e+02
1	6266	3.1062726281e+02
2	2482	3.1072610205e+02
1	16675	3.1078187637e+02
0	14902	3.1079329906e+02
3	7647	3.1085195970e+02
0	6921	3.1108111119e+02
0	12360	3.1172944714e+02
3	7744	3.1189510053e+02
3	2683	3.1208795326e+02
2	2789	3.1216777380e+02
0	11526	3.1227909124e+02
0	7873	3.1246621805e+02
0	6792	3.1279805392e+02
3	16668	3.1301410426e+02
3	12213	3.1325429368e+02
2	5459	3.1362298678e+02
2	1533	3.1380164402e+02
3	864	3.1385437211e+02
2	4451	3.1390050605e+02
3	11262	3.1402505572e+02
3	6457	3.1406565247e+02
0	8699	3.1412525929e+02
1	2803	3.1423497957e+02
0	5109	3.1426138425e+02
0	4138	3.1466443310e+02
3	4973	3.1483262543e+02
3	5542	3.1499748302e+02
0	15593	3.1500025506e+02
3	15420	3.1504478429e+02
2	11373	3.1522388050e+02
3	13013	3.1535324029e+02
0	6293	3.1572542027e+02
3	3019	3.1592060139e+02
1	810	3.1603819586e+02
2	12235	3.1604224766e+02
2	4124	3.1607473065e+02
1	11390	3.1616475878e+02
2	5108	3.1625242975e+02
3	2725	3.1663148689e+02
2	12949	3.1667204681e+02
3	9865	3.1702446605e+02
3	3146	3.1715045957e+02
2	11302	3.1719424612e+02
0	8739	3.1722269972e+02
0	7026	3.1727767222e+02
1	15441	3.1757662988e+02
3	950	3.1778191105e+02
3	7322	3.1799214881e+02
3	16568	3.1799437307e+02
2	6653	3.1804512699e+02
1	3491	3.1860820707e+02
2	1864	3.1885767594e+02
3	11980	3.1885899852e+02
2	27	3.1886953950e+02
0	1963	3.1900371730e+02
0	4950	3.1976523358e+02
3	2887	3.2001964639e+02
2	6986	3.2015613920e+02
1	2890	3.2060379014e+02
2	8316	3.2063533031e+02
3	9716	3.2103567423e+02
3	733	3.2112674913e+02
0	16649	3.2159560445e+02
2	7629	3.2159946769e+02
2	12405	3.2162997915e+02
1	8614	3.2164591050e+02
2	3324	3.2193936525e+02
3	4225	3.2219295946e+02
2	11204	3.2239957381e+02
0	15822	3.2276851304e+02
2	8035	3.2295024484e+02
1	8080	3.2298229149e+02
2	6507	3.2351058001e+02
2	4120	3.2364555346e+02
0	10073	3.2368332520e+02
0	2077	3.2381818573e+02
1	9181	3.2387045968e+02
0	4030	3.2391808161e+02
0	15346	3.2408307849e+02
3	13939	3.2427506296e+02
1	8064	3.2438879859e+02
2	403	3.2445902742e+02
3	13290	3.2494917091e+02
0	4110	3.2496517389e+02
3	1099	3.2550410157e+02
0	3813	3.2575257434e+02
0	8832	3.2615132160e+02
1	7479	3.2648701517e+02
2	14059	3.2666366899e+02
3	10667	3.2671635892e+02
1	5363	3.2692912479e+02
3	7563	3.2693671780e+02
0	308	3.2704976516e+02
3	11007	3.2707655671e+02
2	8566	3.2713686619e+02
1	11626	3.2746366014e+02
1	7128	3.2750622107e+02
3	2736	3.2753847001e+02
0	9846	3.2774449065e+02
1	6021	3.2780280259e+02
0	5753	3.2788057701e+02
2	5714	3.2812399494e+02
2	11667	3.2854128896e+02
1	11244	3.2914925190e+02
1	16781	3.2922819600e+02
1	2223	3.2922944494e+02
0	14927	3.2941426530e+02
1	1077	3.3070980315e+02
3	11766	3.3073718897e+02
2	7220	3.3080821097e+02
1	7476	3.3090425456e+02
1	6719	3.3121533444e+02
0	4482	3.3138252449e+02
3	1887	3.3150582325e+02
3	9533	3.3192820586e+02
1	10306	3.3210116317e+02
0	10067	3.3215858712e+02
3	4041	3.3247717193e+02
1	886	3.3266832387e+02
0	4572	3.3277440365e+02
1	10561	3.3278761411e+02
3	16124	3.3340894901e+02
3	2974	3.3386386006e+02
1	11306	3.3404589549e+02
2	302	3.3427980574e+02
2	4284	3.3474130866e+02
1	16504	3.3510266045e+02
1	12134	3.3617068809e+02
3	11729	3.3630243476e+02
0	16144	3.3636335611e+02
2	3917	3.3654555598e+02
2	14155	3.3687488258e+02
0	1354	3.3705648097e+02
3	8605	3.3712797528e+02
0	14550	3.3736274013e+02
3	6210	3.3760339234e+02
2	3396	3.3781509443e+02
2	3333	3.3796174593e+02
1	6944	3.3840366423e+02
2	3733	3.3862801662e+02
2	7551	3.3866747834e+02
2	3287	3.3879249914e+02
0	1239	3.3950017084e+02
0	5640	3.3984552965e+02
2	13192	3.4046674520e+02
0	12454	3.4050459496e+02
0	8364	3.4054754440e+02
0	16462	3.4065568904e+02
0	11123	3.4083451362e+02
1	3645	3.4086259504e+02
2	4415	3.4095458201e+02
0	15168	3.4098028331e+02
2	1618	3.4109636032e+02
2	16872	3.4119475252e+02
3	5626	3.4126927605e+02
2	7676	3.4140908162e+02
1	8533	3.4148513396e+02
3	5212	3.4159968248e+02
3	6363	3.4168584911e+02
1	12280	3.4181949603e+02
2	14709	3.4185912512e+02
1	4476	3.4231072361e+02
0	6038	3.4242222086e+02
1	10430	3.4258481181e+02
0	10934	3.4287483879e+02
3	7899	3.4293054566e+02
0	5194	3.4320185043e+02
2	3110	3.4336849542e+02
3	13888	3.4351733405e+02
1	2320	3.4364350589e+02
2	6056	3.4387292609e+02
3	9683	3.4398434414e+02
0	15119	3.4425812347e+02
1	15275	3.4444925766e+02
0	8387	3.4481431166e+02
2	12504	3.4483996190e+02
0	8530	3.4560194710e+02
3	4654	3.4567979345e+02
3	237	3.4593197931e+02
0	14129	3.4593614060e+02
3	17165	3.4597090693e+02
3	5794	3.4620756913e+02
0	11195	3.4627019428e+02
0	10342	3.4664372204e+02
1	10242	3.4674068696e+02
1	5738	3.4676424790e+02
2	5147	3.4729870849e+02
1	7957	3.4741923664e+02
0	7705	3.4746057917e+02
1	6741	3.4749456576e+02
2	5534	3.4755031828e+02
0	9086	3.4760769421e+02
0	12746	3.4773492287e+02
0	1113	3.4795333457e+02
1	10860	3.4806528481e+02
1	14794	3.4842883587e+02
0	12923	3.4847993920e+02
1	11776	3.4850229566e+02
2	6886	3.4885015900e+02
2	17144	3.4907668518e+02
2	3152	3.4914933429e+02
0	13915	3.4938343381e+02
1	11782	3.4951320617e+02
0	15349	3.5036923225e+02
2	3570	3.5053248778e+02
1	13386	3.5090921578e+02
3	13989	3.5126071821e+02
0	16821	3.5132342671e+02
1	1839	3.5142993487e+02
2	1808	3.5155158461e+02
0	15600	3.5165632656e+02
1	9804	3.5183445345e+02
0	6624	3.5191817998e+02
1	11771	3.5203890579e+02
2	2716	3.5211258818e+02
1	2966	3.5212766930e+02
1	14985	3.5217543021e+02
2	10914	3.5251734371e+02
1	10014	3.5257761540e+02
2	980	3.5263487832e+02
0	7473	3.5269605598e+02
3	12850	3.5313764907e+02
0	4134	3.5330665821e+02
0	10403	3.5379411354e+02
0	13570	3.5421569227e+02
3	16535	3.5451010392e+02
2	12926	3.5526584207e+02
0	595	3.5527648359e+02
2	16776	3.5544395550e+02
0	8838	3.5566040240e+02
2	8167	3.5573048344e+02
1	14450	3.5586730427e+02
2	2389	3.5589130203e+02
3	2883	3.5594907701e+02
0	2138	3.5619299403e+02
0	11754	3.5681989182e+02
2	7001	3.5690387068e+02
1	3516	3.5694177555e+02
3	13282	3.5748745935e+02
1	14540	3.5753495026e+02
2	15337	3.5757619433e+02
2	3539	3.5758179272e+02
2	3901	3.5807007311e+02
1	5136	3.5829055255e+02
1	2532	3.5889186473e+02
1	1309	3.5988714167e+02
0	6126	3.6053449979e+02
1	10846	3.6056062417e+02
1	3533	3.6152088060e+02
3	7975	3.6173006608e+02
1	2792	3.6304887743e+02
0	5809	3.6337898768e+02
3	13734	3.6337929639e+02
3	4320	3.6338718694e+02
0	13354	3.6341878662e+02
0	12202	3.6349214652e+02
0	8524	3.6433188358e+02
1	16636	3.6462743906e+02
2	14876	3.6464210655e+02
1	16767	3.6465214709e+02
0	13764	3.6524132717e+02
3	6591	3.6557764416e+02
1	10686	3.6627150861e+02
3	15105	3.6693665389e+02
1	585	3.6736590594e+02
1	865	3.6764059804e+02
2	12680	3.6765821971e+02
2	12339	3.6805841766e+02
2	16175	3.6846677999e+02
1	2322	3.6861021332e+02
0	7429	3.6876256296e+02
2	16156	3.6945676390e+02
0	1655	3.6950590699e+02
0	14753	3.6983849567e+02
1	996	3.7005679612e+02
1	6403	3.7008215242e+02
1	72	3.7071701641e+02
0	9329	3.7120532701e+02
1	13760	3.7123206407e+02
0	10243	3.7135826278e+02
1	2029	3.7151440920e+02
3	5872	3.7169770396e+02
0	7000	3.7186466411e+02
0	15095	3.7194846722e+02
1	7274	3.7196363631e+02
2	14691	3.7218618471e+02
1	9756	3.7263814416e+02
3	14204	3.7298747013e+02
3	14645	3.7308629421e+02
3	12712	3.7324721075e+02
0	510	3.7353861976e+02
0	12977	3.7385167255e+02
0	1993	3.7399881078e+02
2	1421	3.7446836179e+02
3	15265	3.7449275523e+02
1	4211	3.7456405330e+02
2	8009	3.7490507882e+02
3	9718	3.7594487405e+02
3	15859	3.7606598417e+02
0	15641	3.7661137983e+02
0	7497	3.7704729153e+02
0	6725	3.7732301241e+02
1	230	3.7762106114e+02
0	4119	3.7767253302e+02
1	14923	3.7779827683e+02
1	6255	3.7807889592e+02
0	1339	3.7821749905e+02
2	4547	3.7832997274e+02
2	11762	3.7876754576e+02
3	9961	3.7889966425e+02
2	2307	3.7893696662e+02
0	13007	3.7915773418e+02
0	2272	3.7924378750e+02
2	5114	3.7939643063e+02
3	15505	3.7944290865e+02
2	1235	3.7947366144e+02
0	2533	3.7954632500e+02
0	11247	3.7967889773e+02
0	17283	3.7974954096e+02
2	7554	3.8006835274e+02
3	7050	3.8024937741e+02
2	442	3.8035464970e+02
0	15423	3.8035533205e+02
2	1300	3.8035569804e+02
2	14249	3.8039566355e+02
2	2860	3.8106744323e+02
2	989	3.8137955797e+02
2	14396	3.8176706285e+02
2	1967	3.8200444275e+02
1	2963	3.8242599490e+02
1	12238	3.8269092350e+02
3	9721	3.8390626904e+02
3	15472	3.8399890175e+02
3	3725	3.8462041672e+02
1	8677	3.8471309605e+02
2	8347	3.8501143340e+02
3	10125	3.8501666451e+02
3	10587	3.8561105825e+02
3	9207	3.8567573190e+02
2	14627	3.8589745861e+02
3	6081	3.8629690630e+02
1	13864	3.8714314673e+02
2	3409	3.8742143875e+02
3	2360	3.8749645656e+02
0	16515	3.8808987141e+02
2	10533	3.8811795170e+02
0	2484	3.8829612518e+02
2	751	3.8869984396e+02
2	15895	3.8896180159e+02
0	2543	3.8898179008e+02
0	16303	3.8904422161e+02
0	12136	3.8922215903e+02
1	8446	3.8924187131e+02
2	13263	3.8959440778e+02
0	14722	3.8963227485e+02
1	2040	3.9007741242e+02
0	17046	3.9064478318e+02
3	4428	3.9070085591e+02
1	3195	3.9076940742e+02
3	5325	3.9120184214e+02
2	7176	3.9132603454e+02
2	8185	3.9135555662e+02
0	10816	3.9143525291e+02
0	17026	3.9151831651e+02
1	4156	3.9167578332e+02
2	12212	3.9215777458e+02
3	10100	3.9231581853e+02
2	5625	3.9236443776e+02
3	518	3.9244386083e+02
0	15851	3.9277892586e+02
0	1407	3.9307980797e+02
1	6679	3.9379627875e+02
0	12558	3.9383955561e+02
1	1991	3.9448466655e+02
1	6473	3.9485292420e+02
1	9968	3.9533183449e+02
3	1125	3.9586499555e+02
0	3660	3.9600541445e+02
0	9805	3.9619229746e+02
0	10736	3.9623041244e+02
1	3283	3.9664545346e+02
0	16857	3.9709923012e+02
2	696	3.9717301971e+02
1	14347	3.9815462074e+02
3	12947	3.9854130396e+02
0	5787	3.9901032850e+02
0	6906	3.9954220104e+02
0	8050	3.9977205581e+02
2	3295	3.9990912592e+02
0	4257	4.0027013934e+02
1	1571	4.0089474805e+02
0	292	4.0145992122e+02
0	10253	4.0171970603e+02
1	10048	4.0223517795e+02
1	6413	4.0250434222e+02
1	12264	4.0268575112e+02
1	11072	4.0300491568e+02
2	12411	4.0306535735e+02
1	5968	4.0370777750e+02
0	7061	4.0384772203e+02
2	16716	4.0434803174e+02
3	7409	4.0501781818e+02
0	7259	4.0532311306e+02
2	15272	4.0545372572e+02
0	12160	4.0577771550e+02
1	17012	4.0586999624e+02
3	10852	4.0604770814e+02
2	13630	4.0615020041e+02
1	2306	4.0616574362e+02
1	2566	4.0699509586e+02
3	2408	4.0729634310e+02
3	7458	4.0749045761e+02
2	11057	4.0756410546e+02
0	2434	4.0781744999e+02
3	15855	4.0798335733e+02
3	8299	4.0800512276e+02
0	10045	4.0818287126e+02
2	10075	4.0830717087e+02
2	11844	4.0837417114e+02
1	12883	4.0840774464e+02
3	11888	4.0867295176e+02
2	5544	4.0906734715e+02
1	3766	4.0927185127e+02
2	4357	4.0936489850e+02
3	16819	4.0982802028e+02
1	8313	4.1022676849e+02
1	9259	4.1088077224e+02
2	4971	4.1105213638e+02
3	10142	4.1107798625e+02
3	4979	4.1148643661e+02
1	9390	4.1215622155e+02
3	12995	4.1231599936e+02
0	10086	4.1287103100e+02
0	12067	4.1289785586e+02
3	15792	4.1340796042e+02
3	16068	4.1390989655e+02
0	1371	4.1426392245e+02
0	10434	4.1486063107e+02
0	9328	4.1571098333e+02
2	12862	4.1572828857e+02
0	13359	4.1640942530e+02
0	6182	4.1678770754e+02
0	4852	4.1799795293e+02
3	4144	4.1920591743e+02
0	11455	4.1961008585e+02
2	5301	4.2005696822e+02
2	7102	4.2071316483e+02
1	1676	4.2105063931e+02
2	4979	4.2115257361e+02
0	12811	4.2144033464e+02
2	8440	4.2162753572e+02
0	2653	4.2242640340e+02
0	16227	4.2274195453e+02
3	11931	4.2330788107e+02
0	10608	4.2343554502e+02
3	12187	4.2350358802e+02
1	15663	4.2463356854e+02
1	6038	4.2558931245e+02
0	9573	4.2618880484e+02
0	13825	4.2692808382e+02
2	12467	4.2731081320e+02
3	609	4.2803317099e+02
2	2383	4.2811521352e+02
3	9727	4.2863720134e+02
3	9401	4.2912362275e+02
0	5231	4.2916864989e+02
1	14055	4.2918718085e+02
3	15784	4.2942594302e+02
1	10991	4.3038509874e+02
1	13368	4.3056215438e+02
0	16164	4.3058197708e+02
0	877	4.3112761002e+02
1	13478	4.3147513824e+02
2	16682	4.3151312511e+02
2	12224	4.3168056678e+02
3	3252	4.3197603162e+02
3	12285	4.3239420843e+02
3	9685	4.3265603508e+02
3	6952	4.3345413207e+02
2	9247	4.3364681549e+02
1	1946	4.3370328129e+02
1	4088	4.3373554643e+02
1	1854	4.3405235581e+02
2	8362	4.3429857401e+02
1	7319	4.3511879353e+02
3	4220	4.3525118946e+02
2	8793	4.3561728904e+02
1	2695	4.3578775352e+02
3	4727	4.3583953459e+02
2	6320	4.3596180583e+02
2	8671	4.3619939180e+02
0	2993	4.3630612217e+02
2	2691	4.3636241258e+02
0	14602	4.3649716349e+02
2	4321	4.3650457973e+02
1	3589	4.3757045196e+02
0	8603	4.3824800728e+02
3	3596	4.3832565784e+02
2	5696	4.3881753793e+02
0	5543	4.3907093387e+02
0	3239	4.3934361199e+02
3	1989	4.3966427375e+02
2	7077	4.3998142473e+02
0	3347	4.4060859626e+02
1	11266	4.4079153715e+02
0	15396	4.4100329077e+02
0	11572	4.4135335262e+02
1	13829	4.4147024404e+02
2	12830	4.4149308496e+02
0	14278	4.4164282768e+02
1	5542	4.4194727889e+02
3	687	4.4259559439e+02
1	8092	4.4303079783e+02
3	14073	4.4304947303e+02
1	13331	4.4408874553e+02
0	15324	4.4432659510e+02
1	13508	4.4438065474e+02
1	9488	4.4472700465e+02
0	8806	4.4474008890e+02
0	15357	4.4485213268e+02
1	853	4.4507478342e+02
0	14459	4.4530467942e+02
2	16384	4.4594937293e+02
2	5185	4.4618205643e+02
0	15997	4.4636342572e+02
1	9070	4.4660139499e+02
0	9806	4.4660529469e+02
0	16676	4.4680990884e+02
0	14518	4.4845110804e+02
2	14633	4.4857043511e+02
3	17049	4.4964868131e+02
2	17245	4.4984515196e+02
0	10975	4.5058202677e+02
1	14506	4.5068530279e+02
0	17158	4.5073717759e+02
1	16063	4.5082703819e+02
3	14776	4.5136890758e+02
3	6370	4.5145271474e+02
0	11438	4.5188031329e+02
2	16371	4.5206485719e+02
3	7218	4.5285506712e+02
3	4972	4.5331065956e+02
0	9851	4.5348947861e+02
0	10854	4.5398376957e+02
0	8151	4.5418119812e+02
1	6498	4.5447740060e+02
2	15321	4.5548429984e+02
2	9155	4.5560959358e+02
3	11445	4.5566245218e+02
1	8444	4.5597457860e+02
0	3270	4.5610968361e+02
3	11589	4.5629783271e+02
2	10842	4.5639510093e+02
1	4514	4.5691602627e+02
1	10353	4.5715318015e+02
0	3006	4.5754500093e+02
0	1457	4.5833844820e+02
2	10020	4.5858576379e+02
0	14393	4.5879133584e+02
0	8758	4.5902371815e+02
3	9472	4.5922702123e+02
1	3970	4.5933652881e+02
1	7547	4.5984921303e+02
3	301	4.5989998326e+02
2	10267	4.6028191400e+02
3	1087	4.6128365353e+02
0	8972	4.6205245418e+02
0	17176	4.6226475565e+02
2	374	4.6350891915e+02
2	12358	4.6414804404e+02
1	1074	4.6497736565e+02
0	9551	4.6537253723e+02
1	8996	4.6648596886e+02
2	11966	4.6698644971e+02
2	3678	4.6735157292e+02
1	11660	4.6809487338e+02
2	10469	4.6869657320e+02
2	4757	4.6898475161e+02
2	6665	4.6922173116e+02
3	3731	4.6949069060e+02
2	8096	4.6971277644e+02
0	12042	4.7036496294e+02
2	13520	4.7139799005e+02
1	12382	4.7148988386e+02
0	12245	4.7156526407e+02
2	5135	4.7171586484e+02
3	16678	4.7198440664e+02
3	3037	4.7232454338e+02
0	13277	4.7253385318e+02
3	1210	4.7259460787e+02
3	1288	4.7319699019e+02
3	7536	4.7380930336e+02
2	16774	4.7387729380e+02
2	390	4.7459622030e+02
1	6686	4.7465253848e+02
2	6479	4.7482007579e+02
1	4954	4.7503736912e+02
2	13171	4.7573827837e+02
1	15993	4.7596998217e+02
3	11885	4.7807450838e+02
2	16822	4.7893824461e+02
2	2719	4.7990761788e+02
2	9916	4.8051868637e+02
1	4780	4.8057307082e+02
2	1215	4.8094853212e+02
3	588	4.8192738044e+02
2	12082	4.8206971660e+02
2	12882	4.8255091061e+02
3	9160	4.8340772059e+02
0	3840	4.8391905779e+02
1	632	4.8396016069e+02
1	2970	4.8454817361e+02
3	6557	4.8544876806e+02
1	9972	4.8566076599e+02
1	14175	4.8622455163e+02
3	13270	4.8660813851e+02
1	6133	4.8703366852e+02
1	1588	4.8757518101e+02
3	14162	4.8843968404e+02
0	16361	4.8908938032e+02
3	1229	4.8938842100e+02
3	91	4.8972228854e+02
3	15465	4.8984482498e+02
2	2846	4.8995567287e+02
2	10567	4.9072668513e+02
1	9355	4.9073353758e+02
3	5036	4.9147445574e+02
0	15421	4.9209446804e+02
1	9238	4.9385520053e+02
0	122	4.9434510528e+02
1	10232	4.9679380843e+02
2	3017	4.9715481088e+02
3	7836	4.9775470532e+02
0	11547	4.9807412796e+02
1	464	4.9970076484e+02
0	16178	4.9997683046e+02
0	5274	5.0025630854e+02
3	12286	5.0059032485e+02
3	5624	5.0078267462e+02
3	2946	5.0080758627e+02
3	8864	5.0087932165e+02
0	2384	5.0111145885e+02
3	11166	5.0187239062e+02
2	10801	5.0242586550e+02
1	15971	5.0243603501e+02
0	3432	5.0269887185e+02
1	10619	5.0270565412e+02
2	17085	5.0294688652e+02
2	15061	5.0296634464e+02
3	9152	5.0315276175e+02
2	16160	5.0328524951e+02
0	4123	5.0330638967e+02
3	8383	5.0358610306e+02
0	9581	5.0372956549e+02
2	11306	5.0400617186e+02
0	11541	5.0410900647e+02
3	16274	5.0496861718e+02
1	9597	5.0500686917e+02
2	13040	5.0571317006e+02
2	16642	5.0573470448e+02
1	11132	5.0679635665e+02
3	462	5.0779608324e+02
0	14665	5.0884806392e+02
1	8231	5.0933426917e+02
2	10475	5.0934956379e+02
0	9114	5.0946178356e+02
1	2558	5.1055423940e+02
3	10455	5.1079825081e+02
0	6179	5.1102581552e+02
2	9293	5.1108444006e+02
0	16697	5.1339225200e+02
0	14701	5.1366960319e+02
1	8775	5.1411035986e+02
2	8255	5.1429159712e+02
1	7171	5.1487877585e+02
2	6752	5.1488350294e+02
2	7886	5.1505870286e+02
1	14348	5.1532724383e+02
2	679	5.1535296641e+02
0	10113	5.1623113483e+02
1	11798	5.1660822209e+02
1	2227	5.1751989411e+02
1	13865	5.1828995803e+02
3	13758	5.1843565491e+02
3	178	5.1862227525e+02
2	12281	5.1873007873e+02
2	11369	5.1885914603e+02
2	17171	5.1901515194e+02
0	3116	5.1960729262e+02
3	13373	5.1962423395e+02
0	10456	5.1991582984e+02
2	4426	5.1995429801e+02
1	12947	5.2021843260e+02
2	1740	5.2064623852e+02
1	4751	5.2077678527e+02
3	13302	5.2122154152e+02
1	14199	5.2142909099e+02
3	13819	5.2262460054e+02
3	16376	5.2277855618e+02
2	16533	5.2402255856e+02
3	17002	5.2486053817e+02
2	12763	5.2627473530e+02
3	15555	5.2709498432e+02
3	10641	5.2959973206e+02
2	3546	5.2991752247e+02
1	16223	5.3070595441e+02
3	14116	5.3079929531e+02
3	11078	5.3151793131e+02
1	12501	5.3201835767e+02
0	2432	5.3263222377e+02
2	305	5.3330713662e+02
2	14807	5.3386213237e+02
3	15052	5.3424814981e+02
1	10963	5.3457747044e+02
1	4762	5.3473184452e+02
1	11329	5.3479602857e+02
1	16845	5.3501305206e+02
3	5026	5.3555285242e+02
3	4193	5.3583353237e+02
2	11738	5.3721557416e+02
3	5687	5.3879539089e+02
0	492	5.3880859050e+02
3	8298	5.4047497681e+02
0	8012	5.4106323042e+02
3	4352	5.4114007935e+02
1	7696	5.4124055420e+02
2	368	5.4227122867e+02
0	2476	5.4237047524e+02
0	4778	5.4247120812e+02
1	3653	5.4249077250e+02
2	4767	5.4271240696e+02
3	16670	5.4290284208e+02
2	11311	5.4305358428e+02
1	12460	5.4309420599e+02
2	11944	5.4316470497e+02
1	7276	5.4375541210e+02
0	13429	5.4437327422e+02
3	2152	5.4519275574e+02
3	11839	5.4525822346e+02
2	7663	5.4891119758e+02
1	281	5.4929991553e+02
1	14568	5.4941474521e+02
3	14066	5.5055592239e+02
3	17040	5.5111105207e+02
0	11135	5.5112788274e+02
2	8545	5.5150290431e+02
3	15097	5.5215336495e+02
0	5412	5.5230694912e+02
2	8871	5.5266703036e+02
0	13567	5.5267672585e+02
0	6411	5.5314412518e+02
1	15689	5.5334700663e+02
3	15308	5.5340616435e+02
1	6611	5.5378968418e+02
3	1042	5.5420909438e+02
1	2036	5.5485191061e+02
1	10695	5.5575561549e+02
2	14669	5.5686645789e+02
2	957	5.5830978279e+02
1	15809	5.5849780306e+02
1	13944	5.5886648162e+02
0	15679	5.5942431976e+02
2	9564	5.5980495648e+02
3	12214	5.5989518635e+02
3	10512	5.6187788291e+02
2	9580	5.6211668728e+02
0	949	5.6234351664e+02
2	14194	5.6320524158e+02
2	9700	5.6350519694e+02
3	9639	5.6421094039e+02
1	10816	5.6437409258e+02
1	8698	5.6491751829e+02
1	6625	5.6513311714e+02
1	3170	5.6514966653e+02
0	7337	5.6530986904e+02
2	16440	5.6584784484e+02
0	15540	5.6588069486e+02
1	11608	5.6671258828e+02
1	13836	5.6795352045e+02
3	15879	5.6813262235e+02
1	11951	5.7052955316e+02
3	3928	5.7120758620e+02
2	6468	5.7146323762e+02
0	6988	5.7454098563e+02
3	4595	5.7642339031e+02
2	12322	5.7732095962e+02
2	14877	5.7735974715e+02
2	1673	5.7748007142e+02
1	14801	5.7791586359e+02
2	4707	5.7845907068e+02
3	16655	5.7912424963e+02
2	7607	5.7922349742e+02
0	5982	5.7928859582e+02
2	7351	5.8043592380e+02
2	766	5.8082227417e+02
3	656	5.8082368355e+02
2	13921	5.8173411324e+02
1	13557	5.8210848679e+02
0	14464	5.8211527543e+02
3	5809	5.8217538948e+02
0	2271	5.8511919864e+02
3	14315	5.8615528747e+02
0	17445	5.8631558792e+02
0	4050	5.8632231513e+02
2	9748	5.8674074224e+02
2	664	5.9023223583e+02
0	15386	5.9069908307e+02
3	6849	5.9167816230e+02
0	13754	5.9223266610e+02
0	16614	5.9291610315e+02
1	16415	5.9296567001e+02
3	12649	5.9501887018e+02
2	6110	5.9625355390e+02
3	3727	5.9690447503e+02
2	3481	5.9742779109e+02
0	3519	5.9762728531e+02
0	3158	5.9829002214e+02
3	10466	5.9835535438e+02
1	8068	5.9859104619e+02
2	7548	5.9883435857e+02
0	15055	5.9908231601e+02
3	883	5.9945998900e+02
0	11888	6.0022380025e+02
0	3628	6.0025963694e+02
3	9454	6.0038044747e+02
3	16724	6.0247308626e+02
3	438	6.0287188565e+02
1	8077	6.0357524828e+02
2	834	6.0468589749e+02
1	15187	6.0489993660e+02
2	12150	6.0530715311e+02
3	4540	6.0546832030e+02
0	1752	6.0594194974e+02
0	13015	6.0637672197e+02
1	860	6.0649785997e+02
1	8330	6.0771413523e+02
2	9340	6.0783495923e+02
1	11662	6.0811398459e+02
0	328	6.0844927979e+02
2	14607	6.0877947208e+02
0	12123	6.0915087608e+02
1	11972	6.1128187099e+02
2	10253	6.1181996633e+02
3	11178	6.1543975028e+02
1	6293	6.1572435184e+02
3	10414	6.1607125625e+02
2	2812	6.1673115646e+02
3	9398	6.1829979034e+02
0	15340	6.1994145596e+02
2	3985	6.2005770417e+02
1	14869	6.2199623602e+02
2	15937	6.2279810089e+02
1	7723	6.2288033227e+02
0	8610	6.2309787458e+02
2	42	6.2335202535e+02
2	5663	6.2351184951e+02
3	12212	6.2354346351e+02
3	4696	6.2369194586e+02
2	10781	6.2381501081e+02
2	939	6.2395776089e+02
1	10709	6.2432753528e+02
0	13829	6.2443964122e+02
1	11466	6.2469756352e+02
1	12126	6.2495764261e+02
2	9903	6.2592160596e+02
1	12095	6.2624771468e+02
3	4548	6.2863024954e+02
2	9459	6.2899309451e+02
3	1641	6.2953535392e+02
3	12458	6.2992539930e+02
0	5256	6.3011164217e+02
0	16818	6.3060460705e+02
3	8043	6.3100249102e+02
2	9019	6.3252489569e+02
0	5418	6.3269180011e+02
3	14579	6.3303149751e+02
3	1294	6.3304464941e+02
3	10440	6.3323414745e+02
3	7291	6.3361207189e+02
1	3339	6.3492925730e+02
2	6674	6.3496746135e+02
2	15567	6.3590456247e+02
2	16893	6.3668863795e+02
1	13390	6.3714829683e+02
1	11708	6.3723347185e+02
3	9849	6.3811942736e+02
3	4612	6.3888903046e+02
1	172	6.3948440241e+02
0	17317	6.4101581664e+02
2	6284	6.4102983992e+02
1	7045	6.4371686642e+02
1	13412	6.4380120994e+02
3	13177	6.4448667213e+02
0	11861	6.4560484044e+02
0	253	6.4582548929e+02
2	16207	6.4656398745e+02
3	14318	6.4692446237e+02
2	10864	6.4750087631e+02
0	6076	6.4756860661e+02
2	12747	6.4775171040e+02
2	7061	6.4796227956e+02
3	10258	6.4870400204e+02
1	15008	6.4922321140e+02
3	9667	6.4956637390e+02
2	15586	6.4988428797e+02
3	7918	6.5223487494e+02
0	5979	6.5309932181e+02
3	4350	6.5438887289e+02
2	12265	6.5502604011e+02
0	10163	6.5523371634e+02
3	1884	6.5564776118e+02
0	6295	6.5635199216e+02
0	13458	6.5693104723e+02
2	11649	6.5722842234e+02
3	3736	6.5763428007e+02
0	3352	6.5938479628e+02
0	12930	6.6004742647e+02
3	10405	6.6098431302e+02
3	6653	6.6350988153e+02
0	12440	6.6467847147e+02
3	10368	6.6477252245e+02
2	11176	6.6504173143e+02
3	16807	6.6522050331e+02
3	10276	6.6572546858e+02
3	9816	6.6598934814e+02
1	16270	6.6913472936e+02
2	10457	6.7016908631e+02
2	7534	6.7030630124e+02
3	2387	6.7230374434e+02
2	12139	6.7268445847e+02
3	17231	6.7338047879e+02
3	9530	6.7401073254e+02
0	11136	6.7451157131e+02
0	6865	6.7545351224e+02
0	15921	6.7577161241e+02
0	1838	6.7602845433e+02
3	11415	6.7809756266e+02
2	11826	6.7863940559e+02
1	16895	6.7885650718e+02
3	14913	6.7900576144e+02
2	3908	6.7910434451e+02
3	10051	6.8136164530e+02
0	8370	6.8189159412e+02
0	16826	6.8256762305e+02
1	925	6.8380227290e+02
1	16148	6.8483450332e+02
3	13934	6.8483762029e+02
3	13669	6.8769353151e+02
1	11083	6.8855294273e+02
1	17249	6.8885298326e+02
2	9715	6.8981809385e+02
3	5076	6.9057382644e+02
0	5166	6.9092968015e+02
1	5539	6.9130668109e+02
3	9502	6.9143877123e+02
3	1386	6.9149270732e+02
0	16347	6.9186169544e+02
3	17017	6.9199122490e+02
3	3078	6.9223750971e+02
2	10898	6.9356155642e+02
3	13117	6.9360434032e+02
3	13684	6.9410533020e+02
1	11932	6.9425841741e+02
0	4280	6.9552907180e+02
3	6065	6.9553554730e+02
0	17291	6.9554411664e+02
1	7218	6.9590233508e+02
0	15625	6.9650254787e+02
3	10059	6.9957479177e+02
2	10843	6.9973696767e+02
0	13804	7.0035250413e+02
2	4548	7.0163510337e+02
3	1152	7.0266985776e+02
1	14562	7.0297039096e+02
0	14455	7.0362356001e+02
3	160	7.0383218850e+02
3	6251	7.0504253368e+02
3	13319	7.0650321657e+02
0	5339	7.0703213746e+02
3	8809	7.0920531907e+02
3	12415	7.1020069124e+02
1	16048	7.1043694917e+02
1	12651	7.1055019499e+02
2	640	7.1090109865e+02
2	15512	7.1162093147e+02
2	1050	7.1268453875e+02
2	59	7.1296647767e+02
2	13901	7.1382835599e+02
2	10720	7.1412592988e+02
1	15750	7.1412714484e+02
3	3922	7.1413131953e+02
0	13184	7.1434425958e+02
2	3900	7.1514329809e+02
2	5584	7.1538697371e+02
3	9531	7.1602568373e+02
1	12316	7.1609291447e+02
3	15218	7.1642078556e+02
3	15583	7.1680874859e+02
0	3267	7.1763680557e+02
1	1059	7.1775180963e+02
3	10444	7.1784931937e+02
2	12459	7.1802689058e+02
3	14988	7.1882934701e+02
0	223	7.1915462393e+02
3	11940	7.1988727155e+02
1	12408	7.2048168679e+02
3	14709	7.2218055651e+02
0	17139	7.2277483470e+02
1	15524	7.2391773395e+02
1	434	7.2446849480e+02
1	9959	7.2478419814e+02
0	15293	7.2913907880e+02
2	5762	7.3043417507e+02
2	11527	7.3094500475e+02
0	10413	7.3099180652e+02
2	12514	7.3237708921e+02
3	9021	7.3358271832e+02
1	16947	7.3428689498e+02
0	7769	7.3533562221e+02
0	9997	7.3579566779e+02
2	6458	7.3654326877e+02
0	12169	7.3699522276e+02
2	238	7.3735034934e+02
0	12425	7.3837435886e+02
0	11031	7.3852667217e+02
3	14358	7.3857723976e+02
3	15626	7.4178310555e+02
2	6264	7.4227661968e+02
3	3308	7.4308537218e+02
1	733	7.4312077329e+02
3	7021	7.4325718126e+02
2	16853	7.4361841078e+02
3	3152	7.4364708138e+02
3	9854	7.4465602166e+02
0	11637	7.4513536751e+02
3	5927	7.4685499052e+02
2	9754	7.4712419593e+02
2	5006	7.4776793724e+02
3	2422	7.4813201956e+02
3	3414	7.4865959740e+02
3	11673	7.5018944486e+02
2	2941	7.5069921287e+02
0	3136	7.5093881645e+02
1	1923	7.5506941445e+02
3	2870	7.5571881720e+02
3	12411	7.5617646309e+02
1	11750	7.5809082797e+02
1	15463	7.5828185658e+02
0	11893	7.5872326540e+02
3	13216	7.5971269356e+02
1	6392	7.6286732394e+02
3	3137	7.6329723553e+02
2	1787	7.6343015601e+02
2	5807	7.6363431938e+02
3	9954	7.6517574376e+02
1	7537	7.6892754992e+02
1	11307	7.6899905549e+02
3	1883	7.6948057811e+02
3	3820	7.7049630758e+02
2	3585	7.7095935360e+02
1	13861	7.7176379185e+02
3	7042	7.7283540546e+02
3	9143	7.7343739423e+02
1	7711	7.7566934582e+02
2	10134	7.7602143217e+02
3	10660	7.7850996906e+02
3	2279	7.7859524162e+02
3	6526	7.7990994756e+02
2	3959	7.8001647036e+02
2	8996	7.8010441289e+02
3	906	7.8059001216e+02
3	15833	7.8088051551e+02
2	14328	7.8111995694e+02
1	7429	7.8175013331e+02
2	3561	7.8270933456e+02
3	7970	7.8271209994e+02
0	2310	7.8546930312e+02
1	13768	7.8593558579e+02
3	11943	7.8622424388e+02
3	9575	7.8660244691e+02
2	8339	7.8736005649e+02
0	10128	7.8860019939e+02
3	2836	7.8869702986e+02
0	7479	7.8887992627e+02
0	9240	7.8896987674e+02
0	4142	7.8937304357e+02
0	14262	7.9254266354e+02
3	2795	7.9268204477e+02
1	8948	7.9473894849e+02
1	2033	7.9546095543e+02
3	16423	7.9574900611e+02
1	8801	7.9703843571e+02
2	15912	7.9768693795e+02
1	6012	7.9874887534e+02
0	17349	8.0045539026e+02
1	2855	8.0302707406e+02
0	5130	8.0411949973e+02
0	15252	8.0632311790e+02
3	14355	8.0788098676e+02
3	4349	8.0804127016e+02
0	16058	8.0865396644e+02
3	16328	8.1069455252e+02
3	3391	8.1208894019e+02
0	7609	8.1215375130e+02
3	16968	8.1524785885e+02
3	4809	8.1534110872e+02
1	16576	8.1727076660e+02
3	2459	8.1915779665e+02
0	2203	8.2230406118e+02
0	7310	8.2300959725e+02
0	14744	8.2427220568e+02
1	4300	8.2472959188e+02
1	16783	8.2571622715e+02
1	9770	8.2819244926e+02
1	11858	8.2840113725e+02
1	2798	8.2860458824e+02
1	13925	8.2936508915e+02
0	4329	8.3024207995e+02
2	13055	8.3027287105e+02
2	3398	8.3035499240e+02
2	12539	8.3051188886e+02
3	12945	8.3266159793e+02
1	8175	8.3376918450e+02
3	1982	8.3429081231e+02
0	16156	8.3471915305e+02
2	1957	8.3498870991e+02
2	12384	8.3787697531e+02
3	1466	8.3834012783e+02
0	4399	8.3853901362e+02
0	5866	8.3887075760e+02
3	12217	8.4112837014e+02
0	7666	8.4221761506e+02
3	3332	8.4267314906e+02
0	6359	8.4279419586e+02
2	8891	8.4327128373e+02
0	3846	8.4349686390e+02
2	5621	8.4465240316e+02
3	14591	8.4655533189e+02
1	10734	8.4769402221e+02
3	1715	8.4817389551e+02
2	3372	8.5119235753e+02
2	14527	8.5135625142e+02
0	11396	8.5138057096e+02
0	8904	8.5149177797e+02
0	2098	8.5188563174e+02
1	3840	8.5212284432e+02
3	6577	8.5370368224e+02
3	8431	8.5400433849e+02
2	5779	8.5470232454e+02
0	16637	8.5561865482e+02
1	11315	8.5630296116e+02
2	5313	8.5725187750e+02
2	6253	8.5758693040e+02
0	900	8.6005767549e+02
0	1084	8.6082600390e+02
2	8893	8.6114746139e+02
2	2903	8.6201937460e+02
0	5150	8.6482107607e+02
1	13893	8.6581720772e+02
0	6306	8.6694261196e+02
2	4369	8.6868348782e+02
3	7403	8.6962866830e+02
0	8855	8.7002483369e+02
1	3675	8.7050177030e+02
3	5464	8.7081702242e+02
3	9135	8.7105434508e+02
2	16495	8.7215305188e+02
3	5235	8.7254579681e+02
2	9323	8.7319943402e+02
0	9363	8.7396253957e+02
0	13806	8.7536496161e+02
1	15894	8.7554203354e+02
1	3040	8.7598452950e+02
2	11203	8.7653547880e+02
0	9344	8.7672003477e+02
2	16948	8.7947639931e+02
3	14671	8.8142964928e+02
1	8152	8.8259983397e+02
1	2419	8.8390583391e+02
2	13266	8.8444143654e+02
0	9979	8.8490128667e+02
0	6437	8.8642987089e+02
0	16151	8.8937413942e+02
1	10838	8.9083632658e+02
3	17091	8.9121666892e+02
0	9058	8.9219412947e+02
2	173	8.9338246930e+02
3	11152	8.9703864298e+02
3	9505	9.0154093245e+02
3	627	9.0229559631e+02
3	679	9.0292187792e+02
3	5765	9.0441434688e+02
1	10396	9.0580546848e+02
2	11800	9.0696982637e+02
2	3547	9.0949058806e+02
3	11511	9.0970514427e+02
1	7654	9.1141350183e+02
0	9193	9.1260920665e+02
2	6532	9.1276504298e+02
2	15494	9.1499649182e+02
0	772	9.1620185756e+02
0	14082	9.1723077297e+02
3	6744	9.2065582407e+02
2	4213	9.2158145827e+02
3	13412	9.2657069993e+02
1	7104	9.2826887274e+02
0	17339	9.2887927888e+02
0	5837	9.3039937541e+02
1	4278	9.3536212547e+02
3	1938	9.3681855240e+02
1	7470	9.3748632365e+02
1	16208	9.3896114364e+02
3	14312	9.3905981683e+02
3	698	9.3966925554e+02
0	11950	9.4055400484e+02
2	148	9.4466562952e+02
0	8069	9.4585119289e+02
2	14020	9.4629690552e+02
0	17182	9.4994992089e+02
0	10482	9.5171856029e+02
2	15777	9.5292829407e+02
0	5510	9.5428214455e+02
3	12942	9.5620813878e+02
3	4637	9.5769171948e+02
2	11859	9.5795498005e+02
0	3686	9.5926768386e+02
3	9835	9.6029740486e+02
3	12471	9.6083160380e+02
1	6620	9.6142708451e+02
3	3859	9.6231000710e+02
0	16788	9.6366201979e+02
2	2547	9.6384940260e+02
0	8111	9.6462540234e+02
2	2332	9.6984566394e+02
0	3048	9.7060405093e+02
2	708	9.7336586784e+02
3	16047	9.7404626104e+02
0	8698	9.7433901285e+02
3	1304	9.7492718526e+02
0	4720	9.7558879004e+02
3	10785	9.7579967309e+02
3	15966	9.7681521431e+02
0	2411	9.7689819914e+02
1	9051	9.7937636556e+02
0	12642	9.8277718977e+02
3	16429	9.8615669185e+02
1	7080	9.9014427657e+02
2	4185	9.9073464564e+02
1	1509	9.9157278148e+02
2	8267	9.9177059325e+02
3	12139	9.9372318898e+02
1	12336	9.9423822014e+02
3	7331	9.9635888496e+02
2	6223	9.9685171529e+02
1	14921	1.0000729496e+03
0	4958	1.0001080137e+03
2	11726	1.0003850506e+03
2	16080	1.0025799571e+03
1	6495	1.0049133347e+03
1	12258	1.0050837144e+03
2	12897	1.0068994816e+03
1	16338	1.0090644936e+03
3	1037	1.0097895179e+03
3	14240	1.0111992301e+03
0	1089	1.0129744404e+03
0	9521	1.0148004398e+03
0	16689	1.0168086504e+03
2	12470	1.0178216649e+03
1	10806	1.0184056668e+03
1	13061	1.0191071487e+03
2	4993	1.0210546851e+03
2	1207	1.0211154573e+03
1	14788	1.0253883503e+03
3	4118	1.0261840627e+03
0	16017	1.0263535800e+03
0	13675	1.0267842438e+03
0	7837	1.0274571243e+03
0	15890	1.0291531345e+03
1	13942	1.0294308430e+03
1	8676	1.0295153689e+03
0	7314	1.0295784904e+03
2	9824	1.0317758210e+03
1	11158	1.0332112370e+03
2	5633	1.0339124696e+03
0	12049	1.0343407757e+03
1	6647	1.0364191853e+03
1	13494	1.0364558569e+03
0	13569	1.0372158691e+03
3	647	1.0372652148e+03
2	1809	1.0375710037e+03
0	1793	1.0423888641e+03
3	100	1.0424171441e+03
2	5327	1.0429394613e+03
2	9787	1.0497874221e+03
0	4481	1.0508940808e+03
2	5478	1.0510203119e+03
3	7117	1.0548120603e+03
1	1363	1.0567530500e+03
1	15461	1.0588103327e+03
3	13402	1.0602271946e+03
0	7124	1.0626024394e+03
2	15397	1.0635556204e+03
2	16943	1.0679617684e+03
3	15224	1.0684143113e+03
2	15633	1.0716292239e+03
0	16609	1.0723489195e+03
3	14382	1.0733680847e+03
3	11515	1.0737398818e+03
1	14154	1.0739625737e+03
0	3524	1.0755031327e+03
0	10733	1.0769012040e+03
3	756	1.0776314928e+03
0	17355	1.0781538106e+03
0	15234	1.0798147647e+03
3	5075	1.0801139192e+03
2	129	1.0909563356e+03
0	3137	1.0952307941e+03
1	13499	1.0955436235e+03
2	11675	1.0956150804e+03
0	4851	1.1084853958e+03
0	3669	1.1101329240e+03
2	10271	1.1109616794e+03
0	16344	1.1135632452e+03
0	10345	1.1148749415e+03
1	15998	1.1156314427e+03
0	8906	1.1170594950e+03
2	13626	1.1174924385e+03
0	16920	1.1175418736e+03
1	9398	1.1188780309e+03
0	16122	1.1202405140e+03
3	5277	1.1220451791e+03
0	3061	1.1227613262e+03
3	7077	1.1231164475e+03
0	3259	1.1328479286e+03
3	10196	1.1338275808e+03
0	8628	1.1345812065e+03
2	11555	1.1346900559e+03
0	16469	1.1364457937e+03
3	10750	1.1412476975e+03
2	9478	1.1414232509e+03
0	2580	1.1432527132e+03
1	12456	1.1448047404e+03
1	13449	1.1452471275e+03
0	1449	1.1465743487e+03
1	2019	1.1482270527e+03
3	13386	1.1498652039e+03
2	10407	1.1504526611e+03
2	3829	1.1515785415e+03
2	3406	1.1532925752e+03
1	541	1.1534790282e+03
1	9698	1.1552322430e+03
0	4397	1.1565741102e+03
2	12588	1.1570728201e+03
1	4817	1.1573383808e+03
2	116	1.1577705241e+03
1	15987	1.1581129765e+03
0	2775	1.1587736391e+03
1	7774	1.1600267328e+03
2	9896	1.1603200882e+03
1	6312	1.1606059714e+03
0	9748	1.1632896807e+03
1	11335	1.1639613862e+03
2	8717	1.1667446209e+03
2	4123	1.1673396512e+03
1	7245	1.1682149319e+03
3	6685	1.1720617545e+03
0	12918	1.1726776895e+03
0	6374	1.1733617060e+03
1	12725	1.1738678210e+03
2	7883	1.1774092736e+03
1	10564	1.1784382490e+03
0	2741	1.1791734947e+03
1	7385	1.1796878460e+03
1	7636	1.1798097980e+03
2	2761	1.1807350721e+03
1	3595	1.1819606150e+03
3	15019	1.1875392608e+03
1	10184	1.1883744688e+03
2	9539	1.1892010533e+03
0	14221	1.1900617671e+03
0	7511	1.1994221527e+03
2	4834	1.2006062826e+03
1	5637	1.2021434227e+03
3	3582	1.2054937560e+03
3	5827	1.2058735251e+03
0	15300	1.2059146047e+03
0	10810	1.2062733007e+03
2	10568	1.2102464591e+03
1	3484	1.2121072707e+03
2	15475	1.2128444036e+03
0	7768	1.2138647003e+03
0	15894	1.2165889791e+03
0	14442	1.2169749893e+03
1	13615	1.2176057352e+03
1	912	1.2213923480e+03
0	16117	1.2217748704e+03
3	6463	1.2224097020e+03
0	14458	1.2250437457e+03
0	13751	1.2264444059e+03
0	7734	1.2271988141e+03
2	687	1.2273987067e+03
1	11730	1.2282652850e+03
1	2877	1.2282999445e+03
0	35	1.2289148763e+03
1	15446	1.2293178024e+03
1	308	1.2308565611e+03
1	11531	1.2325988555e+03
3	6190	1.2352294161e+03
3	3665	1.2384437115e+03
1	6924	1.2418245002e+03
2	5427	1.2433196673e+03
1	16953	1.2436072210e+03
1	11353	1.2442305586e+03
3	4770	1.2466344468e+03
3	10600	1.2487379851e+03
1	11377	1.2495683442e+03
2	5725	1.2495827439e+03
3	15609	1.2515848549e+03
0	14235	1.2571065023e+03
1	9951	1.2586081949e+03
1	17228	1.2609505043e+03
0	15436	1.2610713181e+03
1	4935	1.2639167208e+03
0	13216	1.2670744385e+03
1	9978	1.2677679990e+03
2	14574	1.2699345710e+03
3	13066	1.2731120814e+03
1	2811	1.2737103782e+03
1	9867	1.2752911556e+03
2	3448	1.2764122470e+03
2	1991	1.2765484028e+03
1	8442	1.2822792406e+03
3	1374	1.2826075401e+03
1	12874	1.2838082998e+03
0	8108	1.2838827366e+03
0	9138	1.2842945245e+03
0	5123	1.2883051665e+03
2	5908	1.2898006823e+03
0	2426	1.2907607745e+03
2	9345	1.2923008928e+03
1	16813	1.2926306539e+03
2	6754	1.2949121790e+03
1	11242	1.2950791921e+03
1	15205	1.2952005159e+03
1	7277	1.2953189138e+03
1	14623	1.3029750087e+03
2	7689	1.3032146579e+03
3	1525	1.3057400680e+03
1	6370	1.3062517058e+03
0	8979	1.3067652048e+03
2	17165	1.3079799917e+03
0	6963	1.3145551202e+03
1	10951	1.3155291135e+03
1	13093	1.3180736879e+03
2	313	1.3191542043e+03
3	15061	1.3235651508e+03
0	11622	1.3259311729e+03
3	267	1.3369086309e+03
3	771	1.3374705239e+03
1	16535	1.3391279426e+03
2	425	1.3401523553e+03
1	3832	1.3402313154e+03
0	15601	1.3458622500e+03
2	9848	1.3476551213e+03
2	13070	1.3476781991e+03
2	14167	1.3486050595e+03
0	13716	1.3490134580e+03
0	2587	1.3500064226e+03
0	6335	1.3509406986e+03
2	11731	1.3535359064e+03
3	13474	1.3569338486e+03
0	8736	1.3603377651e+03
0	13850	1.3607936234e+03
0	5523	1.3619481337e+03
3	9437	1.3671573390e+03
2	11287	1.3680189270e+03
2	11756	1.3735253792e+03
2	4372	1.3737010571e+03
1	15630	1.3739135022e+03
3	1561	1.3750312194e+03
2	4237	1.3760045214e+03
0	9819	1.3782094112e+03
0	2502	1.3784545235e+03
1	3416	1.3795061571e+03
2	134	1.3834715923e+03
3	14815	1.3860968705e+03
0	4650	1.3884612861e+03
2	5767	1.3903327872e+03
0	16819	1.3904740478e+03
1	4101	1.3917497380e+03
3	11640	1.3918490665e+03
2	9882	1.3938225632e+03
1	9217	1.3967612089e+03
3	2644	1.4012297306e+03
1	6681	1.4055566583e+03
3	763	1.4079388888e+03
1	4035	1.4093187923e+03
3	9369	1.4122569401e+03
0	15235	1.4138970089e+03
3	11844	1.4143223212e+03
0	15740	1.4146350904e+03
2	4413	1.4148121005e+03
3	6708	1.4272454241e+03
2	4589	1.4274803621e+03
0	16414	1.4274842189e+03
3	9734	1.4295339857e+03
2	9442	1.4361181745e+03
0	7999	1.4388572090e+03
2	6369	1.4432181055e+03
3	8323	1.4432595588e+03
3	1737	1.4468799940e+03
2	5521	1.4486646089e+03
1	10445	1.4498881378e+03
0	16664	1.4504237773e+03
0	16554	1.4505116609e+03
3	16009	1.4522267137e+03
0	9882	1.4554839726e+03
0	4461	1.4590052912e+03
2	4738	1.4598882027e+03
1	8362	1.4600740044e+03
2	1242	1.4610481544e+03
3	4699	1.4633513323e+03
0	2669	1.4666684129e+03
3	5575	1.4680947857e+03
2	5248	1.4687505031e+03
1	1228	1.4701081119e+03
1	4542	1.4714284861e+03
1	11192	1.4726286564e+03
1	14305	1.4733918288e+03
1	3090	1.4742561517e+03
1	10879	1.4747993834e+03
0	2897	1.4749254411e+03
2	10725	1.4760999644e+03
1	9073	1.4792078740e+03
2	9238	1.4886915841e+03
1	9536	1.4901790992e+03
3	8689	1.4913384044e+03
1	12598	1.4954343078e+03
3	5954	1.4967185440e+03
3	7947	1.4973762230e+03
0	11496	1.5003814438e+03
3	10427	1.5010084103e+03
0	14446	1.5014224826e+03
3	3679	1.5025075200e+03
2	12609	1.5043116101e+03
2	6715	1.5044178637e+03
1	7877	1.5068731948e+03
3	12248	1.5098511233e+03
2	4712	1.5126310716e+03
1	2444	1.5137162075e+03
3	14823	1.5141600224e+03
3	6659	1.5151396483e+03
3	2458	1.5176939638e+03
2	1396	1.5180512119e+03
0	14269	1.5200639306e+03
0	288	1.5223785401e+03
2	13658	1.5263302851e+03
2	1664	1.5264680993e+03
1	10502	1.5286557746e+03
0	8951	1.5307905362e+03
2	1989	1.5324227631e+03
0	2106	1.5409291610e+03
1	14215	1.5416014951e+03
0	2124	1.5417260688e+03
0	675	1.5420446875e+03
3	938	1.5473384080e+03
1	2645	1.5535800328e+03
0	9511	1.5548891941e+03
3	1420	1.5556011126e+03
0	10779	1.5643874938e+03
3	10567	1.5647403550e+03
2	10048	1.5675438230e+03
2	11912	1.5695747336e+03
0	5175	1.5753502015e+03
1	16782	1.5753846259e+03
3	3435	1.5766242533e+03
3	2249	1.5787270637e+03
2	11151	1.5814957203e+03
2	12031	1.5901182555e+03
1	11345	1.5926748907e+03
3	6485	1.5967012180e+03
2	1546	1.6004763259e+03
3	7417	1.6018344779e+03
1	2930	1.6021516165e+03
1	4413	1.6022446688e+03
2	2559	1.6026070558e+03
3	7221	1.6043969117e+03
2	6043	1.6063714262e+03
2	1053	1.6071556941e+03
1	157	1.6075659471e+03
3	3303	1.6137207738e+03
3	4076	1.6142278965e+03
0	11266	1.6170780503e+03
1	3835	1.6192557684e+03
1	2749	1.6220052000e+03
2	6916	1.6236914373e+03
0	8203	1.6265465414e+03
2	4186	1.6345960125e+03
0	11625	1.6399412713e+03
2	13105	1.6404502176e+03
3	4569	1.6434930797e+03
1	8026	1.6441185363e+03
2	12891	1.6483125505e+03
0	3167	1.6539545809e+03
2	255	1.6550516773e+03
1	5879	1.6570998072e+03
2	11657	1.6574893398e+03
1	7538	1.6619352982e+03
1	9728	1.6673268828e+03
2	4086	1.6677614608e+03
0	8927	1.6684484570e+03
2	3377	1.6686329167e+03
0	6454	1.6686865768e+03
2	7437	1.6691665600e+03
2	14426	1.6710193698e+03
0	8488	1.6731649605e+03
2	16118	1.6737490465e+03
0	8944	1.6745530834e+03
2	9843	1.6757182369e+03
0	4989	1.6769151480e+03
1	16585	1.6774888566e+03
1	2095	1.6780873443e+03
3	14293	1.6799231781e+03
3	12193	1.6804815363e+03
3	4956	1.6821133972e+03
2	13063	1.6824347299e+03
3	2172	1.6834355722e+03
1	1586	1.6881816112e+03
3	5090	1.6902466215e+03
1	16082	1.6912836889e+03
1	11671	1.6945676765e+03
1	845	1.6972292120e+03
3	1062	1.6994023177e+03
3	12741	1.7006051788e+03
1	1851	1.7041637433e+03
0	8467	1.7057565577e+03
0	16266	1.7076711666e+03
3	2560	1.7111590510e+03
0	17	1.7122469235e+03
0	1392	1.7179436604e+03
1	14747	1.7225092334e+03
3	1290	1.7236513857e+03
1	5476	1.7237412739e+03
2	6129	1.7298072518e+03
3	15558	1.7331773917e+03
3	10372	1.7368458552e+03
1	16226	1.7372655981e+03
0	2844	1.7384433517e+03
2	7308	1.7389662525e+03
0	3824	1.7401001717e+03
2	556	1.7451365306e+03
0	13941	1.7478425668e+03
2	15713	1.7528349461e+03
3	4865	1.7533408825e+03
2	13556	1.7557441195e+03
2	11221	1.7562655711e+03
0	10453	1.7584443881e+03
1	8383	1.7597520960e+03
2	3909	1.7677377489e+03
1	10534	1.7689070489e+03
1	2720	1.7693552743e+03
2	8763	1.7752057224e+03
3	13441	1.7755694712e+03
3	7727	1.7864326958e+03
0	12533	1.7912388259e+03
2	1863	1.7923465278e+03
2	10901	1.7952952229e+03
2	5617	1.7964584249e+03
1	801	1.7994614343e+03
0	10248	1.8058157244e+03
0	9789	1.8067072822e+03
3	1810	1.8104742873e+03
1	16253	1.8151299223e+03
0	15281	1.8155060279e+03
1	8604	1.8211893086e+03
2	6346	1.8234646739e+03
3	1016	1.8270268637e+03
1	16492	1.8279493953e+03
0	12260	1.8286997876e+03
0	16173	1.8309641663e+03
1	7986	1.8319693682e+03
0	11219	1.8344659777e+03
2	15923	1.8347500354e+03
1	5176	1.8435114460e+03
0	3204	1.8440348457e+03
1	8255	1.8478370473e+03
2	13278	1.8491715578e+03
2	14714	1.8494339211e+03
1	10667	1.8494805556e+03
2	13576	1.8513324137e+03
1	10632	1.8534210166e+03
2	795	1.8535486120e+03
3	7986	1.8571659289e+03
3	2633	1.8610518756e+03
1	14628	1.8631066150e+03
3	16260	1.8666509416e+03
3	3763	1.8672827469e+03
1	16216	1.8675628601e+03
3	9301	1.8691367249e+03
2	1442	1.8718123725e+03
1	16059	1.8751705421e+03
0	1677	1.8755977396e+03
2	14101	1.8775624032e+03
0	6556	1.8895770543e+03
3	2879	1.8927208449e+03
1	12202	1.8962816157e+03
3	15900	1.9029856125e+03
0	1928	1.9031699847e+03
1	10886	1.9036080381e+03
2	4242	1.9041313161e+03
1	5921	1.9044718489e+03
0	16174	1.9052565599e+03
2	16395	1.9068298559e+03
0	15562	1.9120854692e+03
2	15731	1.9149803179e+03
3	15506	1.9201172623e+03
1	14730	1.9209934906e+03
0	11872	1.9238516506e+03
3	591	1.9240732616e+03
0	6504	1.9243149563e+03
0	15486	1.9322858445e+03
2	6921	1.9337607361e+03
3	1717	1.9344240078e+03
1	14845	1.9353928087e+03
3	10827	1.9355800957e+03
3	10118	1.9371147036e+03
2	8121	1.9388339628e+03
1	5061	1.9405112090e+03
1	3831	1.9411287758e+03
2	9235	1.9432241692e+03
0	7994	1.9433224800e+03
3	2224	1.9443315756e+03
3	13744	1.9485935945e+03
2	2237	1.9502032569e+03
3	1292	1.9503039152e+03
0	15965	1.9505839074e+03
1	11809	1.9540579057e+03
3	2997	1.9543158164e+03
2	9439	1.9640747631e+03
1	13631	1.9699076067e+03
0	5225	1.9719099459e+03
2	3593	1.9755778974e+03
3	8530	1.9806472577e+03
1	1806	1.9838136726e+03
0	13338	1.9842791343e+03
3	14964	1.9854853015e+03
3	4296	1.9858308191e+03
2	1191	1.9861661934e+03
3	11128	1.9925270843e+03
1	11052	1.9929409620e+03
0	8693	1.9941625414e+03
0	1539	1.9973756119e+03
1	7300	1.9977096826e+03
3	13552	1.9978597229e+03
3	5251	2.0004474044e+03
2	11926	2.0081673829e+03
0	16146	2.0097620313e+03
3	465	2.0101049075e+03
0	10390	2.0124696455e+03
2	1399	2.0153001452e+03
3	3722	2.0165460556e+03
1	9157	2.0170139216e+03
1	10998	2.0231617329e+03
2	16507	2.0307311205e+03
2	1400	2.0348810891e+03
1	11665	2.0354500105e+03
0	16090	2.0367927631e+03
3	3034	2.0377206135e+03
0	16401	2.0381757772e+03
0	12074	2.0386518187e+03
2	16452	2.0397423076e+03
1	12475	2.0397469666e+03
3	7176	2.0402262133e+03
2	17004	2.0414434755e+03
1	7996	2.0420439092e+03
1	13655	2.0436944134e+03
3	1609	2.0478691799e+03
3	15409	2.0491847623e+03
0	16939	2.0537205289e+03
2	10830	2.0539202491e+03
0	7595	2.0576041098e+03
2	14055	2.0601790516e+03
2	14301	2.0641805751e+03
2	10929	2.0715143393e+03
3	11184	2.0733254026e+03
1	15911	2.0766097100e+03
2	606	2.0771496190e+03
3	5223	2.0799161551e+03
3	2462	2.0887809732e+03
1	277	2.0903502127e+03
3	2435	2.0921167630e+03
1	1532	2.0925024191e+03
1	6444	2.1004707771e+03
0	15211	2.1021364040e+03
0	8250	2.1043802532e+03
3	11916	2.1066523603e+03
2	17167	2.1066804856e+03
0	5149	2.1120239281e+03
2	8444	2.1153629474e+03
0	9699	2.1167938604e+03
2	2072	2.1181304038e+03
1	1998	2.1194754610e+03
2	5499	2.1202356865e+03
0	16409	2.1208210499e+03
0	13242	2.1216239309e+03
1	10193	2.1228886759e+03
2	9847	2.1252923003e+03
1	4351	2.1259424605e+03
2	717	2.1293475604e+03
0	16315	2.1312127680e+03
0	2883	2.1339626313e+03
0	13185	2.1461459568e+03
1	4081	2.1504596051e+03
2	8687	2.1558904200e+03
3	5314	2.1560161925e+03
0	2214	2.1561960934e+03
2	2455	2.1563412675e+03
0	1360	2.1572041382e+03
3	13208	2.1592484851e+03
2	11006	2.1610121930e+03
0	11610	2.1661784222e+03
2	4907	2.1670845767e+03
0	14211	2.1688180338e+03
1	16124	2.1719960456e+03
2	1317	2.1740921530e+03
0	4424	2.1750095375e+03
1	7869	2.1754160718e+03
0	523	2.1760215841e+03
2	1985	2.1886004730e+03
3	15802	2.1900762821e+03
0	10151	2.1942440258e+03
3	2047	2.1960271977e+03
0	8772	2.1972771912e+03
0	10724	2.1986855894e+03
1	15806	2.2007051944e+03
2	12630	2.2130548107e+03
0	9102	2.2151894914e+03
1	13492	2.2162463281e+03
1	6493	2.2195418574e+03
3	582	2.2197853054e+03
2	13747	2.2201929042e+03
1	2927	2.2202664226e+03
1	6109	2.2214322001e+03
3	16084	2.2223122411e+03
3	1008	2.2250790189e+03
0	14677	2.2273596051e+03
1	1523	2.2279171021e+03
1	3353	2.2313346241e+03
2	7936	2.2353128564e+03
2	14077	2.2362238758e+03
1	12035	2.2398161126e+03
0	3062	2.2418331281e+03
1	2952	2.2422096010e+03
2	12716	2.2445603996e+03
1	4094	2.2457183566e+03
3	7501	2.2507252737e+03
3	4747	2.2532070530e+03
0	10479	2.2540161966e+03
1	9690	2.2540429266e+03
2	3979	2.2543853179e+03
1	7411	2.2548841558e+03
1	2221	2.2548877516e+03
1	5654	2.2567819510e+03
1	4210	2.2577234137e+03
0	3420	2.2599811267e+03
3	15413	2.2634112216e+03
0	12126	2.2659299261e+03
3	3517	2.2732737031e+03
1	66	2.2749441420e+03
2	2173	2.2751637823e+03
1	14452	2.2755452486e+03
2	14602	2.2755981120e+03
2	17217	2.2773062032e+03
1	6225	2.2797676684e+03
3	8523	2.2810791843e+03
1	10448	2.2818203302e+03
3	2837	2.2824364750e+03
2	8861	2.2850377523e+03
2	8048	2.2872591230e+03
1	10554	2.2917807463e+03
3	15385	2.2964977161e+03
2	11191	2.2979702491e+03
0	6383	2.2979958967e+03
3	8861	2.3012125499e+03
3	16313	2.3018588570e+03
0	11749	2.3018646106e+03
3	2993	2.3052606772e+03
0	16356	2.3060327849e+03
3	14831	2.3101218534e+03
2	2736	2.3133708679e+03
1	9539	2.3137393807e+03
1	10922	2.3163450792e+03
0	7018	2.3168854823e+03
1	11751	2.3209052539e+03
2	3589	2.3237729188e+03
1	11963	2.3251328822e+03
2	6367	2.3267086750e+03
3	10662	2.3377363615e+03
2	476	2.3399458368e+03
3	11723	2.3418747314e+03
1	11534	2.3423396606e+03
3	4081	2.3469917976e+03
3	12393	2.3480103056e+03
1	11348	2.3535844401e+03
0	6058	2.3546929703e+03
0	3533	2.3593109641e+03
2	16021	2.3634155598e+03
0	15591	2.3637031377e+03
1	2069	2.3723020306e+03
3	16549	2.3774847142e+03
3	4147	2.3805378365e+03
0	6758	2.3842104082e+03
0	11829	2.3857442075e+03
1	1865	2.3999045443e+03
2	16683	2.4012188018e+03
1	8821	2.4026230562e+03
2	13426	2.4037479401e+03
0	2981	2.4061732301e+03
1	14247	2.4084078544e+03
0	11517	2.4093654559e+03
3	277	2.4110674596e+03
1	9965	2.4134026118e+03
1	7738	2.4164945974e+03
3	12640	2.4197133789e+03
2	15147	2.4210290580e+03
2	2999	2.4366244870e+03
3	16980	2.4389859057e+03
0	4637	2.4467668192e+03
3	599	2.4492891137e+03
0	17060	2.4527560398e+03
3	3760	2.4528423157e+03
1	9386	2.4529067543e+03
1	13319	2.4538833854e+03
1	16832	2.4560333741e+03
0	8055	2.4589907803e+03
3	6934	2.4598066520e+03
0	2238	2.4612402467e+03
2	7614	2.4662924018e+03
0	2116	2.4671801261e+03
2	2497	2.4677703276e+03
0	1874	2.4733963783e+03
3	2324	2.4854915619e+03
3	9225	2.4877703205e+03
0	12302	2.4888173056e+03
0	13503	2.4891228829e+03
1	17003	2.4936703308e+03
3	16180	2.5011780830e+03
0	1658	2.5035396471e+03
3	7424	2.5074919426e+03
3	16804	2.5079425876e+03
2	5454	2.5080117672e+03
2	1284	2.5092085017e+03
1	132	2.5102986208e+03
1	16297	2.5123449696e+03
3	8120	2.5131204862e+03
1	11712	2.5182722978e+03
0	2398	2.5198339880e+03
2	9164	2.5211686915e+03
0	3641	2.5241022856e+03
3	15109	2.5244430070e+03
2	17029	2.5260778441e+03
1	16107	2.5306930494e+03
1	8128	2.5412121295e+03
3	10245	2.5422908578e+03
2	7864	2.5425042878e+03
0	676	2.5437375531e+03
0	14559	2.5519197385e+03
2	11688	2.5551245532e+03
0	15716	2.5559545246e+03
0	15778	2.5569641307e+03
2	28	2.5594511523e+03
0	13252	2.5595844202e+03
2	7197	2.5607773872e+03
3	8050	2.5640628599e+03
1	9295	2.5706650828e+03
1	17135	2.5725051342e+03
3	16944	2.5898338533e+03
2	14908	2.5946972936e+03
2	1438	2.5970112982e+03
0	14013	2.6036126750e+03
2	10528	2.6060301740e+03
3	2931	2.6150732894e+03
3	5676	2.6154235289e+03
2	11499	2.6158989492e+03
2	4626	2.6191403180e+03
2	13052	2.6278270684e+03
2	1798	2.6280303776e+03
1	9479	2.6289318502e+03
1	10304	2.6299632544e+03
1	7698	2.6323453330e+03
0	10645	2.6334647428e+03
3	15089	2.6334964214e+03
3	12014	2.6335320763e+03
1	10246	2.6339388648e+03
0	8579	2.6430009971e+03
1	14029	2.6452712933e+03
0	10226	2.6461830211e+03
1	16348	2.6490706668e+03
0	15475	2.6530920670e+03
0	5548	2.6532649631e+03
1	12421	2.6616433247e+03
2	330	2.6652718231e+03
0	7998	2.6683829061e+03
1	3178	2.6692909999e+03
3	5528	2.6744755212e+03
3	15284	2.6790938528e+03
1	9150	2.6808547020e+03
1	14387	2.6824475150e+03
3	11566	2.6825578224e+03
0	9800	2.6885982311e+03
0	10145	2.6895440056e+03
3	5546	2.6904958910e+03
1	3808	2.6907761654e+03
1	4850	2.6950206417e+03
3	4646	2.7046995387e+03
1	3024	2.7089571943e+03
1	718	2.7099729666e+03
3	9069	2.7152060646e+03
2	15443	2.7158734084e+03
1	7599	2.7196247632e+03
2	8576	2.7252481458e+03
0	4893	2.7349245058e+03
3	3140	2.7351223405e+03
3	2011	2.7382191045e+03
0	1527	2.7444121382e+03
2	3986	2.7480662829e+03
2	6083	2.7518171204e+03
2	12130	2.7578402655e+03
0	13358	2.7588104925e+03
1	12149	2.7625932650e+03
1	14634	2.7655498931e+03
0	16632	2.7704540027e+03
3	922	2.7741313329e+03
1	3802	2.7743123240e+03
3	2184	2.7795112281e+03
3	15126	2.7815793353e+03
1	14616	2.7827632571e+03
3	16906	2.7891870831e+03
3	17196	2.7925767762e+03
0	11462	2.7964193885e+03
0	7067	2.7978928706e+03
3	885	2.7979332693e+03
3	12232	2.8023310403e+03
2	4562	2.8087240069e+03
2	14873	2.8128016808e+03
2	13302	2.8140143372e+03
3	3269	2.8155288988e+03
0	13702	2.8217266846e+03
3	16677	2.8220300087e+03
0	61	2.8221220114e+03
0	5387	2.8334527029e+03
1	13199	2.8354762284e+03
3	167	2.8369247458e+03
2	13816	2.8380717840e+03
2	1928	2.8436813092e+03
1	9158	2.8445693323e+03
0	9798	2.8450099608e+03
3	368	2.8461102601e+03
1	214	2.8466439783e+03
2	13494	2.8504014700e+03
2	16543	2.8505675837e+03
2	15666	2.8507664321e+03
0	7883	2.8535390353e+03
0	4356	2.8556945388e+03
3	4363	2.8561631193e+03
1	10981	2.8592884049e+03
1	614	2.8603398726e+03
2	14223	2.8646372080e+03
0	1927	2.8648532686e+03
3	1471	2.8659275776e+03
0	467	2.8681560996e+03
1	11833	2.8699406291e+03
2	12931	2.8710855987e+03
2	5599	2.8718997726e+03
1	2734	2.8720687732e+03
0	6176	2.8786645662e+03
2	12069	2.8819258424e+03
2	13085	2.8862850536e+03
0	6039	2.8897385878e+03
0	15422	2.8917109033e+03
2	10010	2.8926363896e+03
3	11496	2.8954043468e+03
1	15215	2.8991026131e+03
1	6081	2.9079176187e+03
1	15747	2.9101950169e+03
3	6052	2.9133760500e+03
1	9454	2.9159492848e+03
2	4874	2.9196217280e+03
3	16358	2.9211171707e+03
2	12091	2.9239586617e+03
0	7549	2.9295049297e+03
3	2078	2.9295154260e+03
2	11277	2.9297207195e+03
3	5541	2.9347542592e+03
1	15886	2.9409283938e+03
0	9346	2.9469570940e+03
3	10164	2.9476574290e+03
0	15272	2.9483343706e+03
0	4463	2.9526005768e+03
2	15854	2.9557651882e+03
0	10175	2.9714734085e+03
3	12563	2.9814880895e+03
0	7045	2.9852628746e+03
2	2570	2.9879157822e+03
0	9316	2.9933372845e+03
3	4664	2.9934232554e+03
2	2074	2.9949542535e+03
0	9430	2.9960118060e+03
1	15737	3.0019379081e+03
2	15327	3.0045730683e+03
0	1344	3.0050512265e+03
2	1952	3.0103131393e+03
1	9652	3.0109506450e+03
3	6487	3.0129445318e+03
1	2406	3.0141417555e+03
2	4227	3.0145484124e+03
3	4676	3.0179285041e+03
0	12156	3.0226396569e+03
2	12179	3.0244580739e+03
3	3671	3.0249663537e+03
0	4768	3.0325590410e+03
1	4232	3.0384183049e+03
1	6083	3.0421808633e+03
2	6642	3.0435550086e+03
2	5413	3.0471718656e+03
3	6866	3.0512767787e+03
3	13905	3.0592193292e+03
0	17255	3.0638619342e+03
2	17209	3.0644166592e+03
0	15353	3.0785551987e+03
2	8199	3.0824969744e+03
1	14336	3.0888154422e+03
1	935	3.0926241716e+03
1	13583	3.1051671447e+03
3	16246	3.1133624584e+03
2	9751	3.1183377557e+03
1	3774	3.1183995024e+03
0	5200	3.1303761907e+03
3	14317	3.1306227140e+03
1	4295	3.1364898210e+03
1	6877	3.1393660641e+03
0	2363	3.1460370727e+03
1	1199	3.1469207219e+03
0	15839	3.1469892738e+03
2	12964	3.1474082465e+03
2	12808	3.1506139017e+03
0	11166	3.1524858653e+03
3	102	3.1536943603e+03
2	4034	3.1552620297e+03
1	17130	3.1563690322e+03
1	2509	3.1564561499e+03
3	8275	3.1582599662e+03
2	11588	3.1615502926e+03
0	8958	3.1681370329e+03
0	6709	3.1688961218e+03
2	6897	3.1696635161e+03
0	6761	3.1754850973e+03
2	11438	3.1770170897e+03
3	13385	3.1813478389e+03
2	8572	3.1818529632e+03
0	16218	3.1864508518e+03
1	14363	3.1928712746e+03
2	13452	3.1986644958e+03
2	7149	3.2001373616e+03
1	9516	3.2102123361e+03
1	6967	3.2145847401e+03
2	12076	3.2189158773e+03
0	16719	3.2191426312e+03
0	17064	3.2216261304e+03
2	10926	3.2221510335e+03
3	11482	3.2245915292e+03
2	13500	3.2284167134e+03
3	1051	3.2325020029e+03
1	13191	3.2404733446e+03
2	15382	3.2479411706e+03
3	6812	3.2512636209e+03
2	9271	3.2578616976e+03
2	4508	3.2650623055e+03
3	16185	3.2658278508e+03
3	5549	3.2707037569e+03
2	14904	3.2721371171e+03
3	15373	3.2782105769e+03
2	17147	3.2815706858e+03
2	1994	3.2823348819e+03
2	14706	3.2840939917e+03
1	1675	3.2861895499e+03
2	10846	3.2942681882e+03
3	14820	3.2953510834e+03
1	12429	3.2998958373e+03
1	2640	3.3005185785e+03
2	841	3.3088058946e+03
2	16827	3.3149240278e+03
2	473	3.3201253383e+03
2	11714	3.3268667035e+03
3	5805	3.3295009868e+03
0	12081	3.3422789904e+03
2	2988	3.3438809734e+03
2	9790	3.3446739442e+03
1	5924	3.3452154090e+03
3	12492	3.3488529159e+03
1	9001	3.3508841439e+03
2	8831	3.3579222656e+03
3	7909	3.3603769901e+03
0	11295	3.3645324080e+03
0	8582	3.3666282610e+03
0	12057	3.3667521274e+03
2	2210	3.3695994478e+03
3	1273	3.3709635375e+03
0	12399	3.3710444274e+03
2	5329	3.3713194303e+03
0	13784	3.3757873958e+03
0	14682	3.3807956751e+03
0	8367	3.3818492534e+03
0	6237	3.3818934288e+03
0	3139	3.3869535603e+03
3	11165	3.3912958903e+03
2	12490	3.3972705893e+03
3	12256	3.3987022347e+03
3	9044	3.4010969360e+03
1	9082	3.4089455828e+03
0	8770	3.4102469106e+03
0	13468	3.4114097711e+03
1	11062	3.4126421583e+03
0	2833	3.4154758189e+03
0	7035	3.4170819093e+03
3	12846	3.4176168048e+03
0	8787	3.4185066866e+03
0	16080	3.4237199450e+03
1	11630	3.4282293233e+03
0	12033	3.4295806509e+03
1	13862	3.4296420248e+03
2	9153	3.4314194001e+03
1	7994	3.4354177638e+03
2	15331	3.4358506007e+03
2	13069	3.4433864321e+03
1	7894	3.4460381752e+03
2	14393	3.4477209786e+03
3	5370	3.4489487111e+03
0	5006	3.4512542864e+03
3	10634	3.4519999002e+03
2	7150	3.4521058582e+03
2	15773	3.4571543906e+03
1	15559	3.4575239035e+03
0	1869	3.4577296250e+03
2	6266	3.4593977861e+03
1	8574	3.4610482391e+03
0	2618	3.4612108901e+03
1	13246	3.4643757404e+03
3	7155	3.4647199467e+03
3	16366	3.4735787391e+03
1	10921	3.4748893668e+03
2	430	3.4802727651e+03
1	6047	3.4802937988e+03
3	11598	3.4812586087e+03
0	12901	3.4833181338e+03
3	10850	3.4850754769e+03
1	2845	3.4859798808e+03
3	5952	3.4875315335e+03
0	8384	3.4927453888e+03
2	14345	3.4956990635e+03
1	16517	3.5052292800e+03
1	4827	3.5063539806e+03
1	10420	3.5067804131e+03
1	12455	3.5119781266e+03
2	942	3.5219250532e+03
1	4859	3.5237444245e+03
3	4577	3.5277455883e+03
0	15526	3.5283209994e+03
1	9466	3.5315046789e+03
0	7094	3.5318720028e+03
1	6595	3.5323769213e+03
2	9352	3.5330376889e+03
2	15069	3.5407474642e+03
2	10503	3.5442037636e+03
2	13468	3.5445189340e+03
3	14106	3.5446813828e+03
1	14853	3.5449450458e+03
1	4699	3.5453424018e+03
3	8216	3.5481459541e+03
0	13000	3.5490254922e+03
3	13958	3.5517766563e+03
1	16618	3.5643552496e+03
1	5695	3.5702915578e+03
2	6123	3.5729378695e+03
2	5913	3.5739687333e+03
2	10750	3.5758727379e+03
3	550	3.5798514173e+03
1	16291	3.5842266913e+03
2	12901	3.5856662435e+03
0	16987	3.5898309866e+03
2	9219	3.5922993358e+03
0	3085	3.5925296951e+03
2	10294	3.5984269478e+03
3	1022	3.5990442672e+03
0	1476	3.5991239598e+03
1	8949	3.5995271987e+03
2	1593	3.6004041655e+03
3	14578	3.6008913160e+03
2	7903	3.6020455052e+03
2	6598	3.6029572315e+03
2	4267	3.6083411519e+03
0	13483	3.6093298715e+03
1	1333	3.6104449977e+03
1	14676	3.6119402602e+03
0	5421	3.6121324341e+03
3	13721	3.6143133409e+03
1	2455	3.6167496995e+03
1	11716	3.6253400975e+03
1	13668	3.6330171075e+03
0	10933	3.6330605739e+03
1	10664	3.6403306935e+03
1	5085	3.6409713339e+03
1	81	3.6413002574e+03
0	1943	3.6422371664e+03
3	171	3.6425324901e+03
2	9244	3.6449482117e+03
1	2737	3.6522285576e+03
3	16685	3.6607925204e+03
2	6035	3.6620276659e+03
3	8993	3.6661767335e+03
2	4323	3.6664466293e+03
2	718	3.6692662984e+03
0	2020	3.6779982050e+03
3	15330	3.6900983538e+03
2	7248	3.6904577251e+03
0	5008	3.6943361844e+03
0	14803	3.6947380623e+03
3	4473	3.6948220623e+03
3	1419	3.7016555362e+03
1	4113	3.7033166270e+03
2	6750	3.7056568899e+03
3	13490	3.7069564333e+03
2	13589	3.7100467624e+03
3	3475	3.7106334057e+03
0	11509	3.7113609488e+03
2	4307	3.7176024789e+03
1	5026	3.7209403219e+03
0	7472	3.7236053192e+03
0	5067	3.7243687180e+03
2	12032	3.7268628791e+03
3	2539	3.7337716981e+03
1	14385	3.7370228212e+03
2	13775	3.7372964686e+03
0	5936	3.7395014230e+03
0	1236	3.7435289588e+03
0	10177	3.7489729068e+03
2	6148	3.7505253105e+03
2	8512	3.7576948366e+03
2	4496	3.7604433954e+03
1	3994	3.7608141453e+03
3	5558	3.7647938016e+03
3	13900	3.7654672507e+03
1	2142	3.7694273536e+03
3	14113	3.7744896202e+03
0	14250	3.7765262369e+03
1	1950	3.7765570236e+03
1	12044	3.7806050083e+03
2	6335	3.7889839147e+03
3	3966	3.7979763597e+03
3	4670	3.8000647700e+03
2	7628	3.8016641461e+03
0	10619	3.8042782944e+03
1	2916	3.8047614267e+03
2	9220	3.8104779576e+03
2	13874	3.8140458151e+03
1	13324	3.8154692091e+03
2	10171	3.8208778880e+03
1	991	3.8218383265e+03
2	16186	3.8257041516e+03
0	9293	3.8447142539e+03
0	7829	3.8471045275e+03
1	14701	3.8516558535e+03
1	8781	3.8565611457e+03
3	3248	3.8588380483e+03
2	4610	3.8623124156e+03
2	1858	3.8660960548e+03
3	8940	3.8714862286e+03
0	10833	3.8731094124e+03
0	11344	3.8768103529e+03
2	4094	3.8769459965e+03
0	2501	3.8867997970e+03
0	4363	3.8901728007e+03
2	7948	3.8918480446e+03
0	5261	3.8924473183e+03
2	15550	3.9038699067e+03
2	6942	3.9040712483e+03
3	11937	3.9072543319e+03
1	12825	3.9140746742e+03
1	14578	3.9141311752e+03
1	13262	3.9202103223e+03
1	7065	3.9246269828e+03
3	7067	3.9253073162e+03
2	26	3.9280526487e+03
3	2093	3.9353393261e+03
3	11052	3.9397552811e+03
1	10210	3.9425902728e+03
2	5764	3.9512688694e+03
0	7099	3.9518643342e+03
0	10968	3.9554715858e+03
0	1051	3.9640026239e+03
3	10665	3.9716583470e+03
3	17228	3.9735720936e+03
1	11137	3.9775829687e+03
3	4223	3.9788209438e+03
2	11218	3.9791570567e+03
0	2284	3.9797003907e+03
2	9490	3.9815535013e+03
2	11493	3.9901718590e+03
0	8354	3.9921171664e+03
1	10992	3.9970064516e+03
2	6989	3.9978566418e+03
1	2725	3.9986003850e+03
3	2372	4.0012349177e+03
2	7031	4.0071285027e+03
3	9193	4.0101757514e+03
1	11368	4.0128303254e+03
0	8691	4.0137905764e+03
0	17077	4.0144244901e+03
1	15699	4.0180367800e+03
2	13204	4.0184839561e+03
2	12753	4.0187402284e+03
2	6913	4.0297080438e+03
1	7813	4.0409076883e+03
0	11855	4.0424643782e+03
0	13810	4.0471867220e+03
2	3878	4.0481112712e+03
3	6582	4.0484895485e+03
3	8795	4.0486102631e+03
2	15075	4.0555350264e+03
3	3961	4.0574798688e+03
3	275	4.0621350831e+03
3	16671	4.0631211313e+03
1	9114	4.0637404646e+03
3	5618	4.0651436843e+03
2	16435	4.0710391658e+03
0	9351	4.0749497918e+03
0	1712	4.0804847618e+03
0	9063	4.0821084010e+03
0	11282	4.0971681498e+03
3	3289	4.0980495763e+03
2	4151	4.0983198053e+03
3	4720	4.1000808398e+03
2	15343	4.1006383547e+03
3	10470	4.1047325939e+03
0	4938	4.1166224840e+03
2	14963	4.1210644281e+03
0	5204	4.1221936543e+03
0	644	4.1314782282e+03
2	11115	4.1400331436e+03
2	13250	4.1407977466e+03
3	14740	4.1446536828e+03
0	3959	4.1470604808e+03
0	3014	4.1481319923e+03
0	705	4.1482167491e+03
1	9020	4.1502015009e+03
0	634	4.1559259353e+03
0	12559	4.1706711007e+03
2	12701	4.1739135804e+03
1	16713	4.1780759879e+03
0	13364	4.1885574112e+03
3	9554	4.1915724328e+03
3	10074	4.1924943644e+03
1	3133	4.1940395090e+03
3	12371	4.1946148601e+03
1	17058	4.2139818476e+03
0	10737	4.2313885907e+03
0	5002	4.2320905782e+03
1	1931	4.2335056753e+03
1	15533	4.2335448511e+03
3	2323	4.2368302661e+03
1	12298	4.2387828022e+03
0	3971	4.2395920853e+03
1	12522	4.2475242173e+03
2	2239	4.2477560746e+03
3	4991	4.2542946103e+03
1	16612	4.2551539203e+03
3	1096	4.2577267745e+03
0	16201	4.2608566064e+03
2	4137	4.2621915413e+03
3	10923	4.2662021557e+03
3	17218	4.2690187499e+03
3	1779	4.2696218777e+03
2	9179	4.2740937086e+03
0	10148	4.2750129651e+03
1	6253	4.2773976602e+03
0	8547	4.3020536847e+03
3	3007	4.3073009245e+03
2	5034	4.3074816167e+03
3	15257	4.3120271372e+03
0	11357	4.3213749823e+03
2	10904	4.3229283859e+03
2	3820	4.3229483364e+03
3	16151	4.3239376553e+03
2	7410	4.3306606037e+03
1	13927	4.3319414639e+03
2	9114	4.3332713957e+03
1	11105	4.3342102925e+03
2	7076	4.3355995827e+03
1	13679	4.3412135138e+03
2	12400	4.3551595762e+03
3	11322	4.3575907399e+03
1	10911	4.3604418375e+03
2	183	4.3664117953e+03
2	1869	4.3703524517e+03
3	4379	4.3707180360e+03
0	8396	4.3709822941e+03
2	9541	4.3783118177e+03
3	5838	4.3786350075e+03
1	6233	4.3818533137e+03
1	2247	4.3820537475e+03
1	787	4.3838339462e+03
2	6145	4.3855623855e+03
0	17419	4.3926622585e+03
1	6817	4.3950575160e+03
2	15040	4.3984029126e+03
2	12385	4.4003776427e+03
2	6416	4.4015910657e+03
1	5914	4.4079506121e+03
1	13042	4.4089190348e+03
2	9833	4.4110172468e+03
0	11160	4.4180572995e+03
1	5763	4.4241289854e+03
3	7550	4.4276052699e+03
3	6804	4.4302030342e+03
2	2549	4.4336653541e+03
0	3909	4.4361592067e+03
1	7149	4.4423733022e+03
1	978	4.4606715632e+03
0	6114	4.4617481698e+03
3	3968	4.4624069671e+03
2	3049	4.4669156086e+03
0	603	4.4714501786e+03
1	3013	4.4720946873e+03
3	8159	4.4821925204e+03
0	334	4.4853153373e+03
3	15715	4.5043995795e+03
2	15436	4.5078568375e+03
2	11120	4.5099308912e+03
2	15917	4.5191076329e+03
0	9157	4.5213773126e+03
1	8556	4.5245688430e+03
0	4269	4.5322033972e+03
3	10347	4.5458436956e+03
2	9606	4.5461976761e+03
0	1826	4.5464302209e+03
0	4100	4.5492402693e+03
1	12955	4.5499484528e+03
3	16810	4.5504154534e+03
2	8608	4.5554422003e+03
1	9912	4.5565790779e+03
1	3784	4.5602062192e+03
2	3466	4.5748552943e+03
3	3924	4.5760495955e+03
2	12083	4.5763859978e+03
2	3668	4.5788838545e+03
3	10708	4.5934420947e+03
3	11581	4.5970660548e+03
0	15741	4.6041615837e+03
1	8850	4.6096343402e+03
3	634	4.6126152747e+03
2	5023	4.6130638420e+03
3	3017	4.6157992191e+03
0	2994	4.6220035291e+03
0	11111	4.6412217904e+03
1	16722	4.6544261378e+03
3	11700	4.6545729508e+03
3	1426	4.6604372053e+03
3	9695	4.6607884934e+03
0	16295	4.6610621146e+03
3	13755	4.6706507645e+03
2	8486	4.6786617290e+03
1	10452	4.6821659580e+03
3	10349	4.6863740859e+03
2	6742	4.6940231513e+03
3	2237	4.7010194650e+03
2	4212	4.7037748073e+03
2	10256	4.7050753209e+03
2	8911	4.7053810591e+03
2	5324	4.7108204733e+03
1	4160	4.7257349011e+03
1	13229	4.7289769414e+03
0	1661	4.7290695586e+03
1	7622	4.7304490463e+03
1	4392	4.7311647132e+03
1	10436	4.7419806848e+03
1	4244	4.7479898240e+03
1	879	4.7655574420e+03
1	11742	4.7657592897e+03
3	7798	4.7700677353e+03
0	7797	4.7710579607e+03
3	4396	4.7715311584e+03
0	7254	4.7731215715e+03
1	14170	4.7754864330e+03
1	4760	4.7755583963e+03
0	10204	4.7816570343e+03
3	2506	4.7888389323e+03
1	2767	4.7960593241e+03
3	16181	4.7965405335e+03
2	15591	4.7965665411e+03
3	5820	4.7984056785e+03
2	15241	4.8092718470e+03
2	8849	4.8105485026e+03
2	6618	4.8164578353e+03
0	2996	4.8198514204e+03
1	11199	4.8290764657e+03
2	9508	4.8340629448e+03
1	2344	4.8378699068e+03
0	3032	4.8439642371e+03
2	802	4.8457160420e+03
0	3399	4.8495593465e+03
2	1240	4.8506061581e+03
3	9883	4.8556430555e+03
1	1793	4.8601482620e+03
0	14408	4.8656931317e+03
2	15263	4.8671339984e+03
0	4489	4.8676013861e+03
2	11693	4.8689008822e+03
0	15149	4.8727722704e+03
2	907	4.8818967160e+03
2	11611	4.8875887965e+03
0	14144	4.8914289897e+03
0	9148	4.8958160616e+03
1	6165	4.8977449110e+03
3	11462	4.8993566124e+03
2	7075	4.9047067659e+03
2	1644	4.9065388739e+03
1	9788	4.9100748592e+03
0	11223	4.9109248038e+03
3	12111	4.9130435441e+03
3	2463	4.9138948763e+03
3	6191	4.9146092644e+03
2	7503	4.9361280414e+03
0	2230	4.9378728178e+03
3	12255	4.9496616683e+03
1	6500	4.9539088935e+03
3	5106	4.9558507453e+03
2	7524	4.9676170916e+03
0	7859	4.9739714220e+03
0	11809	4.9750396779e+03
1	6651	4.9903496770e+03
0	3576	4.9932306042e+03
3	6385	4.9999188828e+03
3	60	5.0090872855e+03
3	9102	5.0127053149e+03
0	13502	5.0161745088e+03
3	3327	5.0221919151e+03
2	7372	5.0458513095e+03
3	12983	5.0492973383e+03
1	5410	5.0698039626e+03
0	5867	5.0701598959e+03
0	14835	5.0735605463e+03
0	8193	5.0812547772e+03
3	15275	5.0824985280e+03
1	8704	5.0828402859e+03
2	12402	5.0859687897e+03
1	5527	5.0943215614e+03
3	17214	5.0969642456e+03
3	8573	5.1010315830e+03
3	1459	5.1031937441e+03
3	11765	5.1041353668e+03
0	17048	5.1047769548e+03
0	15780	5.1056018264e+03
2	15626	5.1154739735e+03
2	656	5.1163490665e+03
0	6693	5.1179892141e+03
1	1135	5.1247175295e+03
0	11398	5.1250491365e+03
2	12990	5.1281667243e+03
3	4061	5.1406558050e+03
0	14684	5.1544540644e+03
1	17262	5.1602557999e+03
1	5730	5.1676341946e+03
0	10770	5.1720673586e+03
3	13897	5.1758080672e+03
1	12639	5.1772508938e+03
1	4547	5.1847780929e+03
0	248	5.1861465221e+03
3	13553	5.1919031192e+03
1	11784	5.1933366102e+03
1	13610	5.1935379661e+03
2	8780	5.2033767112e+03
3	6445	5.2133569252e+03
2	3935	5.2252129242e+03
2	11790	5.2341000017e+03
2	15573	5.2445247742e+03
1	9151	5.2449854558e+03
0	14854	5.2510371582e+03
2	11803	5.2522190239e+03
3	15010	5.2563332540e+03
1	10079	5.2626715132e+03
0	15321	5.2633040583e+03
2	10799	5.2643034164e+03
1	13052	5.2666463360e+03
2	12044	5.2736243934e+03
3	10062	5.2737513943e+03
3	13012	5.2753426278e+03
2	16557	5.2762398879e+03
2	10112	5.2800337988e+03
3	13840	5.2864336143e+03
2	16753	5.2919591625e+03
3	341	5.2954689515e+03
0	15900	5.2997143934e+03
0	869	5.3055281308e+03
0	4655	5.3121560221e+03
0	2073	5.3218558366e+03
0	15854	5.3254752837e+03
3	16786	5.3333495214e+03
3	12275	5.3438572087e+03
2	17202	5.3565207084e+03
1	15582	5.3649247519e+03
2	1532	5.3720130165e+03
2	1615	5.3723818010e+03
2	219	5.3806460354e+03
3	5382	5.3899233728e+03
1	10068	5.3909147513e+03
3	4342	5.3945132031e+03
1	549	5.3976175674e+03
1	2439	5.3980925456e+03
0	12576	5.4022703440e+03
2	15151	5.4030122778e+03
2	11601	5.4119189553e+03
2	9542	5.4245107235e+03
3	7390	5.4255540702e+03
0	10886	5.4313529761e+03
1	14657	5.4420217765e+03
0	3721	5.4428296803e+03
3	4765	5.4430454726e+03
1	11164	5.4448121677e+03
0	8871	5.4466817100e+03
3	7902	5.4478748681e+03
1	10635	5.4497046421e+03
0	6547	5.4526289540e+03
2	14711	5.4624036296e+03
3	6517	5.4624207317e+03
3	14080	5.4839094475e+03
0	10804	5.4886038027e+03
0	7521	5.4925011628e+03
1	3582	5.4962707311e+03
3	13313	5.4989961886e+03
3	4778	5.5029838072e+03
3	15157	5.5081670141e+03
3	12013	5.5092837047e+03
0	2952	5.5207197478e+03
2	3314	5.5312102007e+03
2	10648	5.5400962718e+03
3	14245	5.5486782018e+03
0	14535	5.5568055174e+03
3	7588	5.5577510626e+03
3	6512	5.5583547228e+03
2	16086	5.5666070064e+03
1	12308	5.5695782794e+03
2	12950	5.5719144370e+03
2	6969	5.5737410041e+03
2	15947	5.5751339368e+03
2	16983	5.5793344893e+03
3	10487	5.5841275661e+03
3	4555	5.5919962049e+03
2	16141	5.5990019282e+03
3	2460	5.6095676869e+03
2	10562	5.6176067235e+03
3	2581	5.6225754957e+03
2	7556	5.6255542105e+03
0	11687	5.6316274092e+03
2	4166	5.6393528693e+03
0	15209	5.6429701099e+03
1	7279	5.6461630152e+03
0	17184	5.6528035108e+03
3	4704	5.6547640643e+03
3	2534	5.6557678872e+03
3	12402	5.6689680482e+03
3	6840	5.6864248393e+03
1	6574	5.6869100593e+03
2	2747	5.6885318978e+03
3	11841	5.7067952297e+03
0	9319	5.7093193010e+03
0	3142	5.7115042588e+03
3	2888	5.7163961911e+03
0	12697	5.7259034646e+03
3	4515	5.7356228195e+03
1	2549	5.7490891760e+03
3	16500	5.7538855817e+03
2	12773	5.7639547796e+03
3	15926	5.7690539504e+03
0	5678	5.7743853168e+03
0	7274	5.7751036119e+03
3	7250	5.8083371018e+03
0	2901	5.8097995257e+03
1	8063	5.8161509713e+03
0	6977	5.8180727930e+03
2	3975	5.8190320274e+03
0	8892	5.8264278290e+03
2	3983	5.8339293396e+03
0	3937	5.8558128994e+03
0	14773	5.8564657906e+03
0	9059	5.8609166269e+03
2	13216	5.8623805262e+03
3	9499	5.8633503865e+03
1	13843	5.8957455553e+03
3	7985	5.8966359853e+03
3	10795	5.8974249080e+03
3	5882	5.9070365406e+03
0	11576	5.9075500710e+03
3	16020	5.9102551681e+03
2	7377	5.9116067115e+03
1	13507	5.9356037831e+03
1	7659	5.9366066109e+03
3	15977	5.9421762841e+03
0	14389	5.9436280349e+03
3	16166	5.9566475078e+03
2	7187	5.9588282330e+03
2	1011	5.9624845447e+03
2	12889	5.9717732850e+03
3	12528	5.9736812379e+03
0	963	5.9770292750e+03
2	10296	5.9852766241e+03
0	2070	5.9853480706e+03
0	6829	5.9881985882e+03
3	10982	5.9893961361e+03
0	2025	6.0128225917e+03
2	12837	6.0219150880e+03
2	10986	6.0240648258e+03
3	5622	6.0255259779e+03
2	909	6.0261712315e+03
3	6917	6.0274460602e+03
0	14552	6.0283569263e+03
2	2464	6.0308239614e+03
3	9357	6.0405375770e+03
0	10918	6.0621779784e+03
3	8663	6.0686614899e+03
3	15314	6.0793821591e+03
0	14951	6.0822426786e+03
2	12200	6.0858799225e+03
2	3798	6.0893963756e+03
2	875	6.0901671513e+03
2	1769	6.0988849800e+03
0	3672	6.1096368633e+03
3	610	6.1104618525e+03
3	6790	6.1193390908e+03
1	9571	6.1210343539e+03
1	2000	6.1298609633e+03
2	8406	6.1329154839e+03
1	2297	6.1371714225e+03
2	9202	6.1506181602e+03
2	1801	6.1531505512e+03
2	4821	6.1552099577e+03
0	3317	6.1558062924e+03
0	16177	6.1628314736e+03
0	12341	6.1638082709e+03
0	17532	6.1694036422e+03
2	15755	6.1697563406e+03
3	14666	6.1750694334e+03
2	9842	6.1765331798e+03
1	9851	6.1795429748e+03
3	11677	6.1828143188e+03
0	487	6.1841089188e+03
0	9513	6.1842433035e+03
3	3144	6.1906967679e+03
3	13008	6.1925924467e+03
0	15697	6.1943053727e+03
2	9074	6.1948640425e+03
1	12179	6.1961458585e+03
0	6104	6.2060565628e+03
3	14470	6.2064032321e+03
3	12354	6.2071669522e+03
1	6990	6.2182288717e+03
1	9130	6.2257016892e+03
3	11853	6.2260341726e+03
3	7626	6.2285501775e+03
3	905	6.2348586439e+03
1	7620	6.2360237596e+03
3	15333	6.2378161285e+03
0	11844	6.2451780185e+03
0	2881	6.2552618182e+03
0	14649	6.2555737234e+03
3	4785	6.2575530223e+03
3	9345	6.2587546988e+03
2	3158	6.2647448092e+03
1	8210	6.2675600804e+03
2	4753	6.2749553953e+03
3	14825	6.2765291389e+03
0	1790	6.2769934389e+03
1	11160	6.2797958434e+03
3	6789	6.2875022487e+03
2	4246	6.2984688265e+03
0	731	6.3086371205e+03
0	2313	6.3124094342e+03
1	8101	6.3158466879e+03
2	3351	6.3253936972e+03
1	11981	6.3368200723e+03
2	2445	6.3413068285e+03
1	10749	6.3488788237e+03
3	1680	6.3529477420e+03
2	654	6.3530472719e+03
2	2801	6.3545518380e+03
2	5786	6.3554766658e+03
0	16407	6.3571057597e+03
3	2585	6.3675280794e+03
2	7479	6.3757560908e+03
1	2741	6.3764521882e+03
1	14410	6.3764606542e+03
2	14082	6.3813823924e+03
2	9415	6.3814957674e+03
2	524	6.4069530215e+03
1	12844	6.4102669451e+03
2	1018	6.4103710805e+03
1	4257	6.4122965950e+03
2	15903	6.4179844768e+03
3	3782	6.4237687377e+03
0	5356	6.4239090495e+03
0	7783	6.4317365695e+03
0	14289	6.4513595342e+03
3	15143	6.4572608910e+03
0	8774	6.4704628971e+03
2	17001	6.4773337672e+03
3	9570	6.4918197828e+03
2	1594	6.4932025758e+03
0	4742	6.4933722159e+03
1	12201	6.4961680167e+03
1	3473	6.5067334766e+03
2	9003	6.5232582161e+03
1	16839	6.5274958978e+03
3	5969	6.5340289788e+03
0	9490	6.5518940168e+03
1	13837	6.5586190620e+03
3	13469	6.5634014171e+03
2	15632	6.5745787382e+03
3	4619	6.5772136414e+03
1	9531	6.5799873875e+03
0	13050	6.5858983331e+03
3	10336	6.5902506053e+03
2	10948	6.5909865401e+03
1	5084	6.5931778821e+03
2	15180	6.5961668617e+03
3	9651	6.5967385975e+03
1	16403	6.5990610596e+03
1	5197	6.6067825927e+03
3	6277	6.6110971516e+03
1	13169	6.6185735230e+03
0	133	6.6198808258e+03
3	9091	6.6271633733e+03
0	15334	6.6278564790e+03
1	11547	6.6341125959e+03
1	3237	6.6343641760e+03
1	16354	6.6396790933e+03
0	3852	6.6399272294e+03
1	6900	6.6591848460e+03
1	101	6.6626727392e+03
0	6816	6.6765505965e+03
2	8674	6.6926355113e+03
3	3672	6.7049841664e+03
3	343	6.7062645572e+03
1	13486	6.7216070916e+03
0	4145	6.7246982236e+03
1	5723	6.7252576048e+03
1	10323	6.7293739457e+03
1	3725	6.7328157952e+03
3	7841	6.7380990385e+03
1	10029	6.7458053537e+03
0	5642	6.7677951599e+03
2	927	6.7790957837e+03
3	5154	6.7792733045e+03
3	2600	6.7800566943e+03
2	438	6.7912891925e+03
2	16581	6.8081176047e+03
3	16036	6.8094354521e+03
3	6269	6.8237244761e+03
3	6194	6.8281142607e+03
3	6538	6.8331219564e+03
3	14552	6.8449570737e+03
0	5377	6.8488546399e+03
3	5708	6.8505027878e+03
1	5544	6.8543184388e+03
2	8426	6.8577911712e+03
0	5292	6.8620933371e+03
0	9682	6.8621893586e+03
3	12147	6.8743630613e+03
0	16313	6.8771352961e+03
1	13542	6.8814114952e+03
0	5569	6.8817184004e+03
1	11090	6.8834757545e+03
3	16248	6.8839273709e+03
0	15051	6.8898197284e+03
1	3951	6.9123827976e+03
3	12754	6.9219091894e+03
2	7601	6.9247829234e+03
3	6859	6.9289919212e+03
1	4546	6.9319747461e+03
0	5157	6.9353227810e+03
0	14759	6.9367235837e+03
3	8290	6.9369678431e+03
3	3324	6.9375825524e+03
3	11174	6.9403976674e+03
0	203	6.9527103202e+03
2	2221	6.9544814827e+03
0	12303	6.9615539478e+03
0	4632	6.9667769934e+03
1	4395	6.9677059900e+03
1	6453	6.9717703872e+03
3	15252	6.9815330009e+03
0	12356	6.9815987486e+03
2	8887	6.9849573699e+03
0	4381	6.9899836390e+03
0	9098	6.9900863171e+03
0	7543	6.9933162666e+03
0	8214	7.0078054481e+03
0	15939	7.0087615352e+03
3	13504	7.0248630428e+03
1	14237	7.0548027221e+03
2	13653	7.0561290902e+03
2	16135	7.0621912851e+03
1	12221	7.0712784092e+03
0	15270	7.0748262319e+03
1	2623	7.0790675183e+03
2	7089	7.0903209514e+03
2	12792	7.0956678627e+03
2	11353	7.0999543160e+03
2	8427	7.1115047937e+03
2	14928	7.1143654010e+03
2	13613	7.1200515702e+03
2	2070	7.1290283600e+03
2	2630	7.1291030632e+03
2	10871	7.1317241627e+03
0	3682	7.1382857635e+03
2	7414	7.1599881289e+03
1	15679	7.1620970505e+03
2	9050	7.1644214896e+03
0	7043	7.2032232253e+03
0	14237	7.2039548803e+03
1	12638	7.2086606670e+03
3	17186	7.2477350067e+03
2	14978	7.2546461024e+03
3	3923	7.2550591255e+03
3	6957	7.2580383830e+03
2	15463	7.2684496841e+03
1	9860	7.2799840225e+03
2	10347	7.2823955446e+03
0	15506	7.3084496652e+03
3	4918	7.3093339803e+03
0	3261	7.3133018024e+03
1	5707	7.3156790972e+03
1	4298	7.3182567591e+03
2	8112	7.3218849687e+03
1	837	7.3261660416e+03
0	16028	7.3306549165e+03
3	3383	7.3552716160e+03
2	2200	7.3574046990e+03
2	15871	7.3799313089e+03
2	15303	7.3841209075e+03
3	10717	7.3870439011e+03
1	4365	7.3888199172e+03
2	5093	7.4013260113e+03
1	15634	7.4034773270e+03
0	5229	7.4108734093e+03
2	14992	7.4169167820e+03
0	16977	7.4200821933e+03
3	2790	7.4224160234e+03
2	8679	7.4232832976e+03
0	7841	7.4239858124e+03
0	11701	7.4342921516e+03
3	15287	7.4535481167e+03
2	2861	7.4540565720e+03
2	13247	7.4614365163e+03
2	10884	7.4653463102e+03
1	1488	7.4769262783e+03
0	3332	7.4925911969e+03
1	14097	7.4966582533e+03
2	3370	7.4967509709e+03
2	11915	7.5133920992e+03
3	6609	7.5153121604e+03
0	12914	7.5186468476e+03
2	3892	7.5208692179e+03
1	7917	7.5263907793e+03
3	971	7.5335522136e+03
3	6255	7.5426612493e+03
3	13655	7.5630051190e+03
1	8048	7.5656185950e+03
2	7240	7.5663437699e+03
0	12542	7.5708562585e+03
2	16910	7.5765429919e+03
0	1095	7.5845113722e+03
0	4540	7.5845144865e+03
2	7062	7.5882423938e+03
3	9351	7.5907958433e+03
3	482	7.5935495989e+03
0	10846	7.5937230302e+03
3	1252	7.5957268968e+03
0	10840	7.5981120447e+03
1	12385	7.5989688869e+03
1	13556	7.6058791180e+03
3	9749	7.6100543721e+03
2	11732	7.6113484452e+03
1	2513	7.6464999223e+03
3	14056	7.6557853882e+03
2	12566	7.6682865510e+03
3	7913	7.6723546009e+03
0	8705	7.6789018491e+03
1	14228	7.6819699039e+03
3	285	7.6841072718e+03
0	11494	7.6943219059e+03
0	12753	7.7065471164e+03
0	16508	7.7115606651e+03
3	14781	7.7222608420e+03
0	10387	7.7442233792e+03
1	9952	7.7472763810e+03
3	5584	7.7599511106e+03
0	3932	7.7732460606e+03
3	6096	7.7793346658e+03
3	818	7.8173934204e+03
3	15322	7.8223920124e+03
1	16951	7.8234814447e+03
1	15374	7.8268010374e+03
1	16854	7.8276838074e+03
3	8082	7.8333117685e+03
3	16828	7.8340218123e+03
2	6114	7.8345092107e+03
1	15842	7.8402998332e+03
1	438	7.8461098953e+03
1	9388	7.8654809605e+03
0	3231	7.8778109658e+03
3	9041	7.8840350530e+03
2	7201	7.8856438673e+03
1	13453	7.8939242357e+03
3	5950	7.8943906951e+03
1	10482	7.8971888409e+03
3	16150	7.9116420907e+03
2	8268	7.9236406060e+03
2	4167	7.9236541368e+03
0	8122	7.9236625028e+03
0	7971	7.9282763348e+03
2	8037	7.9344785480e+03
3	8306	7.9368248749e+03
1	16795	7.9481200460e+03
2	665	7.9546963570e+03
0	9704	7.9568810644e+03
1	1680	7.9581384714e+03
2	1211	7.9619823055e+03
3	16311	7.9675131754e+03
2	3890	7.9754934558e+03
1	2377	7.9779515994e+03
2	1807	7.9830141791e+03
3	12608	8.0068076589e+03
1	15705	8.0085246419e+03
2	9953	8.0178964020e+03
0	17273	8.0181110869e+03
0	4020	8.0211354978e+03
2	14440	8.0268013144e+03
0	2345	8.0359266271e+03
2	17050	8.0471492971e+03
3	2358	8.0515674516e+03
1	3991	8.0548686660e+03
0	173	8.0678841679e+03
0	16420	8.0795680967e+03
2	9193	8.0804753650e+03
2	6308	8.0849024626e+03
1	12938	8.0956439108e+03
1	3841	8.0980448387e+03
1	15990	8.1023848060e+03
2	3534	8.1063171923e+03
2	8305	8.1094406907e+03
3	7197	8.1116908303e+03
2	11848	8.1233701941e+03
3	7608	8.1262753366e+03
3	16978	8.1520018357e+03
3	2193	8.1568279350e+03
0	6459	8.1587226332e+03
0	2596	8.1603994774e+03
3	10730	8.1627381813e+03
2	11694	8.1633907281e+03
3	10829	8.1729111216e+03
0	17455	8.1740476842e+03
0	12234	8.1795035443e+03
2	2234	8.1838034542e+03
3	12605	8.1892168854e+03
1	9861	8.1915483707e+03
2	16644	8.1951302855e+03
0	12326	8.1954415822e+03
3	14107	8.1986152177e+03
1	2805	8.2072776296e+03
0	284	8.2153098145e+03
0	2213	8.2198837254e+03
0	16763	8.2355132703e+03
2	9473	8.2487538863e+03
0	9296	8.2569909629e+03
2	1624	8.2742899466e+03
2	4309	8.2771770090e+03
2	1157	8.2871119010e+03
1	6220	8.2931257230e+03
0	291	8.2946260752e+03
0	9327	8.3398446259e+03
1	4472	8.3418809767e+03
2	5056	8.3475523457e+03
1	13208	8.3530939356e+03
0	9026	8.3638598888e+03
1	7033	8.3645145097e+03
0	12973	8.3750758499e+03
0	17165	8.3806351130e+03
0	9855	8.3959218670e+03
3	1317	8.3963168981e+03
2	9923	8.4061950088e+03
2	16326	8.4130499426e+03
0	12220	8.4172822575e+03
2	9287	8.4224042540e+03
1	8611	8.4434313485e+03
2	1961	8.4486779242e+03
3	3390	8.4495496656e+03
0	6328	8.4683294540e+03
3	14074	8.4696937926e+03
1	758	8.4707645057e+03
3	8048	8.4776492549e+03
2	8796	8.4812385699e+03
3	16643	8.4954888231e+03
0	12068	8.5015769054e+03
2	14288	8.5039862983e+03
0	3889	8.5115191632e+03
3	9782	8.5213316526e+03
3	14816	8.5297899880e+03
1	1996	8.5299205873e+03
2	15289	8.5322248533e+03
2	4564	8.5671662600e+03
0	4377	8.5929156184e+03
1	1539	8.5976861109e+03
2	17097	8.6044272611e+03
3	14164	8.6099808556e+03
0	1522	8.6209986920e+03
2	2001	8.6358926619e+03
3	15389	8.6676265176e+03
1	16698	8.6976282973e+03
1	750	8.7001709592e+03
2	2407	8.7077781721e+03
3	1570	8.7241553056e+03
3	7201	8.7250432258e+03
3	5850	8.7278568035e+03
2	4448	8.7420954279e+03
0	4875	8.7598824815e+03
1	4377	8.7612143305e+03
0	5396	8.7672144953e+03
1	3453	8.7966281782e+03
1	1167	8.8075658954e+03
3	6246	8.8142165788e+03
2	12742	8.8340140685e+03
3	9825	8.8488492683e+03
0	10044	8.8508339123e+03
1	10803	8.8611270724e+03
3	9039	8.8639176336e+03
3	5133	8.8676313037e+03
2	9551	8.8716766424e+03
3	13291	8.8722515958e+03
0	9971	8.8777707765e+03
3	14392	8.8780011506e+03
2	15325	8.8819030750e+03
2	13475	8.8971711602e+03
3	12149	8.9024681856e+03
2	5965	8.9101030508e+03
1	10719	8.9179485231e+03
1	1420	8.9195038784e+03
3	5639	8.9200399687e+03
1	639	8.9388977052e+03
2	194	8.9542166650e+03
3	14261	8.9720079618e+03
1	10280	8.9804274081e+03
2	3090	8.9907172953e+03
1	9893	9.0009255732e+03
2	11341	9.0045016209e+03
1	2253	9.0135069878e+03
0	8130	9.0194072091e+03
2	2290	9.0212343144e+03
1	3771	9.0256307207e+03
2	16724	9.0268426171e+03
2	6965	9.0314006236e+03
1	446	9.0412666671e+03
3	12342	9.0429789009e+03
1	6074	9.0515665963e+03
0	14395	9.0555932278e+03
2	4156	9.0561768050e+03
2	15009	9.0855517153e+03
3	5630	9.0857762166e+03
2	12801	9.0902720415e+03
1	4112	9.0928203034e+03
3	16444	9.0969914565e+03
2	15866	9.0983762986e+03
3	6868	9.1033589954e+03
1	13	9.1094984422e+03
0	3054	9.1114625296e+03
2	11919	9.1167727888e+03
2	10001	9.1202183718e+03
1	13053	9.1344474752e+03
0	4162	9.1370839705e+03
0	15784	9.1371720554e+03
1	14835	9.1439393774e+03
3	9386	9.1505813742e+03
2	3016	9.1537763410e+03
1	13409	9.1603042659e+03
2	10286	9.1675450872e+03
3	5771	9.1721736156e+03
3	13536	9.1737841063e+03
3	3231	9.1830376518e+03
1	15654	9.1843393878e+03
0	3314	9.1927358186e+03
2	2556	9.1928791069e+03
2	11505	9.2051402186e+03
1	13810	9.2092912284e+03
0	16971	9.2164774401e+03
3	12781	9.2173154849e+03
2	12953	9.2196086676e+03
3	15676	9.2283856942e+03
0	12365	9.2347110122e+03
2	4354	9.2360438362e+03
3	6337	9.2503475241e+03
1	7720	9.2786282239e+03
3	13379	9.2872016538e+03
2	15529	9.2876224818e+03
3	3234	9.2912067343e+03
0	8449	9.2995390949e+03
1	16285	9.3082077480e+03
1	16268	9.3216879877e+03
3	1961	9.3221116574e+03
0	9183	9.3432065296e+03
1	13263	9.3445929262e+03
0	7838	9.3460722363e+03
2	657	9.3554992862e+03
2	11283	9.3744648220e+03
3	203	9.3762698700e+03
3	2248	9.3803983637e+03
2	1742	9.3900103569e+03
1	4907	9.4077759010e+03
2	12067	9.4214445476e+03
0	14196	9.4339186083e+03
3	8164	9.4345569924e+03
0	12028	9.4485895232e+03
2	10434	9.4587936701e+03
1	13366	9.4591598491e+03
2	1138	9.4681655023e+03
3	12513	9.4913767669e+03
3	9276	9.4925391642e+03
3	8028	9.5085536690e+03
1	8089	9.5170946689e+03
1	4527	9.5372175134e+03
1	5451	9.5444743801e+03
1	15890	9.5557749074e+03
0	6391	9.5683132437e+03
3	13885	9.5777519527e+03
2	11190	9.5779330782e+03
1	7614	9.5991956379e+03
0	3911	9.6296891063e+03
2	4740	9.6322950745e+03
2	2083	9.6381946514e+03
2	5233	9.6431654219e+03
1	8822	9.6456794732e+03
0	7551	9.6465496406e+03
0	1140	9.6472636805e+03
1	331	9.6559255155e+03
2	2	9.6655445608e+03
2	16278	9.6841149775e+03
2	14343	9.6909943363e+03
3	1373	9.6940218353e+03
0	8540	9.7676175821e+03
3	9878	9.7771378612e+03
0	12575	9.7775160637e+03
2	7370	9.7870671984e+03
3	2121	9.7873022199e+03
1	13835	9.7918648235e+03
0	7152	9.7944439406e+03
3	11618	9.8001825711e+03
2	12207	9.8006235782e+03
1	16096	9.8027336000e+03
0	16447	9.8269449760e+03
3	7685	9.8366199465e+03
1	8	9.8511385559e+03
3	5287	9.8516304834e+03
2	12553	9.8636787602e+03
2	17172	9.8824197165e+03
1	9304	9.8869327225e+03
3	14125	9.8930796253e+03
1	4326	9.8941854887e+03
0	13713	9.9064212523e+03
2	11381	9.9135473591e+03
0	10136	9.9141256147e+03
0	12978	9.9280185737e+03
3	9038	9.9291934348e+03
1	3376	9.9292894260e+03
3	15517	9.9321536718e+03
0	509	9.9338225765e+03
1	6876	9.9544915122e+03
1	16748	9.9545427502e+03
3	13059	9.9742053503e+03
1	4930	9.9773170739e+03
2	11310	9.9896122982e+03
0	1722	1.0007446360e+04
0	8869	1.0009862432e+04
0	144	1.0031434786e+04
3	13076	1.0054180345e+04
1	4695	1.0063354168e+04
0	15903	1.0070024814e+04
0	1411	1.0073912422e+04
3	16534	1.0103940250e+04
1	3188	1.0155146211e+04
0	10059	1.0162662077e+04
1	3760	1.0169158124e+04
2	1840	1.0170869864e+04
2	1452	1.0172627829e+04
1	13858	1.0176660093e+04
2	1753	1.0177442050e+04
3	12381	1.0178756638e+04
0	4379	1.0183254709e+04
0	2571	1.0185737943e+04
3	8234	1.0189343027e+04
2	2220	1.0210156523e+04
0	2949	1.0233061922e+04
3	2071	1.0233180720e+04
1	12918	1.0263383971e+04
1	11359	1.0264931437e+04
2	13237	1.0273676856e+04
1	7051	1.0283786758e+04
0	5393	1.0285439292e+04
1	6974	1.0297823720e+04
1	13728	1.0311448128e+04
2	7299	1.0322144617e+04
0	2891	1.0323819365e+04
2	9454	1.0334194879e+04
0	12752	1.0334559019e+04
3	159	1.0352320977e+04
3	412	1.0353013630e+04
2	10714	1.0374250294e+04
0	9771	1.0385385259e+04
2	4081	1.0397204045e+04
2	11114	1.0416963537e+04
2	17123	1.0431557204e+04
0	1805	1.0436484667e+04
1	2139	1.0442307212e+04
0	3926	1.0444106822e+04
1	9424	1.0456655905e+04
1	15858	1.0465016172e+04
1	10253	1.0478038087e+04
0	14910	1.0489730617e+04
3	11491	1.0490421200e+04
2	14746	1.0505864835e+04
3	3094	1.0508376428e+04
2	9030	1.0509343604e+04
0	10	1.0511115234e+04
1	8388	1.0511277747e+04
0	3774	1.0512654575e+04
3	4351	1.0534045780e+04
0	1414	1.0551817035e+04
1	15050	1.0555604837e+04
3	12208	1.0563112142e+04
0	11484	1.0570505333e+04
0	16834	1.0580702240e+04
1	2001	1.0583741195e+04
1	3372	1.0623567240e+04
2	13769	1.0633527330e+04
2	10992	1.0639198361e+04
2	1002	1.0639903882e+04
3	5932	1.0645514658e+04
3	16304	1.0651023147e+04
2	3507	1.0655699017e+04
1	12786	1.0662404596e+04
2	12369	1.0671480995e+04
1	7049	1.0675955417e+04
1	4805	1.0684306589e+04
0	11474	1.0685357840e+04
1	4451	1.0692803435e+04
3	8890	1.0703866003e+04
1	7861	1.0725174663e+04
0	1454	1.0749485363e+04
1	4122	1.0759096651e+04
1	8037	1.0770255066e+04
3	9901	1.0780069414e+04
0	10552	1.0782208202e+04
3	11650	1.0789912170e+04
3	13205	1.0797529357e+04
0	12327	1.0815490044e+04
2	4158	1.0819598367e+04
0	862	1.0826400155e+04
0	11058	1.0840894139e+04
2	14745	1.0842413085e+04
2	9688	1.0843462287e+04
0	1929	1.0845647534e+04
3	10561	1.0853888489e+04
3	1021	1.0877142064e+04
2	16133	1.0878668325e+04
3	7724	1.0879513338e+04
3	5683	1.0890474514e+04
1	12393	1.0893761547e+04
2	4291	1.0905684846e+04
3	9378	1.0935114784e+04
2	12818	1.0950847197e+04
3	6632	1.0987049853e+04
2	5606	1.0999098526e+04
2	2931	1.1008534760e+04
2	4895	1.1013536262e+04
2	9351	1.1018093069e+04
2	16678	1.1020918461e+04
1	2343	1.1039350801e+04
1	15637	1.1046820001e+04
3	6932	1.1059983032e+04
2	16123	1.1096907192e+04
3	1468	1.1110723331e+04
3	9232	1.1127677981e+04
0	9291	1.1135085390e+04
0	3731	1.1142016708e+04
0	10214	1.1154467956e+04
1	11799	1.1165307118e+04
0	2115	1.1210828475e+04
0	16985	1.1218820252e+04
0	16083	1.1219201548e+04
2	15246	1.1272719947e+04
2	434	1.1277762726e+04
2	2542	1.1292592875e+04
3	1696	1.1297566725e+04
0	5531	1.1312970678e+04
3	4998	1.1318764375e+04
0	7831	1.1331961078e+04
0	1772	1.1349298442e+04
1	13100	1.1349313124e+04
0	14111	1.1351004231e+04
1	8146	1.1355342816e+04
1	9297	1.1371070593e+04
3	4270	1.1376917163e+04
2	17098	1.1378791764e+04
0	4112	1.1379874138e+04
0	10819	1.1391267352e+04
0	12335	1.1395787363e+04
1	6157	1.1407730527e+04
0	1368	1.1407747966e+04
3	3347	1.1417135720e+04
0	12940	1.1421994236e+04
2	13991	1.1423418677e+04
0	9230	1.1425061998e+04
3	8187	1.1460256076e+04
2	1812	1.1471521672e+04
3	8175	1.1471669826e+04
2	2617	1.1493641969e+04
2	11242	1.1502014613e+04
2	12555	1.1502049685e+04
3	15961	1.1514099722e+04
1	5295	1.1516662381e+04
1	15782	1.1517981836e+04
1	12438	1.1527411502e+04
1	11216	1.1536512391e+04
2	15915	1.1541160371e+04
3	12739	1.1545978035e+04
2	8832	1.1546104274e+04
1	4824	1.1560124512e+04
3	5769	1.1573306181e+04
1	1352	1.1586423344e+04
2	12271	1.1592333420e+04
2	17180	1.1609398899e+04
2	8269	1.1616251923e+04
1	5625	1.1619023520e+04
3	15193	1.1623051926e+04
0	14020	1.1625829542e+04
3	1611	1.1626698677e+04
0	5615	1.1648149288e+04
0	2109	1.1652654818e+04
1	7465	1.1662616136e+04
3	4133	1.1665599586e+04
1	9033	1.1669002718e+04
3	13321	1.1672283449e+04
0	15417	1.1675255264e+04
0	1976	1.1675927285e+04
0	4792	1.1686060274e+04
2	3627	1.1701547310e+04
1	6841	1.1707747917e+04
2	10184	1.1707898718e+04
1	17111	1.1710322323e+04
3	16117	1.1730154561e+04
0	13937	1.1742357325e+04
3	14886	1.1755918230e+04
1	9828	1.1775900451e+04
1	6184	1.1781962600e+04
2	6033	1.1785964104e+04
3	11697	1.1813860879e+04
3	2823	1.1829619601e+04
0	6221	1.1830336262e+04
1	14604	1.1843368755e+04
2	7569	1.1843887074e+04
3	1966	1.1852726334e+04
3	12463	1.1857512795e+04
0	9020	1.1859254160e+04
2	9655	1.1877066067e+04
3	6368	1.1914252651e+04
3	12816	1.1927990948e+04
0	6853	1.1936496175e+04
0	2771	1.1938193985e+04
0	1850	1.1939550935e+04
3	2616	1.1943104583e+04
2	6495	1.1953975161e+04
1	11759	1.1972139423e+04
1	14872	1.1978608139e+04
1	1033	1.1984619815e+04
3	407	1.1991538478e+04
0	14096	1.2000940206e+04
3	785	1.2006962620e+04
0	8896	1.2024919304e+04
1	11954	1.2027581171e+04
2	7626	1.2040305282e+04
1	8510	1.2081360917e+04
1	288	1.2103966512e+04
2	5203	1.2105996090e+04
1	2795	1.2117960192e+04
2	12466	1.2117968669e+04
0	12706	1.2138370104e+04
1	11186	1.2138745623e+04
1	6709	1.2147574646e+04
0	12818	1.2194054830e+04
2	62	1.2196741214e+04
3	6393	1.2222948684e+04
2	16057	1.2235871020e+04
2	5477	1.2271028542e+04
0	8032	1.2280876056e+04
2	14106	1.2282554112e+04
0	10706	1.2285513269e+04
1	16914	1.2293445653e+04
1	6138	1.2307614567e+04
2	2320	1.2314012416e+04
3	3268	1.2323500666e+04
1	16811	1.2336763947e+04
3	10391	1.2356455078e+04
3	8430	1.2361142035e+04
2	7407	1.2384613516e+04
1	13953	1.2416734388e+04
2	4161	1.2419433576e+04
1	14543	1.2433219280e+04
0	14481	1.2453833306e+04
0	15592	1.2465557617e+04
0	6607	1.2465573256e+04
3	5845	1.2470337961e+04
3	4497	1.2478461553e+04
0	15029	1.2479263730e+04
0	5473	1.2481097623e+04
0	14405	1.2484951959e+04
0	14730	1.2496012163e+04
3	15214	1.2512305427e+04
1	327	1.2527910685e+04
0	11765	1.2533396713e+04
3	12091	1.2540583645e+04
0	7527	1.2558201115e+04
1	37	1.2563354535e+04
3	5481	1.2575671304e+04
2	13692	1.2586368248e+04
0	4433	1.2596043292e+04
0	8560	1.2596955030e+04
0	6951	1.2608030033e+04
1	15106	1.2610519369e+04
1	1438	1.2615290344e+04
1	8434	1.2619424725e+04
2	12910	1.2704536065e+04
3	8899	1.2712717570e+04
1	7651	1.2725223407e+04
0	12111	1.2748128711e+04
2	4702	1.2750008747e+04
2	14804	1.2757389813e+04
2	16070	1.2759398673e+04
1	6075	1.2775016651e+04
1	14799	1.2817595840e+04
1	1141	1.2821169121e+04
1	5688	1.2827225813e+04
1	15488	1.2833030850e+04
3	1028	1.2837259633e+04
2	9137	1.2839103573e+04
1	13177	1.2859036205e+04
0	8490	1.2870662916e+04
2	4609	1.2871074728e+04
1	16431	1.2872518544e+04
2	10561	1.2888366165e+04
1	10293	1.2901253985e+04
1	5870	1.2901720622e+04
1	8066	1.2925197363e+04
1	16267	1.2933231997e+04
1	3398	1.2939351552e+04
1	10972	1.2953987429e+04
0	1973	1.2958320927e+04
2	15697	1.2985539994e+04
2	13540	1.2988827312e+04
3	987	1.2997761829e+04
0	2499	1.3009740763e+04
3	12648	1.3011272598e+04
0	1272	1.3038935129e+04
1	15126	1.3044763116e+04
2	15416	1.3046224411e+04
0	9633	1.3046465050e+04
3	15716	1.3046796157e+04
1	4581	1.3055189497e+04
0	3548	1.3087564570e+04
1	4745	1.3095350413e+04
3	6024	1.3101116833e+04
1	5989	1.3110589340e+04
1	14460	1.3116722360e+04
3	2250	1.3124654380e+04
2	1979	1.3172958001e+04
0	11820	1.3177076062e+04
2	7385	1.3182203427e+04
3	3085	1.3186720443e+04
0	9174	1.3188328211e+04
2	8256	1.3209090911e+04
0	3503	1.3219736606e+04
0	14418	1.3239156547e+04
3	2042	1.3255528724e+04
1	617	1.3259703147e+04
2	11412	1.3261039036e+04
0	15522	1.3277869051e+04
2	1371	1.3280680951e+04
0	15358	1.3299711934e+04
0	2091	1.3319427196e+04
0	4863	1.3328166279e+04
1	4074	1.3407539816e+04
3	7318	1.3432169928e+04
2	1907	1.3463895376e+04
2	493	1.3464760397e+04
2	13346	1.3465009502e+04
3	7082	1.3468516142e+04
2	8620	1.3470767418e+04
0	4178	1.3487830532e+04
0	5546	1.3513293346e+04
0	13390	1.3515578667e+04
1	15956	1.3542791601e+04
0	12725	1.3554643682e+04
3	3690	1.3557156268e+04
1	4253	1.3566573775e+04
3	990	1.3570280785e+04
3	16453	1.3602977117e+04
3	4815	1.3619692594e+04
2	9884	1.3626818089e+04
2	7687	1.3655878118e+04
3	10218	1.3658182443e+04
3	5213	1.3682142577e+04
3	15932	1.3692566591e+04
0	4835	1.3703949757e+04
1	10199	1.3722788120e+04
0	16914	1.3725662289e+04
0	13669	1.3731999247e+04
2	259	1.3746204600e+04
2	16024	1.3752584236e+04
2	14549	1.3754101870e+04
1	6520	1.3761257543e+04
0	15392	1.3774350082e+04
2	545	1.3785807713e+04
0	9460	1.3827576348e+04
3	9688	1.3830223659e+04
0	1182	1.3875800396e+04
3	7778	1.3884637632e+04
0	58	1.3917162639e+04
1	8283	1.3923211909e+04
0	12510	1.3942309147e+04
1	10437	1.3946657115e+04
2	16706	1.3968641118e+04
2	5735	1.3970566146e+04
3	13310	1.3971225403e+04
1	15969	1.3998160044e+04
3	13162	1.4021065850e+04
1	4051	1.4024521643e+04
0	7599	1.4028081142e+04
2	16152	1.4030367632e+04
2	2766	1.4042504461e+04
1	11037	1.4048001266e+04
0	5657	1.4058862715e+04
1	8294	1.4066873696e+04
1	8075	1.4096092627e+04
0	15172	1.4116332996e+04
0	17435	1.4117072883e+04
1	2904	1.4141865069e+04
1	2923	1.4142502010e+04
0	10558	1.4194889271e+04
0	8211	1.4228683802e+04
2	4378	1.4234470749e+04
2	12650	1.4264096648e+04
1	4578	1.4274834987e+04
2	11333	1.4291394708e+04
0	7373	1.4304240281e+04
2	15288	1.4322417320e+04
1	5113	1.4330856559e+04
0	13783	1.4343036122e+04
1	16335	1.4350011443e+04
1	1169	1.4356228491e+04
3	139	1.4359382327e+04
1	8527	1.4370665440e+04
3	13972	1.4373568902e+04
0	12005	1.4385889759e+04
1	2769	1.4409240224e+04
3	2819	1.4420014007e+04
1	9971	1.4420722657e+04
3	16556	1.4444678524e+04
3	332	1.4452708270e+04
0	14287	1.4493564245e+04
3	3796	1.4509977698e+04
2	1008	1.4525506395e+04
1	4573	1.4526755181e+04
3	1394	1.4545938669e+04
3	416	1.4546164533e+04
0	12267	1.4551206426e+04
1	16892	1.4560982453e+04
3	8672	1.4572495367e+04
2	16757	1.4591735256e+04
0	8950	1.4598212991e+04
0	14167	1.4603814100e+04
2	9942	1.4618766566e+04
2	7665	1.4621278213e+04
2	1433	1.4622109972e+04
3	5285	1.4636452986e+04
2	3168	1.4666221667e+04
1	13353	1.4741370896e+04
1	11191	1.4755310919e+04
0	11268	1.4755875458e+04
3	17063	1.4764784984e+04
2	1872	1.4786309752e+04
2	7822	1.4795050454e+04
2	5421	1.4807342274e+04
2	16833	1.4823294902e+04
0	15226	1.4831230770e+04
0	9711	1.4846955008e+04
2	12285	1.4871114087e+04
3	15799	1.4902439900e+04
2	14319	1.4909244500e+04
3	7453	1.4915191318e+04
3	723	1.4919271795e+04
1	3050	1.4957224903e+04
3	8451	1.4991569829e+04
1	8413	1.4994415066e+04
2	5524	1.5011398880e+04
3	14193	1.5052339040e+04
3	14479	1.5075413653e+04
0	3433	1.5078249928e+04
2	4104	1.5080526152e+04
0	12444	1.5095093798e+04
2	14868	1.5108775763e+04
1	14839	1.5110748884e+04
2	17102	1.5135335467e+04
2	12381	1.5135837296e+04
2	16506	1.5155734057e+04
0	10550	1.5164775344e+04
3	1688	1.5164987834e+04
1	12161	1.5171889335e+04
0	10352	1.5173135626e+04
2	16734	1.5181189671e+04
1	16862	1.5184239876e+04
1	10985	1.5192447594e+04
0	5014	1.5203887839e+04
3	900	1.5213634441e+04
2	16821	1.5238765404e+04
2	10941	1.5249483774e+04
1	15456	1.5263370476e+04
1	8605	1.5344143741e+04
1	15602	1.5352063069e+04
3	8434	1.5355667562e+04
2	17208	1.5356965531e+04
0	831	1.5360584442e+04
0	6420	1.5363206609e+04
2	7838	1.5387093807e+04
1	7027	1.5402088817e+04
2	12498	1.5445419223e+04
0	15170	1.5455264283e+04
0	3829	1.5464899802e+04
2	9838	1.5467026465e+04
1	2070	1.5484224939e+04
3	3069	1.5526871242e+04
1	9467	1.5527314104e+04
0	7292	1.5539401743e+04
3	7525	1.5602574094e+04
3	2827	1.5611129307e+04
0	205	1.5614372463e+04
1	16610	1.5625509166e+04
0	11140	1.5630215276e+04
3	11288	1.5647115822e+04
0	15521	1.5668175578e+04
1	8746	1.5669382932e+04
1	7190	1.5687792989e+04
0	17527	1.5697371850e+04
2	936	1.5712355397e+04
2	7738	1.5715832408e+04
3	3956	1.5717545520e+04
0	3128	1.5725512723e+04
3	15965	1.5749393903e+04
3	15759	1.5758080734e+04
3	13407	1.5773652839e+04
0	4549	1.5791188600e+04
3	782	1.5804694805e+04
1	6923	1.5845965887e+04
2	10797	1.5848537458e+04
3	14575	1.5892324945e+04
1	5431	1.5914175630e+04
1	14443	1.5926813592e+04
2	13138	1.5969195257e+04
3	7537	1.5982399050e+04
0	8701	1.6005345899e+04
3	8807	1.6020473555e+04
2	16961	1.6025291342e+04
3	13244	1.6036342205e+04
0	5010	1.6067740253e+04
0	306	1.6075568034e+04
0	10921	1.6107788176e+04
3	265	1.6114286418e+04
0	14740	1.6114523204e+04
3	2170	1.6136964929e+04
0	2457	1.6168854471e+04
0	11539	1.6172771923e+04
1	6344	1.6176025321e+04
2	3544	1.6178723056e+04
2	8964	1.6179460556e+04
2	10499	1.6224281770e+04
1	10269	1.6242590048e+04
0	3479	1.6252953647e+04
2	9696	1.6274608471e+04
2	16688	1.6278584246e+04
2	6787	1.6303753972e+04
0	8749	1.6320205724e+04
2	12945	1.6331208897e+04
3	16922	1.6336934383e+04
0	746	1.6385540006e+04
2	9148	1.6392962331e+04
0	16386	1.6403699410e+04
2	13611	1.6404806059e+04
2	5318	1.6422543516e+04
0	4096	1.6429931458e+04
2	2632	1.6445987608e+04
1	13443	1.6448386129e+04
2	15668	1.6463791383e+04
1	14092	1.6476289893e+04
0	9867	1.6476637150e+04
2	8271	1.6491336280e+04
3	3693	1.6500143834e+04
0	7607	1.6502840763e+04
3	7169	1.6505921731e+04
0	11458	1.6509981707e+04
3	15661	1.6510958408e+04
2	534	1.6514605246e+04
1	10946	1.6516478424e+04
3	4439	1.6523031144e+04
1	2490	1.6529343261e+04
3	14851	1.6530088544e+04
2	1154	1.6543401572e+04
2	10749	1.6543763864e+04
3	8958	1.6544326289e+04
3	11989	1.6590538470e+04
3	16811	1.6611426852e+04
2	15705	1.6619255484e+04
3	6230	1.6620053877e+04
1	3868	1.6648333125e+04
3	6286	1.6669277476e+04
0	13263	1.6690820421e+04
0	4038	1.6700929367e+04
3	5216	1.6701943342e+04
3	5597	1.6712940189e+04
1	13171	1.6716043822e+04
0	5471	1.6739516891e+04
1	17182	1.6750159793e+04
0	12835	1.6751960728e+04
3	16343	1.6752996961e+04
3	17173	1.6776935654e+04
2	6630	1.6838069883e+04
1	14027	1.6842846159e+04
1	12593	1.6877543074e+04
1	5670	1.6911960766e+04
2	14576	1.6922142552e+04
0	10582	1.6946799662e+04
3	14793	1.6947538904e+04
2	12994	1.6975227067e+04
0	14742	1.6982810473e+04
0	8275	1.6991557797e+04
2	3598	1.6996282247e+04
3	10298	1.7006424915e+04
2	6516	1.7041566536e+04
3	6056	1.7056766953e+04
2	6163	1.7101637528e+04
0	8424	1.7117268259e+04
3	7454	1.7151617145e+04
2	2832	1.7165316473e+04
3	15738	1.7179356946e+04
2	9758	1.7213464885e+04
0	240	1.7216174428e+04
2	4754	1.7224465831e+04
1	15358	1.7226606736e+04
3	8006	1.7258756201e+04
1	9950	1.7260097383e+04
3	1522	1.7298248112e+04
1	14468	1.7306461389e+04
0	14417	1.7308155686e+04
3	961	1.7353081991e+04
3	9528	1.7437274649e+04
3	3233	1.7440980419e+04
3	10642	1.7479916721e+04
1	10706	1.7499774393e+04
0	10522	1.7500621784e+04
0	12820	1.7521576891e+04
1	5685	1.7546712788e+04
3	2664	1.7549720341e+04
3	2507	1.7552349840e+04
2	13292	1.7552772373e+04
2	17046	1.7557770335e+04
3	14921	1.7564976176e+04
1	7261	1.7569836306e+04
3	3178	1.7603604663e+04
3	14045	1.7610033341e+04
0	14486	1.7629172927e+04
3	709	1.7638293017e+04
1	4430	1.7663436020e+04
0	11891	1.7686089747e+04
3	6105	1.7714071534e+04
2	2792	1.7726867169e+04
1	8599	1.7732005988e+04
1	3914	1.7734364428e+04
1	15843	1.7746885700e+04
3	5513	1.7764664391e+04
3	12931	1.7782979679e+04
0	15259	1.7828420925e+04
3	13914	1.7829224917e+04
0	10308	1.7861307207e+04
1	1478	1.7875674398e+04
2	4577	1.7890358557e+04
3	15337	1.7894375155e+04
1	13882	1.7911460764e+04
0	410	1.7986531152e+04
2	225	1.8009825021e+04
0	15339	1.8051139195e+04
3	16628	1.8060569992e+04
1	16411	1.8089364308e+04
2	16578	1.8099192091e+04
2	348	1.8104331573e+04
3	13267	1.8110463251e+04
2	5952	1.8111392939e+04
2	8794	1.8116316553e+04
2	4002	1.8129914051e+04
2	14085	1.8132771279e+04
2	8270	1.8144751019e+04
3	9657	1.8145751707e+04
0	10205	1.8153004395e+04
3	11449	1.8186922171e+04
3	10119	1.8187234133e+04
1	16486	1.8189078832e+04
3	7669	1.8219952896e+04
1	3208	1.8251835441e+04
1	15025	1.8260106522e+04
3	8450	1.8298506503e+04
0	17381	1.8309707981e+04
0	10698	1.8310645565e+04
0	10409	1.8313481289e+04
0	9184	1.8313646070e+04
1	9527	1.8346332026e+04
3	528	1.8363544738e+04
3	13194	1.8392711200e+04
1	7447	1.8403365025e+04
3	1652	1.8428677723e+04
2	16065	1.8464514535e+04
2	10305	1.8481395945e+04
3	16984	1.8489999242e+04
0	9998	1.8530289112e+04
3	11577	1.8533452845e+04
2	9674	1.8546808861e+04
3	8373	1.8577228063e+04
2	13356	1.8592386808e+04
0	7940	1.8597913200e+04
3	11711	1.8600652607e+04
3	7493	1.8608475379e+04
3	6692	1.8629000014e+04
2	12047	1.8633016355e+04
2	599	1.8637762749e+04
2	16741	1.8642253189e+04
2	6767	1.8658170292e+04
0	3388	1.8660425688e+04
3	8927	1.8713726703e+04
2	9046	1.8718953486e+04
0	11352	1.8759862541e+04
2	15608	1.8776156593e+04
1	15428	1.8787607156e+04
3	14478	1.8813929492e+04
3	14488	1.8814496869e+04
1	6147	1.8819432649e+04
0	14291	1.8886473373e+04
0	4828	1.8887239668e+04
0	15042	1.8906012705e+04
1	4999	1.8919913307e+04
2	764	1.8920291720e+04
2	4602	1.8955635605e+04
3	15656	1.8959167310e+04
1	6051	1.8989368301e+04
1	294	1.9049655527e+04
3	11345	1.9095638529e+04
1	7928	1.9168383612e+04
0	8406	1.9212313006e+04
2	2284	1.9214772490e+04
3	7623	1.9220375284e+04
2	13687	1.9227771562e+04
3	14604	1.9243316856e+04
3	14352	1.9265758484e+04
2	1548	1.9271007376e+04
1	249	1.9284730013e+04
0	10394	1.9289346018e+04
1	14980	1.9310534162e+04
3	956	1.9325174329e+04
2	3187	1.9326379538e+04
0	10920	1.9343370852e+04
2	7415	1.9344265687e+04
2	14543	1.9346998855e+04
0	6686	1.9362586900e+04
3	1785	1.9377851273e+04
1	447	1.9386672118e+04
3	15141	1.9393128090e+04
2	16580	1.9408852434e+04
3	9455	1.9416201806e+04
2	4749	1.9425279408e+04
2	9879	1.9429283696e+04
1	5973	1.9441796900e+04
1	806	1.9499953440e+04
0	14102	1.9501748482e+04
3	6331	1.9506855696e+04
2	787	1.9506973957e+04
0	8468	1.9532929257e+04
2	11811	1.9545694840e+04
3	15371	1.9571307611e+04
1	13759	1.9588291566e+04
2	2261	1.9680201184e+04
3	1930	1.9689128883e+04
2	15330	1.9721897044e+04
2	15825	1.9731714510e+04
3	13830	1.9798013750e+04
0	3972	1.9846580586e+04
3	7326	1.9870578938e+04
3	16208	1.9878314450e+04
1	12004	1.9885541611e+04
3	4135	1.9895776476e+04
3	10588	1.9903165069e+04
2	2399	1.9934772750e+04
1	12578	1.9971908700e+04
3	1803	1.9989438205e+04
3	1944	1.9993037712e+04
3	99	2.0016640336e+04
0	2802	2.0020191483e+04
2	11620	2.0040126867e+04
2	8848	2.0042187718e+04
1	4526	2.0078173687e+04
0	12499	2.0079630208e+04
0	9640	2.0093358656e+04
1	7004	2.0101276150e+04
3	9524	2.0106052385e+04
1	3206	2.0112907779e+04
0	11114	2.0119845140e+04
2	13208	2.0154589107e+04
1	15596	2.0183536128e+04
1	14056	2.0213159852e+04
3	10293	2.0231186959e+04
1	3790	2.0237583326e+04
3	6193	2.0240389085e+04
0	7717	2.0267972326e+04
3	13970	2.0276603751e+04
1	8190	2.0295714997e+04
1	6597	2.0315860601e+04
3	11443	2.0352033038e+04
3	3515	2.0355653447e+04
3	1020	2.0360285663e+04
3	7206	2.0362705360e+04
2	5935	2.0364427097e+04
1	15850	2.0378339646e+04
2	7290	2.0378804370e+04
1	8271	2.0387065573e+04
2	16035	2.0450154323e+04
0	15972	2.0470955199e+04
1	9493	2.0475498324e+04
1	15334	2.0542875947e+04
1	609	2.0579323701e+04
2	13905	2.0604871358e+04
3	3653	2.0625560462e+04
0	14037	2.0626312193e+04
0	16225	2.0630813180e+04
1	6076	2.0666073336e+04
1	3697	2.0681812761e+04
0	8667	2.0686970869e+04
0	10372	2.0704899891e+04
1	6832	2.0713076437e+04
0	12021	2.0777228928e+04
1	720	2.0788435016e+04
3	6004	2.0799014063e+04
2	17032	2.0801745785e+04
2	3458	2.0826607964e+04
0	11095	2.0842095236e+04
3	8999	2.0876697624e+04
3	14356	2.0893535646e+04
1	14931	2.0941379451e+04
3	11727	2.0944571915e+04
0	104	2.0946508121e+04
1	11250	2.0954727717e+04
3	1381	2.0987893320e+04
1	234	2.1006147695e+04
3	16118	2.1010833098e+04
3	4313	2.1018655817e+04
3	295	2.1035622433e+04
0	15262	2.1049604133e+04
3	15234	2.1057229128e+04
0	11451	2.1062052145e+04
0	14054	2.1130022258e+04
0	9558	2.1132016206e+04
2	12435	2.1137911703e+04
0	3483	2.1162872138e+04
3	1056	2.1182119733e+04
1	4057	2.1188097082e+04
2	4332	2.1215529159e+04
2	1480	2.1223176730e+04
2	4659	2.1271364312e+04
1	6485	2.1326788735e+04
0	16816	2.1347159587e+04
0	4200	2.1349970631e+04
0	6735	2.1373055890e+04
2	16034	2.1415377333e+04
0	5254	2.1427152483e+04
2	4152	2.1538218678e+04
0	8531	2.1550657924e+04
1	1407	2.1580501658e+04
1	12100	2.1607390741e+04
1	16999	2.1622070394e+04
3	4049	2.1637274318e+04
1	7682	2.1650558684e+04
3	7086	2.1654153354e+04
3	6575	2.1691728474e+04
3	4835	2.1696585439e+04
1	2563	2.1719805363e+04
2	15752	2.1726244051e+04
2	1724	2.1741353797e+04
2	10069	2.1804493328e+04
2	6090	2.1812011771e+04
3	17085	2.1820118406e+04
0	14242	2.1865393812e+04
1	3335	2.1865736421e+04
1	9378	2.1892403814e+04
0	9730	2.1944376425e+04
2	14045	2.1952124995e+04
2	16521	2.2011037617e+04
0	7937	2.2012138905e+04
0	15820	2.2051152244e+04
1	15487	2.2078103954e+04
0	11600	2.2110647104e+04
2	11865	2.2123167562e+04
0	13857	2.2149021399e+04
2	10834	2.2154224230e+04
3	14511	2.2154468317e+04
0	9005	2.2155169748e+04
0	3506	2.2155415946e+04
0	17466	2.2197977095e+04
3	15788	2.2219079454e+04
2	1210	2.2229512078e+04
0	5406	2.2324696286e+04
2	1909	2.2326660927e+04
3	4883	2.2331804468e+04
0	10660	2.2354442832e+04
0	10635	2.2374249002e+04
2	1475	2.2388490435e+04
3	907	2.2391300673e+04
2	2480	2.2403817772e+04
3	8742	2.2445319265e+04
1	3990	2.2460789899e+04
0	6708	2.2480250294e+04
0	4892	2.2493509612e+04
3	6189	2.2553534498e+04
2	11749	2.2557463070e+04
2	12042	2.2571259119e+04
1	3614	2.2573098153e+04
3	9298	2.2648008718e+04
3	2058	2.2651609307e+04
1	6540	2.2673631648e+04
1	2259	2.2700366461e+04
1	13616	2.2705951453e+04
3	481	2.2717144503e+04
2	12297	2.2762249354e+04
0	5966	2.2878030579e+04
0	10817	2.2943583428e+04
2	3478	2.3021756445e+04
3	12039	2.3041018647e+04
0	15398	2.3121935569e+04
1	10237	2.3171979302e+04
0	440	2.3231306897e+04
1	16385	2.3263893665e+04
2	3414	2.3268805330e+04
0	15572	2.3276388247e+04
3	2491	2.3281213352e+04
2	3226	2.3283368172e+04
0	17146	2.3302899914e+04
3	16930	2.3306533759e+04
3	9088	2.3327499240e+04
3	6929	2.3357987784e+04
1	1708	2.3383574992e+04
3	13944	2.3398557928e+04
2	2594	2.3405600043e+04
3	6910	2.3409784776e+04
0	417	2.3430318985e+04
1	13457	2.3446667647e+04
2	16930	2.3466284534e+04
0	14124	2.3491095315e+04
1	7988	2.3510498880e+04
3	7761	2.3542237662e+04
1	1067	2.3562209944e+04
0	1948	2.3568546590e+04
1	8496	2.3631533052e+04
3	4828	2.3658186158e+04
0	9234	2.3679520773e+04
0	15502	2.3704671440e+04
2	10206	2.3707618101e+04
3	9241	2.3716814590e+04
0	5732	2.3720251060e+04
0	12847	2.3753311824e+04
1	7309	2.3794574752e+04
2	15242	2.3799605269e+04
3	10448	2.3819209922e+04
0	14435	2.3819570396e+04
0	16432	2.3846135384e+04
2	11313	2.3958057435e+04
1	14132	2.3961114738e+04
2	5876	2.3995390821e+04
3	16992	2.4005003016e+04
0	6998	2.4005747642e+04
3	6412	2.4019768058e+04
2	3657	2.4139326046e+04
3	2962	2.4190149257e+04
0	8510	2.4225148102e+04
1	6677	2.4232829392e+04
2	8310	2.4236646540e+04
3	12222	2.4277844375e+04
3	10692	2.4298031118e+04
0	2714	2.4304093831e+04
2	4084	2.4319678836e+04
2	15784	2.4363514357e+04
1	10173	2.4369308997e+04
2	7239	2.4414088775e+04
0	8162	2.4425205743e+04
2	14870	2.4435258167e+04
0	15317	2.4454977820e+04
1	940	2.4470037044e+04
0	17010	2.4478790621e+04
2	4765	2.4547369088e+04
1	12261	2.4561187865e+04
3	2415	2.4566470845e+04
0	13382	2.4567242857e+04
0	16049	2.4587938491e+04
0	1986	2.4628811984e+04
1	13806	2.4670542053e+04
0	6380	2.4682826768e+04
3	5664	2.4739943479e+04
1	16489	2.4740760931e+04
0	14240	2.4743930037e+04
3	5543	2.4744969134e+04
2	6692	2.4755738416e+04
2	16322	2.4760463948e+04
3	9267	2.4761473159e+04
2	6029	2.4763380803e+04
2	2133	2.4858524741e+04
2	2577	2.4888632136e+04
2	12450	2.4916784990e+04
1	1692	2.4923547420e+04
1	11232	2.4933719848e+04
2	14430	2.4969329760e+04
1	14320	2.4998404622e+04
0	4848	2.5004756338e+04
1	1797	2.5010825219e+04
3	2041	2.5047926859e+04
1	16653	2.5050058338e+04
2	13548	2.5056440351e+04
0	7443	2.5069263424e+04
1	15427	2.5071586504e+04
0	5493	2.5072785979e+04
1	1431	2.5080739137e+04
1	6154	2.5085854107e+04
1	15893	2.5139202007e+04
2	6580	2.5221274163e+04
2	2877	2.5226963346e+04
1	12965	2.5237474643e+04
0	7751	2.5247654677e+04
1	6304	2.5267246716e+04
3	8421	2.5292001800e+04
0	12185	2.5319226710e+04
1	15695	2.5410038207e+04
0	2196	2.5416580030e+04
1	14951	2.5424529011e+04
1	3322	2.5434123096e+04
3	911	2.5512244807e+04
0	11301	2.5518603593e+04
3	6217	2.5562480804e+04
1	15201	2.5586393725e+04
0	9442	2.5586734209e+04
0	2513	2.5612489429e+04
0	17341	2.5638694869e+04
1	13637	2.5641076245e+04
3	11702	2.5677970333e+04
3	10710	2.5681583099e+04
1	11515	2.5685059420e+04
0	9470	2.5766058093e+04
2	12805	2.5772859050e+04
0	15133	2.5786886525e+04
0	11280	2.5841994138e+04
0	14119	2.5865794491e+04
1	1018	2.5875217784e+04
2	9198	2.5938980061e+04
0	10590	2.6063628322e+04
3	13849	2.6088610877e+04
2	10777	2.6098047144e+04
0	9496	2.6100572705e+04
1	6563	2.6107286907e+04
0	15878	2.6129488234e+04
3	3018	2.6134030094e+04
2	3703	2.6141005156e+04
0	1233	2.6153598756e+04
2	17148	2.6181329953e+04
0	3346	2.6228976868e+04
2	7752	2.6245439409e+04
1	4397	2.6314930625e+04
3	1388	2.6325020424e+04
0	4911	2.6421133505e+04
2	15154	2.6503273866e+04
2	1001	2.6507492679e+04
0	12857	2.6550114520e+04
2	14235	2.6643019892e+04
3	1180	2.6748393183e+04
2	4003	2.6832542734e+04
0	2997	2.6855236034e+04
2	6314	2.6906825860e+04
2	1630	2.6984455223e+04
2	16831	2.7042392141e+04
2	8502	2.7099802272e+04
3	5113	2.7111793860e+04
3	16526	2.7123662804e+04
2	14475	2.7125321108e+04
2	12024	2.7126364707e+04
3	4851	2.7140376434e+04
1	131	2.7223821723e+04
3	85	2.7329398403e+04
1	4355	2.7331544917e+04
3	2492	2.7347032996e+04
3	15764	2.7350102835e+04
1	1504	2.7355249850e+04
1	17110	2.7376417086e+04
2	7390	2.7426698808e+04
2	16306	2.7441975029e+04
1	6796	2.7459070631e+04
2	9907	2.7463091215e+04
1	5407	2.7498699607e+04
1	5052	2.7499530409e+04
0	8527	2.7525456454e+04
3	6834	2.7528256276e+04
1	11874	2.7573917713e+04
1	17007	2.7624067788e+04
0	3251	2.7624465878e+04
3	14978	2.7691778752e+04
3	8104	2.7699642399e+04
1	523	2.7787166284e+04
3	3364	2.7795087635e+04
2	10428	2.7800103092e+04
3	2702	2.7811892459e+04
3	9755	2.7829797695e+04
1	3979	2.7879012733e+04
3	1723	2.7973778984e+04
0	3698	2.7983846735e+04
0	7036	2.8111325309e+04
1	10931	2.8160275732e+04
2	3510	2.8161872279e+04
0	5897	2.8168025906e+04
0	14357	2.8230717418e+04
3	869	2.8254212188e+04
3	1220	2.8310614869e+04
1	5641	2.8312891214e+04
3	3823	2.8357089496e+04
2	7067	2.8388343011e+04
2	12662	2.8388853396e+04
0	17539	2.8393303991e+04
0	15298	2.8395718620e+04
3	11025	2.8426697546e+04
3	7503	2.8431661496e+04
2	464	2.8453437000e+04
0	16854	2.8489630851e+04
0	11795	2.8540390544e+04
0	625	2.8555050329e+04
2	9701	2.8578567592e+04
2	14135	2.8595038651e+04
0	692	2.8614840087e+04
0	12748	2.8625540366e+04
1	10124	2.8667669984e+04
2	12706	2.8709013689e+04
0	9067	2.8723396519e+04
2	7879	2.8747198312e+04
1	3950	2.8774595256e+04
3	7495	2.8776636205e+04
2	5555	2.8806324139e+04
0	1956	2.8830278624e+04
3	15400	2.8858347447e+04
0	4993	2.8865737617e+04
1	15515	2.8888931950e+04
2	5886	2.8889024808e+04
2	9839	2.8932575335e+04
2	15141	2.8971243717e+04
1	3400	2.8979336611e+04
2	5003	2.9007075665e+04
0	3618	2.9022810030e+04
0	9250	2.9069756103e+04
0	4929	2.9073180087e+04
1	13166	2.9164165388e+04
0	3828	2.9201561204e+04
2	11222	2.9251487639e+04
0	13845	2.9276709812e+04
3	209	2.9321155790e+04
0	6979	2.9329355805e+04
3	3525	2.9392898791e+04
2	16420	2.9444541658e+04
3	10330	2.9458900660e+04
3	16690	2.9483955991e+04
1	1788	2.9522711724e+04
0	7320	2.9534727287e+04
0	5630	2.9545881165e+04
1	15632	2.9562990075e+04
3	13435	2.9616577867e+04
1	16591	2.9768511633e+04
2	16330	2.9778761390e+04
1	2631	2.9782764103e+04
2	533	2.9804055908e+04
3	14850	2.9840009627e+04
0	12655	2.9864898311e+04
1	3395	2.9903244571e+04
2	11152	2.9977110920e+04
3	8153	2.9982661096e+04
2	10013	3.0058879171e+04
1	1542	3.0142649440e+04
1	2159	3.0145547008e+04
0	8007	3.0205171382e+04
0	8687	3.0277735298e+04
3	9903	3.0305243737e+04
2	5447	3.0330658011e+04
3	7278	3.0367364632e+04
1	2851	3.0429120820e+04
2	2675	3.0461816941e+04
0	13035	3.0476217492e+04
0	30	3.0533016077e+04
2	10367	3.0543054144e+04
3	598	3.0554360293e+04
2	5568	3.0633755983e+04
0	8083	3.0654554151e+04
3	2330	3.0658331863e+04
2	10772	3.0662420811e+04
2	2591	3.0726732189e+04
1	2038	3.0763280118e+04
0	6623	3.0812175467e+04
2	4550	3.0825165877e+04
0	12161	3.0885907142e+04
2	235	3.0941102375e+04
1	4194	3.1003840237e+04
1	14960	3.1009756908e+04
1	1814	3.1022628593e+04
1	7731	3.1150531048e+04
0	8164	3.1170904030e+04
3	4032	3.1234731750e+04
1	14088	3.1241006444e+04
1	11412	3.1255002884e+04
1	10042	3.1312032139e+04
1	15387	3.1351309017e+04
1	1935	3.1374620435e+04
2	9786	3.1378950082e+04
3	5278	3.1447615314e+04
1	7793	3.1481291273e+04
3	17105	3.1547066793e+04
2	10354	3.1592473291e+04
2	8188	3.1645018097e+04
0	13892	3.1660093068e+04
0	15265	3.1671463279e+04
0	6966	3.1782801721e+04
3	7189	3.1856054547e+04
3	7039	3.1861860840e+04
1	12002	3.1892612761e+04
2	14067	3.1911825845e+04
0	4806	3.2003528541e+04
0	6892	3.2018108613e+04
1	14863	3.2039189769e+04
2	934	3.2062667272e+04
3	14005	3.2078683770e+04
2	851	3.2083306676e+04
1	9242	3.2111238857e+04
3	11412	3.2149265657e+04
2	5219	3.2227230298e+04
0	1037	3.2235001402e+04
1	953	3.2251627023e+04
1	12186	3.2332372198e+04
2	10977	3.2340310389e+04
0	13194	3.2390348456e+04
2	2835	3.2409015824e+04
1	11513	3.2490974069e+04
2	9103	3.2555664744e+04
3	11297	3.2564210358e+04
3	10739	3.2586078537e+04
0	16492	3.2586495816e+04
3	15146	3.2628305545e+04
3	11788	3.2721554050e+04
3	16880	3.2762745849e+04
3	3288	3.2815115491e+04
2	11948	3.2849878480e+04
1	2260	3.2914394209e+04
3	15137	3.2940531932e+04
2	3929	3.2940568042e+04
1	59	3.2988603738e+04
0	15775	3.3143475218e+04
3	2182	3.3147770678e+04
2	2466	3.3343528022e+04
3	16907	3.3381280399e+04
0	6794	3.3438662390e+04
2	3091	3.3462126309e+04
3	16035	3.3467048978e+04
3	9982	3.3617874797e+04
0	2933	3.3627635430e+04
2	11936	3.3638433018e+04
3	7237	3.3639805445e+04
3	1616	3.3683894440e+04
0	5085	3.3704544772e+04
0	7773	3.3714300050e+04
1	12103	3.3720188688e+04
1	15158	3.3751096539e+04
3	240	3.3814534563e+04
1	7909	3.3853454992e+04
0	6146	3.3858057785e+04
2	15112	3.3914993441e+04
2	13091	3.3920969918e+04
2	10917	3.3961303648e+04
0	7924	3.4064306785e+04
1	8813	3.4140110813e+04
3	13057	3.4156771219e+04
2	5323	3.4245186140e+04
1	5982	3.4273098988e+04
1	2982	3.4288484472e+04
2	409	3.4359755760e+04
2	6587	3.4413359757e+04
2	5295	3.4441715445e+04
3	14408	3.4452130157e+04
3	10532	3.4474677688e+04
1	13250	3.4527638719e+04
3	506	3.4536931339e+04
1	12907	3.4601330187e+04
0	5153	3.4627814183e+04
2	15574	3.4649839003e+04
3	13438	3.4657026378e+04
2	2633	3.4677255273e+04
3	6196	3.4737486605e+04
2	13680	3.4753241670e+04
2	868	3.4793007750e+04
1	13846	3.4845337193e+04
2	4943	3.4934858749e+04
2	15646	3.4959880623e+04
0	15134	3.5041750723e+04
1	8001	3.5046387300e+04
2	8971	3.5098423835e+04
0	3841	3.5120382600e+04
2	7335	3.5129060403e+04
0	17359	3.5168934141e+04
1	11289	3.5182741076e+04
3	14688	3.5218059645e+04
2	4022	3.5222665130e+04
3	542	3.5271447019e+04
0	6191	3.5292278754e+04
0	11882	3.5413404903e+04
0	10685	3.5426438505e+04
0	11666	3.5428560755e+04
3	9004	3.5443251866e+04
0	13939	3.5453631912e+04
0	4315	3.5462864020e+04
1	16189	3.5476609158e+04
0	3680	3.5493529972e+04
2	13766	3.5518478644e+04
1	9668	3.5547730326e+04
2	13230	3.5584627712e+04
1	15570	3.5593083165e+04
1	3505	3.5650729623e+04
1	1214	3.5698011070e+04
0	1531	3.5789087873e+04
3	15095	3.5841010528e+04
0	1375	3.5871836161e+04
3	3173	3.5922198467e+04
0	9958	3.5978176917e+04
3	8680	3.5989646948e+04
0	14959	3.6062649821e+04
1	15919	3.6118488767e+04
0	832	3.6138254859e+04
1	9252	3.6163300108e+04
0	8816	3.6196238499e+04
2	4539	3.6235906813e+04
1	9081	3.6238642547e+04
2	15024	3.6349860594e+04
2	2544	3.6437641573e+04
0	10125	3.6452773702e+04
0	10790	3.6468119559e+04
2	5190	3.6470733233e+04
3	1973	3.6485332704e+04
1	7499	3.6512593689e+04
2	15447	3.6613492187e+04
2	14656	3.6716095316e+04
2	12528	3.6751572950e+04
2	13554	3.6847636295e+04
2	14584	3.6897991674e+04
1	8881	3.6946715568e+04
2	7725	3.7028826787e+04
1	6379	3.7281818360e+04
0	7240	3.7399564532e+04
2	13935	3.7497240828e+04
3	4415	3.7570455812e+04
2	16303	3.7588194693e+04
1	12353	3.7642889241e+04
0	6934	3.7648313142e+04
2	5866	3.7752238800e+04
0	6368	3.7762159864e+04
0	7645	3.7810996711e+04
1	7375	3.7834410030e+04
1	16134	3.7878348669e+04
0	7419	3.7880969640e+04
2	12642	3.7937272068e+04
1	13828	3.7956116129e+04
1	7079	3.8165038287e+04
3	18	3.8208700351e+04
3	12468	3.8217426097e+04
0	1043	3.8224220486e+04
3	6511	3.8267597549e+04
3	1621	3.8277512525e+04
2	12368	3.8299681153e+04
3	11489	3.8311880252e+04
3	14329	3.8313030259e+04
0	15492	3.8324942263e+04
0	4102	3.8371167955e+04
0	5283	3.8377882295e+04
2	14480	3.8422595969e+04
0	13795	3.8452260639e+04
0	14499	3.8472462851e+04
3	11130	3.8500324429e+04
0	14288	3.8534894817e+04
1	1782	3.8569469780e+04
2	15194	3.8671387527e+04
0	2449	3.8738908036e+04
0	10007	3.8767154654e+04
1	8615	3.8825073281e+04
2	16037	3.8828234469e+04
3	12058	3.8868794646e+04
1	2191	3.8929360678e+04
1	13018	3.8930313322e+04
3	16044	3.9022708027e+04
2	8878	3.9102001386e+04
2	16779	3.9142168030e+04
3	1422	3.9267571315e+04
1	16913	3.9328041697e+04
0	13268	3.9376907228e+04
3	366	3.9377702133e+04
1	2859	3.9391368602e+04
0	16592	3.9392993000e+04
0	17544	3.9404517509e+04
2	2605	3.9526987157e+04
0	3098	3.9670261855e+04
0	10625	3.9754724375e+04
2	8577	3.9882881834e+04
0	15503	3.9888038148e+04
2	12637	3.9901198377e+04
1	6307	3.9960253988e+04
3	9620	4.0002069108e+04
3	17236	4.0057293972e+04
3	12270	4.0078531151e+04
0	5759	4.0121545936e+04
0	8912	4.0141589470e+04
1	2133	4.0157612148e+04
1	12252	4.0166562818e+04
2	11101	4.0252700100e+04
3	6214	4.0305947568e+04
0	512	4.0321781571e+04
3	16111	4.0326061746e+04
0	1155	4.0329801116e+04
0	9536	4.0353182013e+04
1	4920	4.0382572798e+04
3	8129	4.0473882737e+04
1	6835	4.0523546721e+04
1	12920	4.0635534929e+04
3	638	4.0713644373e+04
2	1476	4.0728766333e+04
0	11962	4.0744301581e+04
1	1366	4.0749616603e+04
1	11678	4.0793213046e+04
2	14338	4.0842506820e+04
0	15511	4.0863563444e+04
2	13909	4.0891747624e+04
2	15369	4.0918747678e+04
3	12291	4.0923759771e+04
3	16942	4.0927720701e+04
3	2500	4.0976423272e+04
2	15380	4.0978557881e+04
1	204	4.0983953823e+04
1	8957	4.1034837821e+04
2	16834	4.1059153709e+04
1	9749	4.1114099359e+04
3	10117	4.1353508304e+04
2	697	4.1453788374e+04
0	4233	4.1549204368e+04
0	3874	4.1582121484e+04
3	11413	4.1595044715e+04
0	9804	4.1602901863e+04
3	6678	4.1635644984e+04
0	17155	4.1639342842e+04
2	16765	4.1656108046e+04
1	7810	4.1677146871e+04
3	6075	4.1721753663e+04
1	15525	4.1999646732e+04
2	5749	4.2000344360e+04
3	7732	4.2163341276e+04
1	5854	4.2221798194e+04
1	14451	4.2236016529e+04
0	2417	4.2288464961e+04
3	7941	4.2304794310e+04
2	2854	4.2305359147e+04
2	8828	4.2407663869e+04
1	1127	4.2421942218e+04
2	2000	4.2452835500e+04
2	14336	4.2455400116e+04
2	5859	4.2501791664e+04
3	12226	4.2543885845e+04
3	7542	4.2600246484e+04
3	7208	4.2636290958e+04
2	16240	4.2732146271e+04
1	12113	4.2750174715e+04
2	11529	4.2893847730e+04
2	10243	4.3008377794e+04
2	11548	4.3383096087e+04
3	11302	4.3454111194e+04
2	5113	4.3475870620e+04
1	13438	4.3492576336e+04
1	2801	4.3613237952e+04
3	16717	4.3623730444e+04
3	8977	4.3930132519e+04
1	16970	4.3960458537e+04
0	8735	4.4020647356e+04
1	3671	4.4037374920e+04
3	11893	4.4083342917e+04
2	13425	4.4100212106e+04
3	10757	4.4123658138e+04
3	5310	4.4154093372e+04
0	1636	4.4172214191e+04
3	11737	4.4213868892e+04
3	6057	4.4263704471e+04
1	2372	4.4321071914e+04
1	15452	4.4374948643e+04
3	5890	4.4433453338e+04
1	16564	4.4460347272e+04
1	15291	4.4469045204e+04
3	11417	4.4491364667e+04
2	7300	4.4491364867e+04
0	11084	4.4525985577e+04
0	7579	4.4613314214e+04
2	7269	4.4631444460e+04
1	16749	4.4719909094e+04
3	12614	4.4722346807e+04
3	9075	4.4837989709e+04
3	12749	4.4855842793e+04
2	9314	4.4936000629e+04
3	7904	4.5067108111e+04
0	11009	4.5142615108e+04
1	16818	4.5149031106e+04
0	5637	4.5195288505e+04
3	13354	4.5253961520e+04
3	12376	4.5288152973e+04
3	16087	4.5352359828e+04
3	13413	4.5402913974e+04
3	9564	4.5440060582e+04
2	5179	4.5742129663e+04
0	123	4.5755725309e+04
1	12356	4.5900089257e+04
2	7005	4.5960713630e+04
0	4217	4.6022963688e+04
3	8078	4.6023876136e+04
1	4721	4.6027025221e+04
3	11938	4.6059710406e+04
1	7767	4.6167028326e+04
0	6486	4.6182415683e+04
0	10450	4.6213169855e+04
0	6947	4.6448424971e+04
0	13402	4.6479623498e+04
1	6470	4.6482968304e+04
2	13332	4.6503333523e+04
2	6184	4.6759031553e+04
0	9601	4.6920946542e+04
3	10909	4.6963646060e+04
0	14103	4.7000233040e+04
2	2289	4.7008650776e+04
3	16521	4.7075121406e+04
0	9365	4.7087934797e+04
0	9142	4.7114327493e+04
3	17217	4.7182372261e+04
1	6334	4.7210709546e+04
2	10770	4.7303637908e+04
0	11683	4.7306983733e+04
0	10247	4.7330567744e+04
2	8552	4.7418965594e+04
3	5468	4.7421772908e+04
2	7195	4.7435322162e+04
2	15387	4.7511739957e+04
1	3289	4.7516088817e+04
1	11702	4.7671856622e+04
3	5580	4.7679287376e+04
1	621	4.7688406467e+04
3	9641	4.7811658374e+04
0	6259	4.7820947265e+04
1	5717	4.7850509642e+04
2	8141	4.7906862809e+04
2	14096	4.8131815691e+04
0	14688	4.8163615569e+04
2	13202	4.8165261381e+04
0	6284	4.8169593360e+04
3	804	4.8185523615e+04
3	13629	4.8224604725e+04
0	13728	4.8237791288e+04
0	6461	4.8261287285e+04
1	16946	4.8281862124e+04
3	15622	4.8377367427e+04
3	14030	4.8430525505e+04
1	15335	4.8543046533e+04
1	6622	4.8563651784e+04
0	1244	4.8642318936e+04
3	16706	4.8724414197e+04
2	14530	4.8735601665e+04
3	5460	4.8795490277e+04
2	8292	4.8803856296e+04
1	6780	4.8920572858e+04
2	15022	4.9075417073e+04
0	776	4.9128309551e+04
0	10624	4.9135689084e+04
2	4975	4.9168187350e+04
1	16936	4.9215285281e+04
3	16661	4.9237925451e+04
2	2286	4.9273846467e+04
0	6317	4.9324353562e+04
2	10374	4.9380643446e+04
3	11070	4.9437526536e+04
0	1533	4.9538567808e+04
2	11258	4.9657025524e+04
1	2351	4.9838397288e+04
1	11206	4.9878249179e+04
3	6529	4.9938453136e+04
0	7482	5.0056178427e+04
1	16240	5.0067918040e+04
2	15412	5.0077394520e+04
3	1303	5.0165536230e+04
0	12726	5.0191152219e+04
1	16113	5.0232970935e+04
0	6473	5.0510016197e+04
0	13336	5.0552011668e+04
2	8342	5.0619434977e+04
1	15136	5.0713086460e+04
2	184	5.0726165858e+04
2	7580	5.1059470158e+04
3	7150	5.1063809060e+04
2	6379	5.1152764622e+04
2	985	5.1207530072e+04
2	11660	5.1227427603e+04
0	17294	5.1249248916e+04
1	6022	5.1271893547e+04
3	2818	5.1312899125e+04
0	8753	5.1523499345e+04
0	14699	5.1617005409e+04
0	9756	5.1644283632e+04
1	13650	5.1923951662e+04
1	10950	5.1976491421e+04
3	10494	5.2167252944e+04
0	5060	5.2335516491e+04
0	13153	5.2654364890e+04
0	9549	5.2737830352e+04
3	4048	5.2889007620e+04
0	14762	5.2940357805e+04
2	14024	5.3043827256e+04
2	13859	5.3137135126e+04
0	5078	5.3208908530e+04
2	10464	5.3211594271e+04
0	7832	5.3346821266e+04
0	10423	5.3523799471e+04
0	1223	5.3531273199e+04
2	3675	5.3533101983e+04
1	5278	5.3553197677e+04
2	8527	5.3735039164e+04
0	3619	5.3825686273e+04
1	2996	5.3904723122e+04
1	4509	5.3984323030e+04
2	2634	5.4008856847e+04
2	10300	5.4057231925e+04
1	2473	5.4121332350e+04
1	10915	5.4152925758e+04
3	14918	5.4184319390e+04
1	6590	5.4243686302e+04
1	3795	5.4248193464e+04
0	6340	5.4414253753e+04
0	10116	5.4434647103e+04
1	12997	5.4525677974e+04
1	4607	5.4534169852e+04
1	8631	5.4792748171e+04
2	6457	5.5133033797e+04
0	8763	5.5179262254e+04
2	15438	5.5499933842e+04
2	17169	5.5584415982e+04
1	3388	5.5657999732e+04
1	2867	5.5703726824e+04
0	6742	5.5726242893e+04
0	660	5.5765453629e+04
1	1024	5.5836072452e+04
0	9479	5.5975991813e+04
0	2030	5.6150922108e+04
0	16297	5.6419275489e+04
0	14568	5.6466634089e+04
1	11066	5.6519696583e+04
3	8095	5.6557220043e+04
0	347	5.6566127845e+04
3	5097	5.6659019089e+04
2	16119	5.6765389734e+04
1	10390	5.6826239061e+04
0	12148	5.7080828773e+04
0	1905	5.7114987357e+04
1	17295	5.7273165477e+04
2	4414	5.7475392523e+04
2	5670	5.7541326442e+04
0	8771	5.7578582672e+04
0	16466	5.7695895650e+04
2	5826	5.7826719932e+04
2	14092	5.7922427401e+04
2	8908	5.7943375998e+04
3	8094	5.7946590903e+04
1	10720	5.8018680551e+04
1	14064	5.8028838688e+04
1	13969	5.8067554190e+04
0	4653	5.8223084421e+04
2	14216	5.8237332919e+04
3	4182	5.8296051442e+04
2	15955	5.8412370538e+04
1	16213	5.8602740565e+04
0	7368	5.8827743476e+04
1	8653	5.8861646087e+04
1	15564	5.8918392246e+04
2	13848	5.8945260894e+04
3	6480	5.8965885767e+04
0	15669	5.8966870430e+04
1	3684	5.9169648860e+04
1	2753	5.9207090306e+04
3	12888	5.9295961554e+04
3	4983	5.9406480065e+04
3	14807	5.9453677832e+04
1	15791	5.9583307077e+04
1	11611	5.9735879358e+04
0	16501	5.9832193804e+04
1	3369	5.9839009153e+04
1	3572	5.9869579877e+04
2	826	5.9911274333e+04
3	2476	5.9980475278e+04
0	5779	6.0015136699e+04
0	8810	6.0043538494e+04
1	12672	6.0101028041e+04
2	8825	6.0115351868e+04
2	14659	6.0125038323e+04
3	15602	6.0208150893e+04
0	4534	6.0227265288e+04
0	12840	6.0512410433e+04
2	3999	6.0610142082e+04
2	14118	6.0921796958e+04
2	359	6.1002849586e+04
1	15384	6.1094354092e+04
2	16869	6.1157334384e+04
0	16812	6.1237087453e+04
3	16979	6.1291308070e+04
2	3299	6.1355742120e+04
0	1029	6.1375261363e+04
1	13378	6.1426713001e+04
2	10003	6.1488564378e+04
2	8398	6.1525367065e+04
3	15512	6.1602885211e+04
3	8625	6.1650142223e+04
1	7717	6.1660306126e+04
1	12534	6.1685013690e+04
3	12553	6.1874317221e+04
1	10273	6.1937377262e+04
1	6024	6.2091686300e+04
1	17136	6.2287271157e+04
3	9789	6.2452955575e+04
1	12643	6.2537830023e+04
0	10537	6.2639067666e+04
1	7145	6.2719381388e+04
1	6277	6.2769119268e+04
1	4677	6.2998399954e+04
2	15464	6.3059098602e+04
0	5876	6.3099851765e+04
2	1350	6.3238419916e+04
0	13875	6.3260082349e+04
3	5589	6.3345598437e+04
2	12722	6.3431457354e+04
1	6271	6.3533234319e+04
2	1473	6.3551429524e+04
2	5476	6.3571202333e+04
3	992	6.3629912045e+04
2	14952	6.3636435912e+04
3	4582	6.3663341634e+04
3	7984	6.3674173036e+04
2	5457	6.3802661376e+04
2	12740	6.3882541927e+04
3	10049	6.4010295078e+04
1	12067	6.4036977781e+04
1	14367	6.4097239000e+04
1	5629	6.4125678965e+04
2	6390	6.4235168135e+04
2	3229	6.4314766867e+04
3	10263	6.4547827262e+04
2	8076	6.4755023730e+04
3	10261	6.4922466360e+04
3	4261	6.4985553381e+04
2	5074	6.4998469205e+04
3	7749	6.5038869597e+04
1	7913	6.5070263330e+04
0	1444	6.5100107928e+04
1	4921	6.5159606987e+04
3	10247	6.5175551239e+04
3	15662	6.5188853986e+04
2	16257	6.5259419215e+04
2	11538	6.5284209707e+04
0	333	6.5333365778e+04
2	5130	6.5508858268e+04
2	5288	6.5815245338e+04
2	13794	6.6156484126e+04
3	3270	6.6263169259e+04
2	2820	6.6273700146e+04
0	907	6.6291094986e+04
1	306	6.6432997114e+04
1	11627	6.6602333239e+04
2	16917	6.6833215582e+04
2	15079	6.6866926320e+04
1	12572	6.6932065074e+04
2	8944	6.7066119025e+04
2	7666	6.7348418995e+04
1	5892	6.7417228244e+04
1	13544	6.7522457043e+04
2	3663	6.7579306103e+04
2	11339	6.7591254966e+04
3	1814	6.7688912471e+04
3	7159	6.7692234480e+04
0	2821	6.7705552826e+04
3	13767	6.7765903131e+04
1	11528	6.8185554428e+04
3	15643	6.8279338255e+04
1	16539	6.8305008865e+04
1	3564	6.8576844313e+04
0	5417	6.8598518693e+04
3	17162	6.8864458495e+04
0	10218	6.9052438208e+04
3	3794	6.9123108736e+04
0	701	6.9141784357e+04
1	13488	6.9173274905e+04
0	5559	6.9390901588e+04
0	10906	6.9425619242e+04
0	317	6.9523106567e+04
0	7735	6.9572367307e+04
3	14095	6.9659290412e+04
1	10962	6.9848604031e+04
0	1704	6.9860170480e+04
1	6182	6.9881132415e+04
3	12230	6.9953308836e+04
3	8685	7.0048995221e+04
3	16263	7.0369791405e+04
0	3612	7.0398894408e+04
0	7698	7.0491096430e+04
2	13191	7.0534779416e+04
0	2780	7.0655069037e+04
0	8115	7.0677443011e+04
1	11370	7.0685723752e+04
3	15345	7.0870239757e+04
0	264	7.0898751267e+04
0	13303	7.0899592307e+04
2	2874	7.0925075685e+04
2	8836	7.1037114709e+04
1	4383	7.1175799425e+04
0	9159	7.1226207979e+04
3	2283	7.1386679382e+04
1	3521	7.1410604672e+04
0	13319	7.1448865090e+04
2	3181	7.1587185448e+04
1	945	7.1785686461e+04
3	3080	7.1993109546e+04
3	13029	7.2321172269e+04
2	7126	7.2532220536e+04
2	8621	7.2592946377e+04
0	11876	7.2994760007e+04
0	7326	7.3099917089e+04
3	13532	7.3266207629e+04
0	4641	7.3281395503e+04
2	16456	7.3295952996e+04
2	877	7.3460728589e+04
3	10397	7.3560419128e+04
2	15295	7.3566780921e+04
1	15648	7.3599158853e+04
3	7844	7.3612000249e+04
2	996	7.3660287539e+04
2	9595	7.3674396920e+04
3	39	7.3809050530e+04
1	4167	7.3947619940e+04
2	7753	7.4010485965e+04
0	15770	7.4029975894e+04
0	15968	7.4090606725e+04
2	15980	7.4136206203e+04
3	16795	7.4198484067e+04
2	12929	7.4270954317e+04
1	17244	7.4442931680e+04
0	8868	7.4535890683e+04
1	7827	7.4841850261e+04
1	13569	7.4847903785e+04
1	8966	7.4883643349e+04
3	9226	7.5004018228e+04
3	9270	7.5034502146e+04
0	6595	7.5477303158e+04
1	10234	7.5521956815e+04
1	3781	7.5656271371e+04
2	13277	7.5661126711e+04
0	230	7.5764183416e+04
2	3341	7.5906619560e+04
1	16325	7.5922139512e+04
2	2039	7.6539830813e+04
1	14943	7.6746974353e+04
0	4791	7.6758446846e+04
2	3707	7.6767309393e+04
3	11812	7.7139186380e+04
3	6541	7.7384123140e+04
0	1138	7.7440195577e+04
1	5498	7.7443493085e+04
1	3337	7.7511246170e+04
2	13828	7.7579921540e+04
1	14946	7.8218234418e+04
2	596	7.8460474019e+04
0	6887	7.8725524801e+04
0	9636	7.8754145450e+04
2	710	7.8794306581e+04
2	956	7.8936138141e+04
0	7775	7.9073164686e+04
0	1939	7.9628252308e+04
1	16801	7.9708552725e+04
2	1055	8.0116580902e+04
2	12233	8.0140839275e+04
3	8213	8.0187157869e+04
2	11953	8.0313911663e+04
1	8141	8.0334987830e+04
1	15018	8.0347993130e+04
2	6873	8.1027226693e+04
0	9739	8.1280701805e+04
2	10185	8.1367213988e+04
0	7798	8.1425100362e+04
1	15229	8.1449083165e+04
3	2602	8.1455493618e+04
3	5237	8.2003408092e+04
2	12519	8.2184506864e+04
0	9002	8.2311696620e+04
3	101	8.2360159779e+04
3	15196	8.2512631167e+04
1	9787	8.2584193235e+04
1	17224	8.2631776510e+04
0	13029	8.2976188982e+04
3	13853	8.3296725898e+04
0	15343	8.3329918565e+04
1	6480	8.3337056291e+04
1	292	8.3709392874e+04
2	14485	8.3925683473e+04
1	13729	8.4128038429e+04
3	10911	8.4394446469e+04
1	15932	8.4637746611e+04
2	13322	8.4708653527e+04
1	13248	8.4725270039e+04
0	8460	8.4770781183e+04
0	2491	8.4837960553e+04
1	5698	8.5039073278e+04
1	9032	8.5091336956e+04
0	13648	8.5094443836e+04
1	6934	8.5329667617e+04
0	12984	8.5379515459e+04
3	9868	8.5641207372e+04
1	13769	8.6491187943e+04
2	3385	8.6584606839e+04
1	2606	8.6815083749e+04
2	1034	8.6820374465e+04
1	15529	8.6857001130e+04
3	1270	8.6937801468e+04
0	7427	8.7181773260e+04
3	5357	8.7273171778e+04
0	9987	8.7313287350e+04
1	8768	8.7393728118e+04
1	2189	8.7470906856e+04
2	5943	8.7626427497e+04
0	4719	8.7711476068e+04
2	189	8.7723323912e+04
2	14568	8.8008357994e+04
3	11975	8.8034052037e+04
1	1818	8.8037421864e+04
0	8966	8.8332139091e+04
0	893	8.8408640747e+04
0	15485	8.8515193867e+04
0	15306	8.8523427703e+04
0	7603	8.8707863497e+04
1	7000	8.8813357985e+04
2	15657	8.9175592436e+04
2	16465	8.9196946462e+04
1	1338	8.9255866587e+04
1	1597	8.9289351680e+04
1	2198	8.9376002508e+04
0	15215	8.9503294703e+04
3	7946	8.9709290059e+04
3	16707	8.9943177474e+04
3	10987	9.0657063563e+04
0	2304	9.0750082306e+04
1	3875	9.1039204102e+04
0	1987	9.1121374284e+04
0	2519	9.1167745987e+04
0	1823	9.1518319539e+04
2	16279	9.1851137947e+04
2	3569	9.1902183517e+04
3	10569	9.2107079909e+04
3	16357	9.2210401534e+04
3	8506	9.2782060047e+04
3	11457	9.3063609471e+04
3	15963	9.3200984533e+04
3	5088	9.3202582110e+04
3	1941	9.3598827519e+04
1	10791	9.3733927508e+04
2	3577	9.3734328189e+04
1	2044	9.3745426316e+04
2	15725	9.4340846472e+04
0	924	9.4925862661e+04
2	8858	9.5069163987e+04
2	3113	9.5122572421e+04
1	4702	9.5173311494e+04
0	10726	9.5484541210e+04
0	7587	9.5505795013e+04
2	2280	9.5513656649e+04
2	2484	9.5641768338e+04
0	4953	9.5752093709e+04
3	2380	9.5768019576e+04
3	12096	9.5911250846e+04
0	16997	9.6165424382e+04
2	4635	9.6537931053e+04
3	9774	9.7325207058e+04
0	4019	9.7454505375e+04
2	9820	9.7516944219e+04
3	5813	9.7565180841e+04
1	420	9.7936489281e+04
1	15662	9.8019137331e+04
1	596	9.8151451064e+04
2	14500	9.8260435772e+04
3	5573	9.8520036146e+04
2	7292	9.8836402331e+04
1	13276	9.9060183939e+04
1	16928	9.9314371506e+04
3	16024	9.9384582117e+04
1	9871	9.9403391892e+04
1	1310	9.9419667281e+04
2	9837	9.9668550422e+04
3	2390	9.9773552187e+04
3	14417	1.0015816503e+05
3	7321	1.0017607541e+05
2	5938	1.0027993026e+05
3	2138	1.0030376544e+05
2	5770	1.0043186603e+05
1	1567	1.0063947404e+05
0	5985	1.0068029424e+05
2	4315	1.0068814952e+05
0	11826	1.0069026127e+05
0	4205	1.0099236285e+05
2	14999	1.0116791482e+05
1	11285	1.0178225226e+05
0	17249	1.0178898008e+05
1	7995	1.0186158142e+05
2	14577	1.0196337457e+05
2	16448	1.0214371035e+05
1	2909	1.0237842080e+05
1	302	1.0249395676e+05
3	5696	1.0252998866e+05
2	13037	1.0282953361e+05
2	5676	1.0294094892e+05
1	15394	1.0295595840e+05
0	15355	1.0312668360e+05
1	15541	1.0328114874e+05
3	6732	1.0335111315e+05
1	14413	1.0345090266e+05
3	9169	1.0400176814e+05
0	9423	1.0468885646e+05
3	12321	1.0482399771e+05
1	4141	1.0499296127e+05
2	15013	1.0513454785e+05
1	9814	1.0531795273e+05
0	8953	1.0550220744e+05
0	10747	1.0630258426e+05
2	11961	1.0644951105e+05
0	9036	1.0650560248e+05
1	2426	1.0653497698e+05
0	4493	1.0655779352e+05
3	13283	1.0673551465e+05
1	8450	1.0686603889e+05
0	15218	1.0709029134e+05
2	2886	1.0720363160e+05
0	2750	1.0782610976e+05
0	14153	1.0825092276e+05
2	13734	1.0835816666e+05
1	12260	1.0841256885e+05
1	10053	1.0853889398e+05
0	15196	1.0884108825e+05
3	14654	1.0896327006e+05
3	4168	1.0936382679e+05
1	10897	1.0941331794e+05
3	9048	1.0961384575e+05
1	10979	1.0972916063e+05
1	1887	1.0995175621e+05
3	13459	1.1101961628e+05
0	7991	1.1173537270e+05
1	8065	1.1211313950e+05
1	17163	1.1241296892e+05
3	16499	1.1264575057e+05
3	14452	1.1276525562e+05
0	6097	1.1277298438e+05
2	14582	1.1290359273e+05
0	4717	1.1313477139e+05
1	11848	1.1315234657e+05
2	7561	1.1349720547e+05
0	5367	1.1365686683e+05
1	638	1.1375244398e+05
1	12560	1.1449628059e+05
2	12948	1.1458715744e+05
1	13624	1.1463147553e+05
0	17383	1.1523593636e+05
0	1933	1.1555088186e+05
0	926	1.1586924927e+05
2	6757	1.1593958915e+05
0	7815	1.1627206362e+05
0	17102	1.1665639051e+05
0	9920	1.1673733788e+05
2	16083	1.1677062305e+05
3	6921	1.1726174287e+05
0	11719	1.1728129101e+05
1	1278	1.1800010650e+05
3	8205	1.1802108480e+05
3	2432	1.1836409381e+05
0	12612	1.1839663411e+05
3	7521	1.1845963597e+05
1	2905	1.1852962664e+05
1	2118	1.1910261312e+05
2	8239	1.1918001133e+05
1	5639	1.1927826788e+05
2	8137	1.1940882959e+05
1	14417	1.1967046065e+05
3	3583	1.2091582484e+05
1	6161	1.2100563219e+05
2	5688	1.2139550727e+05
3	15289	1.2142250709e+05
0	4298	1.2161176762e+05
1	4191	1.2162553263e+05
0	9332	1.2173433916e+05
1	5031	1.2184611379e+05
2	16722	1.2184709635e+05
2	5211	1.2208283094e+05
3	10762	1.2215525374e+05
3	1196	1.2239777146e+05
1	3763	1.2344372628e+05
0	60	1.2346542591e+05
0	25	1.2376340623e+05
0	5340	1.2406727274e+05
2	14276	1.2407604653e+05
2	12907	1.2485486054e+05
1	14655	1.2492048648e+05
2	14087	1.2493774276e+05
0	15941	1.2506400113e+05
1	642	1.2529833568e+05
2	13326	1.2574126613e+05
0	580	1.2601894417e+05
1	10670	1.2706608040e+05
1	12152	1.2708153192e+05
0	12388	1.2726324055e+05
1	13301	1.2750292924e+05
3	13487	1.2758738215e+05
1	13752	1.2836284606e+05
1	6624	1.2850124417e+05
3	1433	1.2864153565e+05
3	6903	1.2871125683e+05
1	11076	1.2947516118e+05
1	3354	1.2977374748e+05
1	11755	1.3091815544e+05
3	14753	1.3106750664e+05
0	1937	1.3147243290e+05
2	352	1.3165888053e+05
1	6200	1.3277383632e+05
1	3859	1.3325741241e+05
3	4101	1.3340511441e+05
2	11319	1.3360685816e+05
0	11723	1.3379459074e+05
1	9491	1.3546721534e+05
0	13884	1.3609045328e+05
1	5060	1.3666433749e+05
0	8519	1.3687121707e+05
1	1383	1.3734995114e+05
2	1099	1.3842104998e+05
2	17124	1.3864969898e+05
1	856	1.3882526941e+05
1	5802	1.3964145965e+05
3	4331	1.4004855397e+05
2	9529	1.4018491210e+05
1	14004	1.4022403160e+05
2	3164	1.4033034681e+05
3	15876	1.4043986647e+05
2	3520	1.4075445215e+05
0	7135	1.4087175711e+05
0	14980	1.4126564383e+05
1	13415	1.4198351667e+05
2	13627	1.4219823897e+05
2	3800	1.4220057317e+05
3	9031	1.4239282227e+05
0	16053	1.4265266691e+05
2	13884	1.4269851848e+05
1	8445	1.4276843999e+05
3	8836	1.4417091594e+05
2	8174	1.4428782211e+05
0	1000	1.4445340152e+05
1	8500	1.4450003796e+05
1	1107	1.4455170333e+05
1	12969	1.4502608096e+05
3	3627	1.4508793406e+05
0	10139	1.4542701764e+05
2	1519	1.4585957492e+05
3	7415	1.4603681807e+05
1	15141	1.4713314688e+05
2	6774	1.4720555921e+05
2	735	1.4741641612e+05
0	17557	1.4758678958e+05
1	135	1.4764852834e+05
0	13691	1.4778285831e+05
3	9288	1.4838907729e+05
3	16001	1.4854981952e+05
2	13604	1.4857639993e+05
0	10859	1.4901593555e+05
0	15174	1.4909734851e+05
2	3927	1.5000555436e+05
2	10078	1.5030664298e+05
1	3467	1.5061356318e+05
0	5284	1.5120606673e+05
1	13934	1.5144568787e+05
3	6807	1.5207987902e+05
2	13443	1.5222181431e+05
1	15423	1.5227478649e+05
2	7638	1.5302484563e+05
1	4618	1.5342330087e+05
2	15997	1.5362608203e+05
0	11626	1.5369884304e+05
3	2958	1.5377674114e+05
0	2575	1.5398008845e+05
3	8204	1.5416716097e+05
1	12144	1.5460672470e+05
3	8454	1.5462850044e+05
2	15925	1.5489466722e+05
3	10123	1.5547847450e+05
2	15267	1.5591062393e+05
3	4903	1.5627344158e+05
0	13807	1.5685224177e+05
1	13132	1.5717868420e+05
3	1792	1.5722904929e+05
0	13129	1.5734204953e+05
2	16241	1.5748110506e+05
3	380	1.5794279867e+05
1	8337	1.5803726143e+05
1	9387	1.5804780149e+05
1	8848	1.5846840854e+05
1	9458	1.5850737725e+05
3	955	1.5876820556e+05
2	8820	1.5882851086e+05
3	11519	1.5965316793e+05
0	2945	1.5969574225e+05
0	12076	1.6004400638e+05
2	12560	1.6011975158e+05
3	17077	1.6026565832e+05
3	15532	1.6053987499e+05
1	15999	1.6055488867e+05
0	3780	1.6111490527e+05
0	6874	1.6129957912e+05
2	12679	1.6172528949e+05
3	9090	1.6189907625e+05
0	17465	1.6220156196e+05
2	142	1.6270394900e+05
2	10702	1.6353588969e+05
1	12600	1.6447795058e+05
0	15508	1.6451542361e+05
0	693	1.6479997981e+05
1	11814	1.6540847613e+05
1	4126	1.6591358903e+05
2	12682	1.6600336763e+05
1	13525	1.6630765495e+05
3	7488	1.6668961744e+05
1	2497	1.6700760000e+05
2	17108	1.6766135613e+05
0	11423	1.6778260909e+05
1	16204	1.6793690632e+05
2	13389	1.6804044078e+05
2	6948	1.6854968766e+05
0	504	1.6889831785e+05
3	11134	1.6893142808e+05
3	7400	1.6916405156e+05
3	8963	1.6952665297e+05
2	377	1.6967916223e+05
2	9806	1.7048232980e+05
0	15544	1.7100599301e+05
0	1146	1.7105578018e+05
0	10851	1.7131995183e+05
1	3158	1.7187606007e+05
2	14751	1.7192087531e+05
2	4708	1.7208243185e+05
1	2177	1.7257195673e+05
1	7560	1.7257737570e+05
3	4568	1.7282362012e+05
1	2111	1.7300773387e+05
2	1888	1.7307133827e+05
3	4430	1.7310951539e+05
3	16517	1.7353794114e+05
1	1634	1.7394616859e+05
0	12547	1.7405734016e+05
1	16512	1.7406052293e+05
3	2758	1.7406816231e+05
1	7949	1.7461838956e+05
2	2755	1.7488868898e+05
3	8304	1.7537577694e+05
2	9375	1.7542410555e+05
1	12757	1.7543608291e+05
1	3055	1.7544288588e+05
1	12518	1.7568639545e+05
1	3017	1.7591450816e+05
1	4687	1.7674561581e+05
3	6965	1.7682065658e+05
2	9994	1.7733146569e+05
1	1590	1.7762489897e+05
1	12830	1.7821955881e+05
3	3687	1.7830634211e+05
1	5700	1.7847349061e+05
3	10003	1.7849371486e+05
3	5225	1.7860987314e+05
0	111	1.7865713710e+05
2	8325	1.7877238684e+05
2	372	1.7923291204e+05
0	1541	1.7953358420e+05
1	17055	1.7985605995e+05
1	10334	1.7990680097e+05
2	14224	1.8000431544e+05
0	7459	1.8002425093e+05
1	2074	1.8139141397e+05
3	2294	1.8173714399e+05
1	10266	1.8176754480e+05
2	11542	1.8255761262e+05
1	3726	1.8286688191e+05
2	9337	1.8306187683e+05
1	7036	1.8425331825e+05
2	10520	1.8546628397e+05
3	14054	1.8551214979e+05
2	5902	1.8565653540e+05
1	10693	1.8574671491e+05
1	6400	1.8602367086e+05
3	6128	1.8617837005e+05
0	5674	1.8789280796e+05
3	13623	1.8917353724e+05
0	4423	1.8948518813e+05
1	13825	1.8951982766e+05
0	15403	1.8973182610e+05
2	7183	1.9029062366e+05
0	11525	1.9034848293e+05
2	1448	1.9071937146e+05
1	17123	1.9139729870e+05
0	5500	1.9150538648e+05
3	6648	1.9180853728e+05
0	6316	1.9221233515e+05
3	4675	1.9242174678e+05
2	7478	1.9245903991e+05
3	13748	1.9268078834e+05
3	13141	1.9438963372e+05
3	536	1.9481118641e+05
1	15936	1.9613952116e+05
3	6899	1.9712806643e+05
0	11680	1.9765835366e+05
0	15399	1.9841909617e+05
2	12286	1.9868182070e+05
2	14519	1.9908437427e+05
3	1439	1.9938445455e+05
0	17454	1.9951775087e+05
3	17027	2.0065762247e+05
2	8673	2.0098859459e+05
2	16844	2.0119947930e+05
2	2952	2.0122379294e+05
1	961	2.0164928540e+05
2	1294	2.0243841539e+05
3	4961	2.0269124398e+05
3	14621	2.0333593021e+05
2	5662	2.0389509922e+05
2	14008	2.0583161617e+05
2	15970	2.0651415159e+05
3	12673	2.0697510836e+05
3	14142	2.0697768483e+05
3	1449	2.0706430469e+05
3	10820	2.0734472115e+05
0	13033	2.0792689048e+05
0	11722	2.0869917206e+05
0	14353	2.0882803664e+05
2	15630	2.0888377478e+05
0	12500	2.0895455888e+05
3	9855	2.0979626258e+05
3	6601	2.1099690103e+05
2	8839	2.1111855863e+05
2	4533	2.1149275266e+05
2	3020	2.1171034752e+05
1	15584	2.1202133705e+05
0	1985	2.1242329848e+05
1	5552	2.1336016882e+05
0	14676	2.1437829678e+05
1	13639	2.1556096915e+05
3	14678	2.1599868531e+05
1	10347	2.1640901106e+05
0	7739	2.1646387225e+05
1	10163	2.1778430491e+05
1	6616	2.1784702230e+05
1	5214	2.1877088938e+05
1	2534	2.1899884192e+05
1	11226	2.1986200089e+05
0	6162	2.2052202876e+05
3	12271	2.2163258810e+05
2	3828	2.2167202977e+05
2	4296	2.2190323863e+05
0	7005	2.2268155762e+05
0	4075	2.2366657511e+05
3	16485	2.2383014869e+05
0	4920	2.2553471670e+05
2	1285	2.2642572146e+05
1	9769	2.2681872604e+05
1	15674	2.2803157453e+05
2	9690	2.2823412778e+05
0	15157	2.2829036971e+05
2	5985	2.2853826419e+05
0	12184	2.2854662589e+05
3	239	2.2875457493e+05
0	5682	2.2997575827e+05
3	13792	2.3242869908e+05
3	3020	2.3354908186e+05
3	16330	2.3529849844e+05
0	5684	2.3610237676e+05
2	2470	2.3629577737e+05
2	6677	2.3644570178e+05
1	4698	2.3675640800e+05
0	4181	2.3762349034e+05
2	5893	2.3834011183e+05
2	9173	2.3874056509e+05
3	13157	2.3971171949e+05
2	8785	2.4012896111e+05
2	4996	2.4066299104e+05
1	7978	2.4105049200e+05
0	1255	2.4183691899e+05
1	11451	2.4227709127e+05
2	11623	2.4366921147e+05
0	1863	2.4732683509e+05
3	7955	2.4749161112e+05
3	9867	2.4921155872e+05
0	7261	2.4953556630e+05
3	8614	2.5094254284e+05
3	3042	2.5151741061e+05
3	14132	2.5165045183e+05
0	4514	2.5224471720e+05
1	4773	2.5338595017e+05
3	14556	2.5435237021e+05
2	66	2.5595966757e+05
1	14942	2.5683018661e+05
2	5278	2.5709070333e+05
1	12226	2.5709708982e+05
2	10081	2.5842225101e+05
1	14611	2.5908050547e+05
1	12652	2.5908525556e+05
3	3486	2.5913560614e+05
2	10241	2.5967303659e+05
0	5212	2.5973298349e+05
1	3924	2.6391085587e+05
2	3256	2.6391991207e+05
1	16310	2.6424456650e+05
1	1847	2.6462890922e+05
1	13797	2.6535375493e+05
2	15577	2.6569212218e+05
1	12009	2.6697157353e+05
2	7711	2.6904780560e+05
3	381	2.6906690429e+05
0	15985	2.6940511237e+05
0	10891	2.7058129741e+05
0	17477	2.7081060083e+05
2	11285	2.7245214634e+05
0	5528	2.7278232105e+05
1	3434	2.7301257638e+05
3	16189	2.7411897727e+05
1	656	2.7592346946e+05
0	57	2.7660712061e+05
3	12470	2.7879206623e+05
1	9658	2.7893136070e+05
1	1118	2.8361817694e+05
1	16274	2.8472097771e+05
3	9358	2.8712239101e+05
2	9191	2.8741320932e+05
1	2571	2.8766881249e+05
3	11561	2.8822378988e+05
0	9567	2.8843168938e+05
2	13400	2.8852489304e+05
3	11	2.8877636661e+05
0	11025	2.8941879623e+05
2	5021	2.8956758257e+05
3	11375	2.9222425715e+05
2	16177	2.9307623125e+05
1	1810	2.9327475202e+05
0	11069	2.9400070019e+05
3	8312	2.9483731538e+05
3	16174	2.9522299120e+05
3	15545	2.9663545482e+05
0	833	2.9729235966e+05
2	14762	2.9915505972e+05
0	7267	2.9930269862e+05
1	1834	2.9969426962e+05
3	10505	3.0118403569e+05
1	17127	3.0121684355e+05
0	7550	3.0174827803e+05
2	10224	3.0184074382e+05
0	1773	3.0248752602e+05
2	8801	3.0310189418e+05
3	7306	3.0557109333e+05
2	8692	3.0615404555e+05
3	5068	3.1018448948e+05
0	8116	3.1087925979e+05
0	636	3.1533847840e+05
2	10966	3.1608349090e+05
3	7080	3.1773773880e+05
2	5256	3.1825198017e+05
1	7703	3.1969698262e+05
1	9414	3.2322033086e+05
0	7535	3.2632965825e+05
0	17195	3.2911388645e+05
1	6125	3.2952483163e+05
2	5040	3.3103033005e+05
3	11298	3.3194184481e+05
1	10218	3.3613320113e+05
2	8258	3.3744030571e+05
1	5393	3.3752549800e+05
0	11705	3.3821470009e+05
3	7014	3.4136700371e+05
3	6120	3.4141491880e+05
2	1880	3.4213265356e+05
3	15309	3.4314693292e+05
2	6765	3.4776392496e+05
0	8839	3.4875902151e+05
1	6311	3.4900233553e+05
0	8428	3.4905816400e+05
2	13025	3.5345214423e+05
2	7090	3.5532689526e+05
0	5848	3.6303098350e+05
0	13099	3.6361523512e+05
1	6896	3.6406154355e+05
2	8742	3.6415905077e+05
1	4639	3.6518240873e+05
1	11028	3.6634412973e+05
3	13946	3.6663102234e+05
3	12797	3.6667929910e+05
1	7332	3.6761800200e+05
1	11324	3.6955101265e+05
1	3824	3.7053529844e+05
2	10859	3.7103121891e+05
1	16032	3.7189144084e+05
2	11585	3.7368917058e+05
1	16731	3.7628260541e+05
1	15672	3.7835374108e+05
2	8557	3.7962803077e+05
1	9220	3.7976513050e+05
1	10800	3.8057117334e+05
1	16952	3.8114172444e+05
2	14219	3.8154146412e+05
3	6547	3.8381014270e+05
2	5022	3.8544578752e+05
0	3427	3.8740652261e+05
1	130	3.8814605681e+05
0	9828	3.8854816213e+05
1	5953	3.8992394953e+05
2	5333	3.9176620477e+05
3	11991	3.9262346320e+05
0	12633	3.9378675188e+05
3	4649	3.9453923182e+05
0	796	3.9509762252e+05
1	2288	3.9781229597e+05
0	13270	3.9905540039e+05
3	12005	4.0184135168e+05
0	3559	4.0925819543e+05
0	8030	4.1041287387e+05
3	2738	4.1232946934e+05
1	15581	4.1513266752e+05
3	3476	4.1867539883e+05
0	7178	4.1960191474e+05
1	12259	4.1981926824e+05
1	13300	4.1989886913e+05
2	14412	4.2170400979e+05
2	13428	4.2486871321e+05
2	10972	4.2567856707e+05
2	12552	4.2622759898e+05
1	2257	4.2647147497e+05
3	8336	4.2682648173e+05
2	265	4.2853035885e+05
2	6198	4.3551321559e+05
2	4918	4.3582423886e+05
0	92	4.3637193378e+05
3	5362	4.3985203842e+05
2	5685	4.4037204491e+05
2	3245	4.4303060225e+05
2	5448	4.4480637460e+05
0	535	4.4725599344e+05
1	14727	4.4952935416e+05
2	4881	4.5303982917e+05
1	3885	4.5450866003e+05
3	2195	4.5526042723e+05
0	11692	4.5739356408e+05
1	1276	4.6037587129e+05
2	15812	4.6085946242e+05
3	17141	4.6091120199e+05
0	15509	4.6442066953e+05
2	5310	4.6841248624e+05
3	1627	4.6859738991e+05
1	10239	4.6888058720e+05
2	12053	4.7113734628e+05
0	10872	4.7161694488e+05
3	6481	4.8183286406e+05
3	4631	4.8627252268e+05
1	3942	4.8826323535e+05
0	7108	4.8879405314e+05
3	8403	4.8911855452e+05
0	2198	4.8913466890e+05
2	784	4.9055154180e+05
0	11926	4.9161173588e+05
1	2484	4.9465474022e+05
2	12088	4.9827256908e+05
0	5609	4.9896662913e+05
3	5198	4.9952772503e+05
1	10622	5.0057948029e+05
3	5889	5.0210046532e+05
2	2554	5.0334237812e+05
2	2833	5.0596692921e+05
0	872	5.0717829677e+05
0	16191	5.1168418082e+05
0	5600	5.1864329726e+05
2	3984	5.2029891208e+05
0	10596	5.2094854021e+05
0	6670	5.2467760882e+05
0	16287	5.2623503617e+05
3	8512	5.2896702148e+05
1	751	5.3192493728e+05
1	7658	5.3389879688e+05
2	2269	5.3440107392e+05
1	12365	5.4079225664e+05
1	6675	5.4197257495e+05
1	12096	5.4759943514e+05
2	412	5.4802727711e+05
1	5314	5.4909891349e+05
3	17095	5.5037288062e+05
0	15882	5.5201823466e+05
3	722	5.5649274651e+05
2	3580	5.5761720774e+05
3	1619	5.6329851675e+05
0	4795	5.6398499814e+05
1	10501	5.6612255690e+05
0	5089	5.6613697659e+05
1	12808	5.6704233758e+05
3	4576	5.6787018896e+05
3	4528	5.6815938284e+05
3	8218	5.6961774273e+05
3	3495	5.7139311554e+05
2	2981	5.7513977227e+05
1	13505	5.7583421161e+05
3	1798	5.7620969404e+05
2	13300	5.7838394569e+05
3	14081	5.7860870298e+05
2	1711	5.7992381940e+05
1	12633	5.8420768150e+05
3	14891	5.8485468237e+05
3	2657	5.8506720930e+05
1	9232	5.9882077989e+05
3	14610	6.0115121327e+05
0	5338	6.0323130921e+05
1	14131	6.1332386822e+05
1	5556	6.3247675590e+05
0	11901	6.3536111243e+05
1	10379	6.4213399317e+05
3	13314	6.4279897921e+05
0	17528	6.4683068944e+05
3	16569	6.4916275167e+05
2	16220	6.5381198886e+05
2	9101	6.5978523223e+05
0	13883	6.6366433928e+05
2	3997	6.6415207298e+05
1	984	6.6527871712e+05
2	6101	6.7286214163e+05
1	13844	6.7661589199e+05
3	2587	6.7890719281e+05
3	6112	6.8174829460e+05
2	1600	6.8195987158e+05
2	2684	6.8197835298e+05
2	15611	6.8293135239e+05
3	4943	6.8347512917e+05
2	2319	6.8838751181e+05
2	5661	6.9009237478e+05
2	55	6.9389032723e+05
0	14770	6.9559680834e+05
1	342	7.0301417922e+05
2	15003	7.0500105278e+05
2	3574	7.0557434264e+05
2	8089	7.1295202745e+05
0	3203	7.1650101747e+05
3	5611	7.1794617757e+05
3	10657	7.2378832930e+05
0	5708	7.2508006028e+05
2	1965	7.3573007051e+05
2	2058	7.3712668322e+05
1	10109	7.3963578009e+05
3	10006	7.4279926029e+05
3	793	7.4622188243e+05
2	12869	7.5208761454e+05
2	11297	7.5318871011e+05
3	10580	7.6399041916e+05
3	3341	7.7273888000e+05
0	9970	7.7390384183e+05
0	12503	7.7426563609e+05
0	13093	7.7973190485e+05
0	17072	7.8081074659e+05
0	3933	7.9683871940e+05
1	17220	7.9819918142e+05
0	4881	8.0106358055e+05
2	13854	8.0116601343e+05
2	12685	8.1475237628e+05
1	7335	8.1911562441e+05
0	14987	8.2597384458e+05
3	14587	8.3211421227e+05
0	268	8.4365122270e+05
0	15286	8.4890296690e+05
3	8751	8.5112756921e+05
3	8817	8.5972482227e+05
0	12025	8.5984989111e+05
1	7151	8.8209617043e+05
3	3491	8.8358183582e+05
3	7713	8.9584594824e+05
3	5294	9.0901290764e+05
2	13962	9.3217456901e+05
1	9533	9.3583898862e+05
2	7645	9.3780272249e+05
0	15952	9.4167417854e+05
0	393	9.4186361827e+05
3	2050	9.4827113683e+05
3	5598	9.5802587488e+05
2	7020	9.7467752791e+05
1	2712	9.7947820934e+05
0	11153	1.0047556983e+06
2	1599	1.0048803561e+06
2	1331	1.0056430705e+06
2	16582	1.0062740493e+06
3	13317	1.0078287692e+06
1	15540	1.0109116099e+06
1	3874	1.0128097328e+06
1	14362	1.0208429957e+06
1	17140	1.0267223414e+06
3	13706	1.0328290327e+06
0	10530	1.0353035301e+06
3	16712	1.0633038918e+06
0	2520	1.0651082369e+06
3	5432	1.0704552941e+06
0	3299	1.0719908141e+06
2	12599	1.0740568696e+06
0	9210	1.0873249518e+06
0	12779	1.0902564886e+06
0	1313	1.0966482299e+06
3	10861	1.1038308746e+06
3	2903	1.1070594262e+06
3	10694	1.1093118928e+06
0	17111	1.1155209675e+06
2	16884	1.1173567863e+06
2	2091	1.1343607550e+06
0	13550	1.1359505838e+06
0	8509	1.1477197553e+06
1	16708	1.1589949335e+06
3	1970	1.1617502267e+06
3	10356	1.1659444833e+06
1	11351	1.1818822735e+06
1	14819	1.1866338267e+06
0	11226	1.1870962766e+06
3	16551	1.1991749117e+06
0	13685	1.2004468712e+06
1	2035	1.2227928513e+06
1	15015	1.2491179323e+06
0	9909	1.2495076909e+06
3	7813	1.2629642645e+06
0	15331	1.2813426966e+06
0	12274	1.3136738093e+06
1	17092	1.3194710599e+06
1	4579	1.3194836206e+06
3	7522	1.3399047578e+06
0	9635	1.3531287608e+06
3	3663	1.3572635303e+06
1	7244	1.3644724123e+06
3	11659	1.3829011940e+06
1	7623	1.3835068883e+06
1	10785	1.3861593417e+06
0	10180	1.3910220355e+06
3	6001	1.4118286311e+06
1	13517	1.4133699533e+06
1	13195	1.4266025465e+06
3	3777	1.4289480452e+06
1	11985	1.4552324563e+06
2	4503	1.4826148071e+06
0	2745	1.4833003305e+06
0	11524	1.4923407711e+06
3	15180	1.5222228665e+06
2	7497	1.5248043877e+06
2	2926	1.5326783730e+06
2	8963	1.5421264242e+06
2	10154	1.5511468708e+06
1	11852	1.5826822329e+06
3	1227	1.5829562369e+06
0	11173	1.5893840153e+06
3	142	1.6917135936e+06
0	13352	1.7195159050e+06
2	15149	1.7470785633e+06
3	5167	1.7529329679e+06
3	13248	1.7577310628e+06
1	11577	1.7843063575e+06
3	15357	1.8222099069e+06
1	7907	1.8304744936e+06
1	11925	1.8310567406e+06
2	3968	1.8317895210e+06
1	1014	1.8337615471e+06
3	16282	1.8399915452e+06
0	13039	1.8422427566e+06
1	7948	1.8516113567e+06
0	757	1.8634492218e+06
2	6901	1.8675913348e+06
0	5476	1.8772596578e+06
1	11807	1.9034321364e+06
0	13914	1.9101941051e+06
1	4987	1.9171085842e+06
2	9306	1.9363915986e+06
1	1041	1.9379919834e+06
1	5073	1.9472236628e+06
3	512	1.9611537138e+06
2	12692	1.9637874257e+06
0	1018	1.9767439209e+06
3	1530	1.9968708052e+06
2	8809	1.9992521291e+06
2	11219	2.0152365281e+06
2	16575	2.0622193389e+06
1	6044	2.0651869628e+06
0	10244	2.0964417143e+06
2	8962	2.1075352694e+06
0	7935	2.1103416850e+06
0	9854	2.1254498640e+06
3	10463	2.1345579304e+06
0	17498	2.1466537223e+06
1	16429	2.1577792126e+06
3	8640	2.1629178994e+06
1	1082	2.1871497973e+06
3	7297	2.1938882264e+06
1	3059	2.2210100186e+06
1	2758	2.2607282728e+06
1	6150	2.2649848484e+06
0	9658	2.2698819057e+06
1	14046	2.2835409495e+06
1	4327	2.2960241340e+06
3	1718	2.3207526886e+06
1	14742	2.3614471714e+06
0	10407	2.3739922472e+06
3	9918	2.3819536121e+06
3	5594	2.3915485479e+06
1	8930	2.4566257256e+06
3	2905	2.4614790252e+06
1	16406	2.4651924841e+06
1	7593	2.5032399908e+06
0	4085	2.5220278129e+06
2	2619	2.5297330352e+06
3	4803	2.6387248775e+06
2	11778	2.6593359110e+06
2	14229	2.6642504499e+06
3	12676	2.7351204642e+06
3	8127	2.7592386846e+06
0	7906	2.7642308910e+06
1	697	2.8271319167e+06
1	13983	2.8279189686e+06
0	12338	2.8858159101e+06
2	3010	2.8888220849e+06
1	15426	2.9457870119e+06
3	11963	2.9891068511e+06
1	13407	3.0195801828e+06
3	6737	3.0207811842e+06
0	4922	3.0581974212e+06
2	12562	3.2527700272e+06
0	9546	3.2779206984e+06
2	12335	3.2918643259e+06
1	9064	3.3117900883e+06
2	15770	3.3606861269e+06
0	8071	3.3724538253e+06
3	16544	3.4179608587e+06
3	926	3.4940279975e+06
1	6066	3.5100164745e+06
2	12998	3.5317027360e+06
1	12200	3.5364200388e+06
2	14738	3.5477405050e+06
2	16038	3.5895869187e+06
0	9794	3.5900550571e+06
0	13522	3.5989031970e+06
0	14432	3.6232897237e+06
1	13445	3.6314931397e+06
0	14787	3.6543696949e+06
3	5472	3.7170076031e+06
0	3129	3.8060335948e+06
1	8656	3.8542652551e+06
2	362	4.0503643467e+06
1	15108	4.1018877557e+06
0	3250	4.2545155103e+06
2	3106	4.2738995150e+06
2	7344	4.2872434849e+06
3	9428	4.3165604065e+06
2	3156	4.4943109494e+06
1	7458	4.4977934462e+06
2	14993	4.5875439756e+06
1	993	4.6458742190e+06
2	14038	4.7172192070e+06
3	855	4.7971514181e+06
0	5646	5.0205081740e+06
0	4708	5.1425520123e+06
2	1181	5.1826714800e+06
1	704	5.1857275687e+06
3	9339	5.2370065956e+06
1	8443	5.2586508987e+06
1	11601	5.2825395507e+06
1	14612	5.4097125584e+06
0	8765	5.5924766537e+06
2	12765	5.8062677610e+06
3	4921	5.9122128382e+06
0	16644	5.9742891393e+06
2	6883	5.9979260677e+06
0	10511	6.0667544059e+06
3	35	6.0922088155e+06
2	4228	6.3172432431e+06
1	12045	6.3309418247e+06
0	12704	6.4181732979e+06
2	14054	6.5467947028e+06
1	12239	6.9627599610e+06
3	12074	7.1518217816e+06
3	11254	7.1800254130e+06
0	14666	7.2895026677e+06
2	3111	7.3178173598e+06
2	9303	7.3603991729e+06
3	15565	7.3773205841e+06
3	11003	7.4273201076e+06
2	4770	7.4316751621e+06
0	7655	7.6538570133e+06
1	8363	7.7046656741e+06
1	1867	7.8916363316e+06
0	15305	7.9280741447e+06
2	11082	7.9745522679e+06
1	5754	8.1014875477e+06
1	1005	8.5169199893e+06
1	5917	8.6673381291e+06
3	15372	8.6698189311e+06
2	13584	9.3394654341e+06
2	7882	9.4355276598e+06
3	16806	9.4599498630e+06
2	3459	9.6103976472e+06
1	15937	9.6914576643e+06
3	8286	9.9396671478e+06
1	8189	1.0172387969e+07
1	6860	1.0470304478e+07
2	7837	1.0704781864e+07
3	2106	1.0807968744e+07
2	15660	1.0840859963e+07
0	7145	1.0852334612e+07
0	10858	1.0893188450e+07
1	1373	1.1139674030e+07
3	3786	1.1232582331e+07
3	10300	1.1233563256e+07
3	13358	1.1334425673e+07
1	15688	1.1589144827e+07
2	607	1.2062002102e+07
1	562	1.2069793376e+07
0	6206	1.2492754527e+07
1	8507	1.2724896592e+07
3	10321	1.2798137112e+07
1	14520	1.3096057459e+07
3	11249	1.3253551329e+07
2	676	1.3477948786e+07
1	14408	1.3553111940e+07
0	3460	1.3939774809e+07
3	12042	1.4060876705e+07
3	6367	1.4177210423e+07
1	3957	1.4264073397e+07
3	737	1.5367341611e+07
0	12427	1.6780074721e+07
3	12745	1.8484130890e+07
1	14148	1.8774617932e+07
1	15864	1.9295584481e+07
2	5064	1.9441263185e+07
0	185	1.9584536039e+07
0	2647	1.9655498980e+07
0	854	2.1998405089e+07
0	17441	2.3386989888e+07
2	906	2.4453471044e+07
3	16855	2.4982725575e+07
0	1766	2.5345753967e+07
1	12283	2.5989142615e+07
0	13200	2.7521127888e+07
3	12016	2.7911277983e+07
0	13889	2.8845898328e+07
2	2417	2.9152065164e+07
1	3130	3.0530980049e+07
0	3855	3.2107118666e+07
1	2492	3.3474760117e+07
0	4691	3.5029670297e+07
1	7792	3.7974555252e+07
2	10809	3.8384184990e+07
1	445	3.8594150150e+07
0	6752	4.1123758979e+07
1	16663	4.1848771215e+07
1	7868	4.3062986263e+07
2	15726	4.9900265198e+07
1	9179	5.1075886486e+07
0	9425	5.6133324521e+07
1	3151	5.8018327004e+07
2	9304	6.0972279367e+07
1	13648	6.6075136655e+07
3	7427	6.6498228009e+07
2	12316	6.9510932883e+07
3	17096	8.3980691232e+07
0	16006	8.7202555865e+07
1	11355	9.6340407281e+07
2	15082	1.6423241366e+08
3	9597	1.6527339941e+08
2	7823	2.1013444271e+08
2	7173	2.5774784475e+08
0	4235	2.9502650575e+08
2	12569	4.2715222551e+08
0	11011	1.5376562571e+09
1	1974	1.6651286994e+09
3	9563	4.4681550563e+09
2	10979	5.0253382149e+09
0	14777	1.9826359210e+10
