# DM_mass_GeV = 5.000000e-02
# DM_sigma_cm2 = 1.000000e-35
# total_trajectories = 58109
# captured_particles = 10054
# bincount_integration = conservative-hermite-radial-v1
# bincount_dense_position_tolerance_km = 1.391400e+00
# capture_rate = 0.17301967
# capture_rate_raw = 0.17301967
# capture_rate_err = 0.00156918
# capture_rate_raw_err = 0.00156918
# capture_rate_CI_95_lower = 0.16996571
# capture_rate_CI_95_upper = 0.17611686
# capture_rate_raw_CI_95_lower = 0.16996571
# capture_rate_raw_CI_95_upper = 0.17611686
# valid_trajectories = 58058
# completed_outward_escapes = 48004
# unresolved_not_captured_trajectories = 51
# numerical_failures = 56
# computational_truncations = 0
# initial_shift_failures = 0
# final_reflection_shift_failures = 0
# normal_mode_mpi_sync_interval = 64
# mpi_sync_rounds = 186
# final_mpi_round_trajectories = 256
# mpi_tail_trajectories = 10493
# capture_target_overshoot = 54
# total_scatterings = 129604
# average_scatterings = 2.230360185169
# simulation_time_seconds = 11.080737000000
# capture_rate_valid = 0.17317166
# capture_rate_valid_err = 0.00157042
# capture_rate_valid_CI_95_lower = 0.17011529
# capture_rate_valid_CI_95_upper = 0.17627127
# numerical_failure_rate = 0.00096371
# not_captured_bincount_samples = 48004
# excluded_incomplete_not_captured = 51
# bin_index  cap_dt[s]  cap_v2dt[km2/s]  cap_err_dt[s]  cap_err_v2dt[km2/s]  not_cap_dt[s]  not_cap_v2dt[km2/s]  not_cap_err_dt[s]  not_cap_err_v2dt[km2/s]
0	0.0000000000e+00	0.0000000000e+00	0.0000000000e+00	0.0000000000e+00	0.0000000000e+00	0.0000000000e+00	0.0000000000e+00	0.0000000000e+00
1	0.0000000000e+00	0.0000000000e+00	0.0000000000e+00	0.0000000000e+00	0.0000000000e+00	0.0000000000e+00	0.0000000000e+00	0.0000000000e+00
2	0.0000000000e+00	0.0000000000e+00	0.0000000000e+00	0.0000000000e+00	0.0000000000e+00	0.0000000000e+00	0.0000000000e+00	0.0000000000e+00
3	0.0000000000e+00	0.0000000000e+00	0.0000000000e+00	0.0000000000e+00	0.0000000000e+00	0.0000000000e+00	0.0000000000e+00	0.0000000000e+00
4	0.0000000000e+00	0.0000000000e+00	0.0000000000e+00	0.0000000000e+00	0.0000000000e+00	0.0000000000e+00	0.0000000000e+00	0.0000000000e+00
5	8.7166193297e+00	2.7253006521e+07	4.2474329181e+00	1.3544268605e+07	0.0000000000e+00	0.0000000000e+00	0.0000000000e+00	0.0000000000e+00
6	2.0796348379e+01	9.4687153179e+07	7.9677382071e+00	3.3102226483e+07	0.0000000000e+00	0.0000000000e+00	0.0000000000e+00	0.0000000000e+00
7	2.4669342436e+01	8.6943901453e+07	8.1189258470e+00	2.5992363756e+07	0.0000000000e+00	0.0000000000e+00	0.0000000000e+00	0.0000000000e+00
8	2.7021910624e+01	1.0499198504e+08	7.6646528222e+00	2.9297267187e+07	0.0000000000e+00	0.0000000000e+00	0.0000000000e+00	0.0000000000e+00
9	2.8379595660e+01	1.1472547043e+08	7.1669674370e+00	2.9999327439e+07	3.5989392547e+00	9.0427382889e+06	3.5989017687e+00	9.0426441011e+06
10	3.8589423240e+01	1.3581129817e+08	1.0272754460e+01	3.1784075320e+07	3.6184236969e+00	9.9401376768e+06	2.5585937793e+00	7.0571934297e+06
11	4.0255712928e+01	1.4047844265e+08	9.4471447317e+00	2.9994484188e+07	5.5384245159e+00	3.2213695768e+07	3.2859748506e+00	2.2776179418e+07
12	6.1058126004e+01	2.2813664200e+08	1.3252869176e+01	4.9059521091e+07	8.5999039866e+00	3.5027566729e+07	4.0226739461e+00	1.7196887190e+07
13	6.5217236383e+01	2.6066317451e+08	1.2840104700e+01	5.1186712469e+07	1.0448670071e+01	4.2300775962e+07	4.6347580685e+00	1.8342008416e+07
14	8.2999506383e+01	3.2317624385e+08	1.3540073377e+01	5.3368949802e+07	1.2746353107e+01	8.7532188541e+07	4.4708618791e+00	3.7800750055e+07
15	9.8167533883e+01	3.9391541057e+08	1.4806552804e+01	5.9835925870e+07	1.4419135832e+01	8.3683487984e+07	4.9888858462e+00	3.0520751781e+07
16	1.2720999382e+02	4.9584936113e+08	1.9616842364e+01	7.5763951484e+07	2.2723618990e+01	1.0968145187e+08	6.9248018496e+00	3.2710853733e+07
17	1.4854596109e+02	5.7840983352e+08	2.0903612918e+01	8.2226526337e+07	2.1801868460e+01	1.1671771646e+08	5.8335430519e+00	3.2051739726e+07
18	1.5424809769e+02	5.3020585902e+08	2.1173743707e+01	6.7187941061e+07	2.9426600335e+01	1.4355584265e+08	7.4462380771e+00	3.7522678259e+07
19	1.7547540726e+02	6.7667133461e+08	2.3367967329e+01	8.5452363450e+07	2.9597184927e+01	1.5642426155e+08	7.0930636142e+00	3.9097451515e+07
20	1.8532606034e+02	7.6346178771e+08	2.5539990342e+01	9.6335784085e+07	2.4211361330e+01	1.2774320663e+08	5.5157338666e+00	3.0527899961e+07
21	1.9452837006e+02	7.9682719257e+08	2.4405541586e+01	1.0184083270e+08	2.1663398196e+01	1.1323080911e+08	4.8743680635e+00	2.6299886344e+07
22	2.1286602739e+02	8.7061512973e+08	2.4621031121e+01	1.0672848417e+08	3.4591927343e+01	1.8026657335e+08	9.0009280573e+00	4.8713946027e+07
23	2.2895236383e+02	9.2626791416e+08	2.7045205438e+01	1.0568536959e+08	3.5503165370e+01	1.8527162342e+08	8.4134549824e+00	4.4007859507e+07
24	2.5063690331e+02	1.0401330896e+09	2.9001948625e+01	1.1797477705e+08	3.8079520302e+01	1.9965226062e+08	9.6318720156e+00	5.0760279844e+07
25	2.6165388790e+02	1.0455988012e+09	2.9342431128e+01	1.0932889596e+08	3.9704755649e+01	2.1647165441e+08	9.0978349667e+00	5.0784582957e+07
26	2.8559946691e+02	1.0835282472e+09	3.1444316598e+01	1.0909004527e+08	4.0463084939e+01	2.3263262983e+08	8.8349985154e+00	5.2881556063e+07
27	3.3833787636e+02	1.1853497193e+09	3.6013414618e+01	1.1186457054e+08	3.6930750905e+01	2.2558345255e+08	7.7835656103e+00	5.6461344099e+07
28	3.8483785057e+02	1.3844605189e+09	3.9114223338e+01	1.3337545182e+08	3.7134501706e+01	2.1351252216e+08	7.3617772856e+00	4.7988722593e+07
29	4.3725455954e+02	1.6121500667e+09	3.9296218045e+01	1.4766999091e+08	3.9177505361e+01	2.1487978509e+08	8.0756574807e+00	4.5937780543e+07
30	4.7956622309e+02	1.7035776630e+09	4.3065584988e+01	1.4920140715e+08	4.3883795556e+01	2.3412458056e+08	9.3132759887e+00	4.9659465030e+07
31	5.1584979557e+02	1.8681128771e+09	4.6917750247e+01	1.6659287938e+08	4.1780334051e+01	2.1581250755e+08	7.9749240900e+00	4.1198167950e+07
32	5.6107888095e+02	1.9994469778e+09	4.7241928407e+01	1.7356073423e+08	6.0118950706e+01	3.1981646332e+08	1.2985150246e+01	7.3880302083e+07
33	5.8851106857e+02	1.9992140560e+09	5.4832866739e+01	1.7230486755e+08	6.4518421351e+01	3.3805497545e+08	1.2554587689e+01	6.2215008698e+07
34	6.4580749955e+02	2.2507772745e+09	5.3978839576e+01	1.9472822749e+08	7.6324083636e+01	4.3884871704e+08	1.3371544314e+01	8.0762903509e+07
35	6.8399202930e+02	2.2947829276e+09	5.7445300838e+01	2.0216028303e+08	9.9785462931e+01	5.0274272237e+08	1.8394336101e+01	8.4667654334e+07
36	7.3739145738e+02	2.3868226397e+09	6.4722742285e+01	1.9382214496e+08	8.8660686264e+01	4.6499795888e+08	1.5724053671e+01	8.0235564034e+07
37	7.4996788379e+02	2.5464823533e+09	5.8880024406e+01	1.9435656276e+08	9.9757149836e+01	5.3913970864e+08	1.7020325650e+01	8.9677927054e+07
38	7.8497599566e+02	2.5503792948e+09	6.3789847526e+01	1.8825578957e+08	1.0434844568e+02	5.4227455095e+08	1.7312568804e+01	8.5322846400e+07
39	8.0095035676e+02	2.6810328235e+09	6.0514976723e+01	1.9604227744e+08	1.0747537573e+02	5.9499621542e+08	1.7659521503e+01	1.0192174721e+08
40	8.1607282902e+02	2.7830642532e+09	5.7127666742e+01	2.0454522940e+08	1.2332553261e+02	6.7077472752e+08	1.9838908434e+01	1.0591996747e+08
41	8.4947441764e+02	2.8509396764e+09	5.8208368920e+01	1.9823365630e+08	1.0574990456e+02	5.6036301779e+08	1.6074609997e+01	8.1131014912e+07
42	8.6980057082e+02	2.9090056198e+09	5.6308575347e+01	1.9605715883e+08	1.1677414753e+02	6.1996947731e+08	1.9166921677e+01	9.4867716927e+07
43	9.4114685424e+02	3.2422362098e+09	6.1129461264e+01	2.4375508350e+08	1.2340985520e+02	6.8675557977e+08	1.7708169478e+01	9.9680053105e+07
44	9.4630356784e+02	3.2272079870e+09	5.8553157584e+01	2.1503457524e+08	1.1575192666e+02	6.6222668110e+08	1.5870731450e+01	9.3153959419e+07
45	1.0259813747e+03	3.4320303829e+09	6.4752697459e+01	2.3162150169e+08	1.1594213495e+02	6.2975714895e+08	1.5596493777e+01	8.2140027291e+07
46	1.0183693073e+03	3.4155988173e+09	6.3119218643e+01	2.1575651458e+08	1.2600596392e+02	6.8771645798e+08	1.8130651669e+01	9.3120810848e+07
47	1.1362339932e+03	3.6739971979e+09	8.0570660727e+01	2.3416125810e+08	1.3256350579e+02	7.2200343714e+08	1.8723919851e+01	9.9820446961e+07
48	1.1746318271e+03	3.9604154200e+09	7.2077175833e+01	2.5466495505e+08	1.4352346447e+02	7.5136340584e+08	2.0401141369e+01	1.0247572434e+08
49	1.1806408687e+03	4.1229353612e+09	7.0722332329e+01	2.6350113709e+08	1.4585441535e+02	7.7707151794e+08	1.9701229395e+01	1.0140528258e+08
50	1.2432221231e+03	4.4492243645e+09	7.3475969889e+01	2.7473088004e+08	1.3794780907e+02	7.5186400077e+08	1.7692897469e+01	9.5144623621e+07
51	1.2629300014e+03	4.6713927409e+09	7.0898907599e+01	2.9949331234e+08	1.4251324188e+02	7.6525345787e+08	1.8616690190e+01	9.6588982513e+07
52	1.3344183828e+03	4.5280886046e+09	8.0373631619e+01	2.6738698132e+08	1.6353839801e+02	9.0708055006e+08	2.2320019300e+01	1.2582792616e+08
53	1.3451455766e+03	4.7215234242e+09	7.4119379318e+01	2.7447357944e+08	1.6589867290e+02	8.7864696659e+08	2.1228437236e+01	1.0691969032e+08
54	1.4048313466e+03	4.8514452990e+09	7.9412402061e+01	2.7875270323e+08	1.7728319631e+02	9.7146992638e+08	2.2100663310e+01	1.2239669487e+08
55	1.5344107359e+03	5.3174219253e+09	8.4068027538e+01	3.0129597617e+08	1.9038833840e+02	1.0693839723e+09	2.3152866918e+01	1.3617870331e+08
56	1.5788979358e+03	5.4671937584e+09	8.4427091077e+01	3.0276372809e+08	1.9047233099e+02	1.0355010139e+09	2.4143204229e+01	1.2658116334e+08
57	1.5725525032e+03	5.3934812327e+09	8.1161794197e+01	2.9848497050e+08	1.8425669988e+02	1.0023941585e+09	2.1867435745e+01	1.1703476370e+08
58	1.6229407762e+03	5.6688753102e+09	8.0127445242e+01	3.0684887392e+08	1.8532894954e+02	1.0209402498e+09	2.1499146178e+01	1.1930066927e+08
59	1.6871501659e+03	5.8581537062e+09	8.1352525935e+01	3.0350698076e+08	1.9228593688e+02	1.0568759503e+09	2.3153744167e+01	1.2909731968e+08
60	1.7342941419e+03	6.1164223621e+09	8.1061140013e+01	3.1364932086e+08	1.9939243281e+02	1.1218861003e+09	2.2139706248e+01	1.3668912918e+08
61	1.7516915309e+03	6.0935706997e+09	8.2505307225e+01	3.0230026494e+08	2.2817032922e+02	1.2699716825e+09	2.3941728058e+01	1.4796905978e+08
62	1.8274100749e+03	6.5013273958e+09	8.4744937474e+01	3.1922725312e+08	2.4397792089e+02	1.2910509709e+09	2.6087671648e+01	1.3838803735e+08
63	1.8891744735e+03	6.8063231175e+09	8.7314716108e+01	3.3946460690e+08	2.6816874264e+02	1.4222409510e+09	2.8427142509e+01	1.6210107110e+08
64	1.8939472148e+03	6.7228316427e+09	8.7749692625e+01	3.2878423883e+08	2.5980022591e+02	1.4366227836e+09	2.6574911863e+01	1.5791749573e+08
65	1.9335059539e+03	6.7707724714e+09	8.6777462328e+01	3.2648412040e+08	2.6390044739e+02	1.4808007498e+09	2.8144879907e+01	1.6488826020e+08
66	2.0460621463e+03	7.0079324654e+09	9.1736183694e+01	3.1846646402e+08	2.6778677557e+02	1.4936028426e+09	2.7023837593e+01	1.5710363765e+08
67	2.2019465647e+03	7.4436186368e+09	1.0072470503e+02	3.4013015160e+08	2.5909305513e+02	1.4331890951e+09	2.4955276638e+01	1.4487992529e+08
68	2.3379114039e+03	7.8217660977e+09	1.0603188885e+02	3.4672480315e+08	2.5973404157e+02	1.3946382498e+09	2.4806351219e+01	1.3311064346e+08
69	2.3352833493e+03	7.7811457118e+09	1.0335061345e+02	3.3230350925e+08	3.0369607415e+02	1.6996134645e+09	3.0096420519e+01	1.7678022203e+08
70	2.3657357630e+03	7.9838072761e+09	9.9598251243e+01	3.4295914842e+08	3.3251802342e+02	1.8924309015e+09	3.4162173126e+01	2.0751426090e+08
71	2.4524591818e+03	7.9806451976e+09	1.0448794501e+02	3.3084295172e+08	3.4711593751e+02	1.8256056087e+09	3.5637051464e+01	1.7874856695e+08
72	2.5593421323e+03	8.3976743703e+09	1.1093817669e+02	3.6666649256e+08	3.5386328012e+02	1.8400056246e+09	3.5573576060e+01	1.8252168686e+08
73	2.7015739822e+03	9.0888044770e+09	1.1544083526e+02	3.9976149432e+08	3.8004574995e+02	1.9702477260e+09	3.7356928312e+01	1.9168761995e+08
74	2.7071655624e+03	9.0537802263e+09	1.1408223383e+02	3.8201983377e+08	3.5412895303e+02	1.8871784228e+09	3.1342525916e+01	1.7745175678e+08
75	2.7976739019e+03	9.1977947108e+09	1.1752855024e+02	3.7263069318e+08	3.4980655574e+02	1.9398913296e+09	3.1258138379e+01	1.9516321245e+08
76	2.8386034096e+03	9.3953421114e+09	1.1419199781e+02	3.8671735601e+08	3.6303845869e+02	2.0390185252e+09	3.2004446607e+01	1.9663290453e+08
77	3.0383116501e+03	9.6940545438e+09	1.2425032034e+02	4.0197598409e+08	3.8399803537e+02	2.1339850864e+09	3.7321658924e+01	2.1897843860e+08
78	2.9936326951e+03	9.8178400311e+09	1.1421270236e+02	4.0194806153e+08	3.7363809952e+02	2.1263337218e+09	3.4570505188e+01	2.1850487224e+08
79	3.0676943827e+03	9.9860710822e+09	1.1680229243e+02	3.9174795977e+08	3.6851265421e+02	2.1180191453e+09	3.1641184694e+01	2.0446849633e+08
80	3.2212630815e+03	1.0521669190e+10	1.2437809444e+02	4.2935554487e+08	3.8452265181e+02	2.1925145106e+09	3.1492347503e+01	1.9997409401e+08
81	3.2981154915e+03	1.0826163306e+10	1.2442898273e+02	4.3134953872e+08	4.1598618375e+02	2.3300082565e+09	3.6373788821e+01	2.1573996764e+08
82	3.3640449719e+03	1.1411005740e+10	1.2220474083e+02	4.7452854325e+08	4.3544516625e+02	2.3627140468e+09	3.7587296361e+01	2.1301444755e+08
83	3.4368731591e+03	1.1676696027e+10	1.2343183185e+02	4.6751250950e+08	4.3955408576e+02	2.4456409441e+09	3.6304188365e+01	2.2117929844e+08
84	3.4755053555e+03	1.1868957903e+10	1.2471275084e+02	5.0161258990e+08	4.5830842422e+02	2.5348074905e+09	3.6608077138e+01	2.1660188090e+08
85	3.6836352146e+03	1.2211267252e+10	1.3412295226e+02	4.7544771417e+08	4.8933099373e+02	2.6324974122e+09	4.2063322091e+01	2.4235005201e+08
86	3.7560095337e+03	1.2580576516e+10	1.3489056378e+02	4.9745376768e+08	4.6730569379e+02	2.4970859394e+09	3.6274940302e+01	2.0450311342e+08
87	3.8102515899e+03	1.2626095787e+10	1.3332521236e+02	4.9224915304e+08	5.0357235713e+02	2.6845149036e+09	4.1302655582e+01	2.3423685855e+08
88	3.9748235954e+03	1.3164771226e+10	1.3962120587e+02	4.9683583952e+08	5.3208898661e+02	2.7232721244e+09	4.5023623406e+01	2.3545327318e+08
89	3.9397857916e+03	1.3073450466e+10	1.3302433687e+02	4.7490517435e+08	5.4552192336e+02	2.7566069882e+09	4.5743720036e+01	2.3462088279e+08
90	4.1001109494e+03	1.3485429316e+10	1.3999140272e+02	4.8772102823e+08	5.4873645894e+02	2.7350525074e+09	4.6172282884e+01	2.3148386662e+08
91	4.2642789016e+03	1.3820319466e+10	1.4803666265e+02	4.9599198945e+08	5.3228309831e+02	2.6286520215e+09	4.0772575421e+01	2.0517873934e+08
92	4.2783123796e+03	1.3807714073e+10	1.4104992169e+02	4.7755462174e+08	5.9454987169e+02	2.9081489816e+09	4.7943767274e+01	2.4083611522e+08
93	4.3423518904e+03	1.4199453071e+10	1.4031084130e+02	4.9758062662e+08	6.2047383507e+02	3.2045666900e+09	4.8523110476e+01	2.7689191616e+08
94	4.4751717775e+03	1.4575452810e+10	1.4399786916e+02	5.1196835686e+08	6.2604571194e+02	3.1289234847e+09	4.8859646921e+01	2.5732233132e+08
95	4.6406472224e+03	1.5032751028e+10	1.5121747085e+02	5.2857312274e+08	6.0757269297e+02	3.0187909836e+09	4.6391749922e+01	2.4062063943e+08
96	4.6453746772e+03	1.5014434234e+10	1.4637388625e+02	5.0906482712e+08	6.5314495124e+02	3.2691035390e+09	4.8336589429e+01	2.5875115263e+08
97	4.8522037687e+03	1.5091250391e+10	1.5602539267e+02	4.9805056018e+08	7.0901296548e+02	3.4331784789e+09	5.4415247883e+01	2.7145184659e+08
98	4.9580699903e+03	1.5457378560e+10	1.5679140533e+02	5.1967449998e+08	6.6644256582e+02	3.2819927434e+09	4.8485074744e+01	2.4931174154e+08
99	5.1197313168e+03	1.5777768015e+10	1.6329128393e+02	5.1154702103e+08	6.6949200381e+02	3.4297222308e+09	4.6017610383e+01	2.6151066529e+08
100	5.0937305949e+03	1.5837929897e+10	1.5493039370e+02	5.1305870297e+08	6.8305346638e+02	3.5510202453e+09	4.7336480481e+01	2.7146595142e+08
101	5.2816804264e+03	1.6448069136e+10	1.5953080072e+02	5.3763037868e+08	6.8632945840e+02	3.4516337949e+09	4.7294336351e+01	2.5038996520e+08
102	5.3459430379e+03	1.6564200729e+10	1.6228783133e+02	5.3610932291e+08	7.2496341763e+02	3.6486641427e+09	5.2984562620e+01	2.9943989435e+08
103	5.3742153939e+03	1.6591673416e+10	1.6414897162e+02	5.5347674462e+08	7.1773298819e+02	3.5607169927e+09	5.0044423863e+01	2.5985255978e+08
104	5.4675638480e+03	1.6608574986e+10	1.6828908392e+02	5.2877535707e+08	7.3137040273e+02	3.5720745103e+09	4.8529429145e+01	2.4705922982e+08
105	5.6093036607e+03	1.7134918396e+10	1.7200401007e+02	5.6028173603e+08	7.4575206406e+02	3.6345670138e+09	4.9266209507e+01	2.5572088857e+08
106	5.7994065374e+03	1.7441971381e+10	1.8082053750e+02	5.7367369844e+08	8.0056011559e+02	3.7363179483e+09	5.5237552148e+01	2.5635140658e+08
107	5.8466315903e+03	1.7251051997e+10	1.7648607522e+02	5.4741812172e+08	8.1451350520e+02	3.8178030245e+09	5.5157403651e+01	2.7596081594e+08
108	5.9840025834e+03	1.7844680555e+10	1.8016967961e+02	5.6960414427e+08	7.9722243664e+02	3.7828790412e+09	5.1986746755e+01	2.6729270764e+08
109	6.0350201224e+03	1.7848574671e+10	1.7693124013e+02	5.4865223569e+08	7.7970573207e+02	3.6964600441e+09	5.0820460965e+01	2.4820772894e+08
110	6.1614940952e+03	1.7909672117e+10	1.8272160019e+02	5.4090085226e+08	8.1749819732e+02	3.8815892214e+09	5.3501356218e+01	2.6349317636e+08
111	6.2693677494e+03	1.8009633442e+10	1.8280114740e+02	5.3695722829e+08	8.3542245680e+02	3.9754373231e+09	5.4514018396e+01	2.8125862101e+08
112	6.2646943742e+03	1.8052580513e+10	1.7827818434e+02	5.4255826212e+08	8.9248113439e+02	4.1449395827e+09	6.1201208700e+01	2.8688696849e+08
113	6.4775773805e+03	1.8862218396e+10	1.8954683028e+02	5.8565609897e+08	8.9025753273e+02	4.1670944349e+09	5.7002801197e+01	2.7985903073e+08
114	6.5990317116e+03	1.9260744065e+10	1.8154495439e+02	5.7700764836e+08	8.8252903001e+02	4.0774211150e+09	5.3290946567e+01	2.5635003448e+08
115	6.7254897136e+03	1.9303514782e+10	1.8566456060e+02	5.7225533500e+08	9.4790989989e+02	4.3704472588e+09	5.9843527443e+01	2.8582563758e+08
116	6.8241032326e+03	1.9359004603e+10	1.8839935432e+02	5.5836933216e+08	9.2135665267e+02	4.2009583069e+09	5.6490353432e+01	2.7047269788e+08
117	6.8540318499e+03	1.9184028036e+10	1.8542799249e+02	5.3636365440e+08	9.1575603963e+02	4.1593519005e+09	5.5441974130e+01	2.7366694916e+08
118	7.0931557023e+03	2.0275682239e+10	1.8833737915e+02	5.9509621261e+08	9.6345421175e+02	4.4163790268e+09	5.8722702674e+01	2.9041011813e+08
119	7.2431099787e+03	2.0460149614e+10	1.9179068664e+02	5.7533493685e+08	9.3804742871e+02	4.3338913439e+09	5.4299757158e+01	2.6819852620e+08
120	7.3888927890e+03	2.0670668257e+10	1.9783749040e+02	5.7307514789e+08	9.5351775608e+02	4.3493401546e+09	5.5035146123e+01	2.6867906774e+08
121	7.7118376260e+03	2.0909135316e+10	2.2286178787e+02	5.7992784196e+08	9.8362220654e+02	4.5430010790e+09	5.7100421444e+01	2.9804844458e+08
122	7.6186271634e+03	2.0834312318e+10	2.0697124719e+02	5.8427580351e+08	9.9584546891e+02	4.4281120359e+09	5.7903830911e+01	2.6321019075e+08
123	7.7668669856e+03	2.1246948622e+10	2.0528136705e+02	5.9629398540e+08	1.0725210916e+03	4.8642494519e+09	6.2717204672e+01	3.0326072639e+08
124	7.7848810820e+03	2.1583323706e+10	1.9919702065e+02	6.0974721289e+08	1.1042481916e+03	5.1322247424e+09	6.1105801679e+01	3.1858198697e+08
125	7.8114939018e+03	2.1406471175e+10	1.9979841669e+02	5.8639972300e+08	1.1410765688e+03	5.2700195351e+09	6.5543542211e+01	3.3770797295e+08
126	8.1027560843e+03	2.1939151917e+10	2.1064094894e+02	5.9946643028e+08	1.0923014528e+03	5.0654489630e+09	5.7687459960e+01	3.0634779570e+08
127	8.3384726535e+03	2.2291043192e+10	2.1598614821e+02	5.9928069487e+08	1.1376246064e+03	5.2132654966e+09	6.0900513520e+01	3.0370633322e+08
128	8.5313186652e+03	2.2933591124e+10	2.1992825292e+02	6.4800686917e+08	1.1914929946e+03	5.3310655115e+09	6.6018566587e+01	3.0668793389e+08
129	8.4102525953e+03	2.2571229020e+10	2.0804114935e+02	5.9498573259e+08	1.1847219420e+03	5.3383845400e+09	6.2131226117e+01	3.0942149003e+08
130	8.4677886171e+03	2.2452209988e+10	2.1482354168e+02	5.7839060685e+08	1.1851646998e+03	5.3195789905e+09	6.0974179038e+01	3.0920114511e+08
131	8.7324930730e+03	2.2610863390e+10	2.2065105098e+02	5.7775892093e+08	1.2598771558e+03	5.5442357684e+09	6.6241163501e+01	3.1158740028e+08
132	8.7634852501e+03	2.2974793593e+10	2.0874857050e+02	5.9586710613e+08	1.3000516598e+03	5.6369423251e+09	6.7347258416e+01	3.0554900768e+08
133	8.7392028802e+03	2.2741980859e+10	2.1030805804e+02	5.6857192843e+08	1.3005707915e+03	5.5604515505e+09	6.8042711649e+01	3.0106595256e+08
134	8.9761346754e+03	2.3355536684e+10	2.1977033176e+02	6.0437065731e+08	1.2939754122e+03	5.5907751593e+09	6.5474980057e+01	3.0291948248e+08
135	9.0164845050e+03	2.3276487825e+10	2.1387197192e+02	5.7920174151e+08	1.4004156673e+03	5.9312043538e+09	7.5509651268e+01	3.2859383276e+08
136	9.2420012673e+03	2.3951055986e+10	2.1859277897e+02	6.2081801768e+08	1.4569694672e+03	6.2962805599e+09	7.5407839205e+01	3.5926668267e+08
137	9.3349127119e+03	2.3777311273e+10	2.3486199700e+02	5.8951195689e+08	1.4770594903e+03	6.2622188570e+09	7.6194476882e+01	3.4152389806e+08
138	9.4300354254e+03	2.3926294536e+10	2.1947773803e+02	5.8363497820e+08	1.4635155642e+03	6.2908800252e+09	6.8900624983e+01	3.2469209349e+08
139	9.4963260871e+03	2.3808984040e+10	2.1386989986e+02	5.6718521094e+08	1.4472809730e+03	6.3491162645e+09	6.6902339593e+01	3.3625528991e+08
140	9.7725327016e+03	2.4341327119e+10	2.2709274857e+02	5.9097055193e+08	1.4389047717e+03	6.1381182512e+09	6.5840371693e+01	3.0121507311e+08
141	9.8044485154e+03	2.4297319518e+10	2.2448566459e+02	5.7449916009e+08	1.4871687835e+03	6.3760112765e+09	6.7612013059e+01	3.1376803742e+08
142	9.8746222193e+03	2.4715673007e+10	2.2011066124e+02	5.9842690257e+08	1.6114332477e+03	6.7606607398e+09	7.8988560177e+01	3.4527220326e+08
143	1.0157585531e+04	2.5350311264e+10	2.3170753886e+02	6.3101407490e+08	1.6656259520e+03	6.9554888834e+09	7.9286580125e+01	3.4614242859e+08
144	1.0146671932e+04	2.5197288989e+10	2.1864731768e+02	5.8451042948e+08	1.7423499820e+03	7.1411163453e+09	8.4486831681e+01	3.5332289222e+08
145	1.0295953243e+04	2.5200865432e+10	2.3740709014e+02	6.0349540714e+08	1.7301973437e+03	6.9737489349e+09	8.1853618813e+01	3.2853940565e+08
146	1.0509318594e+04	2.5658392680e+10	2.4312636676e+02	6.0318225356e+08	1.7295020853e+03	7.0141489783e+09	7.9944873379e+01	3.3978277813e+08
147	1.0548665742e+04	2.5898738547e+10	2.3119288569e+02	6.0688056419e+08	1.6834635466e+03	6.8678264002e+09	7.2768422366e+01	3.1738775491e+08
148	1.0719245092e+04	2.6156491068e+10	2.2922845083e+02	6.0131742792e+08	1.7965867744e+03	7.3010625606e+09	8.0358969662e+01	3.4629798213e+08
149	1.0816472830e+04	2.5682767581e+10	2.3609336912e+02	5.7658992095e+08	1.8588956785e+03	7.4364633865e+09	8.3069931329e+01	3.4204743770e+08
150	1.1233084702e+04	2.6422005032e+10	2.5375272815e+02	6.0573462860e+08	1.9257946016e+03	7.5277761430e+09	8.8850827970e+01	3.4205559117e+08
151	1.1246102332e+04	2.6231842019e+10	2.4555003518e+02	5.8444672797e+08	1.9364206022e+03	7.5952136954e+09	8.4073642161e+01	3.4358606436e+08
152	1.1567775752e+04	2.6836547348e+10	2.5710682648e+02	6.0593932049e+08	1.9538126727e+03	7.6636188846e+09	8.3677012304e+01	3.5680467512e+08
153	1.1459715308e+04	2.6788346249e+10	2.5266032443e+02	6.0059068852e+08	1.9873277067e+03	7.8083395011e+09	8.5457725318e+01	3.6057549645e+08
154	1.1880460719e+04	2.7410822120e+10	2.6239622344e+02	6.0051153223e+08	1.9316444427e+03	7.4867693871e+09	7.7774940476e+01	3.2688651387e+08
155	1.1880272914e+04	2.7833016572e+10	2.6764338762e+02	6.2878293799e+08	2.0272842271e+03	7.9364688570e+09	8.3156328766e+01	3.6541547084e+08
156	1.1743003823e+04	2.7552022403e+10	2.3677178701e+02	5.9841958453e+08	2.0360234489e+03	7.8800212451e+09	8.3472569833e+01	3.4604690581e+08
157	1.2098522078e+04	2.8241639284e+10	2.4977712116e+02	6.3389232273e+08	2.0661436339e+03	7.9079004886e+09	8.6009451179e+01	3.4964782535e+08
158	1.2485215783e+04	2.8388370665e+10	2.7178156112e+02	6.0457835874e+08	2.0876653449e+03	7.9394171516e+09	8.4409586185e+01	3.4009298742e+08
159	1.2460558215e+04	2.8062529205e+10	2.5567280243e+02	5.8681973710e+08	2.1199968898e+03	7.9945505729e+09	8.5272696199e+01	3.3726757088e+08
160	1.2685295693e+04	2.8160245285e+10	2.6585029093e+02	5.9832626681e+08	2.1170937367e+03	7.9944524203e+09	8.3304476683e+01	3.4082085549e+08
161	1.2809133348e+04	2.8650647055e+10	2.5994210331e+02	6.1349360553e+08	2.1426332211e+03	7.9779323375e+09	8.6848387393e+01	3.3788095569e+08
162	1.2926977223e+04	2.8844479038e+10	2.5717836366e+02	6.0097627606e+08	2.2128507088e+03	8.0860975276e+09	9.0768634881e+01	3.3544883137e+08
163	1.3264650361e+04	2.8884895915e+10	2.8255460753e+02	5.9008677022e+08	2.2766905593e+03	8.3517442321e+09	9.1895434343e+01	3.6318475644e+08
164	1.3109238119e+04	2.8779370336e+10	2.6035172845e+02	6.1285380823e+08	2.2860341954e+03	8.2637614375e+09	9.0690781677e+01	3.4326259603e+08
165	1.3532660883e+04	2.9238914512e+10	2.7253579381e+02	6.0103441453e+08	2.3568115662e+03	8.5201640711e+09	9.5488080568e+01	3.7056455907e+08
166	1.3730653992e+04	2.9850818836e+10	2.8370823111e+02	6.2137037416e+08	2.3763572350e+03	8.5491006722e+09	9.5405312770e+01	3.6445410629e+08
167	1.3937830277e+04	3.0317949129e+10	2.7747224274e+02	6.3763724496e+08	2.3282628610e+03	8.4345372228e+09	8.6803338460e+01	3.3393484688e+08
168	1.3980432683e+04	3.0122327666e+10	2.7696473520e+02	6.1779382638e+08	2.3842128939e+03	8.8936497279e+09	8.7996068672e+01	3.8595389329e+08
169	1.4301887830e+04	3.0602170709e+10	2.8724155661e+02	6.2095982183e+08	2.3904526751e+03	8.8158740496e+09	8.7431807878e+01	3.6811920647e+08
170	1.4568680484e+04	3.1052026022e+10	2.9227515397e+02	6.2459023455e+08	2.4700120295e+03	8.7774641422e+09	9.5015991126e+01	3.5286435784e+08
171	1.4667446428e+04	3.0968757488e+10	2.9974973241e+02	6.1273392939e+08	2.4603171004e+03	8.7682634880e+09	9.1788619604e+01	3.4515128880e+08
172	1.4827140730e+04	3.1335413357e+10	2.8597983984e+02	6.1559462376e+08	2.5063748611e+03	8.8829938607e+09	9.3449205395e+01	3.5765305896e+08
173	1.5083028571e+04	3.1626874354e+10	2.9261746982e+02	6.1368330100e+08	2.6732215889e+03	9.3105198102e+09	1.0427176324e+02	3.7786170962e+08
174	1.5043333284e+04	3.1679523639e+10	2.9019018813e+02	6.1910057571e+08	2.6801292313e+03	9.2506717768e+09	1.0279425529e+02	3.7208213553e+08
175	1.5105127474e+04	3.1693321098e+10	2.8737841875e+02	6.1536482879e+08	2.7405310201e+03	9.3300429392e+09	1.0433314472e+02	3.6099099088e+08
176	1.5180078397e+04	3.1635562962e+10	2.8230892191e+02	6.0251451865e+08	2.7658752361e+03	9.6203071821e+09	9.9970562390e+01	3.7621901351e+08
177	1.5355790935e+04	3.1853554155e+10	2.8810288151e+02	6.1825725516e+08	2.8090861185e+03	9.8219366774e+09	1.0043058390e+02	3.8990571906e+08
178	1.5366727487e+04	3.1907643769e+10	2.8244594092e+02	6.1502424338e+08	2.8572616291e+03	9.8608767752e+09	1.0238798345e+02	3.8776695055e+08
179	1.5618114356e+04	3.2236031555e+10	2.8441594975e+02	6.1597925396e+08	2.8578632497e+03	9.7890406138e+09	1.0052549389e+02	3.7151103170e+08
180	1.6189114854e+04	3.2752427698e+10	3.1034584973e+02	6.1346806884e+08	2.8980445805e+03	1.0027814833e+10	1.0008958518e+02	3.9025682360e+08
181	1.6307902740e+04	3.2731946791e+10	3.1651620413e+02	6.1282607408e+08	2.8788051130e+03	9.9347507894e+09	9.6906560791e+01	3.7643081987e+08
182	1.6388802109e+04	3.2592054609e+10	3.1125564987e+02	5.9796438623e+08	2.9930640686e+03	1.0189412759e+10	1.0428865357e+02	3.8260894614e+08
183	1.6771607900e+04	3.2993964906e+10	3.2159885836e+02	6.0243696750e+08	3.0328705747e+03	1.0489106268e+10	1.0617214200e+02	4.1239362914e+08
184	1.6907791358e+04	3.3337791740e+10	3.2356721770e+02	6.2169057544e+08	3.0817937957e+03	1.0708252958e+10	1.0730187639e+02	4.3376809717e+08
185	1.6888146778e+04	3.3160450560e+10	3.0784391332e+02	5.9201137658e+08	3.1660700617e+03	1.0786365853e+10	1.0776299187e+02	4.1366258432e+08
186	1.6931300115e+04	3.3418440847e+10	3.0728385164e+02	6.0347107803e+08	3.1769705594e+03	1.0570606714e+10	1.0893470636e+02	3.8193171675e+08
187	1.7083953112e+04	3.3508855466e+10	3.1113386679e+02	6.0405643913e+08	3.1267336355e+03	1.0347295781e+10	1.0148470842e+02	3.5855630234e+08
188	1.7313376394e+04	3.3650084209e+10	3.1702811731e+02	5.9908843291e+08	3.2382732519e+03	1.0625677004e+10	1.0823574554e+02	3.7341008693e+08
189	1.7538560388e+04	3.4241947464e+10	3.1765856913e+02	6.1403640256e+08	3.2545487702e+03	1.0659699113e+10	1.0568430441e+02	3.6936269211e+08
190	1.7346616899e+04	3.3796440729e+10	2.9975050778e+02	5.9512137081e+08	3.3716087030e+03	1.0826389795e+10	1.1303049513e+02	3.7164639220e+08
191	1.7631027293e+04	3.4182611722e+10	3.0371389545e+02	5.9894865286e+08	3.4928612461e+03	1.0993701641e+10	1.1946357416e+02	3.7742493079e+08
192	1.7848143467e+04	3.4269810147e+10	3.1009805645e+02	5.8539050294e+08	3.4646664912e+03	1.0852904779e+10	1.1066336205e+02	3.5915608511e+08
193	1.8026001914e+04	3.4450848623e+10	3.1711471774e+02	6.0034361138e+08	3.6236968726e+03	1.1330813495e+10	1.2592586107e+02	4.2118168165e+08
194	1.8329646468e+04	3.4614489838e+10	3.2211403896e+02	5.9521280764e+08	3.6781788030e+03	1.1580534461e+10	1.2418674479e+02	4.3388327490e+08
195	1.8269355462e+04	3.4814121909e+10	3.0841799586e+02	6.1172201058e+08	3.6449804586e+03	1.1622467330e+10	1.1697293902e+02	4.4142667362e+08
196	1.8573722231e+04	3.5563993506e+10	3.1125370897e+02	6.3608562405e+08	3.6702502198e+03	1.1462926330e+10	1.1810664026e+02	4.1091148144e+08
197	1.9062452197e+04	3.6044849247e+10	3.3718867888e+02	6.4375805357e+08	3.7491830049e+03	1.1814319889e+10	1.1996401717e+02	4.3880975290e+08
198	1.8939514440e+04	3.5598088997e+10	3.2431414168e+02	6.2835865200e+08	3.8400805912e+03	1.1665048278e+10	1.2307615645e+02	3.9462176723e+08
199	1.9041031092e+04	3.5239561162e+10	3.2673811511e+02	5.9300621303e+08	3.9343061610e+03	1.1608448980e+10	1.3071940943e+02	3.8040385906e+08
200	1.9316833164e+04	3.5470289757e+10	3.2934101233e+02	5.8316005269e+08	3.9885508683e+03	1.1814659150e+10	1.2964101124e+02	4.0004829218e+08
201	1.9434288038e+04	3.5794231200e+10	3.2868233072e+02	6.0403377810e+08	3.9745761902e+03	1.1635499447e+10	1.2499399691e+02	3.7587496055e+08
202	1.9853950479e+04	3.5951444812e+10	3.5507689034e+02	6.0860462079e+08	4.1013647555e+03	1.2145613029e+10	1.2825071436e+02	4.0787102342e+08
203	2.0018651163e+04	3.6512121768e+10	3.5684639387e+02	6.1435609679e+08	4.1649630095e+03	1.2225093144e+10	1.2938335163e+02	4.0064265384e+08
204	2.0290415964e+04	3.6991487069e+10	3.5001233192e+02	6.3970596615e+08	4.1190523621e+03	1.2097679354e+10	1.2482777855e+02	3.9662981040e+08
205	2.0283640598e+04	3.6593438610e+10	3.5213247997e+02	5.9508576099e+08	4.0893813956e+03	1.1975008566e+10	1.1944047483e+02	3.7729500943e+08
206	2.0664904217e+04	3.6946644241e+10	3.4517202757e+02	5.9632307694e+08	4.1666761311e+03	1.2015033227e+10	1.2366553428e+02	3.7021951924e+08
207	2.0915764505e+04	3.7276309180e+10	3.5038222935e+02	6.1758691646e+08	4.2337223916e+03	1.2046458312e+10	1.2748640337e+02	3.7186821366e+08
208	2.0788328006e+04	3.6844548643e+10	3.3895446249e+02	5.8214208562e+08	4.3020098695e+03	1.2266808500e+10	1.2842378626e+02	3.8534301186e+08
209	2.1359028166e+04	3.7270858364e+10	3.6281658337e+02	5.8375001393e+08	4.3741099177e+03	1.2344195268e+10	1.3160676065e+02	3.8745686404e+08
210	2.1354047500e+04	3.7073548301e+10	3.6020577531e+02	5.7760171182e+08	4.4201362671e+03	1.2427215839e+10	1.3309465738e+02	3.8690755917e+08
211	2.1683602442e+04	3.7547300870e+10	3.6398664746e+02	5.9444049526e+08	4.3555876295e+03	1.2252582333e+10	1.2066453666e+02	3.5864872154e+08
212	2.1838930357e+04	3.7502344794e+10	3.6217281916e+02	5.8740650442e+08	4.3907904008e+03	1.2421639039e+10	1.2085714266e+02	3.7746256818e+08
213	2.1853517025e+04	3.7137676760e+10	3.5771042957e+02	5.5730692125e+08	4.4931188411e+03	1.2772685752e+10	1.2576730814e+02	4.0009336080e+08
214	2.1838295650e+04	3.7279193992e+10	3.4382229548e+02	5.6623555945e+08	4.5269815128e+03	1.2624197472e+10	1.2726862033e+02	3.7559346620e+08
215	2.2062096558e+04	3.7619647882e+10	3.4675908871e+02	5.7633874023e+08	4.6195980578e+03	1.2658289523e+10	1.3121823636e+02	3.6780645692e+08
216	2.2563474327e+04	3.8285718377e+10	3.5971092120e+02	6.0020998933e+08	4.9377493146e+03	1.3138465537e+10	1.5405628782e+02	3.8856251300e+08
217	2.2891767923e+04	3.8394468973e+10	3.7732387035e+02	6.0148579115e+08	4.9500494031e+03	1.3141366804e+10	1.4680937089e+02	3.7723376652e+08
218	2.2838948610e+04	3.8124221368e+10	3.6686379329e+02	5.9883878235e+08	4.9923484082e+03	1.3237145571e+10	1.4542493942e+02	3.7853543102e+08
219	2.3124363465e+04	3.8422945876e+10	3.7232338666e+02	5.9520716010e+08	5.1582651875e+03	1.3477848175e+10	1.5286057321e+02	3.9117598240e+08
220	2.3296524531e+04	3.8409258939e+10	3.8208457890e+02	5.7559557355e+08	5.2001290565e+03	1.3527300097e+10	1.4991624905e+02	3.8132115472e+08
221	2.3042706908e+04	3.8225116539e+10	3.5238522767e+02	5.7643018642e+08	5.2230532260e+03	1.3630230146e+10	1.4482676278e+02	3.8972817046e+08
222	2.3189248987e+04	3.8314612439e+10	3.5672085048e+02	5.6966486873e+08	5.3286043173e+03	1.3838496469e+10	1.4790097738e+02	3.9655102600e+08
223	2.3510271237e+04	3.8435067687e+10	3.6541660772e+02	5.6918684488e+08	5.3521455743e+03	1.3898525331e+10	1.4664160508e+02	3.9175005431e+08
224	2.3858804949e+04	3.8588039553e+10	3.8129445866e+02	5.7172173164e+08	5.4022034282e+03	1.3926910959e+10	1.4838395735e+02	3.9197725454e+08
225	2.3974157873e+04	3.8820338803e+10	3.7359309040e+02	5.6423317103e+08	5.4134879568e+03	1.4003004717e+10	1.4525863943e+02	3.9110544290e+08
226	2.4431241671e+04	3.9444198487e+10	3.8254287418e+02	5.7659604619e+08	5.5830145564e+03	1.4294672056e+10	1.5161212853e+02	3.9921194877e+08
227	2.4590071746e+04	3.9616356486e+10	3.8608603714e+02	5.8515876483e+08	5.7844405747e+03	1.4672134806e+10	1.6461842664e+02	4.1965728653e+08
228	2.4602640843e+04	3.9081832574e+10	3.7962483555e+02	5.4576185451e+08	5.7721343131e+03	1.4640696175e+10	1.5667882584e+02	4.0211232826e+08
229	2.4739252513e+04	3.8967425694e+10	3.8586235771e+02	5.4160772510e+08	6.0127201099e+03	1.5224492439e+10	1.6647703954e+02	4.3248303460e+08
230	2.4955930224e+04	3.9095621211e+10	4.0442060330e+02	5.6680083081e+08	6.0095000435e+03	1.5418430235e+10	1.5883451230e+02	4.5307316567e+08
231	2.5050994395e+04	3.9596386999e+10	3.8351311565e+02	5.8028002022e+08	6.0029434289e+03	1.5284371608e+10	1.5513806863e+02	4.1843672120e+08
232	2.5454999430e+04	4.0036813014e+10	4.0673567407e+02	5.8958570968e+08	6.1115413875e+03	1.5533960445e+10	1.5968727306e+02	4.3399962423e+08
233	2.5371478694e+04	4.0086895943e+10	3.9074412194e+02	5.8870495950e+08	6.2584713728e+03	1.5668505589e+10	1.6564232798e+02	4.2841687454e+08
234	2.5533908747e+04	4.0007506003e+10	3.8804445083e+02	5.7464969222e+08	6.3428548031e+03	1.5752004513e+10	1.6332095862e+02	4.2071664209e+08
235	2.5931779636e+04	3.9892053333e+10	4.1128215717e+02	5.5768258708e+08	6.3966808110e+03	1.5698899208e+10	1.6828723171e+02	4.1137453913e+08
236	2.6324822781e+04	4.0226994487e+10	4.5048107749e+02	5.6958269149e+08	6.2943359746e+03	1.5533815977e+10	1.5424534445e+02	3.9800821833e+08
237	2.6421887961e+04	4.0452700692e+10	4.2283665910e+02	5.8716568756e+08	6.4659300701e+03	1.5751582239e+10	1.6337071787e+02	4.0011155267e+08
238	2.5974503217e+04	4.0177841134e+10	3.8225678535e+02	5.7239778891e+08	6.5144182477e+03	1.5808071383e+10	1.6215252116e+02	4.0238568994e+08
239	2.6111136643e+04	4.0002040987e+10	3.8488785100e+02	5.4933306902e+08	6.6076335664e+03	1.6036222343e+10	1.6407406367e+02	4.1885049583e+08
240	2.6256128818e+04	4.0262557857e+10	3.8481495950e+02	5.5661138629e+08	6.7366355987e+03	1.6277343966e+10	1.6854057422e+02	4.2092368751e+08
241	2.6476305080e+04	4.0478203895e+10	4.0067393618e+02	5.6820550439e+08	6.6707652405e+03	1.6115520803e+10	1.6013605483e+02	4.0654978544e+08
242	2.6718404982e+04	4.0401931234e+10	4.0090634365e+02	5.4618425510e+08	6.8599276094e+03	1.6289080393e+10	1.7171383730e+02	4.0694531763e+08
243	2.6980629259e+04	4.0947774455e+10	3.9314480460e+02	5.7575630254e+08	6.9388743051e+03	1.6530369203e+10	1.7152371158e+02	4.1912134809e+08
244	2.7471879675e+04	4.1258968506e+10	4.3048623181e+02	5.8657299995e+08	6.9920693689e+03	1.6650793778e+10	1.6938242646e+02	4.2252248257e+08
245	2.7590971262e+04	4.1162332992e+10	4.1206932070e+02	5.6074774261e+08	7.0648398169e+03	1.6656493615e+10	1.7017370911e+02	4.0870259718e+08
246	2.8034425754e+04	4.1447416691e+10	4.3146259119e+02	5.5713751904e+08	7.2742337742e+03	1.7028534365e+10	1.7882980779e+02	4.3070434395e+08
247	2.8181677221e+04	4.1999800761e+10	4.2114163527e+02	5.9434233535e+08	7.3225176403e+03	1.6938437553e+10	1.7637679361e+02	4.0950599036e+08
248	2.7951622220e+04	4.1691927440e+10	4.0153389199e+02	5.6301746793e+08	7.3864727198e+03	1.6947175634e+10	1.7957102324e+02	4.0249987682e+08
249	2.8818560827e+04	4.2181366007e+10	4.5926779739e+02	5.8328451011e+08	7.4155704194e+03	1.7018256554e+10	1.7621030639e+02	4.0902329437e+08
250	2.8720155862e+04	4.2209442974e+10	4.3365512016e+02	5.8002000079e+08	7.6632941136e+03	1.7519873367e+10	1.8589433275e+02	4.2912820291e+08
251	2.8772337191e+04	4.2121498526e+10	4.3904166636e+02	5.8039583792e+08	7.6147570506e+03	1.7364985488e+10	1.7600198045e+02	4.0568285933e+08
252	2.8624528700e+04	4.2145956411e+10	4.2509651333e+02	5.9980041418e+08	7.7465087064e+03	1.7727801812e+10	1.8077742705e+02	4.3139885805e+08
253	2.8689330797e+04	4.1811843520e+10	4.2807815955e+02	5.6193458601e+08	7.8828640517e+03	1.7792027781e+10	1.8844344261e+02	4.2258894631e+08
254	2.9124914829e+04	4.2087707389e+10	4.4175485093e+02	5.5658275600e+08	8.0218482600e+03	1.8028487351e+10	1.8878761904e+02	4.2920720359e+08
255	2.9239451861e+04	4.2373973441e+10	4.2355604534e+02	5.6860246354e+08	8.0822894709e+03	1.8047316877e+10	1.8820950139e+02	4.2521356589e+08
256	2.9450482984e+04	4.2162851632e+10	4.3300376975e+02	5.5524111241e+08	8.1981783315e+03	1.8181251860e+10	1.8912789876e+02	4.1427569053e+08
257	2.9650469964e+04	4.2362140274e+10	4.3846137490e+02	5.6597661167e+08	8.3151385279e+03	1.8360683200e+10	1.9377611961e+02	4.2099872326e+08
258	2.9417915789e+04	4.2108069012e+10	4.0873871377e+02	5.4834716038e+08	8.3779231703e+03	1.8540995580e+10	1.8671891867e+02	4.2623744940e+08
259	2.9543220310e+04	4.2152410219e+10	4.1302421925e+02	5.3844669665e+08	8.5454766757e+03	1.8641674390e+10	1.9812669586e+02	4.2525917792e+08
260	2.9707526132e+04	4.2181546073e+10	4.1324128621e+02	5.3743169890e+08	8.5480093974e+03	1.8554102877e+10	1.9378373152e+02	4.1054843246e+08
261	2.9689456022e+04	4.2056365613e+10	4.1345738159e+02	5.4372758593e+08	8.7270691886e+03	1.9029122712e+10	2.0172902186e+02	4.4952810150e+08
262	3.0163763116e+04	4.2271536620e+10	4.3323542017e+02	5.4401090570e+08	8.7508220829e+03	1.9168162098e+10	1.9615900858e+02	4.4940140131e+08
263	3.0300522824e+04	4.2290527136e+10	4.4091200027e+02	5.4366330745e+08	8.7543033451e+03	1.9005870352e+10	1.9062486108e+02	4.2071243591e+08
264	2.9992660588e+04	4.1890830962e+10	4.1601679232e+02	5.2896581772e+08	8.8727132499e+03	1.9273557656e+10	1.9198648867e+02	4.2847226021e+08
265	3.0350484845e+04	4.2092361641e+10	4.2984318569e+02	5.4070187657e+08	8.9573415857e+03	1.9239122955e+10	1.9473087413e+02	4.2128428167e+08
266	3.1037502752e+04	4.2325825373e+10	4.9499211021e+02	5.4377034766e+08	9.3219590632e+03	1.9660590946e+10	2.1587598985e+02	4.3802262695e+08
267	3.1245627953e+04	4.2393492968e+10	5.0109709700e+02	5.5245622683e+08	9.5815739185e+03	2.0008316147e+10	2.2788267321e+02	4.4965252366e+08
268	3.0891953016e+04	4.1874683098e+10	4.4418324480e+02	5.1011014542e+08	9.4707701313e+03	1.9924723217e+10	2.0731458441e+02	4.3440437335e+08
269	3.1553101436e+04	4.2251393519e+10	5.2240693967e+02	5.3339559119e+08	9.6593074492e+03	2.0138544717e+10	2.1481023116e+02	4.3708905593e+08
270	3.1501436060e+04	4.2524558466e+10	4.6872993632e+02	5.6404027984e+08	9.7335848069e+03	2.0256092315e+10	2.1596216744e+02	4.4431754823e+08
271	3.1290376809e+04	4.1928830269e+10	4.5028608746e+02	5.1869487504e+08	9.7349938885e+03	2.0380625396e+10	2.0812725869e+02	4.5742779988e+08
272	3.1340767323e+04	4.1930110879e+10	4.3285441068e+02	5.2132027323e+08	9.8388898015e+03	2.0441918477e+10	2.1341985312e+02	4.5404409955e+08
273	3.1858264691e+04	4.2373301681e+10	4.5611346547e+02	5.2928581890e+08	1.0054772311e+04	2.0774713339e+10	2.2071277272e+02	4.6112640032e+08
274	3.2005529543e+04	4.2758723430e+10	4.7293849360e+02	5.5436063565e+08	1.0106411845e+04	2.0732390996e+10	2.1765532111e+02	4.4756635831e+08
275	3.2055944544e+04	4.2874353163e+10	4.5883537336e+02	5.4341208316e+08	1.0318212087e+04	2.0879541195e+10	2.2707164310e+02	4.4237243576e+08
276	3.2098515099e+04	4.2641317750e+10	4.5113038917e+02	5.2606100417e+08	1.0555376035e+04	2.1223657938e+10	2.3043917802e+02	4.4970318275e+08
277	3.1991913352e+04	4.2283943612e+10	4.5277466174e+02	5.1245149203e+08	1.0612799950e+04	2.1324623662e+10	2.2763072354e+02	4.4952473971e+08
278	3.2162674864e+04	4.2251411781e+10	4.5292903021e+02	5.0240161102e+08	1.0635641750e+04	2.1351961620e+10	2.2525584897e+02	4.5713971386e+08
279	3.2301845697e+04	4.2277552612e+10	4.7148464687e+02	5.0575625781e+08	1.0707138124e+04	2.1531183844e+10	2.2680268867e+02	4.7002104236e+08
280	3.2277441327e+04	4.2412440021e+10	4.4145146120e+02	5.1183932066e+08	1.0870187276e+04	2.1860170632e+10	2.2951178422e+02	4.7623526645e+08
281	3.2487653581e+04	4.2606346576e+10	4.4398032630e+02	5.1837716715e+08	1.0947607901e+04	2.1802057392e+10	2.2839494116e+02	4.5533379242e+08
282	3.2921845336e+04	4.3131886317e+10	4.6410593153e+02	5.4602617287e+08	1.1062856636e+04	2.1836097681e+10	2.3370277745e+02	4.5209626329e+08
283	3.3426557178e+04	4.3228917733e+10	4.9337555942e+02	5.3561777533e+08	1.1522974226e+04	2.2407376140e+10	2.5461827583e+02	4.6953513560e+08
284	3.3269814794e+04	4.3092679101e+10	4.7091222541e+02	5.3038716870e+08	1.1570416388e+04	2.2462085108e+10	2.5006350016e+02	4.7119032128e+08
285	3.3646060303e+04	4.3033182941e+10	4.9188584753e+02	5.1122627668e+08	1.1737340934e+04	2.2787013549e+10	2.5070535551e+02	4.8575393455e+08
286	3.3747058664e+04	4.3221293218e+10	4.8575806870e+02	5.3340365510e+08	1.1782419556e+04	2.2768089904e+10	2.4419025298e+02	4.6081121985e+08
287	3.3291009322e+04	4.2730271313e+10	4.5910501277e+02	5.0963262584e+08	1.1878265998e+04	2.2773668357e+10	2.4756361246e+02	4.5592630747e+08
288	3.3537667971e+04	4.2655890178e+10	4.6704949451e+02	5.0129506405e+08	1.2097436973e+04	2.3087555484e+10	2.5225360757e+02	4.6804851434e+08
289	3.3515694618e+04	4.2502575683e+10	4.5659244080e+02	4.9456942463e+08	1.2184799719e+04	2.3060899883e+10	2.5386194305e+02	4.5751745339e+08
290	3.3775508162e+04	4.2580694628e+10	4.7436112100e+02	4.9922919614e+08	1.2278451760e+04	2.3139269442e+10	2.5229821375e+02	4.5540255259e+08
291	3.4291830935e+04	4.3111510647e+10	4.8670150315e+02	5.3190207291e+08	1.2197093490e+04	2.2991754993e+10	2.3887385819e+02	4.4659827452e+08
292	3.4765806588e+04	4.3501807822e+10	5.2735835101e+02	5.6003265498e+08	1.2298874857e+04	2.3199787579e+10	2.4074013665e+02	4.5119336094e+08
293	3.4753545049e+04	4.3284912491e+10	5.0734997148e+02	5.3642241877e+08	1.2530870321e+04	2.3554274275e+10	2.5141721278e+02	4.6331437729e+08
294	3.5030286558e+04	4.3444792092e+10	5.0061097179e+02	5.2107369180e+08	1.2727987161e+04	2.3874323859e+10	2.5613699697e+02	4.7730777261e+08
295	3.4802671646e+04	4.3485991664e+10	4.7329265066e+02	5.2737475417e+08	1.2670016874e+04	2.3496910560e+10	2.4998548768e+02	4.4181844961e+08
296	3.5242071529e+04	4.3776243041e+10	4.9781906384e+02	5.4122879349e+08	1.2767207054e+04	2.3496408052e+10	2.5209603285e+02	4.3707475491e+08
297	3.5608275205e+04	4.3831561173e+10	5.1046733913e+02	5.3154436939e+08	1.2761262865e+04	2.3369381675e+10	2.4482782725e+02	4.2397609743e+08
298	3.5253561092e+04	4.3572867630e+10	4.9645476057e+02	5.2052382591e+08	1.2964179829e+04	2.3880443148e+10	2.5146681269e+02	4.7759776818e+08
299	3.5583445671e+04	4.3902628639e+10	4.9529140988e+02	5.4418520379e+08	1.3315353864e+04	2.4327633912e+10	2.6382024983e+02	4.6920671510e+08
300	3.5874700636e+04	4.3953064892e+10	4.9654397401e+02	5.3115987103e+08	1.3525870942e+04	2.4766187070e+10	2.6719821757e+02	4.8739947979e+08
301	3.5983827075e+04	4.3785547440e+10	5.0660130619e+02	5.1856656262e+08	1.3631844982e+04	2.4787372842e+10	2.6711255299e+02	4.7603731647e+08
302	3.5699467354e+04	4.3378853892e+10	4.7596879014e+02	5.0138348547e+08	1.3900095858e+04	2.5140760671e+10	2.7505641161e+02	4.8689800081e+08
303	3.5993383919e+04	4.3594263188e+10	4.9964966160e+02	5.1647405382e+08	1.4048655074e+04	2.5284768599e+10	2.7794570984e+02	4.8137410455e+08
304	3.6001934518e+04	4.3551477669e+10	4.8227728141e+02	5.0510590968e+08	1.4006977014e+04	2.5126501190e+10	2.6899440419e+02	4.7230377823e+08
305	3.6560763181e+04	4.3784150521e+10	5.3409592639e+02	5.1977182304e+08	1.4105261033e+04	2.5082730574e+10	2.7617228731e+02	4.6765501619e+08
306	3.6774188550e+04	4.3886902724e+10	5.3674893505e+02	5.2719507960e+08	1.4523189631e+04	2.5541891912e+10	2.9158693759e+02	4.7885986583e+08
307	3.7112151077e+04	4.4085970291e+10	5.4810643171e+02	5.4000469205e+08	1.4566856622e+04	2.5716535959e+10	2.8230717794e+02	4.8390142724e+08
308	3.7251552215e+04	4.4184540305e+10	5.5594533940e+02	5.6150082581e+08	1.4521461865e+04	2.5570932350e+10	2.7344032045e+02	4.6570215625e+08
309	3.7107609806e+04	4.3728267031e+10	5.1952477251e+02	5.0306157887e+08	1.4750891759e+04	2.5928675284e+10	2.8233784660e+02	4.8929676937e+08
310	3.7864167356e+04	4.4159137639e+10	5.6199561084e+02	5.2131021340e+08	1.4946769013e+04	2.5959209046e+10	2.9100203988e+02	4.7900255760e+08
311	3.7767413180e+04	4.4037463520e+10	5.4436950265e+02	5.1636834573e+08	1.4962476800e+04	2.5859648073e+10	2.8468754498e+02	4.6595362833e+08
312	3.7605158326e+04	4.3756649536e+10	5.4691719483e+02	4.9910590417e+08	1.5119994483e+04	2.6032813968e+10	2.8745019155e+02	4.7213524135e+08
313	3.7965677183e+04	4.4444898012e+10	5.4144944822e+02	5.3224071091e+08	1.5217768454e+04	2.6249566305e+10	2.8658259470e+02	4.8370763741e+08
314	3.8149869024e+04	4.4341743144e+10	5.2750189980e+02	5.1163696598e+08	1.5234205776e+04	2.6181335867e+10	2.8113751734e+02	4.6325332053e+08
315	3.8289341568e+04	4.4226770219e+10	5.4039184814e+02	5.0752455816e+08	1.5201091406e+04	2.6071924382e+10	2.7458229187e+02	4.5631139060e+08
316	3.8232967035e+04	4.4198275357e+10	5.1730204405e+02	5.0578611101e+08	1.5152598233e+04	2.5881064418e+10	2.7044753253e+02	4.4351189941e+08
317	3.8767272964e+04	4.4139980654e+10	5.5542922377e+02	5.0173022635e+08	1.5570580807e+04	2.6309421274e+10	2.9300796429e+02	4.6293429857e+08
318	3.9019213646e+04	4.4407432625e+10	5.7568653797e+02	5.2862496360e+08	1.5539031150e+04	2.6221231275e+10	2.8235549158e+02	4.5003665205e+08
319	3.8422679384e+04	4.3815194793e+10	5.2416553949e+02	4.9270315727e+08	1.5479463472e+04	2.6126897444e+10	2.7851642890e+02	4.4607734495e+08
320	3.9003471108e+04	4.3953122002e+10	5.6774663942e+02	5.0842957993e+08	1.5732747840e+04	2.6274754620e+10	2.9196836388e+02	4.4791702905e+08
321	3.9147998802e+04	4.4215919630e+10	5.5415411933e+02	5.1396166630e+08	1.5950253504e+04	2.6736409000e+10	2.9224218167e+02	4.7051111874e+08
322	3.9258536353e+04	4.4016529876e+10	5.5173849437e+02	4.9034569043e+08	1.6056680356e+04	2.6906790460e+10	2.8772079011e+02	4.6874521942e+08
323	3.8787847586e+04	4.3485038457e+10	5.4225156800e+02	4.7770506637e+08	1.6248399717e+04	2.6958053477e+10	2.9507081035e+02	4.5966735835e+08
324	3.8981305647e+04	4.3760498407e+10	5.5587056848e+02	5.0315632892e+08	1.6387543095e+04	2.7104122050e+10	2.9398853154e+02	4.5877800945e+08
325	3.8938620157e+04	4.3602416360e+10	5.5668304116e+02	4.9399061861e+08	1.6789149449e+04	2.7675818619e+10	3.1142130466e+02	4.9249767527e+08
326	3.9017760019e+04	4.3407757969e+10	5.6020831725e+02	4.8327917564e+08	1.6828012969e+04	2.7544607129e+10	3.0108829854e+02	4.6433561014e+08
327	3.9147703381e+04	4.3409531129e+10	5.4901290746e+02	4.8499198001e+08	1.6986021950e+04	2.7663966524e+10	3.0574100250e+02	4.6739549947e+08
328	3.9335548498e+04	4.3375248685e+10	5.6614265591e+02	4.7739084660e+08	1.7148782803e+04	2.7932621058e+10	3.0641513186e+02	4.7658310137e+08
329	3.9480156088e+04	4.3593551548e+10	5.6906523289e+02	4.9978163521e+08	1.7304596254e+04	2.8119190030e+10	3.0932561528e+02	4.7963152280e+08
330	4.0298787412e+04	4.4008454740e+10	6.2302510479e+02	5.0908581250e+08	1.7238779765e+04	2.7867999794e+10	3.0287219777e+02	4.6100126004e+08
331	4.0524852009e+04	4.4099850420e+10	5.9164570517e+02	5.0290113524e+08	1.7919589408e+04	2.8604847596e+10	3.3442610455e+02	4.9249792386e+08
332	4.0489390052e+04	4.4089528444e+10	5.6944439164e+02	4.9419946655e+08	1.7877549286e+04	2.8521747073e+10	3.1914326506e+02	4.8004328889e+08
333	4.0737587581e+04	4.3985144136e+10	5.8094498387e+02	4.8527742893e+08	1.8077146555e+04	2.8645452363e+10	3.2145346554e+02	4.7108063497e+08
334	4.1012133105e+04	4.4064517605e+10	6.1231014147e+02	4.9027321445e+08	1.8589240946e+04	2.9233791887e+10	3.4269864885e+02	4.9643044006e+08
335	4.0731868995e+04	4.3926061221e+10	5.9696528168e+02	4.9597858372e+08	1.8821048171e+04	2.9552720401e+10	3.4342393588e+02	5.0362701938e+08
336	4.0825373298e+04	4.4082544263e+10	5.7703322629e+02	4.9001464122e+08	1.8808738388e+04	2.9514717436e+10	3.3334044959e+02	4.9934858958e+08
337	4.0426459332e+04	4.3675838621e+10	5.6040723911e+02	4.7463351884e+08	1.9226461386e+04	3.0072100776e+10	3.4486765423e+02	5.1166579508e+08
338	4.0755996246e+04	4.3723693454e+10	5.6304086944e+02	4.7028614984e+08	1.8912548646e+04	2.9557041015e+10	3.2208645607e+02	4.7834563329e+08
339	4.1147423227e+04	4.4337475031e+10	5.7467103984e+02	5.1804208433e+08	1.9019095051e+04	2.9694855210e+10	3.2172374463e+02	4.8207027418e+08
340	4.1198238225e+04	4.4074458079e+10	5.5282916042e+02	4.7798217070e+08	1.9302215536e+04	2.9958099483e+10	3.3064474912e+02	4.8389386013e+08
341	4.1492901634e+04	4.4041319747e+10	5.6745843975e+02	4.7612745878e+08	1.9394429572e+04	2.9843320015e+10	3.3176491377e+02	4.7197363843e+08
342	4.1872687655e+04	4.4042459029e+10	6.1089471741e+02	4.8851672927e+08	1.9551918543e+04	2.9886991192e+10	3.3804537359e+02	4.7062238485e+08
343	4.1093427111e+04	4.3580182596e+10	5.5033674871e+02	4.6678178714e+08	1.9780180964e+04	3.0169487953e+10	3.3940973125e+02	4.7906788212e+08
344	4.1454494241e+04	4.4042401634e+10	5.8104716066e+02	4.9671104345e+08	1.9870253208e+04	3.0216258034e+10	3.3955101591e+02	4.7500192222e+08
345	4.1418375557e+04	4.3844605896e+10	5.8059080022e+02	4.8894566498e+08	1.9692568478e+04	2.9845598831e+10	3.2419017697e+02	4.5184671107e+08
346	4.1660472778e+04	4.3957446494e+10	5.9842970703e+02	4.9687979681e+08	1.9953592327e+04	3.0157292552e+10	3.3626289636e+02	4.6856310864e+08
347	4.2206711167e+04	4.4400546021e+10	6.3623187724e+02	5.2919473862e+08	1.9938295306e+04	3.0140115596e+10	3.2727774876e+02	4.6425089103e+08
348	4.2144582221e+04	4.4563456959e+10	6.0971489495e+02	5.3780503935e+08	2.0232045063e+04	3.0388927236e+10	3.3862254995e+02	4.7257284929e+08
349	4.2235192148e+04	4.4320819153e+10	5.9062249468e+02	5.0537123094e+08	2.0616466395e+04	3.0898739873e+10	3.4848619882e+02	4.9292783342e+08
350	4.1960528230e+04	4.4034331557e+10	5.6244630772e+02	4.8612662666e+08	2.0636866600e+04	3.0917892596e+10	3.4205503933e+02	4.9592988221e+08
351	4.2722796294e+04	4.4384270527e+10	6.1309630512e+02	5.0550808162e+08	2.1216274958e+04	3.1537703603e+10	3.6645715604e+02	5.1483357468e+08
352	4.2657081307e+04	4.4124876849e+10	5.9782795272e+02	4.8557927068e+08	2.1185307244e+04	3.1253471561e+10	3.5366117335e+02	4.7625358730e+08
353	4.3265374604e+04	4.4296084732e+10	6.4337762129e+02	4.9141377735e+08	2.1255783024e+04	3.1191752930e+10	3.5121206018e+02	4.6841711125e+08
354	4.3165958480e+04	4.3908914741e+10	6.3588174350e+02	4.6977616114e+08	2.1402156977e+04	3.1341427812e+10	3.5330873197e+02	4.7426825484e+08
355	4.3341110140e+04	4.4145624300e+10	6.6407099586e+02	4.9025557401e+08	2.1450456973e+04	3.1354007126e+10	3.4450008984e+02	4.6361148815e+08
356	4.3096551631e+04	4.3876935637e+10	6.3696231755e+02	4.7583878344e+08	2.1716276998e+04	3.1699440731e+10	3.5244910691e+02	4.8561967460e+08
357	4.3243205905e+04	4.4237153469e+10	6.1724650782e+02	5.0543498297e+08	2.1756538956e+04	3.1912973158e+10	3.4821936326e+02	4.9980454922e+08
358	4.3155929946e+04	4.3694341658e+10	6.1076962532e+02	4.6549315257e+08	2.2340778181e+04	3.2612112651e+10	3.6982069495e+02	5.1852329500e+08
359	4.3486748708e+04	4.3762336287e+10	6.3325141897e+02	4.7485664797e+08	2.2545404995e+04	3.2587169441e+10	3.7574776218e+02	5.0114577686e+08
360	4.3387463423e+04	4.3466007170e+10	6.3772714453e+02	4.7051374439e+08	2.2928326719e+04	3.2931707046e+10	3.8511043029e+02	5.0719482143e+08
361	4.3236304983e+04	4.3295719904e+10	6.0529210438e+02	4.5052971338e+08	2.2569306244e+04	3.2393386502e+10	3.5688190226e+02	4.7267169827e+08
362	4.2960592329e+04	4.3053788756e+10	6.0211456480e+02	4.5753117608e+08	2.2842950163e+04	3.2792257596e+10	3.6674073721e+02	5.0286325569e+08
363	4.3210482026e+04	4.3114082136e+10	6.0362569870e+02	4.6979058646e+08	2.3067046243e+04	3.2892257419e+10	3.6785541160e+02	4.9098832267e+08
364	4.3522834211e+04	4.3226432748e+10	6.1764988156e+02	4.7076968664e+08	2.3217879596e+04	3.2805203371e+10	3.6945358215e+02	4.7175515534e+08
365	4.4100835806e+04	4.3664601250e+10	6.7017121190e+02	5.0239715310e+08	2.2943273290e+04	3.2381765400e+10	3.5441647720e+02	4.5557251965e+08
366	4.4665306970e+04	4.3920917571e+10	7.1524675745e+02	5.0941108469e+08	2.3482928833e+04	3.2988515053e+10	3.7637716919e+02	4.8200259777e+08
367	4.4865650465e+04	4.3979313056e+10	7.2519972592e+02	5.1543535936e+08	2.4048739158e+04	3.3548718377e+10	3.8991314149e+02	4.9255949780e+08
368	4.4473765351e+04	4.3751524820e+10	6.2991477619e+02	4.8015770386e+08	2.4191503042e+04	3.3738676113e+10	3.8887941272e+02	4.9663131476e+08
369	4.4424684164e+04	4.3648499260e+10	6.2541121918e+02	4.8671055534e+08	2.4254286885e+04	3.3896684155e+10	3.8115779739e+02	4.9979213322e+08
370	4.4153870249e+04	4.3497201938e+10	6.1018686226e+02	4.7864591480e+08	2.4585816341e+04	3.4288235045e+10	3.9303612471e+02	5.1384106217e+08
371	4.4529987490e+04	4.3723621605e+10	6.2596479066e+02	4.9706867598e+08	2.4119210925e+04	3.3612796568e+10	3.6146301137e+02	4.6942520493e+08
372	4.4813578344e+04	4.3797270961e+10	6.2411851209e+02	4.9202582574e+08	2.4466441918e+04	3.4079596047e+10	3.7186020325e+02	4.9538222605e+08
373	4.4807367132e+04	4.3389265404e+10	6.1391789035e+02	4.5935995060e+08	2.4818250807e+04	3.4217909548e+10	3.9097623353e+02	4.9244650817e+08
374	4.4662195489e+04	4.3442087661e+10	6.0511122974e+02	4.7368041490e+08	2.5041619693e+04	3.4542553396e+10	3.9100111515e+02	5.0280363945e+08
375	4.4869696045e+04	4.3627706568e+10	5.9939250670e+02	4.7827171281e+08	2.5189919918e+04	3.4778531999e+10	3.9035302020e+02	5.1072007368e+08
376	4.4978959123e+04	4.3534365552e+10	6.1933027069e+02	4.7945380914e+08	2.5747050325e+04	3.5125899731e+10	4.1026700058e+02	5.0648917521e+08
377	4.4815162387e+04	4.3047973420e+10	6.0275919916e+02	4.3248627441e+08	2.5642958954e+04	3.5041821864e+10	3.9609738605e+02	5.0085477295e+08
378	4.4776293454e+04	4.3068075706e+10	5.8650883317e+02	4.3781915103e+08	2.6118837509e+04	3.5504971061e+10	4.1102006469e+02	5.1407444741e+08
379	4.5443427933e+04	4.3242415751e+10	6.6361970077e+02	4.6216325188e+08	2.5763301977e+04	3.4900417825e+10	3.8567839791e+02	4.7843320757e+08
380	4.5759229172e+04	4.3220226570e+10	6.7024662036e+02	4.5988797072e+08	2.6602935080e+04	3.5773044737e+10	4.1705755424e+02	5.0773692939e+08
381	4.5984820990e+04	4.3509638397e+10	7.1697873241e+02	5.2012309601e+08	2.6989523969e+04	3.6258767608e+10	4.2539190116e+02	5.2808050639e+08
382	4.6172297090e+04	4.3522706955e+10	6.9171280006e+02	4.9892974862e+08	2.6887018701e+04	3.5975437069e+10	4.1308247718e+02	5.0443678872e+08
383	4.7111067184e+04	4.4273038601e+10	7.4306173094e+02	5.3533413814e+08	2.6873375247e+04	3.5874070427e+10	4.0099601288e+02	4.9050259961e+08
384	4.7167278005e+04	4.4288138911e+10	7.4225938776e+02	5.3493888429e+08	2.7416748048e+04	3.6541450866e+10	4.2055804189e+02	5.2808461357e+08
385	4.6961467700e+04	4.3827233531e+10	7.0697210982e+02	4.9799228262e+08	2.7643344647e+04	3.6569480839e+10	4.2083893490e+02	5.0606891238e+08
386	4.7699928352e+04	4.3910665555e+10	7.8497316502e+02	5.1130660785e+08	2.7789557492e+04	3.6662380898e+10	4.1995070082e+02	5.0789513107e+08
387	4.8200996840e+04	4.4223158200e+10	7.9240195724e+02	5.1499083771e+08	2.8054082039e+04	3.6757201181e+10	4.2506097759e+02	5.0026334116e+08
388	4.7728670678e+04	4.3977383955e+10	7.4898590146e+02	5.1687775792e+08	2.7786543140e+04	3.6479512584e+10	4.1076356503e+02	4.9161330239e+08
389	4.8248196568e+04	4.4056136489e+10	7.5374749681e+02	5.0958870675e+08	2.7825846129e+04	3.6520143577e+10	4.1047388899e+02	4.9496999145e+08
390	4.8291085313e+04	4.4277652643e+10	7.5714368105e+02	5.1980834194e+08	2.7927371581e+04	3.6480913729e+10	4.0743912076e+02	4.8259010225e+08
391	4.8103980474e+04	4.4349973462e+10	7.4808186334e+02	5.4742414901e+08	2.7834486567e+04	3.6442921704e+10	3.9581570743e+02	4.9183534962e+08
392	4.8136610219e+04	4.4442993286e+10	7.3198315071e+02	5.6170898834e+08	2.8105574339e+04	3.6645687454e+10	4.0913466280e+02	4.9514379511e+08
393	4.7980159092e+04	4.3819320556e+10	7.0830575671e+02	5.0493187107e+08	2.8227222126e+04	3.6891838920e+10	4.0844039453e+02	5.0803519844e+08
394	4.7873469510e+04	4.3745769702e+10	6.9173789114e+02	5.0099124365e+08	2.8609705390e+04	3.7098050333e+10	4.1937208220e+02	5.0221893867e+08
395	4.8142785518e+04	4.3921022394e+10	7.1912384734e+02	5.1792160873e+08	2.8849713778e+04	3.7190479965e+10	4.2799317019e+02	5.0296814311e+08
396	4.8073195124e+04	4.3432558558e+10	7.3502848417e+02	5.0607226236e+08	2.9068934446e+04	3.7247865209e+10	4.2433969478e+02	4.8779789338e+08
397	4.8184957041e+04	4.3516036520e+10	7.3475445540e+02	4.9903969468e+08	2.9815740448e+04	3.8156877889e+10	4.4742974338e+02	5.2494305614e+08
398	4.8395050071e+04	4.3477109041e+10	7.1433105877e+02	4.8783773453e+08	2.9905120940e+04	3.8296505197e+10	4.4087787660e+02	5.2928033961e+08
399	4.8706610451e+04	4.3471879921e+10	7.3860445802e+02	4.8846602213e+08	3.0124872679e+04	3.8309608339e+10	4.4436180159e+02	5.1548799299e+08
400	4.8702357034e+04	4.3570603880e+10	7.2246336835e+02	4.8629423952e+08	3.0238035441e+04	3.8352639947e+10	4.3635531550e+02	5.0662215964e+08
401	4.9063738403e+04	4.3640851054e+10	7.7959205342e+02	5.1375466286e+08	3.0977422904e+04	3.8921141663e+10	4.6604960386e+02	5.2175466799e+08
402	4.8654444251e+04	4.3231967378e+10	7.2413435418e+02	4.7242485236e+08	3.0838639731e+04	3.8695310368e+10	4.5077649603e+02	5.1131874421e+08
403	4.9112419021e+04	4.3680007061e+10	7.2949148501e+02	5.0060523604e+08	3.1287320158e+04	3.9282208620e+10	4.6006387940e+02	5.3524886001e+08
404	4.9315452776e+04	4.3760316734e+10	7.7419168264e+02	5.1056102716e+08	3.1747035631e+04	3.9693118483e+10	4.7056889214e+02	5.3670817242e+08
405	4.9171330124e+04	4.3276312373e+10	7.4664835273e+02	4.7830801891e+08	3.1538674605e+04	3.9571265265e+10	4.4907516596e+02	5.2678070916e+08
406	4.9291684327e+04	4.3368439008e+10	7.3942808701e+02	4.7757119774e+08	3.1983145735e+04	3.9967009632e+10	4.6394868298e+02	5.3959377305e+08
407	4.9301039196e+04	4.3427100085e+10	7.4919198110e+02	4.9864294229e+08	3.2334289830e+04	4.0084050250e+10	4.7540709059e+02	5.3210022288e+08
408	4.9184745181e+04	4.3063990392e+10	7.2127704928e+02	4.6611567326e+08	3.2022942156e+04	3.9650707013e+10	4.5045177348e+02	5.0713168918e+08
409	4.9824094792e+04	4.3066683145e+10	7.8053707174e+02	4.6601816840e+08	3.2520314711e+04	4.0044835295e+10	4.6839689628e+02	5.2043806055e+08
410	4.9465944687e+04	4.2832326145e+10	7.5666324721e+02	4.5696111569e+08	3.2733223894e+04	4.0221848628e+10	4.7009856316e+02	5.2325605635e+08
411	5.0057654724e+04	4.3303556212e+10	7.7571627564e+02	4.9583626311e+08	3.2832980284e+04	4.0320118553e+10	4.6126098995e+02	5.1926590310e+08
412	5.0001726151e+04	4.3302165061e+10	7.7924187147e+02	5.0466258599e+08	3.2946606015e+04	4.0439048020e+10	4.6095729404e+02	5.2128405128e+08
413	5.0210252004e+04	4.3443977612e+10	8.0816758153e+02	5.2735608720e+08	3.3497978950e+04	4.0908575911e+10	4.8279063631e+02	5.3834872053e+08
414	4.9506624035e+04	4.3007675730e+10	7.6793573414e+02	5.1846000512e+08	3.3191168393e+04	4.0464050400e+10	4.5730366395e+02	5.1100849506e+08
415	5.0089163772e+04	4.3369591347e+10	7.9100993297e+02	5.3950272567e+08	3.3352344347e+04	4.0656795119e+10	4.5827963203e+02	5.1834184745e+08
416	5.0148576668e+04	4.3483468938e+10	7.8075675122e+02	5.4418916255e+08	3.3762242239e+04	4.0934794343e+10	4.6957655978e+02	5.2138254203e+08
417	5.0483311149e+04	4.3303856796e+10	8.6622164364e+02	5.8387503160e+08	3.3899227925e+04	4.1031503427e+10	4.6716597230e+02	5.2278248857e+08
418	5.1041319496e+04	4.3796160690e+10	8.1377938253e+02	5.5813546356e+08	3.4290129218e+04	4.1356053208e+10	4.7960101380e+02	5.3147443353e+08
419	5.1665918846e+04	4.3954316211e+10	8.5581094921e+02	5.5123170931e+08	3.4573939819e+04	4.1437402165e+10	4.7992075939e+02	5.2030741976e+08
420	5.2113982211e+04	4.3963399971e+10	9.0758232066e+02	5.7499213816e+08	3.4848522384e+04	4.1598804635e+10	4.8440538034e+02	5.2144347910e+08
421	5.1429527082e+04	4.3492895749e+10	8.1455465593e+02	5.2091883951e+08	3.5094977993e+04	4.1780186051e+10	4.8736410978e+02	5.2573151333e+08
422	5.1241344492e+04	4.3207879802e+10	7.8555737843e+02	5.0033581364e+08	3.5236736230e+04	4.1761005798e+10	4.8823485691e+02	5.1908267752e+08
423	5.1546936568e+04	4.3446893434e+10	8.2047778596e+02	5.3159098190e+08	3.5601308534e+04	4.2059009250e+10	4.9413251303e+02	5.2513305679e+08
424	5.1426177715e+04	4.3293711942e+10	8.1131064099e+02	5.1586944183e+08	3.5457062629e+04	4.1917060700e+10	4.8355253094e+02	5.2146263158e+08
425	5.1139566249e+04	4.3025663533e+10	8.0164505182e+02	5.1697150739e+08	3.5773079632e+04	4.2195122623e+10	4.8931937308e+02	5.2727046921e+08
426	5.1100568169e+04	4.2797074588e+10	7.8951116909e+02	5.0455913786e+08	3.5440610048e+04	4.1724212306e+10	4.6735365560e+02	5.0043502617e+08
427	5.1694472670e+04	4.2994591260e+10	8.6969625942e+02	5.3784039463e+08	3.5835047056e+04	4.2139204463e+10	4.8269798038e+02	5.2080090813e+08
428	5.1901414957e+04	4.3199250662e+10	8.4588574975e+02	5.3963100579e+08	3.6394219074e+04	4.2618431720e+10	5.0193369745e+02	5.3446178793e+08
429	5.1891523231e+04	4.3040477076e+10	8.5070398753e+02	5.3355407107e+08	3.6630352047e+04	4.2836169313e+10	4.9949653913e+02	5.3798489126e+08
430	5.1675489293e+04	4.2790271008e+10	8.1128871074e+02	4.9827343966e+08	3.6610498556e+04	4.2655764558e+10	4.9549765667e+02	5.2484634964e+08
431	5.1730174614e+04	4.2802704476e+10	8.2613456979e+02	4.9954263093e+08	3.6635841657e+04	4.2573901480e+10	4.9176161548e+02	5.1797611292e+08
432	5.1279661827e+04	4.2570419580e+10	8.5413620989e+02	5.3721802844e+08	3.7203850946e+04	4.3125558500e+10	5.0447115329e+02	5.3323120580e+08
433	5.0683054654e+04	4.2055285846e+10	7.8153674628e+02	4.8190920015e+08	3.7589590519e+04	4.3481918357e+10	5.0596135644e+02	5.3547493930e+08
434	5.0705103804e+04	4.1863855217e+10	7.5833217839e+02	4.5757257065e+08	3.7621044444e+04	4.3361668754e+10	5.0095289848e+02	5.2470889567e+08
435	5.0952708770e+04	4.1944421438e+10	7.7164878744e+02	4.6199745312e+08	3.7632620629e+04	4.3213899739e+10	4.9673090089e+02	5.1332305907e+08
436	5.0993765784e+04	4.1719924246e+10	7.6625801366e+02	4.5115015678e+08	3.7979003975e+04	4.3496119539e+10	5.0479085884e+02	5.2410793022e+08
437	5.0897403584e+04	4.1685821063e+10	7.6383122164e+02	4.6157873833e+08	3.8124385795e+04	4.3473418808e+10	5.0517320447e+02	5.1456220831e+08
438	5.1290323967e+04	4.1844418363e+10	8.0300259800e+02	4.7283414904e+08	3.7945304270e+04	4.3339873731e+10	4.9060265211e+02	5.1140153801e+08
439	5.1643612714e+04	4.2137207387e+10	7.9724205279e+02	4.9136090179e+08	3.8431166785e+04	4.3798690533e+10	5.0090509649e+02	5.2476480271e+08
440	5.1940732491e+04	4.2625787112e+10	8.3605937956e+02	5.4841033487e+08	3.8970672915e+04	4.4234190079e+10	5.1716319396e+02	5.3464337951e+08
441	5.1989477440e+04	4.2310250169e+10	9.3455932571e+02	5.4276689689e+08	3.8946184008e+04	4.4136044107e+10	5.0732944945e+02	5.2427621678e+08
442	5.1904013094e+04	4.2067364015e+10	8.5600000154e+02	5.1561174992e+08	3.8878515563e+04	4.3973789036e+10	4.9539983925e+02	5.1262615361e+08
443	5.2190836888e+04	4.2405577784e+10	8.6704561026e+02	5.5412485670e+08	3.9011126546e+04	4.3931535183e+10	4.9936021974e+02	5.0802875084e+08
444	5.2762124950e+04	4.2703269279e+10	9.0570469466e+02	5.7872058465e+08	3.8938825883e+04	4.3758888569e+10	4.9385512563e+02	4.9959444972e+08
445	5.3250894635e+04	4.2764505387e+10	9.5459257534e+02	6.0202111734e+08	3.9303496215e+04	4.4134804878e+10	5.0529989395e+02	5.2186541764e+08
446	5.3099410559e+04	4.2745071919e+10	9.5509587193e+02	6.1251446274e+08	3.9206781731e+04	4.4003202990e+10	4.8879061954e+02	5.0417099960e+08
447	5.3604566539e+04	4.3039056714e+10	9.8863874202e+02	6.2772771500e+08	3.9578063456e+04	4.4243609885e+10	5.0541741075e+02	5.1321728948e+08
448	5.3877889721e+04	4.3092135781e+10	9.8542133004e+02	6.3141269992e+08	3.9860555677e+04	4.4559456639e+10	5.0552736112e+02	5.2763198324e+08
449	5.3422006998e+04	4.2775021372e+10	9.7244135075e+02	6.2114498643e+08	4.0007368274e+04	4.4467828277e+10	5.1080453444e+02	5.1412227027e+08
450	5.3166584518e+04	4.2529022596e+10	9.2232631574e+02	5.8536015710e+08	4.0349637322e+04	4.4605645711e+10	5.1715628094e+02	5.1093027671e+08
451	5.2873005973e+04	4.2326903222e+10	9.0341881854e+02	5.8838236457e+08	4.0483496827e+04	4.4733993667e+10	5.1344777717e+02	5.1723494112e+08
452	5.3065788147e+04	4.2136626406e+10	8.9438344651e+02	5.5874913496e+08	4.0942209208e+04	4.5100289086e+10	5.2390927018e+02	5.2224383522e+08
453	5.3230288380e+04	4.2091687396e+10	9.3049362115e+02	5.5442352391e+08	4.1380465252e+04	4.5430096291e+10	5.3300812955e+02	5.2818241966e+08
454	5.3584206045e+04	4.2298659762e+10	9.5017766757e+02	5.8484944133e+08	4.1833126101e+04	4.5782201123e+10	5.4295208107e+02	5.3569894738e+08
455	5.3663234973e+04	4.2341834418e+10	9.4950627029e+02	5.8518276425e+08	4.1940025741e+04	4.5800119981e+10	5.4543192084e+02	5.3708666607e+08
456	5.3122071239e+04	4.2081993166e+10	8.8503202505e+02	5.5367906855e+08	4.1727831111e+04	4.5627545579e+10	5.1682254803e+02	5.1884313122e+08
457	5.3655504712e+04	4.2201751711e+10	9.4162614600e+02	5.7648064398e+08	4.2313300944e+04	4.6169032597e+10	5.3869238499e+02	5.4089459004e+08
458	5.4933850455e+04	4.2798249846e+10	1.1345523609e+03	6.8575967596e+08	4.2400725675e+04	4.6153492345e+10	5.3224299640e+02	5.2886515209e+08
459	5.3562410731e+04	4.1935025462e+10	9.3032162288e+02	5.6672068447e+08	4.2516750869e+04	4.6150036689e+10	5.3434163541e+02	5.2869183828e+08
460	5.4367131094e+04	4.2256862880e+10	1.0511481999e+03	6.2115718114e+08	4.2907088639e+04	4.6325979883e+10	5.4566403572e+02	5.2958799121e+08
461	5.4061939406e+04	4.2002445531e+10	1.0039030996e+03	6.0029356764e+08	4.2661500397e+04	4.6054098321e+10	5.2280974991e+02	5.1189601761e+08
462	5.4000287240e+04	4.1909466458e+10	1.0150290779e+03	6.0869952011e+08	4.3072086918e+04	4.6333744991e+10	5.3473220447e+02	5.1857565944e+08
463	5.4059782870e+04	4.2044758239e+10	9.7479178232e+02	5.8438049517e+08	4.3503241133e+04	4.6643516374e+10	5.4625738011e+02	5.2864591740e+08
464	5.4726984894e+04	4.2460696764e+10	1.0438810601e+03	6.4504537164e+08	4.3629127319e+04	4.6650240126e+10	5.4465259269e+02	5.2295832639e+08
465	5.4174955546e+04	4.1991326173e+10	9.6208697928e+02	5.8816621419e+08	4.3665653431e+04	4.6519482166e+10	5.4193430884e+02	5.1307766986e+08
466	5.4954634039e+04	4.2252906882e+10	9.9889833064e+02	5.9051951547e+08	4.4029491472e+04	4.6900824444e+10	5.4285867314e+02	5.2567992510e+08
467	5.4581451907e+04	4.1942087446e+10	9.4493602340e+02	5.6275644581e+08	4.4898384957e+04	4.7546084354e+10	5.7027311158e+02	5.4166368915e+08
468	5.4049649633e+04	4.1648771332e+10	9.3678640271e+02	5.6353407946e+08	4.4892951427e+04	4.7490304306e+10	5.5462660014e+02	5.3035446671e+08
469	5.5213660634e+04	4.2474831595e+10	1.0693380560e+03	6.4579403339e+08	4.5160507427e+04	4.7713901942e+10	5.5707538403e+02	5.3585084749e+08
470	5.4585372960e+04	4.2059198485e+10	9.6459227413e+02	5.9260826040e+08	4.5106301719e+04	4.7530385925e+10	5.4837426971e+02	5.2229078020e+08
471	5.5388040672e+04	4.2350175095e+10	1.0157541453e+03	6.1109970038e+08	4.5572929461e+04	4.7881196177e+10	5.6077337821e+02	5.3281074765e+08
472	5.4717465847e+04	4.1938479311e+10	1.0504375695e+03	6.1496706359e+08	4.5652244737e+04	4.7807995293e+10	5.5521311848e+02	5.2150514178e+08
473	5.5280036143e+04	4.2127419423e+10	1.0645056023e+03	6.3397329240e+08	4.6038804546e+04	4.8018923986e+10	5.6836940992e+02	5.2884990295e+08
474	5.5306620814e+04	4.1934974808e+10	1.0190572570e+03	5.9574325513e+08	4.5996903889e+04	4.7932211606e+10	5.5589070758e+02	5.1987538310e+08
475	5.5540278927e+04	4.1827853097e+10	1.0346587867e+03	5.9470470385e+08	4.6607556378e+04	4.8479011575e+10	5.7294987026e+02	5.4052265046e+08
476	5.5923379581e+04	4.2091640911e+10	1.1265484949e+03	6.6049898112e+08	4.6491997641e+04	4.8230079239e+10	5.6119573015e+02	5.2286793088e+08
477	5.5390057937e+04	4.1693998064e+10	1.0440061680e+03	5.9946043959e+08	4.6601422515e+04	4.8220043893e+10	5.6265344870e+02	5.2274832071e+08
478	5.6541803968e+04	4.2282774080e+10	1.3288743729e+03	7.2531906832e+08	4.6758588002e+04	4.8267627887e+10	5.5903003954e+02	5.1775334066e+08
479	5.5750967655e+04	4.1727512845e+10	1.1563263098e+03	6.4297820123e+08	4.7799798015e+04	4.9123905951e+10	5.9309654278e+02	5.4610070485e+08
480	5.5341445720e+04	4.1338365878e+10	1.0841870496e+03	5.9150102506e+08	4.8060153540e+04	4.9302975890e+10	5.9194811054e+02	5.4465664806e+08
481	5.4669317226e+04	4.1132510733e+10	9.7878542139e+02	5.5822917266e+08	4.7669141787e+04	4.8960019305e+10	5.6212332088e+02	5.2616213573e+08
482	5.4613978304e+04	4.0824014214e+10	9.5689313414e+02	5.3409774196e+08	4.8031704125e+04	4.9173922807e+10	5.7070336918e+02	5.2769231348e+08
483	5.4439969335e+04	4.0705294372e+10	9.6562108744e+02	5.3922794739e+08	4.8189674742e+04	4.9230649677e+10	5.7031629984e+02	5.2616626989e+08
484	5.5524225288e+04	4.1133387130e+10	1.1043586095e+03	6.0477118671e+08	4.8100643701e+04	4.9065267093e+10	5.6025028613e+02	5.1710027512e+08
485	5.5586845457e+04	4.1136185827e+10	1.0975393335e+03	6.0688063716e+08	4.8300062892e+04	4.9193777851e+10	5.6203130954e+02	5.1929461541e+08
486	5.5752210844e+04	4.1098887382e+10	1.0863237282e+03	6.0926306216e+08	4.8871207530e+04	4.9620177563e+10	5.8641521306e+02	5.3934657873e+08
487	5.5310105013e+04	4.1156777582e+10	1.0090060391e+03	5.9094252189e+08	4.8672360830e+04	4.9350057477e+10	5.6253635263e+02	5.1575700497e+08
488	5.5263268668e+04	4.0922984709e+10	1.0287540896e+03	5.9031156505e+08	4.9228329780e+04	4.9744378122e+10	5.8215443983e+02	5.3133802691e+08
489	5.5702786514e+04	4.0901024137e+10	1.0650354856e+03	5.8417646537e+08	5.0249058131e+04	5.0640658481e+10	6.1100109474e+02	5.6116044966e+08
490	5.5528932349e+04	4.0643820602e+10	1.0367130361e+03	5.6202473654e+08	5.0271942224e+04	5.0572668792e+10	5.9958211463e+02	5.4741339633e+08
491	5.6128648180e+04	4.1008054523e+10	1.2492929814e+03	7.0177941920e+08	5.0182189816e+04	5.0374661919e+10	5.8847946334e+02	5.3367177152e+08
492	5.7077063358e+04	4.1457914283e+10	1.4323130752e+03	7.4104241853e+08	5.0486450645e+04	5.0589708334e+10	5.9418869068e+02	5.3910377072e+08
493	5.6709192090e+04	4.1352323397e+10	1.2152031229e+03	6.4739170727e+08	5.0125411254e+04	5.0163129745e+10	5.7168876745e+02	5.1825721649e+08
494	5.6270934385e+04	4.1049055247e+10	1.1485426141e+03	6.1687844752e+08	5.0654236914e+04	5.0557699588e+10	5.8786536690e+02	5.3208707373e+08
495	5.6136058656e+04	4.0775710970e+10	1.0707908181e+03	5.7091953013e+08	5.1524755492e+04	5.1239455505e+10	6.2360337302e+02	5.6098056927e+08
496	5.6178163332e+04	4.0716399770e+10	1.1000804649e+03	5.8441945324e+08	5.1892152879e+04	5.1461987048e+10	6.1859486391e+02	5.5333446529e+08
497	5.6915686095e+04	4.0982913679e+10	1.1328088331e+03	6.0962257753e+08	5.2431992203e+04	5.2019401696e+10	6.2532538070e+02	5.6932500945e+08
498	5.6712041139e+04	4.0971214273e+10	1.0619981603e+03	5.7507817338e+08	5.2124556885e+04	5.1655865390e+10	6.0368081129e+02	5.4999907677e+08
499	5.6618573543e+04	4.0836595741e+10	1.0565352993e+03	5.7729756856e+08	5.2474605836e+04	5.1836262545e+10	6.0405437169e+02	5.4174032532e+08
500	5.6835483562e+04	4.0924513522e+10	1.0809934299e+03	5.9442535241e+08	5.2489168637e+04	5.1748133473e+10	6.0194466596e+02	5.3900807713e+08
501	5.6677453270e+04	4.0683839706e+10	1.0737869709e+03	5.7950591493e+08	5.2853816038e+04	5.1869827134e+10	6.0713653351e+02	5.3221023336e+08
502	5.6582245342e+04	4.0542846639e+10	1.0673594358e+03	5.6479901796e+08	5.3272433587e+04	5.2222611155e+10	6.2115914584e+02	5.5064154942e+08
503	5.7792332936e+04	4.1189590466e+10	1.2380462383e+03	6.7726172528e+08	5.3376740655e+04	5.2150653143e+10	6.1062349736e+02	5.3639396512e+08
504	5.9500629967e+04	4.2042967856e+10	2.0198297005e+03	1.1057329295e+09	5.4070265115e+04	5.2593882012e+10	6.3409774325e+02	5.5105329955e+08
505	5.8181073014e+04	4.1248408137e+10	1.4598253049e+03	7.6107647557e+08	5.4354236583e+04	5.2750521565e+10	6.3168960263e+02	5.4873848193e+08
506	5.8071565872e+04	4.1080786052e+10	1.2673846927e+03	6.8651940696e+08	5.4552474871e+04	5.2864254021e+10	6.2958028610e+02	5.4992153769e+08
507	5.7826211304e+04	4.0920747710e+10	1.1959745125e+03	6.4721321868e+08	5.4765324571e+04	5.2974615312e+10	6.2409421248e+02	5.4557362945e+08
508	5.8041462647e+04	4.1108080256e+10	1.2483081523e+03	6.9885513418e+08	5.5358216929e+04	5.3330612266e+10	6.3936447204e+02	5.5184379583e+08
509	5.9011607245e+04	4.1475886851e+10	1.3347270533e+03	7.3372284789e+08	5.5133272612e+04	5.3143888806e+10	6.1867945464e+02	5.4157148457e+08
510	5.9054251169e+04	4.1245608014e+10	1.3017700704e+03	7.0116918849e+08	5.4680502582e+04	5.2693709687e+10	5.9871918170e+02	5.2540767837e+08
511	5.8827219067e+04	4.1125300524e+10	1.2654307478e+03	6.8025905919e+08	5.4947898984e+04	5.2794232287e+10	6.0219898562e+02	5.2152951275e+08
512	5.8022984806e+04	4.0826871718e+10	1.1380540480e+03	6.2149832768e+08	5.5499369003e+04	5.3117733028e+10	6.2941117885e+02	5.3778675481e+08
513	5.8211443776e+04	4.0645329945e+10	1.1571329222e+03	6.1048735865e+08	5.5237573111e+04	5.2917614706e+10	5.9771429533e+02	5.2129657681e+08
514	5.7252141564e+04	4.0117592698e+10	1.0635248124e+03	5.6284524675e+08	5.6128731070e+04	5.3570116459e+10	6.3827450000e+02	5.4989504654e+08
515	5.7429218751e+04	4.0200998318e+10	1.0831095930e+03	5.7141081953e+08	5.6185503953e+04	5.3511478352e+10	6.1947881654e+02	5.3122421880e+08
516	5.7054005229e+04	3.9907883425e+10	1.0606980009e+03	5.5935086083e+08	5.6101829825e+04	5.3410104559e+10	6.1085520691e+02	5.2911408609e+08
517	5.7052392203e+04	3.9913684520e+10	1.0761343477e+03	5.5704468509e+08	5.6993620592e+04	5.4081837006e+10	6.4244432451e+02	5.5216365065e+08
518	5.8726294239e+04	4.0560755054e+10	1.5703668483e+03	7.1406135362e+08	5.7341846758e+04	5.4225332827e+10	6.5258896714e+02	5.5459436688e+08
519	5.7673933494e+04	4.0044894887e+10	1.2025772344e+03	5.9210556589e+08	5.7327224215e+04	5.4316595334e+10	6.3250124321e+02	5.5284597031e+08
520	5.9033607578e+04	4.0593907967e+10	1.5930369289e+03	7.5052375495e+08	5.7722316073e+04	5.4564646956e+10	6.3858188886e+02	5.5377299775e+08
521	5.9354704638e+04	4.0661055277e+10	1.4593719275e+03	7.3087364510e+08	5.8376668410e+04	5.4950451243e+10	6.5816863837e+02	5.6150799865e+08
522	5.8583062452e+04	4.0245869201e+10	1.2429225662e+03	6.2925606077e+08	5.8460038805e+04	5.4954720190e+10	6.4711125339e+02	5.5500952081e+08
523	5.8839521087e+04	4.0385828487e+10	1.2694246962e+03	6.4918225772e+08	5.8829756587e+04	5.5220027761e+10	6.5486319802e+02	5.6072930387e+08
524	5.9363748369e+04	4.0546294021e+10	1.4767556477e+03	7.3248166103e+08	5.8420659707e+04	5.4863975282e+10	6.3187603288e+02	5.4719171734e+08
525	5.8666908505e+04	4.0235473774e+10	1.2491752290e+03	6.3854999633e+08	5.8509411730e+04	5.4788471385e+10	6.2940635354e+02	5.3766174758e+08
526	5.8685478430e+04	4.0152117391e+10	1.1930578988e+03	6.1157002468e+08	5.8748325239e+04	5.4811117836e+10	6.3351301873e+02	5.3278487895e+08
527	5.9528736981e+04	4.0435653477e+10	1.4374230443e+03	6.9628492038e+08	5.8750771837e+04	5.4725707735e+10	6.2856509888e+02	5.2851138711e+08
528	6.0904388248e+04	4.0896237884e+10	1.9028430351e+03	8.2872467155e+08	5.8620306645e+04	5.4517883706e+10	6.1964846620e+02	5.1918679927e+08
529	6.0148843103e+04	4.0485158773e+10	1.4467748590e+03	6.7880405071e+08	5.8846789733e+04	5.4636311661e+10	6.2363897137e+02	5.2401791886e+08
530	6.0802826425e+04	4.0806238114e+10	1.5596913431e+03	7.7150307202e+08	5.9520352645e+04	5.5030847999e+10	6.4556671425e+02	5.3479068822e+08
531	6.0746568793e+04	4.0608037991e+10	1.4303726183e+03	7.0606983953e+08	5.9580268423e+04	5.4964791002e+10	6.4086188495e+02	5.2849153623e+08
532	6.0194185590e+04	4.0252022888e+10	1.3110605634e+03	6.5203616897e+08	6.0234280864e+04	5.5448531100e+10	6.6110316029e+02	5.4813799653e+08
533	6.0389623849e+04	4.0516106128e+10	1.3534748283e+03	6.9362845032e+08	6.1123572857e+04	5.6058444879e+10	6.8640394198e+02	5.6428712735e+08
534	6.0868460170e+04	4.0482789801e+10	1.3231754238e+03	6.7199531249e+08	6.1357806225e+04	5.6199798111e+10	6.7950285578e+02	5.6012300796e+08
535	6.0450981233e+04	4.0168935424e+10	1.2590030919e+03	6.3637444989e+08	6.0946581335e+04	5.5865266456e+10	6.4735557572e+02	5.3989474228e+08
536	6.1216005300e+04	4.0651263137e+10	1.3182786734e+03	6.6653843003e+08	6.1475108055e+04	5.6175298365e+10	6.5939855693e+02	5.4358074638e+08
537	6.2194266840e+04	4.1139607296e+10	1.7360053550e+03	8.4193682412e+08	6.2154628368e+04	5.6645364891e+10	6.7727952629e+02	5.5669377483e+08
538	6.1609893523e+04	4.0860132190e+10	1.6011813318e+03	7.6685213175e+08	6.2665537121e+04	5.6961890529e+10	6.8183061054e+02	5.5959383937e+08
539	6.0735767110e+04	4.0453504268e+10	1.3763719855e+03	6.8925013362e+08	6.2805229919e+04	5.7084500249e+10	6.7361746021e+02	5.6011387090e+08
540	6.1336524029e+04	4.0523996142e+10	1.3977465675e+03	6.8299289963e+08	6.2837855596e+04	5.6931090136e+10	6.7016861263e+02	5.4778966652e+08
541	6.1840849949e+04	4.0919339708e+10	1.4959690437e+03	7.3641967233e+08	6.2922927585e+04	5.6944736142e+10	6.7049813241e+02	5.4876753059e+08
542	6.1614605572e+04	4.0679455667e+10	1.4029081648e+03	6.9184862619e+08	6.2746425614e+04	5.6699252210e+10	6.5422030769e+02	5.3436932371e+08
543	6.2143186229e+04	4.0801333800e+10	1.4344658374e+03	7.0424443221e+08	6.2196849246e+04	5.6250208431e+10	6.2262772244e+02	5.1598121512e+08
544	6.2213093941e+04	4.0736758373e+10	1.5161573943e+03	7.4607350801e+08	6.2386756036e+04	5.6261010287e+10	6.3488896231e+02	5.1671004099e+08
545	6.2272793251e+04	4.0847769200e+10	1.6443730352e+03	8.4140554860e+08	6.3129622897e+04	5.6853474147e+10	6.5961105161e+02	5.4289717083e+08
546	6.2917208029e+04	4.1162261538e+10	1.5759748417e+03	8.0774675742e+08	6.3447940398e+04	5.6987167124e+10	6.6552764071e+02	5.4269613198e+08
547	6.3703067481e+04	4.1577810813e+10	1.6992712607e+03	8.7476637620e+08	6.3626422340e+04	5.7064710651e+10	6.6661158150e+02	5.4384698986e+08
548	6.2838255395e+04	4.1078048234e+10	1.5266668109e+03	7.7794989948e+08	6.4500047540e+04	5.7651959314e+10	6.8601896578e+02	5.5532954107e+08
549	6.2560221374e+04	4.0869181646e+10	1.4527064999e+03	7.4515131776e+08	6.4532670692e+04	5.7623281797e+10	6.7477805213e+02	5.4742374848e+08
550	6.2859523794e+04	4.0756671185e+10	1.5367010206e+03	7.5303542459e+08	6.4167894179e+04	5.7281751405e+10	6.5222059542e+02	5.3104420550e+08
551	6.3383302197e+04	4.0815081809e+10	1.5083457752e+03	7.4332264860e+08	6.4739938892e+04	5.7647093963e+10	6.7110532299e+02	5.4410442344e+08
552	6.3105441369e+04	4.0776150456e+10	1.5687375582e+03	7.5903586099e+08	6.5144930117e+04	5.7879014271e+10	6.8006092108e+02	5.4883800561e+08
553	6.3394062044e+04	4.0799862354e+10	1.6861004244e+03	7.7674761682e+08	6.5246872870e+04	5.7840861727e+10	6.7141923035e+02	5.3902514399e+08
554	6.2604959878e+04	4.0464445716e+10	1.3929290357e+03	7.2917509552e+08	6.6037029326e+04	5.8404794164e+10	6.9615076978e+02	5.5883146837e+08
555	6.1981008926e+04	4.0223606866e+10	1.3494893609e+03	7.0868048492e+08	6.6072994044e+04	5.8388218939e+10	6.8034932106e+02	5.4773906305e+08
556	6.2151641843e+04	4.0354271554e+10	1.3601000221e+03	7.1604466139e+08	6.5797330585e+04	5.8059726788e+10	6.6144790829e+02	5.3036522556e+08
557	6.2509198134e+04	4.0316061279e+10	1.3310043713e+03	6.8287399549e+08	6.6801824848e+04	5.8751136508e+10	6.9553718702e+02	5.5472646238e+08
558	6.2990965023e+04	4.0519629729e+10	1.4266915495e+03	7.2820966585e+08	6.7475981678e+04	5.9182172110e+10	7.1044788578e+02	5.6367685794e+08
559	6.5544121531e+04	4.1543925207e+10	2.1969445085e+03	1.0105531912e+09	6.6930415528e+04	5.8681410419e+10	6.7787402275e+02	5.3809198186e+08
560	6.4458686043e+04	4.0984459170e+10	1.6499421643e+03	8.0431044280e+08	6.7138676605e+04	5.8721621687e+10	6.8176293402e+02	5.3933413960e+08
561	6.4338139381e+04	4.0823024891e+10	1.6804873032e+03	8.1747488619e+08	6.8019406689e+04	5.9321234083e+10	7.1414859308e+02	5.6329450799e+08
562	6.6195246195e+04	4.1839634502e+10	2.6681006317e+03	1.2846301816e+09	6.7477254540e+04	5.8789407807e+10	6.7699560738e+02	5.3177484230e+08
563	6.4790701075e+04	4.0917116929e+10	2.0159655421e+03	9.5440915228e+08	6.7352800733e+04	5.8619560386e+10	6.6435698424e+02	5.2291764921e+08
564	6.4913075139e+04	4.1239989932e+10	1.8834955202e+03	9.1874493414e+08	6.8238462149e+04	5.9216569363e+10	7.0201945858e+02	5.5002146849e+08
565	6.3981370996e+04	4.0651557331e+10	1.6353102297e+03	7.9624690404e+08	6.8312496430e+04	5.9329161111e+10	6.8652079389e+02	5.4815123466e+08
566	6.3944752347e+04	4.0568092330e+10	1.5760368784e+03	7.7135067988e+08	6.8176726602e+04	5.9073781484e+10	6.6877645602e+02	5.2721355051e+08
567	6.3807451344e+04	4.0383323502e+10	1.5316654648e+03	7.4560437505e+08	6.9308114434e+04	5.9780470510e+10	7.2435022177e+02	5.6036866408e+08
568	6.5186553737e+04	4.1144792917e+10	1.9957578165e+03	9.8369179106e+08	6.8874450518e+04	5.9387402282e+10	6.8997140590e+02	5.3756000470e+08
569	6.4134511981e+04	4.0736022287e+10	1.6738528226e+03	8.4981586368e+08	6.9215429084e+04	5.9574158169e+10	6.9733369959e+02	5.4233704936e+08
570	6.3575410268e+04	4.0377566048e+10	1.5666764531e+03	7.7633894353e+08	6.8531746695e+04	5.8956754160e+10	6.6165643998e+02	5.1508347649e+08
571	6.3521923845e+04	4.0152236976e+10	1.5243419684e+03	7.5425773064e+08	6.8758011469e+04	5.9181539167e+10	6.6516329805e+02	5.2905855610e+08
572	6.4076863594e+04	4.0107388877e+10	1.6014443912e+03	7.5709064349e+08	7.0029579668e+04	5.9991482642e+10	7.1492134878e+02	5.5469431205e+08
573	6.4058517799e+04	3.9979430824e+10	1.4930651579e+03	7.2589327159e+08	7.1091014952e+04	6.0720687859e+10	7.3742834634e+02	5.7099899055e+08
574	6.5450777207e+04	4.0553600448e+10	2.1878817538e+03	9.2278659794e+08	7.2019669178e+04	6.1344423361e+10	7.5015591065e+02	5.7923384185e+08
575	6.7629742462e+04	4.1409352354e+10	2.4486104179e+03	1.0412643705e+09	7.2803788940e+04	6.1836957925e+10	7.6695405838e+02	5.8870542142e+08
576	6.8737517534e+04	4.1667396709e+10	2.5018988295e+03	1.0646712756e+09	7.2164639422e+04	6.1283423820e+10	7.2620902793e+02	5.5930568062e+08
577	6.7172071077e+04	4.1132580155e+10	1.9756283298e+03	8.8666064288e+08	7.2037670662e+04	6.1126404170e+10	7.1141259861e+02	5.4760939998e+08
578	6.7306661258e+04	4.1199650989e+10	1.8971309334e+03	8.7477392354e+08	7.2244118537e+04	6.1210150832e+10	7.1622359659e+02	5.5121217877e+08
579	6.8004349605e+04	4.1423642357e+10	2.3706118131e+03	1.0852343870e+09	7.2103807643e+04	6.1083132418e+10	7.0164985078e+02	5.4418449025e+08
580	6.6189042385e+04	4.0714633990e+10	1.8545226891e+03	8.7364044304e+08	7.2487889192e+04	6.1262291052e+10	7.0227374294e+02	5.4022643809e+08
581	6.7136889209e+04	4.1012975612e+10	1.9826207481e+03	9.4410445523e+08	7.2712816428e+04	6.1300768246e+10	7.1325996851e+02	5.4417029541e+08
582	6.6601979898e+04	4.0790062250e+10	1.9913284796e+03	9.5261268967e+08	7.2989613016e+04	6.1385181758e+10	7.1233847771e+02	5.3976518271e+08
583	6.5915192867e+04	4.0423629057e+10	1.7812708507e+03	8.5393482514e+08	7.2887938094e+04	6.1282684285e+10	7.0476853603e+02	5.3793978508e+08
584	6.5962836477e+04	4.0312295966e+10	1.7401570172e+03	8.3438360864e+08	7.3202548156e+04	6.1417200839e+10	7.1287648916e+02	5.4082389003e+08
585	6.5717525473e+04	4.0105651043e+10	1.7405519666e+03	8.3213210908e+08	7.3119194806e+04	6.1277983540e+10	7.0499751109e+02	5.3585246576e+08
586	6.5871310071e+04	4.0228055393e+10	1.7315114263e+03	8.3545962766e+08	7.4024970622e+04	6.1829164206e+10	7.3681256401e+02	5.5454053097e+08
587	6.6761405112e+04	4.0571182638e+10	1.8408852771e+03	8.7803992603e+08	7.4085569473e+04	6.1813078048e+10	7.1965272170e+02	5.4285267294e+08
588	6.6113950121e+04	4.0154913412e+10	1.7101226506e+03	8.1136592609e+08	7.4669167874e+04	6.2246706639e+10	7.3269776733e+02	5.5780769352e+08
589	6.6370903512e+04	4.0307742077e+10	1.7196576420e+03	8.1697617691e+08	7.4584560506e+04	6.2032966191e+10	7.1348005479e+02	5.3715819725e+08
590	6.7853846158e+04	4.0633673179e+10	2.0142167881e+03	8.9720976044e+08	7.5089097115e+04	6.2352400109e+10	7.3520451774e+02	5.5443265967e+08
591	6.7331643972e+04	4.0427080234e+10	1.8123019304e+03	8.3991944642e+08	7.5237429630e+04	6.2430534953e+10	7.2915091584e+02	5.5305219601e+08
592	6.7934080459e+04	4.0704424238e+10	1.9126676005e+03	8.8628084200e+08	7.4983402288e+04	6.2138859920e+10	7.0956953780e+02	5.3650057756e+08
593	6.6928083410e+04	4.0286525003e+10	1.7806498699e+03	8.4159003305e+08	7.4980294429e+04	6.2007796548e+10	7.0890911177e+02	5.3158146126e+08
594	6.6847677473e+04	4.0198402235e+10	1.7157064071e+03	8.1815698112e+08	7.5365172687e+04	6.2220174092e+10	7.2462540448e+02	5.4322104179e+08
595	6.6867152688e+04	3.9996291896e+10	1.6955025879e+03	8.0453520776e+08	7.5393119901e+04	6.2145822211e+10	7.0668759453e+02	5.2833891321e+08
596	6.7461577485e+04	4.0270710992e+10	1.8530874839e+03	8.5886318446e+08	7.6389533393e+04	6.2769238632e+10	7.4352012877e+02	5.5133555099e+08
597	6.7637076523e+04	4.0345851071e+10	1.8029584311e+03	8.3974465125e+08	7.6461810999e+04	6.2832020304e+10	7.2810311473e+02	5.4727543328e+08
598	7.0102584863e+04	4.1398791835e+10	2.4337474205e+03	1.0490878749e+09	7.6659814870e+04	6.2866139566e+10	7.2477896015e+02	5.4040100110e+08
599	6.8236521113e+04	4.0545863656e+10	1.8878267119e+03	8.7476275070e+08	7.7240270672e+04	6.3197943480e+10	7.4538888690e+02	5.5405009082e+08
600	6.7645251762e+04	4.0155492289e+10	1.7533083606e+03	8.1124373314e+08	7.6719117117e+04	6.2748631062e+10	7.1005537731e+02	5.2908687330e+08
601	6.9554499178e+04	4.0864593077e+10	2.0510415368e+03	9.4828432975e+08	7.6426327175e+04	6.2375185672e+10	6.9951113367e+02	5.1519687508e+08
602	6.7973999359e+04	4.0326712571e+10	1.7498231388e+03	8.1720713337e+08	7.7561853833e+04	6.3099162391e+10	7.4405428093e+02	5.4524890266e+08
603	6.7613537231e+04	4.0178562307e+10	1.7121926393e+03	8.1076317166e+08	7.7935294596e+04	6.3319776017e+10	7.4599817861e+02	5.4828296515e+08
604	6.7380504591e+04	3.9869321427e+10	1.6769022144e+03	7.7614263586e+08	7.7790760740e+04	6.3126590962e+10	7.2815321213e+02	5.3575825782e+08
605	6.7612351309e+04	3.9827955619e+10	1.6682905311e+03	7.7607157006e+08	7.8712937922e+04	6.3697940719e+10	7.5280078150e+02	5.5052083664e+08
606	6.8646980272e+04	4.0111347218e+10	1.8650689770e+03	8.3191309523e+08	7.9527728616e+04	6.4165055396e+10	7.7587983240e+02	5.6257258838e+08
607	6.7275695666e+04	3.9615294657e+10	1.6955832266e+03	7.7692918952e+08	8.0440899301e+04	6.4848459212e+10	7.8565225926e+02	5.7790467789e+08
608	6.7039986112e+04	3.9643177680e+10	1.6776896737e+03	7.8189350635e+08	8.1121354236e+04	6.5264227234e+10	7.9823852403e+02	5.8307859229e+08
609	6.7165668735e+04	3.9626453468e+10	1.6820667990e+03	7.8269649792e+08	8.1508555055e+04	6.5410576178e+10	8.0423018003e+02	5.8303781731e+08
610	6.8125633580e+04	3.9994059062e+10	1.8967988343e+03	8.8186569994e+08	8.1116053671e+04	6.5157574177e+10	7.5840620868e+02	5.5905854463e+08
611	6.7949027526e+04	3.9892636829e+10	1.8886997601e+03	8.8018997406e+08	8.1081643555e+04	6.4979136030e+10	7.5818269784e+02	5.5199360634e+08
612	6.8384320617e+04	4.0070120089e+10	1.8343447775e+03	8.5432056252e+08	8.1842817092e+04	6.5405376068e+10	7.8337042734e+02	5.6406540178e+08
613	6.8085305709e+04	4.0002581493e+10	1.7752639561e+03	8.4104907519e+08	8.1438270694e+04	6.5081503023e+10	7.5959584053e+02	5.5112072802e+08
614	6.9780345611e+04	4.0558429080e+10	2.0126982758e+03	9.2748549434e+08	8.1059487072e+04	6.4777152039e+10	7.3906869815e+02	5.4220070992e+08
615	6.8690503007e+04	4.0276641073e+10	1.7972386361e+03	8.5047573854e+08	8.1796413800e+04	6.5176987016e+10	7.5842813841e+02	5.4747788049e+08
616	6.8939773191e+04	4.0412378849e+10	1.8528975058e+03	8.8603297488e+08	8.2392362950e+04	6.5519524236e+10	7.6958667127e+02	5.5599439046e+08
617	6.9303854049e+04	4.0371424506e+10	1.8548819246e+03	8.7075341381e+08	8.2558625212e+04	6.5488145530e+10	7.7026529144e+02	5.5152524019e+08
618	7.1008576943e+04	4.1047345046e+10	2.5284389651e+03	1.0936750840e+09	8.2453591089e+04	6.5340887211e+10	7.5281641097e+02	5.4026345025e+08
619	7.3440160098e+04	4.1877020968e+10	3.1268516690e+03	1.3365771072e+09	8.2977837895e+04	6.5603176867e+10	7.7602704574e+02	5.5278691907e+08
620	7.2091232045e+04	4.1253824715e+10	2.4991670473e+03	1.0670851798e+09	8.2485037077e+04	6.5147923081e+10	7.3734237144e+02	5.2454922641e+08
621	7.1145812475e+04	4.0699143586e+10	2.1965711570e+03	9.7065883293e+08	8.3998841724e+04	6.6219256248e+10	7.9258720986e+02	5.6909785252e+08
622	7.0757089704e+04	4.0634493134e+10	2.0998081931e+03	9.5804499395e+08	8.4564632104e+04	6.6514976646e+10	8.0505078491e+02	5.7544316830e+08
623	7.1097543834e+04	4.0826927428e+10	2.1726733368e+03	9.8599574672e+08	8.3718170812e+04	6.5837013981e+10	7.5612902967e+02	5.4062109206e+08
624	7.0793485822e+04	4.0713446614e+10	2.2520846433e+03	1.0431008809e+09	8.4350159862e+04	6.6165822920e+10	7.7577930958e+02	5.5076706168e+08
625	7.1036773076e+04	4.0561434586e+10	2.1605091870e+03	9.7758226044e+08	8.4850210210e+04	6.6469070673e+10	7.8538303773e+02	5.5940094105e+08
626	7.1457696533e+04	4.0580308790e+10	2.0697418720e+03	9.4132282454e+08	8.5224293220e+04	6.6789369937e+10	7.8454491544e+02	5.6963827812e+08
627	7.2016150584e+04	4.0682064196e+10	2.1039856634e+03	9.5489828683e+08	8.5782709783e+04	6.7096013486e+10	7.9877411352e+02	5.7196902499e+08
628	7.1237349339e+04	4.0501997711e+10	2.0260972105e+03	9.3209264725e+08	8.6915823721e+04	6.7954923656e+10	8.2015447115e+02	5.9767949732e+08
629	7.1589610455e+04	4.0526612155e+10	2.0270785331e+03	9.3024725992e+08	8.6802455261e+04	6.7661282569e+10	8.0362403967e+02	5.7253990264e+08
630	7.1517941276e+04	4.0418771798e+10	2.0636184587e+03	9.4014995747e+08	8.6627824718e+04	6.7420334916e+10	7.9451220598e+02	5.6361476397e+08
631	7.1311084132e+04	4.0342872630e+10	2.0667427063e+03	9.4275666278e+08	8.5819479437e+04	6.6755685817e+10	7.5294608657e+02	5.3316993953e+08
632	7.1963492365e+04	4.0564988255e+10	2.2682767619e+03	9.7021973658e+08	8.5891108481e+04	6.6727472434e+10	7.5435585848e+02	5.3455051147e+08
633	7.0706454730e+04	4.0022596502e+10	1.9391726608e+03	8.8511418476e+08	8.7033955739e+04	6.7461331536e+10	7.9486680163e+02	5.6306956968e+08
634	7.1251540473e+04	4.0280810944e+10	2.0577921356e+03	9.5601556115e+08	8.6998486232e+04	6.7306452490e+10	7.8277625947e+02	5.5025947943e+08
635	7.0980619367e+04	4.0090537143e+10	2.0230960833e+03	9.3617894361e+08	8.6624584729e+04	6.6948560676e+10	7.5673127882e+02	5.3070450742e+08
636	7.0118920325e+04	3.9804672355e+10	1.9826717641e+03	9.1874971269e+08	8.6829732126e+04	6.7004600974e+10	7.6310763923e+02	5.3424101956e+08
637	7.0012191200e+04	3.9678585047e+10	1.9969099358e+03	9.1789760196e+08	8.7357343192e+04	6.7313162880e+10	7.8081312771e+02	5.4749161322e+08
638	7.1350542680e+04	4.0126219246e+10	2.4241440369e+03	1.0593649528e+09	8.8320462463e+04	6.7887505893e+10	8.0961081840e+02	5.6540515520e+08
639	7.0742266195e+04	3.9823568440e+10	2.1168718156e+03	9.4238041829e+08	8.8708281318e+04	6.8145068236e+10	7.9945967082e+02	5.6315813172e+08
640	7.1682641542e+04	4.0170539010e+10	2.4085323878e+03	1.0514303680e+09	8.8852599424e+04	6.8146951448e+10	7.9745665566e+02	5.5837983747e+08
641	7.1026807655e+04	3.9779614629e+10	2.1914996898e+03	9.5841704390e+08	8.9083603202e+04	6.8193485882e+10	7.9864098791e+02	5.5633491189e+08
642	7.1051234854e+04	3.9691991490e+10	2.1738335557e+03	9.4738963552e+08	8.9416814086e+04	6.8239881341e+10	8.0744378595e+02	5.5362643613e+08
643	7.1611639544e+04	3.9686548181e+10	2.3679150206e+03	9.5522581019e+08	8.9274192070e+04	6.8133509468e+10	7.8377248794e+02	5.4542927132e+08
644	7.1763532340e+04	3.9929640601e+10	2.3517643859e+03	9.9250466249e+08	8.9749894360e+04	6.8361712626e+10	8.0015204683e+02	5.5325274923e+08
645	7.0376975723e+04	3.9653024538e+10	2.3679971739e+03	1.0694592679e+09	9.0971426160e+04	6.9091315872e+10	8.3399000348e+02	5.7365178592e+08
646	7.0340406465e+04	3.9569308424e+10	2.1479544452e+03	9.8745915814e+08	9.0903789829e+04	6.9000820716e+10	8.0935847749e+02	5.6043919231e+08
647	7.1496938864e+04	3.9858674994e+10	2.3659052763e+03	1.0364947538e+09	9.0878989286e+04	6.8879576643e+10	8.0956722518e+02	5.5854841976e+08
648	7.1326739578e+04	3.9797659183e+10	2.3564363135e+03	1.0249511311e+09	9.1895500468e+04	6.9510102467e+10	8.3819171770e+02	5.7803334939e+08
649	7.1203826764e+04	3.9637677542e+10	2.2462175800e+03	9.9575769109e+08	9.2115253382e+04	6.9458021294e+10	8.3380614320e+02	5.6641717929e+08
650	7.1904244216e+04	3.9880654194e+10	2.2912763959e+03	1.0123223296e+09	9.1994508815e+04	6.9360274726e+10	8.0655036590e+02	5.5379052729e+08
651	7.0911173382e+04	3.9575429074e+10	2.1209502979e+03	9.6673901179e+08	9.2020601615e+04	6.9348730242e+10	8.0673455261e+02	5.5537532966e+08
652	7.0737214127e+04	3.9400624489e+10	2.1090239611e+03	9.4308928116e+08	9.1850951943e+04	6.9146056037e+10	7.9059131360e+02	5.4259105082e+08
653	7.1228147384e+04	3.9461840559e+10	2.0538346967e+03	9.3317749119e+08	9.1923445526e+04	6.9084338286e+10	7.9159684578e+02	5.4071480053e+08
654	7.0923887511e+04	3.9288765315e+10	2.0397524106e+03	9.2878227907e+08	9.2678221688e+04	6.9540377068e+10	8.1195842151e+02	5.5442583431e+08
655	7.0680396392e+04	3.9178728697e+10	2.0117077536e+03	9.1850128435e+08	9.3084328662e+04	6.9770022826e+10	8.2130580768e+02	5.6296783612e+08
656	7.4081623072e+04	4.0658148569e+10	3.2498721987e+03	1.4351727517e+09	9.3510306527e+04	6.9975112549e+10	8.1977394504e+02	5.5965706983e+08
657	7.3324343129e+04	4.0238372622e+10	2.9137281495e+03	1.3036119439e+09	9.3956501817e+04	7.0141275179e+10	8.2758825698e+02	5.6056395464e+08
658	7.2615529695e+04	3.9858584758e+10	2.4932486048e+03	1.1167673441e+09	9.4053780070e+04	7.0073619900e+10	8.2137602115e+02	5.5198007661e+08
659	7.1749311213e+04	3.9586406433e+10	2.3199150374e+03	1.0427052748e+09	9.4650275407e+04	7.0480542336e+10	8.3785570003e+02	5.6951795991e+08
660	7.1264270864e+04	3.9464907841e+10	2.2459606394e+03	1.0228341804e+09	9.4763645386e+04	7.0516333220e+10	8.2926325201e+02	5.6557813635e+08
661	7.2456847322e+04	3.9725185435e+10	2.3695128995e+03	1.0461918131e+09	9.5057513603e+04	7.0571058874e+10	8.3506574432e+02	5.6373620733e+08
662	7.3692944093e+04	4.0049681069e+10	2.4107506198e+03	1.0560103617e+09	9.5883187512e+04	7.1073832656e+10	8.5071165413e+02	5.7490907236e+08
663	7.3903088096e+04	4.0077784068e+10	2.3292981978e+03	1.0500200457e+09	9.5437781525e+04	7.0731969153e+10	8.1888533832e+02	5.5643704220e+08
664	7.3303516934e+04	3.9889455520e+10	2.2337416850e+03	9.9866091583e+08	9.5272737767e+04	7.0486426324e+10	8.1367094779e+02	5.4731795183e+08
665	7.5291102400e+04	4.0613701592e+10	3.1292280729e+03	1.2978299259e+09	9.5207379783e+04	7.0352404536e+10	8.0110798054e+02	5.3871093482e+08
666	7.3640021879e+04	3.9955885510e+10	2.4006398041e+03	1.0590014121e+09	9.5797284874e+04	7.0647034906e+10	8.1729020178e+02	5.4688837232e+08
667	7.4562455784e+04	4.0275280185e+10	2.6436963664e+03	1.1574379927e+09	9.6313370539e+04	7.0950058965e+10	8.2466759449e+02	5.5455293040e+08
668	7.4642679424e+04	4.0174326549e+10	2.4529322647e+03	1.0784812767e+09	9.5963850972e+04	7.0721354173e+10	8.0625635202e+02	5.4792461473e+08
669	7.3854174798e+04	3.9875836389e+10	2.3207045350e+03	1.0374332968e+09	9.6722069893e+04	7.1043693158e+10	8.3193533913e+02	5.5508349880e+08
670	7.3929057104e+04	3.9749761122e+10	2.2743206268e+03	1.0088120941e+09	9.7514156474e+04	7.1460753467e+10	8.5098027499e+02	5.6670061802e+08
671	7.3661101601e+04	3.9669096374e+10	2.2526095594e+03	9.9182146088e+08	9.7096721056e+04	7.1123936663e+10	8.1964214848e+02	5.4702068827e+08
672	7.5068285852e+04	4.0172732554e+10	2.5875131170e+03	1.1146370761e+09	9.6780398372e+04	7.0850586755e+10	7.9656353261e+02	5.3260453613e+08
673	7.4092842159e+04	3.9732321638e+10	2.2827068376e+03	1.0113832453e+09	9.7917454530e+04	7.1483906047e+10	8.4446646635e+02	5.5955973124e+08
674	7.4013560924e+04	3.9755963957e+10	2.2543622214e+03	1.0052360454e+09	9.8314670239e+04	7.1677859006e+10	8.4306266179e+02	5.6036509126e+08
675	7.5175503545e+04	4.0175426724e+10	2.3902338797e+03	1.0527950927e+09	9.8903489335e+04	7.1997719957e+10	8.5212573992e+02	5.6453102153e+08
676	7.5776327207e+04	4.0450699465e+10	2.7479738917e+03	1.1819688715e+09	9.8841986434e+04	7.1982730526e+10	8.3713872551e+02	5.6293558716e+08
677	7.6628281499e+04	4.0578617365e+10	2.6232259372e+03	1.1260391650e+09	9.9176745902e+04	7.2074281310e+10	8.4579133516e+02	5.6181110541e+08
678	7.5094375576e+04	3.9934774332e+10	2.4078390823e+03	1.0368968191e+09	9.9989935797e+04	7.2544911178e+10	8.5566663094e+02	5.6949265020e+08
679	7.4351392451e+04	3.9629304128e+10	2.3175250870e+03	1.0040362052e+09	1.0018723777e+05	7.2598443385e+10	8.5277638194e+02	5.6602200664e+08
680	7.6016466284e+04	4.0178783359e+10	2.5782354787e+03	1.0969488684e+09	1.0065044757e+05	7.2826813124e+10	8.6398308972e+02	5.7344516297e+08
681	7.6263094681e+04	3.9954671356e+10	2.5153224469e+03	1.0478622140e+09	1.0084640485e+05	7.2790966911e+10	8.5003033152e+02	5.5815371760e+08
682	7.5294223938e+04	3.9653257887e+10	2.3740432341e+03	1.0122449663e+09	1.0142966703e+05	7.3104094837e+10	8.6859835211e+02	5.7096353193e+08
683	7.6493096761e+04	4.0134392376e+10	2.5770742834e+03	1.0890813926e+09	1.0167477415e+05	7.3145213220e+10	8.7186311041e+02	5.6963889853e+08
684	7.5924347697e+04	3.9831246030e+10	2.3526311987e+03	1.0178562761e+09	1.0113102029e+05	7.2795435329e+10	8.2573096738e+02	5.4730881495e+08
685	7.4916776752e+04	3.9468949461e+10	2.2630707320e+03	9.8690901793e+08	1.0289758288e+05	7.3818126914e+10	9.0407089324e+02	5.9112846641e+08
686	7.5145158217e+04	3.9637909605e+10	2.3200233738e+03	1.0273927937e+09	1.0240850173e+05	7.3447078576e+10	8.5864886254e+02	5.6500723684e+08
687	7.5385805663e+04	3.9656614359e+10	2.3025067247e+03	1.0151531842e+09	1.0277804932e+05	7.3571976688e+10	8.6632893767e+02	5.6475714990e+08
688	7.5260848921e+04	3.9542800693e+10	2.2870658643e+03	1.0015451439e+09	1.0291785060e+05	7.3567997395e+10	8.5691420912e+02	5.5912223394e+08
689	7.5775576546e+04	3.9648605500e+10	2.3616614925e+03	1.0380569453e+09	1.0262517872e+05	7.3191971047e+10	8.4566438543e+02	5.4367756386e+08
690	7.7821018492e+04	4.0403924856e+10	2.9427972445e+03	1.2423957117e+09	1.0386574950e+05	7.3985624115e+10	8.8425305590e+02	5.7319624377e+08
691	7.7730766361e+04	4.0430753438e+10	2.6454526373e+03	1.1447068867e+09	1.0405925304e+05	7.4155089048e+10	8.7015612232e+02	5.7734213770e+08
692	7.8261558910e+04	4.0412963664e+10	2.6096790966e+03	1.1173584908e+09	1.0483881001e+05	7.4498079730e+10	8.9268160535e+02	5.7884799001e+08
693	7.7781727338e+04	4.0184391667e+10	2.5292535490e+03	1.0906878964e+09	1.0503053304e+05	7.4479605769e+10	8.8724700438e+02	5.7093440701e+08
694	7.7382725514e+04	4.0167509860e+10	2.4406614685e+03	1.0603624533e+09	1.0424278446e+05	7.3940229842e+10	8.3964365392e+02	5.4496728667e+08
695	7.8348654949e+04	4.0545303793e+10	2.6726996624e+03	1.1402764658e+09	1.0549790625e+05	7.4658124064e+10	8.8292414035e+02	5.7028096994e+08
696	7.8714617619e+04	4.0620618763e+10	2.6752495360e+03	1.1418216259e+09	1.0603684631e+05	7.4883926208e+10	8.9684967144e+02	5.7585070463e+08
697	7.8158845806e+04	4.0385094871e+10	2.5189428814e+03	1.0829862591e+09	1.0590450410e+05	7.4762641579e+10	8.7350877513e+02	5.6432589849e+08
698	7.7426907661e+04	4.0060440051e+10	2.4446097228e+03	1.0613040229e+09	1.0564874893e+05	7.4443854680e+10	8.5887915620e+02	5.4800419526e+08
699	7.7133165003e+04	3.9839748197e+10	2.4057547574e+03	1.0434214896e+09	1.0572449609e+05	7.4474992133e+10	8.5106089532e+02	5.4812016864e+08
700	7.7411190463e+04	3.9907294236e+10	2.4192770772e+03	1.0492826283e+09	1.0686551324e+05	7.5005545564e+10	8.9899135149e+02	5.6940349253e+08
701	7.7870717244e+04	3.9934593837e+10	2.4197319199e+03	1.0441469554e+09	1.0709534811e+05	7.5108104307e+10	8.8302923867e+02	5.6307339062e+08
702	7.7844234157e+04	3.9956970090e+10	2.4217951358e+03	1.0485456602e+09	1.0679214957e+05	7.4854168200e+10	8.5620993303e+02	5.4677991430e+08
703	7.7808725261e+04	3.9952285896e+10	2.4404560622e+03	1.0539846180e+09	1.0764611220e+05	7.5344404454e+10	8.8751976585e+02	5.6727415300e+08
704	7.8037258176e+04	3.9693680668e+10	2.4306485243e+03	1.0290458275e+09	1.0763959935e+05	7.5205286130e+10	8.7266241351e+02	5.5300090698e+08
705	7.6810014221e+04	3.9468550755e+10	2.3313075160e+03	1.0019073671e+09	1.0832164441e+05	7.5558660410e+10	8.9387037811e+02	5.6709371051e+08
706	7.7396261629e+04	3.9553731380e+10	2.4019183781e+03	1.0317030165e+09	1.0768069877e+05	7.5011076494e+10	8.6050306958e+02	5.4102561800e+08
707	8.0678004748e+04	4.0803329198e+10	4.3396106600e+03	1.7004937514e+09	1.0901713283e+05	7.5824052012e+10	9.0435038834e+02	5.7298042302e+08
708	8.0181136969e+04	4.0632695543e+10	4.0040261454e+03	1.5824204166e+09	1.0911623637e+05	7.5757546246e+10	8.8979216830e+02	5.6050746437e+08
709	7.9397179594e+04	4.0170359708e+10	3.2053001473e+03	1.3019100376e+09	1.0939517358e+05	7.5818759687e+10	8.8708401590e+02	5.5649450351e+08
710	7.9241380169e+04	3.9904210612e+10	2.9346656509e+03	1.1900043461e+09	1.1040228999e+05	7.6402604016e+10	9.1487171301e+02	5.7339480640e+08
711	7.9449048804e+04	3.9907806189e+10	2.8878389943e+03	1.1794205801e+09	1.1083773487e+05	7.6674653586e+10	9.1936450573e+02	5.8256567137e+08
712	7.8368319418e+04	3.9557062706e+10	2.7299032807e+03	1.1320642611e+09	1.1047500823e+05	7.6305938789e+10	8.9014684691e+02	5.5860559069e+08
713	7.7793437113e+04	3.9376188968e+10	2.6586061648e+03	1.1068384141e+09	1.0992275218e+05	7.5940970987e+10	8.6360154105e+02	5.4707658194e+08
714	8.0652881825e+04	4.0259220759e+10	3.8234992981e+03	1.4029563304e+09	1.1130724214e+05	7.6733674783e+10	9.1210520990e+02	5.7486488462e+08
715	8.5422875207e+04	4.1931755160e+10	5.7565428865e+03	2.0256600090e+09	1.1287036691e+05	7.7597247586e+10	9.5025965535e+02	5.9559490144e+08
716	8.2619834930e+04	4.0984076120e+10	4.0717118958e+03	1.5083995587e+09	1.1254594664e+05	7.7264266666e+10	9.1591652215e+02	5.6974060855e+08
717	8.1287822176e+04	4.0627458322e+10	3.5215141083e+03	1.3466137338e+09	1.1271342760e+05	7.7318250582e+10	9.1551658641e+02	5.7065398140e+08
718	8.2045778206e+04	4.0639721108e+10	3.5028891002e+03	1.3296776210e+09	1.1262811725e+05	7.7204115639e+10	9.0302646060e+02	5.6358681765e+08
719	8.6958902183e+04	4.2331329890e+10	5.4635650375e+03	2.0226189663e+09	1.1206307422e+05	7.6861479920e+10	8.6604865150e+02	5.4843786318e+08
720	8.4839148509e+04	4.1489472702e+10	4.2587152704e+03	1.6072100684e+09	1.1193368157e+05	7.6658727649e+10	8.6953324787e+02	5.4487581889e+08
721	8.4112651605e+04	4.1243193706e+10	3.8724102257e+03	1.4715268153e+09	1.1331378605e+05	7.7404151652e+10	9.1099709106e+02	5.6613011229e+08
722	8.2937784989e+04	4.0857918043e+10	3.4746355608e+03	1.3488908948e+09	1.1441310043e+05	7.8035392829e+10	9.3199561896e+02	5.8231898466e+08
723	8.8966829540e+04	4.3004320068e+10	6.6829966553e+03	2.5611099178e+09	1.1462348272e+05	7.8060409313e+10	9.2556100328e+02	5.7438548903e+08
724	8.6721861199e+04	4.2293378080e+10	5.1528011886e+03	1.9902734834e+09	1.1495417778e+05	7.8189861264e+10	9.2503429069e+02	5.7394554580e+08
725	8.4826143737e+04	4.1493676201e+10	4.2033272793e+03	1.6258598313e+09	1.1559768545e+05	7.8456519388e+10	9.4042030620e+02	5.7969157596e+08
726	8.3885396029e+04	4.1151452628e+10	3.8354465197e+03	1.4886645083e+09	1.1549527198e+05	7.8322946834e+10	9.2737487227e+02	5.7188440820e+08
727	8.3957044964e+04	4.1132023969e+10	3.6920858915e+03	1.4390741912e+09	1.1553590177e+05	7.8341573157e+10	9.0910210449e+02	5.6810569185e+08
728	8.3695415733e+04	4.0881962995e+10	3.5746018451e+03	1.3768709426e+09	1.1626338922e+05	7.8639605487e+10	9.2893524940e+02	5.7047692360e+08
729	8.3770789735e+04	4.0766770867e+10	3.5822519859e+03	1.3470355447e+09	1.1560271087e+05	7.8206373986e+10	8.9055788594e+02	5.5147154879e+08
730	8.2364071668e+04	4.0426451159e+10	3.3347107565e+03	1.3157282879e+09	1.1576464595e+05	7.8163620469e+10	9.0336830363e+02	5.5434834663e+08
731	8.2638654154e+04	4.0404475128e+10	3.2706017335e+03	1.2855451465e+09	1.1667388343e+05	7.8638260041e+10	9.3021461603e+02	5.7118284380e+08
732	8.2647335474e+04	4.0413500614e+10	3.2309997295e+03	1.2730692540e+09	1.1752722679e+05	7.9087361400e+10	9.4327752979e+02	5.7839864242e+08
733	8.2178034849e+04	4.0157122347e+10	3.1604947191e+03	1.2391291555e+09	1.1744603034e+05	7.8989494094e+10	9.2918114253e+02	5.7107813211e+08
734	8.3104194206e+04	4.0358847791e+10	3.2182911784e+03	1.2520056633e+09	1.1696099384e+05	7.8641730450e+10	8.8843320116e+02	5.4736909163e+08
735	8.7774120579e+04	4.2705981530e+10	5.1890666799e+03	2.4212283991e+09	1.1849087648e+05	7.9454867084e+10	9.5228269606e+02	5.8119962819e+08
736	8.6123866706e+04	4.1605127805e+10	3.9889297961e+03	1.7459192902e+09	1.1810194874e+05	7.9143315561e+10	9.1973208464e+02	5.6115476900e+08
737	8.5907791926e+04	4.1400891762e+10	3.7332924262e+03	1.5439899614e+09	1.1776370912e+05	7.8911391612e+10	8.9676839242e+02	5.5220352109e+08
738	8.5483379306e+04	4.1256423266e+10	3.6301977985e+03	1.4838737693e+09	1.1815246011e+05	7.8997896843e+10	9.0794488895e+02	5.5053845925e+08
739	8.4528395196e+04	4.0839519807e+10	3.4660898478e+03	1.4135970920e+09	1.1833160531e+05	7.9107453856e+10	9.1064549737e+02	5.6048760510e+08
740	8.4443423613e+04	4.0737021914e+10	3.3792173005e+03	1.3636028304e+09	1.1854681932e+05	7.9120707136e+10	9.0560658060e+02	5.5274658085e+08
741	8.4527714166e+04	4.0596603395e+10	3.3632676974e+03	1.3335496280e+09	1.1886541886e+05	7.9240583049e+10	9.0734559232e+02	5.5452295761e+08
742	8.4764694643e+04	4.0567196800e+10	3.4317189091e+03	1.3457903871e+09	1.1952534070e+05	7.9496290172e+10	9.2564612031e+02	5.5901766770e+08
743	8.5069159042e+04	4.0482874252e+10	3.6363411803e+03	1.3369728389e+09	1.1980314356e+05	7.9649063934e+10	9.1560887358e+02	5.5763210453e+08
744	8.3877282609e+04	4.0254350593e+10	3.3712995106e+03	1.3183133602e+09	1.2022408258e+05	7.9743702576e+10	9.3203690500e+02	5.6000584608e+08
745	8.6417027914e+04	4.1044537678e+10	4.2194131102e+03	1.5544406205e+09	1.2062619417e+05	8.0025803026e+10	9.3022619013e+02	5.6875975867e+08
746	8.3597236648e+04	4.0166067255e+10	3.5130119615e+03	1.3739674789e+09	1.2093509803e+05	8.0058592000e+10	9.3853777112e+02	5.6665209234e+08
747	8.3512831731e+04	4.0151076033e+10	3.3369157563e+03	1.3268155275e+09	1.2068248666e+05	7.9820315414e+10	9.0689956567e+02	5.4707669797e+08
748	8.2945182769e+04	3.9820433381e+10	3.2249704942e+03	1.2848021968e+09	1.2068036160e+05	7.9732754078e+10	9.0261454342e+02	5.4510164222e+08
749	8.3123768890e+04	3.9736964980e+10	3.1666475877e+03	1.2504302534e+09	1.2122390600e+05	8.0070006243e+10	9.1736758491e+02	5.5988267731e+08
750	8.3118931108e+04	3.9759676062e+10	3.1633231450e+03	1.2437721805e+09	1.2176220925e+05	8.0209560073e+10	9.3415199511e+02	5.5930698182e+08
751	8.4443706078e+04	4.0170688247e+10	3.5073059596e+03	1.3501584726e+09	1.2201016748e+05	8.0395101259e+10	9.2086582462e+02	5.6212830378e+08
752	8.3950438424e+04	3.9871950587e+10	3.3481406726e+03	1.2773045866e+09	1.2184614481e+05	8.0205941739e+10	9.1662309239e+02	5.5525953783e+08
753	8.3879014049e+04	3.9881780411e+10	3.3998360806e+03	1.2803976094e+09	1.2209469816e+05	8.0270337587e+10	9.0705467773e+02	5.4845675976e+08
754	8.3054742196e+04	3.9706699123e+10	3.2186251579e+03	1.2890257648e+09	1.2259119932e+05	8.0519310643e+10	9.2274206317e+02	5.5823768679e+08
755	8.3838251066e+04	3.9667403612e+10	3.2536244720e+03	1.2671794993e+09	1.2273699387e+05	8.0592889054e+10	9.1741780069e+02	5.5741856163e+08
756	8.3463132230e+04	3.9612725600e+10	3.1886794775e+03	1.2557978497e+09	1.2399241117e+05	8.1286358560e+10	9.6590275932e+02	5.8756847984e+08
757	8.3196717516e+04	3.9528820432e+10	3.1300637629e+03	1.2431472151e+09	1.2299543487e+05	8.0593101363e+10	8.9680101533e+02	5.4525416907e+08
758	8.3002753965e+04	3.9408751674e+10	3.1564258278e+03	1.2455554532e+09	1.2381905306e+05	8.0920522755e+10	9.3333285592e+02	5.5677411903e+08
759	8.2217363000e+04	3.9314826433e+10	3.1081265198e+03	1.2488364762e+09	1.2462909947e+05	8.1284886061e+10	9.4237206107e+02	5.5942251208e+08
760	8.2120234623e+04	3.9225689015e+10	3.0743787074e+03	1.2331320461e+09	1.2553089839e+05	8.1837367422e+10	9.6495210011e+02	5.8116987362e+08
761	8.2151806485e+04	3.9042710942e+10	3.0628866629e+03	1.2209628972e+09	1.2539039087e+05	8.1731590832e+10	9.4302592633e+02	5.7151327351e+08
762	8.1996486516e+04	3.8940153795e+10	3.0468280256e+03	1.2129926221e+09	1.2523615449e+05	8.1521479190e+10	9.3283229060e+02	5.5950907515e+08
763	8.2953288658e+04	3.9144148882e+10	3.0912306683e+03	1.2323593222e+09	1.2531994178e+05	8.1407266049e+10	9.3256970689e+02	5.5272797055e+08
764	8.1665222745e+04	3.8705635474e+10	2.9767373557e+03	1.1815243602e+09	1.2589933934e+05	8.1598558144e+10	9.5084772944e+02	5.5922484041e+08
765	8.2241953525e+04	3.8812394394e+10	3.0269340337e+03	1.1983076718e+09	1.2521495975e+05	8.1105623092e+10	9.0018335972e+02	5.3011613372e+08
766	8.2904110568e+04	3.9091901514e+10	3.0943819387e+03	1.2288185079e+09	1.2515500666e+05	8.0921226178e+10	9.0791956613e+02	5.2934337452e+08
767	8.2607290329e+04	3.8896497566e+10	3.0339863795e+03	1.1991468825e+09	1.2637994482e+05	8.1643171618e+10	9.4704099960e+02	5.5938667210e+08
768	8.2561653437e+04	3.8806126522e+10	3.0609068338e+03	1.2079905467e+09	1.2737864216e+05	8.2166751374e+10	9.7550357940e+02	5.7488273486e+08
769	8.2868047891e+04	3.8824212626e+10	3.0460342292e+03	1.1997897550e+09	1.2726971491e+05	8.2020068481e+10	9.5388886725e+02	5.6231279423e+08
770	8.2883668814e+04	3.8722135430e+10	3.0427149305e+03	1.1865337157e+09	1.2714629375e+05	8.1836640442e+10	9.3158587941e+02	5.4642091159e+08
771	8.2319000029e+04	3.8531827288e+10	3.0429176277e+03	1.1898966405e+09	1.2848574313e+05	8.2549860688e+10	9.7408207848e+02	5.7138686952e+08
772	8.2314688758e+04	3.8470666152e+10	3.0016951664e+03	1.1704182460e+09	1.2917440469e+05	8.2814374181e+10	9.8463764677e+02	5.7307435217e+08
773	8.2653659525e+04	3.8515872595e+10	3.0464009275e+03	1.1911181403e+09	1.2936374028e+05	8.2831676973e+10	9.6993530570e+02	5.6461846801e+08
774	8.2123602841e+04	3.8312524921e+10	2.9946982555e+03	1.1588407123e+09	1.2945148474e+05	8.2803672472e+10	9.6401178174e+02	5.6061418969e+08
775	8.2664754120e+04	3.8313535066e+10	3.0215433837e+03	1.1561028618e+09	1.2999750972e+05	8.3041385849e+10	9.7209564213e+02	5.6491392961e+08
776	8.2424734686e+04	3.8329381840e+10	3.0635380118e+03	1.1853536243e+09	1.3022764159e+05	8.3129848453e+10	9.6686907768e+02	5.6358942868e+08
777	8.1510193534e+04	3.7953095102e+10	2.9635284741e+03	1.1389335955e+09	1.3091847196e+05	8.3444520768e+10	9.8354499963e+02	5.7132957364e+08
778	8.2650195571e+04	3.8186342794e+10	3.0946111852e+03	1.1655350153e+09	1.3186663387e+05	8.3952962921e+10	1.0021378345e+03	5.8610507347e+08
779	8.1610015313e+04	3.7952068008e+10	3.0251507132e+03	1.1680189017e+09	1.3180741483e+05	8.3814136403e+10	9.8937449131e+02	5.7412401157e+08
780	8.1511001403e+04	3.7845947266e+10	2.9851766128e+03	1.1459426882e+09	1.3189553136e+05	8.3773166441e+10	9.7787621624e+02	5.6724778615e+08
781	8.1087154778e+04	3.7712557149e+10	2.9474802689e+03	1.1280600925e+09	1.3296714395e+05	8.4340992980e+10	1.0001155773e+03	5.8050395423e+08
782	8.1595147701e+04	3.7752861387e+10	2.9833319066e+03	1.1330910898e+09	1.3383794057e+05	8.4745912038e+10	1.0119389097e+03	5.8656833836e+08
783	8.1367191246e+04	3.7716829024e+10	3.0048914697e+03	1.1484064709e+09	1.3275956002e+05	8.3976021340e+10	9.5793708643e+02	5.5022012953e+08
784	8.1852570241e+04	3.7818914442e+10	3.0617617427e+03	1.1657676868e+09	1.3316089789e+05	8.4166889573e+10	9.6734330597e+02	5.5965580333e+08
785	8.1860871374e+04	3.7685892191e+10	3.0684395718e+03	1.1537078844e+09	1.3409323694e+05	8.4591628149e+10	1.0047629826e+03	5.7744842262e+08
786	8.2400235469e+04	3.7699129128e+10	3.1523981675e+03	1.1587376527e+09	1.3439287518e+05	8.4675440352e+10	9.8362352319e+02	5.6475978194e+08
787	8.3380194085e+04	3.7781783971e+10	3.4435255849e+03	1.1731536519e+09	1.3454841553e+05	8.4692225133e+10	9.8269451955e+02	5.6302820433e+08
788	8.1425922318e+04	3.7416746321e+10	3.0068232809e+03	1.1234062391e+09	1.3438112491e+05	8.4597690730e+10	9.6575104151e+02	5.5978331988e+08
789	8.2570462577e+04	3.7547532923e+10	3.3565538858e+03	1.1620901037e+09	1.3446904150e+05	8.4556092729e+10	9.6538546714e+02	5.5521996712e+08
790	8.1166525623e+04	3.7294188468e+10	2.9187708392e+03	1.1043917495e+09	1.3533976232e+05	8.4952492205e+10	9.9034806824e+02	5.6747644849e+08
791	8.1254996338e+04	3.7337141601e+10	2.9778977823e+03	1.1393253498e+09	1.3526138820e+05	8.4886398341e+10	9.6794795999e+02	5.6017507619e+08
792	8.1390404339e+04	3.7244096229e+10	2.9590534549e+03	1.1186280262e+09	1.3689100793e+05	8.5684715217e+10	1.0111627609e+03	5.7878636408e+08
793	8.0777113327e+04	3.7123966642e+10	2.9511583633e+03	1.1152209834e+09	1.3740676536e+05	8.5861098606e+10	1.0190791765e+03	5.8043293454e+08
794	8.0317735639e+04	3.7004394154e+10	2.9061036121e+03	1.0989951434e+09	1.3775938859e+05	8.5970212942e+10	1.0233064028e+03	5.8078231878e+08
795	8.0596538067e+04	3.6913084948e+10	2.9298713403e+03	1.0886073701e+09	1.3771534645e+05	8.5955152545e+10	9.9706923920e+02	5.7353909060e+08
796	8.1872961513e+04	3.7187753122e+10	3.1410921426e+03	1.1225288284e+09	1.3857353453e+05	8.6294868988e+10	1.0254183656e+03	5.8208871436e+08
797	7.9915874790e+04	3.6796623310e+10	2.8643839317e+03	1.0899038569e+09	1.3865400763e+05	8.6263526503e+10	1.0091005987e+03	5.7346660149e+08
798	8.3463102514e+04	3.7737992411e+10	4.7591278399e+03	1.5266550650e+09	1.3906060703e+05	8.6409049879e+10	1.0121398093e+03	5.7474925000e+08
799	8.5208551038e+04	3.8156476244e+10	5.5555778419e+03	1.7277647156e+09	1.3869854878e+05	8.6089101045e+10	9.8342763554e+02	5.5532885146e+08
800	8.2329519670e+04	3.7349163950e+10	4.0808986044e+03	1.3515738653e+09	1.3896109152e+05	8.6141455118e+10	9.9163430881e+02	5.5923742465e+08
801	8.1456011042e+04	3.7187937762e+10	3.6616618637e+03	1.2598761259e+09	1.3908340363e+05	8.6131060382e+10	9.9647498636e+02	5.6170538412e+08
802	8.1406688081e+04	3.6989414655e+10	3.4554869424e+03	1.2034399946e+09	1.3865877336e+05	8.5858484150e+10	9.5805452405e+02	5.4351402496e+08
803	8.1365872630e+04	3.6942805287e+10	3.3625312953e+03	1.1857595378e+09	1.3900357363e+05	8.5986384371e+10	9.7719635461e+02	5.5295964597e+08
804	8.1295045155e+04	3.6807768920e+10	3.2721223420e+03	1.1592999509e+09	1.4000246055e+05	8.6597486636e+10	1.0014289109e+03	5.7586408246e+08
805	8.0891460502e+04	3.6724287345e+10	3.2368710328e+03	1.1582902108e+09	1.3937443513e+05	8.6051365623e+10	9.6513795118e+02	5.4440057350e+08
806	8.0784192855e+04	3.6616809752e+10	3.1922562779e+03	1.1440401148e+09	1.4100712112e+05	8.6833893797e+10	1.0257586490e+03	5.7449239374e+08
807	8.0040799157e+04	3.6353872781e+10	3.0946353536e+03	1.1045001716e+09	1.4094744345e+05	8.6717324638e+10	9.9885799140e+02	5.5970151243e+08
808	8.0581233978e+04	3.6455714522e+10	3.1411086801e+03	1.1302403661e+09	1.4053105717e+05	8.6422598807e+10	9.8052107433e+02	5.5210785306e+08
809	8.0194694238e+04	3.6336221565e+10	3.0989308816e+03	1.1058896691e+09	1.4038185714e+05	8.6167929740e+10	9.7775730371e+02	5.4164784478e+08
810	8.0206002352e+04	3.6219606684e+10	3.1078148779e+03	1.1000318860e+09	1.4149120695e+05	8.6779591752e+10	9.9512012248e+02	5.5860308550e+08
811	8.0107514180e+04	3.6205692994e+10	3.0235580819e+03	1.0925107081e+09	1.4191094012e+05	8.6975582734e+10	9.9990283814e+02	5.6207353032e+08
812	8.0293743010e+04	3.6110084493e+10	3.0036647493e+03	1.0748687059e+09	1.4282122848e+05	8.7451787929e+10	1.0232604458e+03	5.7728468096e+08
813	8.0346642974e+04	3.6098445655e+10	2.9932661879e+03	1.0726063976e+09	1.4167095371e+05	8.6607162715e+10	9.7132096436e+02	5.3828780671e+08
814	8.0179066835e+04	3.6015540045e+10	2.9931888764e+03	1.0690860742e+09	1.4203848098e+05	8.6734434813e+10	9.8051738384e+02	5.4445662328e+08
815	8.1232438206e+04	3.6249877873e+10	3.1539938326e+03	1.1123630374e+09	1.4179398174e+05	8.6549520869e+10	9.6089099667e+02	5.3490014708e+08
816	8.4311363391e+04	3.7105616800e+10	4.4461666503e+03	1.4251511492e+09	1.4259749193e+05	8.6920155118e+10	9.9092137825e+02	5.5173881138e+08
817	8.6596677763e+04	3.7668183606e+10	6.6160956189e+03	1.9906314153e+09	1.4355960736e+05	8.7360200180e+10	1.0187934773e+03	5.6497475080e+08
818	8.3743790712e+04	3.6809022814e+10	4.4664400609e+03	1.4180655390e+09	1.4374557373e+05	8.7410340582e+10	9.9988691132e+02	5.5544612976e+08
819	8.3552789906e+04	3.6562156984e+10	4.1635981478e+03	1.2956524040e+09	1.4368803869e+05	8.7329738200e+10	9.8287963977e+02	5.5001713677e+08
820	8.2343779871e+04	3.6181016376e+10	3.7074130350e+03	1.2024612615e+09	1.4505936473e+05	8.7898112829e+10	1.0389845854e+03	5.6932607289e+08
821	8.0900293746e+04	3.5917221438e+10	3.4648389958e+03	1.1553354450e+09	1.4587193538e+05	8.8275262559e+10	1.0419247639e+03	5.7283937225e+08
822	8.1244143883e+04	3.5890167063e+10	3.4548729844e+03	1.1393996854e+09	1.4597066540e+05	8.8168720622e+10	1.0303104923e+03	5.6051824554e+08
823	8.1416692222e+04	3.5830608047e+10	3.4356188606e+03	1.1173315270e+09	1.4615602782e+05	8.8234895835e+10	1.0281584716e+03	5.6426407917e+08
824	7.9870236719e+04	3.5497604159e+10	3.1837194572e+03	1.0873159299e+09	1.4608709112e+05	8.8192634971e+10	1.0020480391e+03	5.5538874423e+08
825	7.9456949623e+04	3.5331812479e+10	3.1225006318e+03	1.0645848519e+09	1.4684080725e+05	8.8547051395e+10	1.0294889895e+03	5.7046825542e+08
826	7.9557001952e+04	3.5275018743e+10	3.0958904208e+03	1.0542639328e+09	1.4638660967e+05	8.8162941283e+10	1.0095292411e+03	5.5398614075e+08
827	7.9458792362e+04	3.5222342720e+10	3.0720234309e+03	1.0432794935e+09	1.4608701401e+05	8.7935630407e+10	9.6849293755e+02	5.3324905475e+08
828	7.9177050517e+04	3.5145339611e+10	3.0200368486e+03	1.0348105720e+09	1.4636028702e+05	8.7966557880e+10	9.8618704319e+02	5.3843304119e+08
829	7.9007304374e+04	3.4999080735e+10	2.9737295865e+03	1.0100537712e+09	1.4743392303e+05	8.8404952054e+10	1.0340097373e+03	5.5925809405e+08
830	7.9234008369e+04	3.4981113883e+10	2.9916709277e+03	1.0127916806e+09	1.4772093241e+05	8.8536280763e+10	1.0293762838e+03	5.6104506561e+08
831	7.9377178917e+04	3.5016365530e+10	2.9872539102e+03	1.0120578904e+09	1.4707226014e+05	8.8120605459e+10	9.8551291977e+02	5.3823386336e+08
832	7.9748372711e+04	3.5058032349e+10	3.0205613051e+03	1.0222038121e+09	1.4779102479e+05	8.8491252658e+10	9.9662515229e+02	5.4934101941e+08
833	8.0164663757e+04	3.4988222500e+10	3.0637885139e+03	1.0120811519e+09	1.4804458614e+05	8.8478422476e+10	1.0146433495e+03	5.5095639563e+08
834	7.8630324312e+04	3.4668474262e+10	2.9161450862e+03	9.9091439089e+08	1.4943335129e+05	8.9126214508e+10	1.0594604448e+03	5.7218011459e+08
835	7.8819447004e+04	3.4655701665e+10	2.9516712369e+03	9.9559941333e+08	1.4906267979e+05	8.8911055597e+10	1.0049492204e+03	5.4896631765e+08
836	7.9350825002e+04	3.4704331591e+10	3.0275282045e+03	1.0031373892e+09	1.4962176489e+05	8.9129350165e+10	1.0245561594e+03	5.5693553250e+08
837	7.8242700189e+04	3.4437163267e+10	2.8241974009e+03	9.5783859239e+08	1.5110622498e+05	8.9889565614e+10	1.0669753840e+03	5.8085986083e+08
838	8.3466422878e+04	3.6111933422e+10	6.1212794407e+03	1.9676424204e+09	1.5033400270e+05	8.9433350650e+10	1.0104161785e+03	5.5395718172e+08
839	8.4863209431e+04	3.6424729038e+10	7.2794897802e+03	2.3220833915e+09	1.5081986874e+05	8.9517745001e+10	1.0378457528e+03	5.5999765933e+08
840	8.2883749077e+04	3.5645657663e+10	5.1193342474e+03	1.6384323499e+09	1.5098909945e+05	8.9565623287e+10	1.0165312525e+03	5.5168623034e+08
841	8.2561023308e+04	3.5426227372e+10	4.4565370404e+03	1.4304220212e+09	1.5127562824e+05	8.9612175413e+10	1.0293723824e+03	5.5411349073e+08
842	8.1016663999e+04	3.5065395218e+10	4.0213323402e+03	1.3166044878e+09	1.5127143392e+05	8.9550919224e+10	1.0174596004e+03	5.5127778988e+08
843	8.0445520702e+04	3.4867881838e+10	3.7979437903e+03	1.2443489071e+09	1.5112263703e+05	8.9397726231e+10	1.0000854006e+03	5.4068672774e+08
844	1.2066812888e+05	4.6654426526e+10	4.1000244309e+04	1.2043284635e+10	1.5109332487e+05	8.9356709480e+10	9.9017279000e+02	5.3814777440e+08
845	1.0554110378e+05	4.2101271570e+10	2.5602224377e+04	7.5195405857e+09	1.5169144421e+05	8.9621358168e+10	1.0054379582e+03	5.4573614594e+08
846	9.8240790945e+04	3.9791321585e+10	1.8423860658e+04	5.4108151713e+09	1.5211134928e+05	8.9717487462e+10	1.0104408213e+03	5.4487390416e+08
847	9.4248787020e+04	3.8744528470e+10	1.5264854026e+04	4.4846153757e+09	1.5300274920e+05	9.0082882246e+10	1.0402149833e+03	5.5632859104e+08
848	9.2797533463e+04	3.8178466109e+10	1.3399280714e+04	3.9339823645e+09	1.5266556021e+05	8.9856331070e+10	1.0093038183e+03	5.4215683989e+08
849	9.5876897298e+04	3.8796218149e+10	1.2689914759e+04	3.6896684670e+09	1.5277010762e+05	8.9734356518e+10	1.0081646474e+03	5.3411129438e+08
850	9.1659091852e+04	3.7707912355e+10	1.1259480032e+04	3.3006018330e+09	1.5341556108e+05	8.9957895281e+10	1.0294197749e+03	5.4419202359e+08
851	9.0051927639e+04	3.7236775311e+10	1.0464201819e+04	3.0658297990e+09	1.5331221079e+05	8.9962211535e+10	1.0085611509e+03	5.4383718326e+08
852	8.9374736947e+04	3.6995560331e+10	9.8726203718e+03	2.8908968765e+09	1.5488918054e+05	9.0770051973e+10	1.0550168927e+03	5.6880298856e+08
853	8.7951852419e+04	3.6647222571e+10	9.3552684422e+03	2.7422842821e+09	1.5480399396e+05	9.0656241239e+10	1.0331762617e+03	5.5702953900e+08
854	8.7252659718e+04	3.6419512611e+10	8.9356094249e+03	2.6196653529e+09	1.5553158480e+05	9.0918232840e+10	1.0496213324e+03	5.5883628000e+08
855	8.7041877824e+04	3.6403656329e+10	8.5830857241e+03	2.5179664128e+09	1.5601988280e+05	9.1143295734e+10	1.0581679204e+03	5.6685773591e+08
856	8.6935853734e+04	3.6194418505e+10	8.2687765740e+03	2.4194727428e+09	1.5585492138e+05	9.0966533038e+10	1.0245992056e+03	5.4698035744e+08
857	8.6292181057e+04	3.5985303306e+10	8.0070265827e+03	2.3438961969e+09	1.5655327287e+05	9.1268622712e+10	1.0557771373e+03	5.6476944213e+08
858	8.5557581898e+04	3.5792021568e+10	7.7560631347e+03	2.2658699471e+09	1.5651645622e+05	9.1162174878e+10	1.0261092343e+03	5.4655005029e+08
859	8.5435747732e+04	3.5692997837e+10	7.5360969624e+03	2.2032110143e+09	1.5747240295e+05	9.1598214790e+10	1.0640306456e+03	5.6725901828e+08
860	8.5083788220e+04	3.5547301593e+10	7.3368406865e+03	2.1432258003e+09	1.5737352005e+05	9.1383330622e+10	1.0415397583e+03	5.4791235198e+08
861	8.4746642755e+04	3.5404510456e+10	7.1565454215e+03	2.0892178251e+09	1.5793548895e+05	9.1571518753e+10	1.0570313910e+03	5.5432159803e+08
862	8.6898521674e+04	3.5844222291e+10	7.5182111383e+03	2.1279988972e+09	1.5793120969e+05	9.1535920948e+10	1.0445294858e+03	5.5295751242e+08
863	8.6340164897e+04	3.5636440460e+10	7.0538785788e+03	2.0363353778e+09	1.5840105112e+05	9.1746096200e+10	1.0473125671e+03	5.5570135907e+08
864	8.5695531588e+04	3.5357923913e+10	6.8446735740e+03	1.9725998177e+09	1.5794579651e+05	9.1505612220e+10	1.0089092423e+03	5.4012348879e+08
865	8.5267399132e+04	3.5275205787e+10	6.7106654666e+03	1.9381175811e+09	1.5907508894e+05	9.1956685703e+10	1.0571673276e+03	5.5745422227e+08
866	8.5270906152e+04	3.5197041152e+10	6.5966247752e+03	1.9028298804e+09	1.5943537761e+05	9.2131658213e+10	1.0371420782e+03	5.5455049603e+08
867	8.5823778482e+04	3.5230204278e+10	6.5225911225e+03	1.8822782322e+09	1.5960044638e+05	9.2065275631e+10	1.0380668693e+03	5.4574385771e+08
868	8.5461066385e+04	3.5101548740e+10	6.4198123410e+03	1.8449101453e+09	1.5922305075e+05	9.1822583224e+10	1.0168924248e+03	5.3780682597e+08
869	9.5439462453e+04	3.8004545991e+10	1.1764084329e+04	3.4684678859e+09	1.5945639344e+05	9.1847431601e+10	1.0190485291e+03	5.3678676389e+08
870	9.3468260526e+04	3.7450377874e+10	1.0610549087e+04	3.1090628438e+09	1.6050737245e+05	9.2357993149e+10	1.0517401778e+03	5.5669042351e+08
871	9.0109628322e+04	3.6506808201e+10	8.4384518234e+03	2.4652545315e+09	1.6086041936e+05	9.2443429680e+10	1.0591249128e+03	5.5643571551e+08
872	8.9262363402e+04	3.6202170346e+10	7.7345887523e+03	2.2430245247e+09	1.6150286833e+05	9.2676863882e+10	1.0630051126e+03	5.5661707970e+08
873	8.7680519235e+04	3.5734028063e+10	7.2813794678e+03	2.1024000269e+09	1.6065451918e+05	9.2106703011e+10	1.0199369014e+03	5.3170864528e+08
874	8.7650394811e+04	3.5646519381e+10	7.1492521223e+03	2.0385111171e+09	1.6185224387e+05	9.2688983426e+10	1.0589471212e+03	5.5294986960e+08
875	8.8789616274e+04	3.5784994309e+10	7.3505215252e+03	2.0424235376e+09	1.6255212721e+05	9.3008115245e+10	1.0688477598e+03	5.6066337348e+08
876	8.5697820821e+04	3.5102838229e+10	6.5061695955e+03	1.8896611188e+09	1.6327251877e+05	9.3356317444e+10	1.0674148542e+03	5.6149790435e+08
877	8.5605033489e+04	3.5000750049e+10	6.3892626731e+03	1.8422558263e+09	1.6402402581e+05	9.3655460578e+10	1.0851577981e+03	5.6854225762e+08
878	8.6072565064e+04	3.4949171073e+10	6.4513274310e+03	1.8212214803e+09	1.6408680695e+05	9.3637256929e+10	1.0737621832e+03	5.6446051510e+08
879	8.3949871729e+04	3.4562636871e+10	6.0877321802e+03	1.7653248214e+09	1.6443405001e+05	9.3791579017e+10	1.0768152185e+03	5.6807594574e+08
880	8.3628325349e+04	3.4417456049e+10	5.9820978401e+03	1.7282686705e+09	1.6629556386e+05	9.4820247046e+10	1.1272605670e+03	6.0410785736e+08
881	8.3566684030e+04	3.4367660539e+10	5.9147021818e+03	1.7073886997e+09	1.6607237970e+05	9.4549251102e+10	1.0966961303e+03	5.7945658274e+08
882	8.3845476124e+04	3.4385794872e+10	5.8757296121e+03	1.6941764868e+09	1.6488677428e+05	9.3815879935e+10	1.0292245590e+03	5.4105520987e+08
883	8.3791774800e+04	3.4293166784e+10	5.8360319691e+03	1.6727080652e+09	1.6532375392e+05	9.3951662228e+10	1.0415090072e+03	5.4437336076e+08
884	8.3344556936e+04	3.4156167858e+10	5.7229832797e+03	1.6498770823e+09	1.6557639627e+05	9.4010288087e+10	1.0528572352e+03	5.5081729847e+08
885	8.2877916282e+04	3.4009049120e+10	5.6381474799e+03	1.6199832862e+09	1.6547357155e+05	9.3856126308e+10	1.0327075089e+03	5.3684081629e+08
886	8.2504923009e+04	3.3883250540e+10	5.5641607755e+03	1.5953256119e+09	1.6664562997e+05	9.4350453004e+10	1.0827183804e+03	5.6088987636e+08
887	8.2588009012e+04	3.3803932286e+10	5.5197953008e+03	1.5756684002e+09	1.6751267675e+05	9.4718296367e+10	1.0931927856e+03	5.6617862535e+08
888	8.2884809344e+04	3.3780261959e+10	5.4693395544e+03	1.5617905822e+09	1.6782671089e+05	9.4943319750e+10	1.0794133760e+03	5.6987082961e+08
889	8.3073765404e+04	3.3702074443e+10	5.4061135558e+03	1.5418550342e+09	1.6653559419e+05	9.4195295178e+10	1.0229451860e+03	5.3803586609e+08
890	8.2748235131e+04	3.3617746900e+10	5.3524316369e+03	1.5201174292e+09	1.6635455563e+05	9.3940322917e+10	1.0199275318e+03	5.2723252251e+08
891	8.2390957266e+04	3.3561891813e+10	5.3127298918e+03	1.5127052610e+09	1.6801070626e+05	9.4653015597e+10	1.0870059238e+03	5.5640717879e+08
892	8.1950187264e+04	3.3437168241e+10	5.2554725614e+03	1.4943516131e+09	1.6783222452e+05	9.4510263520e+10	1.0561646556e+03	5.4511127882e+08
893	8.2428600314e+04	3.3545326488e+10	5.2552079801e+03	1.4964081480e+09	1.6744228106e+05	9.4165476681e+10	1.0344086200e+03	5.2993047012e+08
894	8.2375969376e+04	3.3402113478e+10	5.1853917913e+03	1.4654668592e+09	1.6784729398e+05	9.4265515541e+10	1.0427152805e+03	5.3167133013e+08
895	8.2267472658e+04	3.3371041618e+10	5.1767912509e+03	1.4618449722e+09	1.6922506867e+05	9.4920242652e+10	1.0885043376e+03	5.5541451261e+08
896	8.2373802023e+04	3.3371869201e+10	5.1871961119e+03	1.4574271539e+09	1.6989165087e+05	9.5225823712e+10	1.0915778497e+03	5.6117046382e+08
897	8.3240793763e+04	3.3411603920e+10	5.2766585331e+03	1.4511060244e+09	1.6945669915e+05	9.4870557945e+10	1.0620105703e+03	5.4162906442e+08
898	8.1473662291e+04	3.3132010726e+10	5.0727993574e+03	1.4349351847e+09	1.6900068094e+05	9.4580490503e+10	1.0334389791e+03	5.2844246968e+08
899	8.1695429532e+04	3.3085285733e+10	5.0404323493e+03	1.4181037207e+09	1.7004379785e+05	9.5010745227e+10	1.0775393946e+03	5.4834714653e+08
900	8.2672471007e+04	3.3221157500e+10	5.1892659497e+03	1.4329689246e+09	1.7065972949e+05	9.5332292059e+10	1.0703694669e+03	5.5142207278e+08
901	8.1400442544e+04	3.3000527382e+10	4.9984020070e+03	1.4139747130e+09	1.7121213204e+05	9.5510280633e+10	1.0901755487e+03	5.5733489885e+08
902	8.1139268640e+04	3.2896126321e+10	4.9438522994e+03	1.3913805914e+09	1.7200836076e+05	9.5884114995e+10	1.0954082765e+03	5.6277508673e+08
903	8.0933930800e+04	3.2788397820e+10	4.9055407635e+03	1.3745284729e+09	1.7183600565e+05	9.5659026674e+10	1.0772041586e+03	5.4823117945e+08
904	8.1041786928e+04	3.2764174389e+10	4.8860735154e+03	1.3694605369e+09	1.7202110774e+05	9.5662193331e+10	1.0782758420e+03	5.4697303495e+08
905	8.1200766780e+04	3.2768085569e+10	4.8664212691e+03	1.3641295014e+09	1.7149330931e+05	9.5382171136e+10	1.0369200529e+03	5.3072570664e+08
906	8.1372337912e+04	3.2673044045e+10	4.8317945618e+03	1.3457750008e+09	1.7146588779e+05	9.5315379728e+10	1.0311832533e+03	5.3012699570e+08
907	8.0610974900e+04	3.2569239942e+10	4.8031235427e+03	1.3346029896e+09	1.7323648632e+05	9.6044874544e+10	1.1069908618e+03	5.5752084452e+08
908	8.0739563438e+04	3.2586599252e+10	4.8231218941e+03	1.3320325280e+09	1.7347390467e+05	9.6242121309e+10	1.0850910832e+03	5.5913126070e+08
909	8.0970243575e+04	3.2601969407e+10	4.8246693276e+03	1.3326318905e+09	1.7381984397e+05	9.6344753505e+10	1.0805542789e+03	5.5586068240e+08
910	8.0444835391e+04	3.2414704175e+10	4.7313713269e+03	1.3115166730e+09	1.7418517953e+05	9.6379836654e+10	1.0758010318e+03	5.4747182644e+08
911	8.0377901898e+04	3.2369118832e+10	4.7234044166e+03	1.3051541475e+09	1.7581446024e+05	9.7077678004e+10	1.1391832028e+03	5.7546744026e+08
912	8.0317556855e+04	3.2378559958e+10	4.7571414491e+03	1.3057618467e+09	1.7563296362e+05	9.6809731833e+10	1.1110416984e+03	5.5394790562e+08
913	8.0267806597e+04	3.2309461770e+10	4.7176591610e+03	1.2911612929e+09	1.7570652782e+05	9.6771386080e+10	1.1032025054e+03	5.5137226864e+08
914	7.9979771128e+04	3.2219800802e+10	4.6672085481e+03	1.2934928311e+09	1.7516272310e+05	9.6352231113e+10	1.0690437228e+03	5.2864151270e+08
915	7.9560179812e+04	3.2106812587e+10	4.6105300231e+03	1.2724636769e+09	1.7621442126e+05	9.6856603646e+10	1.1001302588e+03	5.4892277973e+08
916	7.9377534823e+04	3.2052662485e+10	4.5904561192e+03	1.2658592948e+09	1.7670438963e+05	9.7005048375e+10	1.1148061526e+03	5.5548887918e+08
917	7.9814685466e+04	3.2095736511e+10	4.6077440865e+03	1.2712274776e+09	1.7677589570e+05	9.7099914470e+10	1.0904769672e+03	5.5345494168e+08
918	8.0461337845e+04	3.2157557005e+10	4.6052540123e+03	1.2616378625e+09	1.7666941664e+05	9.6956419716e+10	1.0777732990e+03	5.4393516568e+08
919	7.9854412217e+04	3.2009988278e+10	4.5601972303e+03	1.2507394148e+09	1.7633397574e+05	9.6719235215e+10	1.0568002113e+03	5.3254288707e+08
920	8.0256177279e+04	3.1991046347e+10	4.5491140442e+03	1.2391022220e+09	1.7676110952e+05	9.6869915468e+10	1.0581480196e+03	5.3371110150e+08
921	8.0129981788e+04	3.1943841487e+10	4.5324931275e+03	1.2362254377e+09	1.7813147636e+05	9.7378277809e+10	1.1129640333e+03	5.5341245357e+08
922	8.0651824822e+04	3.1954216947e+10	4.5379305966e+03	1.2301806651e+09	1.7830546542e+05	9.7427843565e+10	1.1045329596e+03	5.5143062438e+08
923	8.0421698268e+04	3.1877403871e+10	4.5166128718e+03	1.2268283157e+09	1.7850816544e+05	9.7408232245e+10	1.0912025333e+03	5.4049016640e+08
924	7.9953021496e+04	3.1754696581e+10	4.4751977376e+03	1.2146362968e+09	1.7841160751e+05	9.7340139009e+10	1.0683967508e+03	5.3312461611e+08
925	8.0157448948e+04	3.1756098520e+10	4.4767944427e+03	1.2112053631e+09	1.8063426419e+05	9.8527085536e+10	1.1459079918e+03	5.8344312331e+08
926	8.0085802719e+04	3.1758787393e+10	4.4927760291e+03	1.2145730464e+09	1.8026941678e+05	9.8117652706e+10	1.1198792209e+03	5.5502757556e+08
927	7.9942648255e+04	3.1672276871e+10	4.4811345746e+03	1.2038974693e+09	1.7997769407e+05	9.7949762597e+10	1.0775264178e+03	5.3961070844e+08
928	7.9398868170e+04	3.1577549039e+10	4.4439001845e+03	1.1934871371e+09	1.8148385106e+05	9.8622463861e+10	1.1309328370e+03	5.6473289913e+08
929	7.9281053322e+04	3.1501542675e+10	4.4214510510e+03	1.1842744958e+09	1.8215567727e+05	9.8819018283e+10	1.1442523861e+03	5.6511631116e+08
930	7.9882645980e+04	3.1629334822e+10	4.4917118345e+03	1.1939556311e+09	1.8295012631e+05	9.9211989838e+10	1.1486132482e+03	5.7391653966e+08
931	7.9236841396e+04	3.1506581330e+10	4.4030486257e+03	1.1863073236e+09	1.8256198098e+05	9.8993895768e+10	1.1172102615e+03	5.6101042248e+08
932	7.9523556808e+04	3.1467626514e+10	4.4045861645e+03	1.1816611297e+09	1.8309318286e+05	9.9226608985e+10	1.1116101017e+03	5.5972666434e+08
933	8.0158355988e+04	3.1487410132e+10	4.4206697790e+03	1.1778098364e+09	1.8485455497e+05	9.9980446871e+10	1.1741315780e+03	5.8551949362e+08
934	8.0963354292e+04	3.1535748865e+10	4.4632795591e+03	1.1739600228e+09	1.8372088103e+05	9.9337354850e+10	1.1078713382e+03	5.5236411372e+08
935	8.0608835283e+04	3.1511424794e+10	4.4901992751e+03	1.1758781902e+09	1.8356661615e+05	9.9112623487e+10	1.0952064746e+03	5.4022260773e+08
936	8.0223247965e+04	3.1433613351e+10	4.6028922920e+03	1.1820021116e+09	1.8435836796e+05	9.9449946304e+10	1.1167316086e+03	5.5238099067e+08
937	8.0126981744e+04	3.1366581772e+10	4.5443964306e+03	1.1730804154e+09	1.8432541906e+05	9.9436505011e+10	1.1051056562e+03	5.5350109562e+08
938	7.8278383463e+04	3.1057068224e+10	4.2924954363e+03	1.1489716095e+09	1.8489568249e+05	9.9572164446e+10	1.1104178085e+03	5.4715739696e+08
939	7.8377194523e+04	3.1021113557e+10	4.2769506494e+03	1.1404072273e+09	1.8620697826e+05	1.0024032618e+11	1.1518374033e+03	5.7451049343e+08
940	7.8262647518e+04	3.0966402503e+10	4.2543591572e+03	1.1316027558e+09	1.8615408031e+05	1.0008088127e+11	1.1300980451e+03	5.5819121836e+08
941	7.8462991798e+04	3.0931923521e+10	4.2470235083e+03	1.1247504766e+09	1.8548747903e+05	9.9638887934e+10	1.0914629965e+03	5.3599733260e+08
942	7.7981010475e+04	3.0885728832e+10	4.2283072772e+03	1.1185289503e+09	1.8570336119e+05	9.9655584264e+10	1.1006113616e+03	5.4070669840e+08
943	7.8538145599e+04	3.0925420421e+10	4.2607420496e+03	1.1249775294e+09	1.8517051598e+05	9.9372623616e+10	1.0514251831e+03	5.2187466655e+08
944	7.8159569059e+04	3.0836881439e+10	4.2361693355e+03	1.1137223120e+09	1.8615647568e+05	9.9685305012e+10	1.1082267282e+03	5.3831328780e+08
945	7.7902017235e+04	3.0784773939e+10	4.2353720631e+03	1.1108723764e+09	1.8634132054e+05	9.9865155508e+10	1.0911836758e+03	5.4524032435e+08
946	7.8183464307e+04	3.0808996342e+10	4.2710730578e+03	1.1148048556e+09	1.8860718739e+05	1.0079975423e+11	1.1763529533e+03	5.7432827768e+08
947	7.8672734110e+04	3.0832499702e+10	4.3223945206e+03	1.1095910119e+09	1.8882051054e+05	1.0080036064e+11	1.1552525424e+03	5.6333189725e+08
948	8.0144830880e+04	3.0964338201e+10	4.7128494776e+03	1.1331488772e+09	1.8944224987e+05	1.0094287212e+11	1.1610954385e+03	5.5982897219e+08
949	7.7413434285e+04	3.0545362203e+10	4.1408511230e+03	1.0858333619e+09	1.8945459603e+05	1.0083055912e+11	1.1468309476e+03	5.5201815603e+08
950	7.7536313628e+04	3.0531121752e+10	4.1425585591e+03	1.0827987678e+09	1.9004716796e+05	1.0106220034e+11	1.1564906104e+03	5.5891418505e+08
951	7.7917113009e+04	3.0547862611e+10	4.1629239610e+03	1.0881381380e+09	1.9052619634e+05	1.0121189455e+11	1.1598506472e+03	5.5992195559e+08
952	7.7226634236e+04	3.0429620139e+10	4.1208041616e+03	1.0763317738e+09	1.9010381461e+05	1.0094280742e+11	1.1194199200e+03	5.4191591045e+08
953	7.6950782207e+04	3.0373945519e+10	4.0998379677e+03	1.0703721821e+09	1.9022808709e+05	1.0091071733e+11	1.1232580752e+03	5.4176307734e+08
954	7.7307877860e+04	3.0353706819e+10	4.0953601374e+03	1.0652302782e+09	1.9001310787e+05	1.0077640063e+11	1.1030570303e+03	5.3506040944e+08
955	7.6952420247e+04	3.0307293497e+10	4.0900799234e+03	1.0638355317e+09	1.9064329010e+05	1.0103600721e+11	1.1155404827e+03	5.4413896806e+08
956	7.7390672652e+04	3.0402677558e+10	4.1744884978e+03	1.0939891021e+09	1.9118711145e+05	1.0112414137e+11	1.1273440976e+03	5.4045222093e+08
957	7.7808339113e+04	3.0369678250e+10	4.1377174619e+03	1.0721112851e+09	1.9196078526e+05	1.0155504974e+11	1.1484331446e+03	5.5892606909e+08
958	7.7774567982e+04	3.0293155388e+10	4.1066875351e+03	1.0620592651e+09	1.9187918954e+05	1.0134692042e+11	1.1297048366e+03	5.4152832274e+08
959	7.6947957430e+04	3.0169840451e+10	4.0733615883e+03	1.0545128036e+09	1.9276698954e+05	1.0169344724e+11	1.1586695187e+03	5.5582996881e+08
960	7.6803239303e+04	3.0134790278e+10	4.0600310640e+03	1.0491415996e+09	1.9187029585e+05	1.0125306585e+11	1.1014871413e+03	5.3417484210e+08
961	7.7124429016e+04	3.0111698528e+10	4.0544438817e+03	1.0441755728e+09	1.9183755442e+05	1.0112257284e+11	1.0937760316e+03	5.2759698449e+08
962	7.7135149370e+04	3.0078919868e+10	4.0514767460e+03	1.0404693345e+09	1.9121978021e+05	1.0078333703e+11	1.0741927282e+03	5.2059272991e+08
963	7.6984762389e+04	3.0048231388e+10	4.0441881785e+03	1.0366768044e+09	1.9260031419e+05	1.0131943742e+11	1.1167283859e+03	5.3411205400e+08
964	7.7054603558e+04	3.0031854751e+10	4.0463374910e+03	1.0336040051e+09	1.9358862175e+05	1.0177660064e+11	1.1385182378e+03	5.4983228543e+08
965	7.7385921248e+04	3.0036243324e+10	4.0628651584e+03	1.0330561276e+09	1.9414201543e+05	1.0189123006e+11	1.1443041405e+03	5.4555369299e+08
966	7.7191287711e+04	2.9996649993e+10	4.0678179294e+03	1.0315308128e+09	1.9471669925e+05	1.0214821665e+11	1.1477044353e+03	5.5261148291e+08
967	7.6771251898e+04	2.9902316928e+10	3.9841306154e+03	1.0159989150e+09	1.9460881137e+05	1.0200353571e+11	1.1382351446e+03	5.4510715104e+08
968	7.7340385003e+04	2.9921908719e+10	3.9991989441e+03	1.0136184083e+09	1.9473364370e+05	1.0202305386e+11	1.1194085518e+03	5.4048250574e+08
969	7.7540572771e+04	2.9923625178e+10	4.0099033650e+03	1.0116904999e+09	1.9506037559e+05	1.0203701625e+11	1.1344248002e+03	5.4030063791e+08
970	7.6747747469e+04	2.9799918415e+10	3.9656130286e+03	1.0062397600e+09	1.9599884225e+05	1.0234579003e+11	1.1518038796e+03	5.4395174122e+08
971	7.7325149090e+04	2.9808773557e+10	3.9705808033e+03	1.0030194596e+09	1.9682270914e+05	1.0275034986e+11	1.1641401656e+03	5.5738891874e+08
972	7.7806564227e+04	2.9822174798e+10	3.9849752948e+03	1.0009151511e+09	1.9717608036e+05	1.0283354660e+11	1.1591342977e+03	5.5220678715e+08
973	7.7112187793e+04	2.9727275291e+10	3.9575474118e+03	9.9658435986e+08	1.9671222595e+05	1.0254282805e+11	1.1271929156e+03	5.3732710066e+08
974	7.7027928979e+04	2.9684155346e+10	3.9537032507e+03	9.9330291099e+08	1.9660009662e+05	1.0238047093e+11	1.1105318685e+03	5.2539275601e+08
975	7.7083476248e+04	2.9665949007e+10	3.9512232867e+03	9.9040683185e+08	1.9878271947e+05	1.0331693883e+11	1.1775672929e+03	5.5623120150e+08
976	7.7468140016e+04	2.9667542549e+10	3.9588649370e+03	9.8823455217e+08	1.9943477871e+05	1.0347431898e+11	1.1960954329e+03	5.5923249975e+08
977	7.7610935007e+04	2.9664335298e+10	3.9738784015e+03	9.8675691545e+08	2.0022553514e+05	1.0388711854e+11	1.1913567002e+03	5.6533858121e+08
978	7.7865923402e+04	2.9655731672e+10	3.9729574902e+03	9.8419831559e+08	2.0040613250e+05	1.0389091712e+11	1.1700083478e+03	5.5265788988e+08
979	7.7684023512e+04	2.9585066696e+10	3.9619454151e+03	9.8069839006e+08	2.0137890190e+05	1.0439167291e+11	1.1998281167e+03	5.7427655104e+08
980	7.8317601384e+04	2.9610126975e+10	4.0036865215e+03	9.8178015308e+08	2.0057968861e+05	1.0396221370e+11	1.1464675086e+03	5.5009381922e+08
981	7.8762090921e+04	2.9640733340e+10	4.0850439965e+03	9.8658780131e+08	2.0129484293e+05	1.0419553276e+11	1.1656811732e+03	5.5471143873e+08
982	7.8093044862e+04	2.9601580789e+10	4.1269043408e+03	9.9020284855e+08	2.0199509103e+05	1.0446456672e+11	1.1810421006e+03	5.6154002681e+08
983	7.7785947333e+04	2.9478328612e+10	4.0254482244e+03	9.7144075710e+08	2.0189864959e+05	1.0426840439e+11	1.1564738098e+03	5.4495956297e+08
984	7.6560825209e+04	2.9332568742e+10	3.8780386181e+03	9.5898489096e+08	2.0217801045e+05	1.0435897107e+11	1.1626541899e+03	5.4972609291e+08
985	7.6357464125e+04	2.9263760759e+10	3.8639401999e+03	9.5533378310e+08	2.0246265633e+05	1.0440677245e+11	1.1510647572e+03	5.4277313096e+08
986	7.6735902441e+04	2.9279192238e+10	3.8788442641e+03	9.5319959780e+08	2.0483714818e+05	1.0544457456e+11	1.2293162743e+03	5.7807226005e+08
987	7.6646899565e+04	2.9234096056e+10	3.8693875060e+03	9.5018945706e+08	2.0412120079e+05	1.0508611383e+11	1.1736472821e+03	5.5583129939e+08
988	7.6257893378e+04	2.9170016739e+10	3.8521769313e+03	9.4713869967e+08	2.0375843676e+05	1.0466427080e+11	1.1634967690e+03	5.3650188297e+08
989	7.6323612500e+04	2.9158124861e+10	3.8472500872e+03	9.4455671803e+08	2.0535023770e+05	1.0525663292e+11	1.2141686243e+03	5.5585076643e+08
990	7.6426896281e+04	2.9141760689e+10	3.8477850504e+03	9.4185993011e+08	2.0530457070e+05	1.0515803652e+11	1.1869455634e+03	5.4670850871e+08
991	7.6486801697e+04	2.9123389215e+10	3.8437687854e+03	9.3930528144e+08	2.0589445242e+05	1.0539837228e+11	1.1930775638e+03	5.5384075275e+08
992	7.6595406639e+04	2.9095052239e+10	3.8413407011e+03	9.3670504796e+08	2.0636784360e+05	1.0557507621e+11	1.1880447957e+03	5.5187202147e+08
993	7.7261195077e+04	2.9116746751e+10	3.8537769489e+03	9.3487743166e+08	2.0515119643e+05	1.0499116261e+11	1.1337469126e+03	5.3099303228e+08
994	7.7517975016e+04	2.9113074250e+10	3.8618723977e+03	9.3298224156e+08	2.0580171101e+05	1.0521602099e+11	1.1673876890e+03	5.4579889408e+08
995	7.7940499720e+04	2.9126098781e+10	3.8858388788e+03	9.3191993321e+08	2.0556783253e+05	1.0492175876e+11	1.1501202281e+03	5.2722332080e+08
996	7.8636762392e+04	2.9158425791e+10	3.9299369605e+03	9.3192096252e+08	2.0559130829e+05	1.0486476479e+11	1.1439888529e+03	5.2811071005e+08
997	7.7648347613e+04	2.9042022960e+10	3.9253547522e+03	9.2968324038e+08	2.0552268005e+05	1.0479105495e+11	1.1351217886e+03	5.2692201799e+08
998	7.7959325988e+04	2.9083994033e+10	4.1743788786e+03	9.4299044798e+08	2.0500261915e+05	1.0443672001e+11	1.0985208903e+03	5.0675870458e+08
999	7.5909172907e+04	2.8841012125e+10	3.8038116983e+03	9.1861134447e+08	2.0515310863e+05	1.0446947950e+11	1.1000317516e+03	5.0995740789e+08
1000	7.6156768700e+04	2.8831953588e+10	3.8120789515e+03	9.1674850957e+08	2.0115009361e+05	1.0245851251e+11	9.4567224206e+02	4.3185417548e+08
1001	7.6032081527e+04	2.8801747559e+10	3.8168177378e+03	9.1463784165e+08	1.9711588375e+05	1.0046510752e+11	7.8891990945e+02	3.5639831597e+08
1002	7.6371745896e+04	2.8825242903e+10	3.8935908281e+03	9.1754858413e+08	1.9466349458e+05	9.9222198057e+10	7.2644332308e+02	3.2584170092e+08
1003	7.5371488538e+04	2.8692647496e+10	3.7776370856e+03	9.0855888749e+08	1.9274921405e+05	9.8236086299e+10	6.8482417373e+02	3.0539730667e+08
1004	7.5637420237e+04	2.8685100901e+10	3.7808384578e+03	9.0640574334e+08	1.9113368539e+05	9.7394228358e+10	6.5325181755e+02	2.8984537170e+08
1005	7.5702242972e+04	2.8659197917e+10	3.7778867581e+03	9.0423213902e+08	1.8970324830e+05	9.6641975293e+10	6.2776493623e+02	2.7727066264e+08
1006	7.5724465707e+04	2.8634508203e+10	3.7754105623e+03	9.0206434987e+08	1.8841233382e+05	9.5956532669e+10	6.0637488380e+02	2.6668188470e+08
1007	7.6088014959e+04	2.8623264506e+10	3.7815257926e+03	8.9989430569e+08	1.8724826353e+05	9.5332614581e+10	5.8789683832e+02	2.5752258497e+08
1008	7.5789280289e+04	2.8583940796e+10	3.7735283627e+03	8.9764872906e+08	1.8617177913e+05	9.4750926132e+10	5.7164216967e+02	2.4944673135e+08
1009	7.5694185295e+04	2.8569810180e+10	3.7718432349e+03	8.9566214522e+08	1.8517124115e+05	9.4206195498e+10	5.5714164890e+02	2.4223302177e+08
1010	7.6037998086e+04	2.8572022147e+10	3.7790776018e+03	8.9394651436e+08	1.8423304202e+05	9.3691757757e+10	5.4405701554e+02	2.3571421691e+08
1011	7.6017991430e+04	2.8544124446e+10	3.7733061448e+03	8.9177681160e+08	1.8335366336e+05	9.3205809657e+10	5.3213641065e+02	2.2976402048e+08
1012	7.6187863915e+04	2.8534780913e+10	3.7808949353e+03	8.9010616726e+08	1.8251992357e+05	9.2742416643e+10	5.2119511700e+02	2.2429552898e+08
1013	7.6620733872e+04	2.8536923123e+10	3.8021545644e+03	8.8895930634e+08	1.8172947049e+05	9.2300081091e+10	5.1108616331e+02	2.1923512166e+08
1014	7.6269123430e+04	2.8470441907e+10	3.7667886317e+03	8.8532675774e+08	1.8097843452e+05	9.1877252830e+10	5.0169310898e+02	2.1453052846e+08
1015	7.6650776536e+04	2.8476312729e+10	3.7759905995e+03	8.8372913231e+08	1.8025996117e+05	9.1470260032e+10	4.9292645358e+02	2.1013269759e+08
1016	7.6677643779e+04	2.8476050948e+10	3.7864044565e+03	8.8223728022e+08	1.7957408037e+05	9.1079423600e+10	4.8471350610e+02	2.0600828561e+08
1017	7.6439762605e+04	2.8449007262e+10	3.7777804089e+03	8.8077465467e+08	1.7891257635e+05	9.0700633754e+10	4.7699457507e+02	2.0212775513e+08
1018	7.6545602622e+04	2.8430061848e+10	3.7922258092e+03	8.7939639444e+08	1.7828202755e+05	9.0336892095e+10	4.6971006440e+02	1.9846065133e+08
1019	7.6408083841e+04	2.8379765241e+10	3.7780666947e+03	8.7680219698e+08	1.7767062015e+05	8.9982804934e+10	4.6281924749e+02	1.9499182846e+08
1020	7.6316961515e+04	2.8350904690e+10	3.7880299221e+03	8.7585696983e+08	1.7708268647e+05	8.9640370085e+10	4.5628136370e+02	1.9169629911e+08
1021	7.6933125193e+04	2.8395275101e+10	3.8515314367e+03	8.7806359902e+08	1.7651624415e+05	8.9308686918e+10	4.5006727130e+02	1.8856163138e+08
1022	7.7662555664e+04	2.8434412921e+10	3.8812550879e+03	8.7741541659e+08	1.7596727506e+05	8.8985761853e+10	4.4414047261e+02	1.8557060593e+08
1023	7.6589262538e+04	2.8288987234e+10	3.7847312524e+03	8.7034853275e+08	1.7543552363e+05	8.8671191086e+10	4.3849224925e+02	1.8271337829e+08
1024	7.6533014528e+04	2.8220093265e+10	3.7626625143e+03	8.6611972163e+08	1.7492101575e+05	8.8365222745e+10	4.3309423482e+02	1.7998704145e+08
1025	7.6393464377e+04	2.8199810136e+10	3.7645359884e+03	8.6466864990e+08	1.7441921977e+05	8.8065738885e+10	4.2790886121e+02	1.7736377207e+08
1026	7.6183578560e+04	2.8158540834e+10	3.7573742010e+03	8.6271477416e+08	1.7393759689e+05	8.7776317317e+10	4.2294269577e+02	1.7484911544e+08
1027	7.5975671234e+04	2.8113468999e+10	3.7498378109e+03	8.6075110588e+08	1.7346500430e+05	8.7491573362e+10	4.1817948709e+02	1.7243747489e+08
1028	7.5910993404e+04	2.8105250732e+10	3.7521846054e+03	8.5937503075e+08	1.7300509618e+05	8.7212959716e+10	4.1358633285e+02	1.7010857203e+08
1029	7.6349077989e+04	2.8118680778e+10	3.7660819868e+03	8.5822694360e+08	1.7255862891e+05	8.6941277847e+10	4.0917333173e+02	1.6787406222e+08
1030	7.5723031521e+04	2.8039929587e+10	3.7519013662e+03	8.5610858207e+08	1.7212519343e+05	8.6676062684e+10	4.0490808050e+02	1.6570820762e+08
1031	7.6129855363e+04	2.8051703642e+10	3.7678080384e+03	8.5522043770e+08	1.7170165149e+05	8.6415933892e+10	4.0079874538e+02	1.6362394214e+08
1032	7.6647200702e+04	2.8089435074e+10	3.8235588197e+03	8.5654453400e+08	1.7128580315e+05	8.6159642070e+10	3.9682788327e+02	1.6160935978e+08
1033	7.6599443193e+04	2.8100774682e+10	3.9063872113e+03	8.6374495275e+08	1.7088191334e+05	8.5909429756e+10	3.9299133846e+02	1.5966132504e+08
1034	7.5736078359e+04	2.7944753904e+10	3.7507380685e+03	8.4928920770e+08	1.7048829784e+05	8.5664621541e+10	3.8926825096e+02	1.5777067250e+08
1035	7.6067802497e+04	2.7937548889e+10	3.7585273209e+03	8.4769522217e+08	1.7010525517e+05	8.5425095207e+10	3.8567089716e+02	1.5594241473e+08
1036	7.5908688990e+04	2.7899644187e+10	3.7767198586e+03	8.4653968758e+08	1.6972755037e+05	8.5188293001e+10	3.8218094272e+02	1.5416960864e+08
1037	7.5189897058e+04	2.7830248551e+10	3.7427649889e+03	8.4435669370e+08	1.6935740287e+05	8.4955306850e+10	3.7880086194e+02	1.5245235486e+08
1038	7.5632005540e+04	2.7831384984e+10	3.7567506156e+03	8.4333705009e+08	1.6899774753e+05	8.4727673604e+10	3.7551280295e+02	1.5078073375e+08
1039	7.5940995099e+04	2.7854048027e+10	3.7903987867e+03	8.4378429978e+08	1.6864642083e+05	8.4504286074e+10	3.7231603104e+02	1.4915502352e+08
1040	7.5502226487e+04	2.7784657365e+10	3.7468597038e+03	8.3969868830e+08	1.6830051418e+05	8.4283704021e+10	3.6921122420e+02	1.4757593872e+08
1041	7.6042074507e+04	2.7810612185e+10	3.7664853466e+03	8.3887092703e+08	1.6796098606e+05	8.4066370688e+10	3.6620159153e+02	1.4604744562e+08
1042	7.5625894607e+04	2.7769872274e+10	3.7691216456e+03	8.3788177909e+08	1.6762933081e+05	8.3852963859e+10	3.6326474209e+02	1.4455077846e+08
1043	7.5100995174e+04	2.7699954489e+10	3.7485869049e+03	8.3582011153e+08	1.6730458674e+05	8.3643341001e+10	3.6040039056e+02	1.4309608871e+08
1044	7.5340037279e+04	2.7703320419e+10	3.7601555406e+03	8.3506575683e+08	1.6698568888e+05	8.3436805252e+10	3.5761325589e+02	1.4167770066e+08
1045	7.4962619476e+04	2.7653907837e+10	3.7498902543e+03	8.3305345650e+08	1.6667201814e+05	8.3232957833e+10	3.5490005281e+02	1.4029935341e+08
1046	7.5117519272e+04	2.7640462484e+10	3.7515761748e+03	8.3173953577e+08	1.6636515896e+05	8.3032426806e+10	3.5225292710e+02	1.3895099139e+08
1047	7.5541871926e+04	2.7641346998e+10	3.7630587395e+03	8.3074748393e+08	1.6606410043e+05	8.2835031611e+10	3.4966788163e+02	1.3763701716e+08
1048	7.5565289880e+04	2.7628425879e+10	3.7660468725e+03	8.2978140170e+08	1.6576830487e+05	8.2640357068e+10	3.4715011384e+02	1.3635656536e+08
1049	7.5698373390e+04	2.7623832757e+10	3.7741714504e+03	8.2897348226e+08	1.6547612901e+05	8.2447520287e+10	3.4468497523e+02	1.3510190648e+08
1050	7.6159842524e+04	2.7631842183e+10	3.7893177803e+03	8.2832735389e+08	1.6519146455e+05	8.2258596574e+10	3.4228052695e+02	1.3388063168e+08
1051	7.6463085894e+04	2.7638873841e+10	3.8051796313e+03	8.2792870190e+08	1.6491030595e+05	8.2071504116e+10	3.3992868775e+02	1.3268419630e+08
1052	7.6780789830e+04	2.7660777500e+10	3.8318511826e+03	8.2815555461e+08	1.6463421131e+05	8.1887127742e+10	3.3763145467e+02	1.3151658588e+08
1053	7.6977763992e+04	2.7656432060e+10	3.8532947589e+03	8.2837121952e+08	1.6436291073e+05	8.1705231382e+10	3.3538399134e+02	1.3037429748e+08
1054	7.6829561128e+04	2.7633746001e+10	3.8683845826e+03	8.2910681855e+08	1.6409551083e+05	8.1525422707e+10	3.3318221208e+02	1.2925526338e+08
1055	7.7400483806e+04	2.7686913805e+10	3.9640085364e+03	8.3495501992e+08	1.6383333922e+05	8.1348301554e+10	3.3103232201e+02	1.2816372797e+08
1056	7.6868593208e+04	2.7602178421e+10	3.9212051730e+03	8.3119481744e+08	1.6357491984e+05	8.1173136247e+10	3.2892377278e+02	1.2709213598e+08
1057	7.7523919657e+04	2.7655774003e+10	4.0535616474e+03	8.4156197804e+08	1.6332025249e+05	8.0999981687e+10	3.2686320665e+02	1.2604578427e+08
1058	7.7891989444e+04	2.7671104636e+10	4.1271421310e+03	8.4587252595e+08	1.6307026162e+05	8.0829296537e+10	3.2483831349e+02	1.2501817763e+08
1059	7.7680406232e+04	2.7603458377e+10	4.1406350104e+03	8.3980563549e+08	1.6282399145e+05	8.0660592695e+10	3.2285776127e+02	1.2401391494e+08
1060	7.8112393073e+04	2.7606474825e+10	4.1752853744e+03	8.4146940661e+08	1.6258069873e+05	8.0493431131e+10	3.2091645001e+02	1.2302796119e+08
1061	7.5628545344e+04	2.7300971176e+10	3.7627497225e+03	8.0968386473e+08	1.6234265147e+05	8.0329050867e+10	3.1901494696e+02	1.2206513875e+08
1062	7.5266549626e+04	2.7258850544e+10	3.7531518256e+03	8.0854777338e+08	1.6210663298e+05	8.0165794660e+10	3.1714641392e+02	1.2111533304e+08
1063	7.5667720734e+04	2.7256010754e+10	3.7691581187e+03	8.0795660689e+08	1.6187509324e+05	8.0004967567e+10	3.1531683867e+02	1.2019025457e+08
1064	7.5589329287e+04	2.7239053143e+10	3.7724553658e+03	8.0738764461e+08	1.6164663390e+05	7.9845663306e+10	3.1351797009e+02	1.1927974730e+08
1065	7.5812495462e+04	2.7238245559e+10	3.7847319007e+03	8.0705880322e+08	1.6142088316e+05	7.9687769013e+10	3.1175244878e+02	1.1838371832e+08
1066	7.5919718135e+04	2.7229876753e+10	3.7979580191e+03	8.0691843844e+08	1.6119982934e+05	7.9532431918e+10	3.1002469063e+02	1.1751015251e+08
1067	7.6056885711e+04	2.7232746466e+10	3.8169575978e+03	8.0725430372e+08	1.6098057197e+05	7.9378097201e+10	3.0832308492e+02	1.1664899730e+08
1068	7.6227369817e+04	2.7239312003e+10	3.8414270255e+03	8.0832608117e+08	1.6076472223e+05	7.9225498449e+10	3.0665373232e+02	1.1580488536e+08
1069	7.6325107894e+04	2.7235838174e+10	3.8710193111e+03	8.1077190981e+08	1.6055170364e+05	7.9074436049e+10	3.0501298842e+02	1.1497590081e+08
1070	7.6667060953e+04	2.7287490487e+10	3.9877124490e+03	8.2288556099e+08	1.6034241503e+05	7.8925345518e+10	3.0340343326e+02	1.1416138851e+08
1071	7.6642960674e+04	2.7257179776e+10	3.9392042972e+03	8.1545151903e+08	1.6013517314e+05	7.8777536979e+10	3.0181577795e+02	1.1336085813e+08
1072	7.5834239322e+04	2.7116825190e+10	3.8177780953e+03	7.9888239995e+08	1.5993140884e+05	7.8631483712e+10	3.0026260068e+02	1.1257744122e+08
1073	7.6238942004e+04	2.7132728896e+10	3.8509846160e+03	7.9951800324e+08	1.5972901384e+05	7.8486234725e+10	2.9872757645e+02	1.1180256216e+08
1074	7.6131965211e+04	2.7096966570e+10	3.8561259729e+03	7.9922412148e+08	1.5953114305e+05	7.8343275562e+10	2.9722628284e+02	1.1104630420e+08
1075	7.7025561016e+04	2.7166789843e+10	3.9645626799e+03	8.0409197272e+08	1.5933479222e+05	7.8201225390e+10	2.9574267818e+02	1.1029862636e+08
1076	7.6543847336e+04	2.7077634744e+10	3.8891877335e+03	7.9937465819e+08	1.5914055965e+05	7.8060282350e+10	2.9428838944e+02	1.0956531244e+08
1077	7.5827641107e+04	2.7020273832e+10	3.8848302428e+03	7.9889878662e+08	1.5894996778e+05	7.7921315840e+10	2.9285756932e+02	1.0884693144e+08
1078	7.6077974430e+04	2.7031569657e+10	3.9156079682e+03	8.0015294277e+08	1.5876108880e+05	7.7783278819e+10	2.9144310830e+02	1.0813412198e+08
1079	7.6725953912e+04	2.7072862236e+10	3.9959164548e+03	8.0425429147e+08	1.5857513951e+05	7.7646886992e+10	2.9005794960e+02	1.0743920195e+08
1080	7.6567359496e+04	2.7023952979e+10	3.9700401965e+03	8.0256310391e+08	1.5839068188e+05	7.7511374951e+10	2.8869042103e+02	1.0675233312e+08
1081	7.6412443673e+04	2.6997985821e+10	4.0027755692e+03	8.0476306542e+08	1.5820907154e+05	7.7377311645e+10	2.8734830838e+02	1.0607800122e+08
1082	7.6657131044e+04	2.7017809895e+10	4.0696379001e+03	8.0934282134e+08	1.5803003699e+05	7.7244616154e+10	2.8602268960e+02	1.0541433266e+08
1083	7.7207027120e+04	2.7078205501e+10	4.2276205574e+03	8.2145697886e+08	1.5785217759e+05	7.7112589977e+10	2.8471546991e+02	1.0475849452e+08
1084	7.6471718924e+04	2.6950424118e+10	4.1267583888e+03	8.1345604993e+08	1.5767770189e+05	7.6982330009e+10	2.8343417739e+02	1.0411676013e+08
1085	7.6726074094e+04	2.6957056983e+10	4.2127401165e+03	8.2039912390e+08	1.5750445380e+05	7.6852882833e+10	2.8216918198e+02	1.0348369711e+08
1086	7.7427849127e+04	2.6995084035e+10	4.3396486575e+03	8.3089354578e+08	1.5733315968e+05	7.6724553217e+10	2.8092062258e+02	1.0286054425e+08
1087	7.7696420756e+04	2.7040055062e+10	4.5173988888e+03	8.4758426841e+08	1.5716472478e+05	7.6597643157e+10	2.7969130442e+02	1.0224481236e+08
1088	7.8631662473e+04	2.7131386798e+10	4.8417836070e+03	8.7835517558e+08	1.5699771007e+05	7.6471632551e+10	2.7847937376e+02	1.0164011480e+08
1089	7.9534185936e+04	2.7224407639e+10	5.3898149841e+03	9.3609308187e+08	1.5683289827e+05	7.6346786926e+10	2.7728654427e+02	1.0104659459e+08
1090	8.2423967606e+04	2.7576868005e+10	7.5017641118e+03	1.1777306508e+09	1.5666949572e+05	7.6222742659e+10	2.7610963412e+02	1.0045868234e+08
1091	8.0258032245e+04	2.7299495446e+10	5.9302633980e+03	9.9154500530e+08	1.5650871598e+05	7.6100047768e+10	2.7495036728e+02	9.9881903023e+07
1092	7.5078827239e+04	2.6569937285e+10	3.6800598642e+03	7.5759249240e+08	1.5634888049e+05	7.5977956828e+10	2.7380398114e+02	9.9311337924e+07
1093	7.4322109178e+04	2.6485277892e+10	3.6377410543e+03	7.5522842259e+08	1.5619200708e+05	7.5857366800e+10	2.7267816449e+02	9.8751089115e+07
1094	7.4941431499e+04	2.6520538665e+10	3.6716837889e+03	7.5610476847e+08	1.5603579658e+05	7.5737404626e+10	2.7156421202e+02	9.8199174769e+07
1095	7.4281346570e+04	2.6425228490e+10	3.6297262573e+03	7.5239270342e+08	1.5588203128e+05	7.5618618711e+10	2.7046588686e+02	9.7652865902e+07
1096	7.4158594719e+04	2.6411714930e+10	3.6300997435e+03	7.5153811970e+08	1.5572964446e+05	7.5500675818e+10	2.6938341247e+02	9.7117558878e+07
1097	7.4462733586e+04	2.6418770260e+10	3.6441405380e+03	7.5100393275e+08	1.5557924902e+05	7.5383747115e+10	2.6831645508e+02	9.6587610184e+07
1098	7.4934174444e+04	2.6424609258e+10	3.6713478329e+03	7.5079154355e+08	1.5542973969e+05	7.5267501977e+10	2.6725790176e+02	9.6065520712e+07
1099	7.4535581290e+04	2.6386426219e+10	3.6713562899e+03	7.4995831885e+08	1.5528315562e+05	7.5152725513e+10	2.6622247553e+02	9.5553601142e+07
1100	7.4029512473e+04	2.6329063958e+10	3.6359259685e+03	7.4768337620e+08	1.5513726688e+05	7.5038330967e+10	2.6519360183e+02	9.5044146646e+07
1101	7.4258916391e+04	2.6332353347e+10	3.6438744369e+03	7.4704631501e+08	1.5499316643e+05	7.4924959472e+10	2.6417966814e+02	9.4544868830e+07
1102	7.4538292311e+04	2.6324593781e+10	3.6541324051e+03	7.4629469551e+08	1.5485015063e+05	7.4812328209e+10	2.6317944595e+02	9.4052900810e+07
1103	7.4305590770e+04	2.6285746669e+10	3.6504288328e+03	7.4525206161e+08	1.5470909447e+05	7.4700659224e+10	2.6218905979e+02	9.3564249568e+07
1104	7.4423377330e+04	2.6282616806e+10	3.6576459151e+03	7.4459521583e+08	1.5457052170e+05	7.4590307442e+10	2.6121873718e+02	9.3087226106e+07
1105	7.4460766590e+04	2.6267805011e+10	3.6597897847e+03	7.4381461109e+08	1.5443120115e+05	7.4479755583e+10	2.6025195237e+02	9.2613132217e+07
1106	7.4699394970e+04	2.6263041127e+10	3.6688592086e+03	7.4317654143e+08	1.5429461928e+05	7.4370581132e+10	2.5930016116e+02	9.2145124220e+07
1107	7.4711667115e+04	2.6252906258e+10	3.6740120863e+03	7.4262515919e+08	1.5415994543e+05	7.4262466886e+10	2.5836626697e+02	9.1687047240e+07
1108	7.4944524770e+04	2.6256106453e+10	3.6881183565e+03	7.4227469393e+08	1.5402561422e+05	7.4154664691e+10	2.5743369778e+02	9.1231330161e+07
1109	7.4765482662e+04	2.6239471617e+10	3.6894322735e+03	7.4173484521e+08	1.5389323619e+05	7.4047877266e+10	2.5651659326e+02	9.0782087835e+07
1110	7.5214507347e+04	2.6251036537e+10	3.7073136279e+03	7.4155524343e+08	1.5376254708e+05	7.3942103582e+10	2.5561276919e+02	9.0341336990e+07
1111	7.5288777711e+04	2.6234956404e+10	3.7187559582e+03	7.4139166397e+08	1.5363222865e+05	7.3836579751e+10	2.5471900935e+02	8.9905196663e+07
1112	7.5636172896e+04	2.6245000601e+10	3.7440075021e+03	7.4184871829e+08	1.5350374173e+05	7.3731977315e+10	2.5383614724e+02	8.9473809433e+07
1113	7.6381222749e+04	2.6295537389e+10	3.8357402392e+03	7.4566778296e+08	1.5337648773e+05	7.3628152521e+10	2.5295873283e+02	8.9047921308e+07
1114	7.5848333084e+04	2.6216604667e+10	3.7596488787e+03	7.4100046469e+08	1.5325123871e+05	7.3525339304e+10	2.5209954192e+02	8.8629688515e+07
1115	7.6344190726e+04	2.6241481292e+10	3.8001834142e+03	7.4227726910e+08	1.5312606418e+05	7.3422709356e+10	2.5124649803e+02	8.8215015145e+07
1116	7.6369045081e+04	2.6241826229e+10	3.8362276572e+03	7.4416420138e+08	1.5300182595e+05	7.3320672253e+10	2.5039996516e+02	8.7805223233e+07
1117	7.6390542476e+04	2.6231414266e+10	3.9036757126e+03	7.4909038671e+08	1.5288088316e+05	7.3220276245e+10	2.4957044028e+02	8.7402820786e+07
1118	7.7092778427e+04	2.6256375859e+10	3.9469175441e+03	7.5053197190e+08	1.5275967936e+05	7.3119946364e+10	2.4874435792e+02	8.7003144933e+07
1119	7.6458826666e+04	2.6162148244e+10	3.8379482150e+03	7.3989114973e+08	1.5263931345e+05	7.3020145814e+10	2.4793072839e+02	8.6611010871e+07
1120	7.6272870768e+04	2.6156420826e+10	3.8948130956e+03	7.4316610709e+08	1.5252080718e+05	7.2921247647e+10	2.4712646969e+02	8.6222314935e+07
1121	7.6880018257e+04	2.6191890345e+10	4.0257989714e+03	7.5093908895e+08	1.5240319215e+05	7.2822866741e+10	2.4632623043e+02	8.5836195971e+07
1122	7.8045869466e+04	2.6292555574e+10	4.4644006402e+03	7.8087213281e+08	1.5228702135e+05	7.2725320472e+10	2.4554322158e+02	8.5459267559e+07
1123	7.7918976242e+04	2.6270010297e+10	4.5295060133e+03	7.8469191440e+08	1.5217138757e+05	7.2628163664e+10	2.4476319517e+02	8.5085126619e+07
1124	7.5213827723e+04	2.5946682142e+10	3.6941914134e+03	7.2582735718e+08	1.5205732902e+05	7.2531817507e+10	2.4399297175e+02	8.4714876946e+07
1125	7.5448145211e+04	2.5934821169e+10	3.7028918579e+03	7.2542108017e+08	1.5194457911e+05	7.2436207138e+10	2.4323310079e+02	8.4350112131e+07
1126	7.5749041519e+04	2.5948856962e+10	3.7225746401e+03	7.2559772628e+08	1.5183192942e+05	7.2340839958e+10	2.4247760680e+02	8.3989218556e+07
1127	7.5466068581e+04	2.5906852630e+10	3.7190042631e+03	7.2470960535e+08	1.5172072344e+05	7.2246211050e+10	2.4173207398e+02	8.3632566897e+07
1128	7.5310770544e+04	2.5898702973e+10	3.7276657384e+03	7.2454591004e+08	1.5161161638e+05	7.2152682902e+10	2.4099745482e+02	8.3281757847e+07
1129	7.5673645867e+04	2.5903594579e+10	3.7571850510e+03	7.2474776719e+08	1.5150227902e+05	7.2059145349e+10	2.4026532059e+02	8.2932892106e+07
1130	7.5557573211e+04	2.5888284030e+10	3.7603316329e+03	7.2457598044e+08	1.5139403717e+05	7.1966200829e+10	2.3954624795e+02	8.2589878460e+07
1131	7.5524775971e+04	2.5867288227e+10	3.7581170681e+03	7.2413065379e+08	1.5128686007e+05	7.1873946148e+10	2.3883060146e+02	8.2250362117e+07
1132	7.5112769452e+04	2.5835969151e+10	3.7561301849e+03	7.2395546037e+08	1.5118172246e+05	7.1782652710e+10	2.3812599361e+02	8.1915098999e+07
1133	7.5331194463e+04	2.5842867028e+10	3.7805486607e+03	7.2441615739e+08	1.5107623607e+05	7.1691393106e+10	2.3742487885e+02	8.1583315182e+07
1134	7.5436792537e+04	2.5835597495e+10	3.7886790218e+03	7.2446074212e+08	1.5097204200e+05	7.1600835379e+10	2.3673289023e+02	8.1255894726e+07
1135	7.5011743836e+04	2.5805733713e+10	3.7914970971e+03	7.2461908844e+08	1.5086948502e+05	7.1511205738e+10	2.3605053277e+02	8.0933669954e+07
1136	7.5454624987e+04	2.5819310817e+10	3.8171320497e+03	7.2532889901e+08	1.5076681910e+05	7.1421590254e+10	2.3537110592e+02	8.0613025530e+07
1137	7.5559215805e+04	2.5827789435e+10	3.8432603364e+03	7.2660226141e+08	1.5066543105e+05	7.1332652691e+10	2.3469989720e+02	8.0297169523e+07
1138	7.5829535113e+04	2.5834504210e+10	3.8674724916e+03	7.2752110763e+08	1.5056560494e+05	7.1244574107e+10	2.3403836353e+02	7.9985686437e+07
1139	7.5540962506e+04	2.5797316744e+10	3.8689098560e+03	7.2763204293e+08	1.5046580841e+05	7.1156631714e+10	2.3337808545e+02	7.9676173495e+07
1140	7.6045645599e+04	2.5817001629e+10	3.9088102032e+03	7.2932226018e+08	1.5036728903e+05	7.1069348961e+10	2.3272912757e+02	7.9371441241e+07
1141	7.5922747907e+04	2.5810818020e+10	3.9320971463e+03	7.3142407384e+08	1.5026960299e+05	7.0982580037e+10	2.3208596906e+02	7.9070443235e+07
1142	7.6278551505e+04	2.5826321444e+10	3.9736810027e+03	7.3404556100e+08	1.5017254041e+05	7.0896209719e+10	2.3144658070e+02	7.8771910251e+07
1143	7.6564596601e+04	2.5831707066e+10	4.0158544513e+03	7.3684257840e+08	1.5007666185e+05	7.0810476741e+10	2.3081572326e+02	7.8477274000e+07
1144	7.6862321570e+04	2.5854500450e+10	4.0872188682e+03	7.4239370362e+08	1.4998178291e+05	7.0725300562e+10	2.3019094258e+02	7.8185647794e+07
1145	7.6758959870e+04	2.5834778480e+10	4.1148735503e+03	7.4532607394e+08	1.4988699249e+05	7.0640382828e+10	2.2957174222e+02	7.7898706798e+07
1146	7.7171737382e+04	2.5859479579e+10	4.2231826055e+03	7.5391685979e+08	1.4979374004e+05	7.0556181371e+10	2.2895907145e+02	7.7613849484e+07
1147	7.6907638703e+04	2.5803890347e+10	4.2574762033e+03	7.5847785018e+08	1.4970106225e+05	7.0472302272e+10	2.2835053977e+02	7.7330855267e+07
1148	7.7383086360e+04	2.5836703109e+10	4.3917783402e+03	7.7100645672e+08	1.4960864380e+05	7.0388726223e+10	2.2775025616e+02	7.7053394344e+07
1149	7.7980571913e+04	2.5895237425e+10	4.5895396042e+03	7.9051886373e+08	1.4951798400e+05	7.0306070142e+10	2.2715532151e+02	7.6779630759e+07
1150	7.9814580633e+04	2.6057904124e+10	4.9792677090e+03	8.2825474245e+08	1.4942769318e+05	7.0223643849e+10	2.2656547572e+02	7.6506020062e+07
1151	7.9402154592e+04	2.6014647342e+10	5.4815563632e+03	8.8595603321e+08	1.4933802369e+05	7.0141666469e+10	2.2598042292e+02	7.6237674706e+07
1152	8.1676967455e+04	2.6342867156e+10	7.4604971640e+03	1.1184087581e+09	1.4924910596e+05	7.0060118739e+10	2.2540102024e+02	7.5971020536e+07
1153	8.1448789088e+04	2.6276300148e+10	6.8178589989e+03	1.0383577893e+09	1.4916121626e+05	6.9979178556e+10	2.2482973438e+02	7.5709974366e+07
1154	7.6577067137e+04	2.5552312142e+10	3.8849796461e+03	7.0841356051e+08	1.4907377267e+05	6.9898492624e+10	2.2426012967e+02	7.5448221970e+07
1155	7.5602013475e+04	2.5396079269e+10	3.6759030185e+03	6.8892055344e+08	1.4898739065e+05	6.9818442447e+10	2.2369846303e+02	7.5192109706e+07
1156	7.5597684731e+04	2.5393769063e+10	3.6922885550e+03	6.8926781732e+08	1.4890113086e+05	6.9738482684e+10	2.2314060838e+02	7.4936898721e+07
1157	7.6171948355e+04	2.5427803235e+10	3.7389575182e+03	6.9056321506e+08	1.4881636320e+05	6.9659382867e+10	2.2258841074e+02	7.4686667102e+07
1158	7.6359526454e+04	2.5441901189e+10	3.7856338099e+03	6.9250349740e+08	1.4873199585e+05	6.9580454284e+10	2.2204033355e+02	7.4436494190e+07
1159	7.6516654353e+04	2.5464078609e+10	3.9043752436e+03	6.9907130412e+08	1.4864819354e+05	6.9501908038e+10	2.2149977517e+02	7.4190311578e+07
1160	7.8207383177e+04	2.5626528960e+10	4.4197180919e+03	7.3031905500e+08	1.4856481057e+05	6.9423705151e+10	2.2096200975e+02	7.3947272934e+07
1161	7.5539301073e+04	2.5321678547e+10	3.7265995382e+03	6.8681583104e+08	1.4848259167e+05	6.9346113137e+10	2.2043081251e+02	7.3707645623e+07
1162	7.5218503012e+04	2.5281102968e+10	3.7049321060e+03	6.8559921225e+08	1.4840104734e+05	6.9268912107e+10	2.1990148411e+02	7.3467427556e+07
1163	7.5697285317e+04	2.5317511070e+10	3.8314577183e+03	6.9244764458e+08	1.4832009863e+05	6.9192173375e+10	2.1937805543e+02	7.3232361024e+07
1164	7.5623399361e+04	2.5257517846e+10	3.7286908340e+03	6.8598908450e+08	1.4824019330e+05	6.9115926274e+10	2.1886087822e+02	7.2999618317e+07
1165	7.5794418905e+04	2.5277616007e+10	3.8003066430e+03	6.9108690914e+08	1.4815959114e+05	6.9039510243e+10	2.1834660843e+02	7.2769203929e+07
1166	7.5168171084e+04	2.5189469739e+10	3.7122721860e+03	6.8377336491e+08	1.4808113903e+05	6.8964120962e+10	2.1783823078e+02	7.2540637174e+07
1167	7.5551652805e+04	2.5212664209e+10	3.7612609331e+03	6.8678547526e+08	1.4800287952e+05	6.8888939937e+10	2.1733473598e+02	7.2316738816e+07
1168	7.6513707305e+04	2.5286017898e+10	3.8849757319e+03	6.9532026733e+08	1.4792447676e+05	6.8813765959e+10	2.1683216170e+02	7.2092569911e+07
1169	7.8486722374e+04	2.5494551831e+10	4.6048837082e+03	7.6046843534e+08	1.4784772991e+05	6.8739437700e+10	2.1633694421e+02	7.1871300429e+07
1170	7.5894299787e+04	2.5166806497e+10	3.8690937660e+03	6.8754115796e+08	1.4777130836e+05	6.8665373662e+10	2.1584596306e+02	7.1653492891e+07
1171	7.4490111471e+04	2.5023453595e+10	3.6637943967e+03	6.7395540115e+08	1.4769537954e+05	6.8591639890e+10	2.1536000767e+02	7.1438524752e+07
1172	7.5033883735e+04	2.5052944542e+10	3.7565036274e+03	6.7761050251e+08	1.4761976670e+05	6.8518133919e+10	2.1487452488e+02	7.1222911946e+07
1173	7.5190315612e+04	2.5036261017e+10	3.8239235532e+03	6.7857934593e+08	1.4754539530e+05	6.8445300349e+10	2.1439670645e+02	7.1012359150e+07
1174	7.4404562230e+04	2.4950205226e+10	3.6483339207e+03	6.7073722936e+08	1.4747136649e+05	6.8372720918e+10	2.1392205054e+02	7.0803219679e+07
1175	7.4751483941e+04	2.4953729865e+10	3.6642000215e+03	6.7055150153e+08	1.4739777408e+05	6.8300434071e+10	2.1345118752e+02	7.0596460543e+07
1176	7.4492407373e+04	2.4928726583e+10	3.6607805636e+03	6.6970284287e+08	1.4732488113e+05	6.8228484520e+10	2.1298366509e+02	7.0391113118e+07
1177	7.4406269069e+04	2.4922388315e+10	3.6879390064e+03	6.7021867332e+08	1.4725236647e+05	6.8156849826e+10	2.1252171054e+02	7.0188895796e+07
1178	7.4098150368e+04	2.4909865485e+10	3.7041051024e+03	6.7056793427e+08	1.4718081813e+05	6.8085710016e+10	2.1206262956e+02	6.9987344046e+07
1179	7.3727267457e+04	2.4872917777e+10	3.6665108890e+03	6.6879342621e+08	1.4710946803e+05	6.8014763911e+10	2.1160783385e+02	6.9788994988e+07
1180	7.3746794423e+04	2.4849954081e+10	3.6605135469e+03	6.6801719593e+08	1.4703868927e+05	6.7944222033e+10	2.1115557774e+02	6.9593304931e+07
1181	7.4109185477e+04	2.4858290893e+10	3.6764193965e+03	6.6816310651e+08	1.4696896643e+05	6.7874175579e+10	2.1071019164e+02	6.9398758545e+07
1182	7.4123986014e+04	2.4851116181e+10	3.6889252592e+03	6.6852075749e+08	1.4689895976e+05	6.7804126503e+10	2.1026295117e+02	6.9204563011e+07
1183	7.4693061307e+04	2.4872514381e+10	3.7226260130e+03	6.6960143888e+08	1.4683032972e+05	6.7734780503e+10	2.0982542955e+02	6.9015522642e+07
1184	7.5094181450e+04	2.4907336889e+10	3.7726455713e+03	6.7229111966e+08	1.4676172259e+05	6.7665552742e+10	2.0938694715e+02	6.8827288810e+07
1185	7.5645032053e+04	2.4970714843e+10	3.9586589289e+03	6.8512840873e+08	1.4669372033e+05	6.7596616701e+10	2.0895708855e+02	6.8640658973e+07
1186	7.5704765693e+04	2.4941849521e+10	3.9515427614e+03	6.8552012082e+08	1.4662583505e+05	6.7527898818e+10	2.0852345688e+02	6.8454932673e+07
1187	7.5766035250e+04	2.4902203394e+10	3.8578838138e+03	6.7658184116e+08	1.4655963255e+05	6.7459978750e+10	2.0810054347e+02	6.8273297457e+07
1188	7.4418360421e+04	2.4764695889e+10	3.7350386681e+03	6.6554336633e+08	1.4649279295e+05	6.7391908693e+10	2.0767599156e+02	6.8092059090e+07
1189	7.5086687888e+04	2.4830115518e+10	3.9742104077e+03	6.8366060621e+08	1.4642726843e+05	6.7324502607e+10	2.0725895911e+02	6.7913432060e+07
1190	7.4016458063e+04	2.4681214176e+10	3.6844137307e+03	6.5985321225e+08	1.4636170142e+05	6.7257230123e+10	2.0684071094e+02	6.7736771681e+07
1191	7.3973613224e+04	2.4645100662e+10	3.6757904530e+03	6.5756523216e+08	1.4629700472e+05	6.7190314485e+10	2.0643048886e+02	6.7562195611e+07
1192	7.4437904752e+04	2.4664701964e+10	3.7192234768e+03	6.5802014298e+08	1.4623209135e+05	6.7123461919e+10	2.0601980992e+02	6.7388237587e+07
1193	7.4039794563e+04	2.4623924134e+10	3.6949932151e+03	6.5699004131e+08	1.4616864224e+05	6.7057277929e+10	2.0561439790e+02	6.7215530768e+07
1194	7.4176892718e+04	2.4625660144e+10	3.7103415321e+03	6.5725121451e+08	1.4610505050e+05	6.6991238131e+10	2.0521173998e+02	6.7047329877e+07
1195	7.4084578649e+04	2.4615824564e+10	3.7382109499e+03	6.5811295697e+08	1.4604245477e+05	6.6925674768e+10	2.0481211613e+02	6.6879683466e+07
1196	7.4106012670e+04	2.4625178046e+10	3.8209655200e+03	6.6200591926e+08	1.4597981273e+05	6.6860078895e+10	2.0441754198e+02	6.6712655721e+07
1197	7.5128469785e+04	2.4696341945e+10	4.1521212630e+03	6.7898891233e+08	1.4591724294e+05	6.6794671773e+10	2.0401988620e+02	6.6546013669e+07
1198	7.3571674618e+04	2.4522056639e+10	3.6585144774e+03	6.5190081387e+08	1.4585671975e+05	6.6730258563e+10	2.0363547147e+02	6.6384894825e+07
1199	7.3476935426e+04	2.4516581008e+10	3.6621132663e+03	6.5181301005e+08	1.4579512601e+05	6.6665548438e+10	2.0324297490e+02	6.6223288203e+07
1200	7.3370426218e+04	2.4487426960e+10	3.6640759386e+03	6.5093395390e+08	1.4573437386e+05	6.6601144779e+10	2.0286224455e+02	6.6063206707e+07
1201	7.3838565827e+04	2.4509433212e+10	3.6914962937e+03	6.5135729423e+08	1.4567427637e+05	6.6537182837e+10	2.0247917391e+02	6.5904308901e+07
1202	7.3525182698e+04	2.4455763873e+10	3.6691114392e+03	6.4960281372e+08	1.4561475733e+05	6.6473505589e+10	2.0210208898e+02	6.5747659392e+07
1203	7.3602536569e+04	2.4442843774e+10	3.6746989296e+03	6.4918005978e+08	1.4555588641e+05	6.6410285837e+10	2.0172709674e+02	6.5593755425e+07
1204	7.4472426384e+04	2.4476702302e+10	3.7139096043e+03	6.4960322097e+08	1.4549627607e+05	6.6346831874e+10	2.0135362885e+02	6.5439647494e+07
1205	7.4516352446e+04	2.4460755740e+10	3.7123774921e+03	6.4890170787e+08	1.4543801637e+05	6.6284031882e+10	2.0098381002e+02	6.5287980618e+07
1206	7.4000932869e+04	2.4417565120e+10	3.7002709604e+03	6.4811267788e+08	1.4538064446e+05	6.6221657577e+10	2.0061829191e+02	6.5137781605e+07
1207	7.4003582273e+04	2.4422514711e+10	3.7232519558e+03	6.4911733916e+08	1.4532310849e+05	6.6159302245e+10	2.0025337197e+02	6.4988568853e+07
1208	7.4445563017e+04	2.4426675899e+10	3.7399568781e+03	6.4834589247e+08	1.4526501543e+05	6.6096841993e+10	1.9989011512e+02	6.4840501506e+07
1209	7.3528040993e+04	2.4339217458e+10	3.6942138407e+03	6.4588431043e+08	1.4520901103e+05	6.6035307431e+10	1.9953527288e+02	6.4694814563e+07
1210	7.3785925809e+04	2.4343445731e+10	3.7053973174e+03	6.4566677769e+08	1.4515284916e+05	6.5973872928e+10	1.9917699884e+02	6.4551332998e+07
1211	7.3650922203e+04	2.4330580184e+10	3.7063294623e+03	6.4523586875e+08	1.4509694844e+05	6.5912537001e+10	1.9882504605e+02	6.4407712129e+07
1212	7.3734609021e+04	2.4325433286e+10	3.7152709495e+03	6.4506595887e+08	1.4504178997e+05	6.5851639336e+10	1.9847369172e+02	6.4264674661e+07
1213	7.4256935409e+04	2.4346860143e+10	3.7448023076e+03	6.4558200844e+08	1.4498604264e+05	6.5790594611e+10	1.9812459499e+02	6.4124773126e+07
1214	7.4711531778e+04	2.4349578309e+10	3.7516148639e+03	6.4494240284e+08	1.4493192018e+05	6.5730302921e+10	1.9778317224e+02	6.3987271518e+07
1215	7.4335842498e+04	2.4301565052e+10	3.7382014023e+03	6.4375071049e+08	1.4487735324e+05	6.5669953915e+10	1.9743592187e+02	6.3849124363e+07
1216	7.4709305972e+04	2.4311868087e+10	3.7622932677e+03	6.4389075404e+08	1.4482386061e+05	6.5610070885e+10	1.9709928643e+02	6.3713144483e+07
1217	7.5176839557e+04	2.4346495964e+10	3.8752430709e+03	6.4818732792e+08	1.4477017207e+05	6.5550306888e+10	1.9675838961e+02	6.3578495496e+07
1218	7.4101502048e+04	2.4259664939e+10	3.7449307128e+03	6.4237588003e+08	1.4471758523e+05	6.5491027978e+10	1.9642545545e+02	6.3445635548e+07
1219	7.4398930862e+04	2.4268249522e+10	3.7635026132e+03	6.4239514125e+08	1.4466428006e+05	6.5431562024e+10	1.9608991309e+02	6.3313452372e+07
1220	7.4742129165e+04	2.4271826987e+10	3.7695547367e+03	6.4210487097e+08	1.4461216518e+05	6.5372603649e+10	1.9576263442e+02	6.3182860722e+07
1221	7.4260182822e+04	2.4225636843e+10	3.7613506471e+03	6.4141097150e+08	1.4456025250e+05	6.5313898836e+10	1.9543126710e+02	6.3052980042e+07
1222	7.4512344575e+04	2.4222280673e+10	3.7746505111e+03	6.4126677188e+08	1.4450892596e+05	6.5255482015e+10	1.9510764820e+02	6.2925010546e+07
1223	7.4897804374e+04	2.4229188317e+10	3.7961217550e+03	6.4132261362e+08	1.4445766887e+05	6.5197172032e+10	1.9478225947e+02	6.2797326279e+07
1224	7.5064956984e+04	2.4234276417e+10	3.8080553530e+03	6.4130910566e+08	1.4440705110e+05	6.5139234159e+10	1.9446384263e+02	6.2673216176e+07
1225	7.4784110498e+04	2.4228181206e+10	3.8138746323e+03	6.4143149567e+08	1.4435600829e+05	6.5081158636e+10	1.9414309965e+02	6.2548067981e+07
1226	7.4378872946e+04	2.4212959692e+10	3.8180942535e+03	6.4199791875e+08	1.4430633638e+05	6.5023731103e+10	1.9382899310e+02	6.2424737613e+07
1227	7.5283639131e+04	2.4272735661e+10	3.9030699681e+03	6.4686170187e+08	1.4425675721e+05	6.4966445880e+10	1.9351322595e+02	6.2301929281e+07
1228	7.4558621417e+04	2.4170739758e+10	3.8220497021e+03	6.4010874344e+08	1.4420729053e+05	6.4909357290e+10	1.9320254602e+02	6.2182669563e+07
1229	7.5051774352e+04	2.4185366858e+10	3.8520630366e+03	6.4056014492e+08	1.4415817854e+05	6.4852477238e+10	1.9288961915e+02	6.2062540292e+07
1230	7.5687147694e+04	2.4214556081e+10	3.9165490464e+03	6.4203167163e+08	1.4410968401e+05	6.4795855051e+10	1.9258623733e+02	6.1944630721e+07
1231	7.4799953039e+04	2.4155429496e+10	3.8526902478e+03	6.4025351295e+08	1.4406106014e+05	6.4739337760e+10	1.9227715300e+02	6.1826346815e+07
1232	7.4802893469e+04	2.4142231689e+10	3.8663852247e+03	6.4037488657e+08	1.4401349146e+05	6.4683313223e+10	1.9197624795e+02	6.1710327769e+07
1233	7.4765880408e+04	2.4131234057e+10	3.8772855815e+03	6.4068882677e+08	1.4396569604e+05	6.4627295817e+10	1.9167455272e+02	6.1595578161e+07
1234	7.5083446706e+04	2.4135317579e+10	3.8998614646e+03	6.4127959474e+08	1.4391790514e+05	6.4571385965e+10	1.9137302138e+02	6.1481917948e+07
1235	7.5329068400e+04	2.4137208074e+10	3.9237434894e+03	6.4186481652e+08	1.4387172389e+05	6.4516144360e+10	1.9108017419e+02	6.1370075390e+07
1236	7.5213115386e+04	2.4125648929e+10	3.9432890740e+03	6.4276387876e+08	1.4382489416e+05	6.4460734309e+10	1.9078232736e+02	6.1256976482e+07
1237	7.5216685092e+04	2.4132205328e+10	3.9690354721e+03	6.4420175291e+08	1.4377870413e+05	6.4405613906e+10	1.9049128049e+02	6.1146368862e+07
1238	7.5706273753e+04	2.4156999353e+10	4.0166717292e+03	6.4646516137e+08	1.4373223080e+05	6.4350536110e+10	1.9020030865e+02	6.1037212804e+07
1239	7.6305984472e+04	2.4186332671e+10	4.0752555539e+03	6.4948905989e+08	1.4368629554e+05	6.4295779265e+10	1.8991085867e+02	6.0929441872e+07
1240	7.6972298602e+04	2.4205453935e+10	4.1556799400e+03	6.5364478312e+08	1.4364185710e+05	6.4241655801e+10	1.8962549136e+02	6.0821556032e+07
1241	7.7514006344e+04	2.4263794899e+10	4.2949871532e+03	6.6262398462e+08	1.4359645406e+05	6.4187279214e+10	1.8933808991e+02	6.0714727075e+07
1242	7.8314987380e+04	2.4328150951e+10	4.6161694364e+03	6.8529486178e+08	1.4355191564e+05	6.4133295221e+10	1.8905596213e+02	6.0609849373e+07
1243	8.0258959074e+04	2.4505473936e+10	5.4331173189e+03	7.4733988754e+08	1.4350753259e+05	6.4079462067e+10	1.8877637310e+02	6.0505990108e+07
1244	7.7402600871e+04	2.4177820652e+10	4.2882766833e+03	6.5756849534e+08	1.4346279081e+05	6.4025564859e+10	1.8849621855e+02	6.0402963183e+07
1245	7.7429495666e+04	2.4211445244e+10	4.6580368136e+03	6.8873432868e+08	1.4341931103e+05	6.3972269605e+10	1.8821826642e+02	6.0300001273e+07
1246	7.5987412305e+04	2.4031733765e+10	4.3520763276e+03	6.6138329355e+08	1.4337687874e+05	6.3919443987e+10	1.8794565612e+02	6.0198828997e+07
1247	7.8895419106e+04	2.4290243594e+10	5.9205316754e+03	7.7239196549e+08	1.4333293584e+05	6.3866130340e+10	1.8766894363e+02	6.0098673418e+07
1248	7.5056810044e+04	2.3890810114e+10	3.8943262988e+03	6.2985391044e+08	1.4329008005e+05	6.3813285323e+10	1.8739912477e+02	5.9999948652e+07
1249	7.4087782017e+04	2.3796997046e+10	3.8230571327e+03	6.2580502595e+08	1.4324708353e+05	6.3760497631e+10	1.8712862608e+02	5.9902008371e+07
1250	7.4416305813e+04	2.3807951987e+10	3.8387337652e+03	6.2590879207e+08	1.4320523676e+05	6.3708197559e+10	1.8686218506e+02	5.9804262620e+07
1251	7.4478072466e+04	2.3785490244e+10	3.8473101295e+03	6.2555483971e+08	1.4316377060e+05	6.3656173828e+10	1.8659393733e+02	5.9707379854e+07
1252	7.5015655566e+04	2.3812129482e+10	3.8883166405e+03	6.2624125653e+08	1.4312179718e+05	6.3604000448e+10	1.8633126667e+02	5.9611983000e+07
1253	7.4845441960e+04	2.3816806852e+10	3.8784698636e+03	6.2590710717e+08	1.4307975275e+05	6.3551926970e+10	1.8606658465e+02	5.9517874214e+07
1254	7.5206175798e+04	2.3822292370e+10	3.9263584625e+03	6.2731322796e+08	1.4303909409e+05	6.3500451450e+10	1.8580893713e+02	5.9425100059e+07
1255	7.4096817851e+04	2.3731191705e+10	3.8660983883e+03	6.2466166746e+08	1.4299861037e+05	6.3449101455e+10	1.8554706209e+02	5.9331038848e+07
1256	7.4149862558e+04	2.3736100896e+10	3.8740592274e+03	6.2476329191e+08	1.4295793333e+05	6.3397785849e+10	1.8528942721e+02	5.9239360156e+07
1257	7.4264095200e+04	2.3735319579e+10	3.8959949764e+03	6.2509157862e+08	1.4291762779e+05	6.3346688268e+10	1.8503469512e+02	5.9149050693e+07
1258	7.4198772635e+04	2.3717921124e+10	3.8898963140e+03	6.2479404962e+08	1.4287724913e+05	6.3295611866e+10	1.8478002214e+02	5.9059067715e+07
1259	7.4847872402e+04	2.3744474753e+10	3.9280091979e+03	6.2590570611e+08	1.4283795226e+05	6.3245065855e+10	1.8452877593e+02	5.8970522330e+07
1260	7.4893712791e+04	2.3731637854e+10	3.9359204740e+03	6.2594534503e+08	1.4279869260e+05	6.3194542691e+10	1.8427811144e+02	5.8880897663e+07
1261	7.4911005873e+04	2.3708230296e+10	3.9336152280e+03	6.2522520683e+08	1.4275912368e+05	6.3144064610e+10	1.8402674784e+02	5.8793757737e+07
1262	7.4801642777e+04	2.3695231263e+10	3.9520303973e+03	6.2605769698e+08	1.4272052070e+05	6.3093971569e+10	1.8378188396e+02	5.8707930107e+07
1263	7.5256107622e+04	2.3729526899e+10	4.0211877725e+03	6.3014860963e+08	1.4268172643e+05	6.3043928077e+10	1.8353379873e+02	5.8621854479e+07
1264	7.5066518957e+04	2.3697295877e+10	3.9988469331e+03	6.2793634622e+08	1.4264364629e+05	6.2994231227e+10	1.8329120574e+02	5.8537351028e+07
1265	7.4464730270e+04	2.3625969853e+10	3.9660563669e+03	6.2515786301e+08	1.4260540628e+05	6.2944522666e+10	1.8304763162e+02	5.8452172522e+07
1266	7.5032552927e+04	2.3649049279e+10	4.0025465615e+03	6.2643876493e+08	1.4256732438e+05	6.2894995472e+10	1.8280642167e+02	5.8369694171e+07
1267	7.5107668802e+04	2.3643076694e+10	4.0375077493e+03	6.2811664845e+08	1.4253001183e+05	6.2845797226e+10	1.8256808576e+02	5.8287568487e+07
1268	7.5121948055e+04	2.3636571865e+10	4.0952077903e+03	6.3138637585e+08	1.4249275278e+05	6.2796736374e+10	1.8232763240e+02	5.8205683125e+07
1269	7.5374601795e+04	2.3668385333e+10	4.2438388851e+03	6.4088625629e+08	1.4245572331e+05	6.2747804406e+10	1.8209274861e+02	5.8125196875e+07
1270	7.7247864727e+04	2.3809360307e+10	4.8805997980e+03	6.8313451304e+08	1.4241862394e+05	6.2698885704e+10	1.8185725029e+02	5.8043744509e+07
1271	7.4219643416e+04	2.3515684799e+10	3.9626244273e+03	6.2133580012e+08	1.4238230141e+05	6.2650407102e+10	1.8162367972e+02	5.7964988067e+07
1272	7.4407643270e+04	2.3526719441e+10	3.9858465298e+03	6.2217622053e+08	1.4234595837e+05	6.2601995093e+10	1.8139202221e+02	5.7887148751e+07
1273	7.4564965984e+04	2.3529633867e+10	4.0225728254e+03	6.2374063490e+08	1.4230995298e+05	6.2553751163e+10	1.8116031785e+02	5.7809354470e+07
1274	7.4378025151e+04	2.3514713700e+10	4.0174337390e+03	6.2331835183e+08	1.4227438247e+05	6.2505734838e+10	1.8093195276e+02	5.7731719234e+07
1275	7.4661964599e+04	2.3522518382e+10	4.0588341791e+03	6.2394514122e+08	1.4223871183e+05	6.2457733059e+10	1.8070533662e+02	5.7655113224e+07
1276	7.4779414365e+04	2.3505066820e+10	4.0469590250e+03	6.2342426814e+08	1.4220281159e+05	6.2409794164e+10	1.8047583772e+02	5.7579764044e+07
1277	7.4598708478e+04	2.3480395463e+10	4.0691320344e+03	6.2442194536e+08	1.4216818624e+05	6.2362366270e+10	1.8025482838e+02	5.7505725342e+07
1278	7.4880836095e+04	2.3495592214e+10	4.1258071252e+03	6.2756210205e+08	1.4213346438e+05	6.2314997162e+10	1.8003044429e+02	5.7431488119e+07
1279	7.5998357603e+04	2.3568595653e+10	4.2944920341e+03	6.3684607152e+08	1.4209893535e+05	6.2267773064e+10	1.7980653070e+02	5.7357381878e+07
1280	7.7031286805e+04	2.3660683838e+10	4.7928562650e+03	6.6983742963e+08	1.4206474121e+05	6.2220727533e+10	1.7958888566e+02	5.7285447974e+07
1281	7.4702467228e+04	2.3394951037e+10	4.0580403109e+03	6.2003179991e+08	1.4202996865e+05	6.2173549217e+10	1.7936533855e+02	5.7212754273e+07
1282	7.4045369276e+04	2.3332379837e+10	4.0135464109e+03	6.1812599322e+08	1.4199625490e+05	6.2126820169e+10	1.7915191513e+02	5.7142179606e+07
1283	7.3890297866e+04	2.3327386827e+10	4.0275270357e+03	6.1851857761e+08	1.4196295892e+05	6.2080365203e+10	1.7893290317e+02	5.7071648318e+07
1284	7.3759358551e+04	2.3312471150e+10	4.0274165072e+03	6.1837972019e+08	1.4192970913e+05	6.2033930727e+10	1.7871901853e+02	5.7001388011e+07
1285	7.3774448797e+04	2.3301316781e+10	4.0368706813e+03	6.1858701915e+08	1.4189603998e+05	6.1987451993e+10	1.7850450008e+02	5.6932808051e+07
1286	7.4367844691e+04	2.3321883935e+10	4.0629752495e+03	6.1915848279e+08	1.4186291254e+05	6.1941220830e+10	1.7829069090e+02	5.6863268445e+07
1287	7.4056537128e+04	2.3307320902e+10	4.0673358716e+03	6.1946719268e+08	1.4183054424e+05	6.1895390161e+10	1.7808205685e+02	5.6795820580e+07
1288	7.4249672681e+04	2.3300146206e+10	4.0831586400e+03	6.1981461423e+08	1.4179774338e+05	6.1849449301e+10	1.7787095017e+02	5.6728984528e+07
1289	7.4396897072e+04	2.3298914486e+10	4.0983156376e+03	6.2028029282e+08	1.4176552775e+05	6.1803812804e+10	1.7766191479e+02	5.6662630834e+07
1290	7.4341725455e+04	2.3285030947e+10	4.1133876493e+03	6.2083857100e+08	1.4173399842e+05	6.1758471658e+10	1.7745590021e+02	5.6596511714e+07
1291	7.4257837640e+04	2.3291879827e+10	4.1396861349e+03	6.2194393869e+08	1.4170125917e+05	6.1712772180e+10	1.7724684235e+02	5.6530824103e+07
1292	7.4355005045e+04	2.3282034035e+10	4.1468937988e+03	6.2236144464e+08	1.4167006517e+05	6.1667698015e+10	1.7704550034e+02	5.6466958983e+07
1293	7.4533812381e+04	2.3277212596e+10	4.1639518082e+03	6.2298173319e+08	1.4163854721e+05	6.1622586292e+10	1.7683983398e+02	5.6402412964e+07
1294	7.4892942030e+04	2.3303627845e+10	4.2044929111e+03	6.2502672183e+08	1.4160740585e+05	6.1577684839e+10	1.7663832768e+02	5.6339502635e+07
1295	7.5062084858e+04	2.3296819947e+10	4.2144264923e+03	6.2514488206e+08	1.4157661745e+05	6.1532943714e+10	1.7643758207e+02	5.6276388156e+07
1296	7.5071540969e+04	2.3283048996e+10	4.2407099831e+03	6.2631491447e+08	1.4154543846e+05	6.1488191006e+10	1.7623555758e+02	5.6214300976e+07
1297	7.5820862739e+04	2.3326034220e+10	4.3239693282e+03	6.2956102089e+08	1.4151486749e+05	6.1443704735e+10	1.7603825295e+02	5.6153549303e+07
1298	7.5862298417e+04	2.3318060583e+10	4.3224352959e+03	6.2991743917e+08	1.4148474138e+05	6.1399400548e+10	1.7584213251e+02	5.6091856850e+07
1299	7.5052574898e+04	2.3256343411e+10	4.2921541915e+03	6.2942044308e+08	1.4145446616e+05	6.1355145584e+10	1.7564446558e+02	5.6031126425e+07
1300	7.5356790189e+04	2.3262484020e+10	4.3230696221e+03	6.3119492136e+08	1.4142430216e+05	6.1311022857e+10	1.7544861722e+02	5.5971138691e+07
1301	7.5497633414e+04	2.3259460354e+10	4.3589701016e+03	6.3327187150e+08	1.4139473730e+05	6.1267186328e+10	1.7525603271e+02	5.5912601122e+07
1302	7.6058899878e+04	2.3281693339e+10	4.4227994456e+03	6.3625343803e+08	1.4136497988e+05	6.1223344462e+10	1.7506238329e+02	5.5854252266e+07
1303	7.5590522267e+04	2.3255749255e+10	4.4299807050e+03	6.3831651355e+08	1.4133611395e+05	6.1179900066e+10	1.7487079319e+02	5.5795791035e+07
1304	7.5509669675e+04	2.3244896131e+10	4.4737737675e+03	6.4139330264e+08	1.4130683116e+05	6.1136338684e+10	1.7468195549e+02	5.5738655584e+07
1305	7.5228066555e+04	2.3242500841e+10	4.5233232407e+03	6.4544680225e+08	1.4127733029e+05	6.1092774999e+10	1.7448898642e+02	5.5681004712e+07
1306	7.5492433945e+04	2.3264220842e+10	4.5994588647e+03	6.5077984823e+08	1.4124887951e+05	6.1049662488e+10	1.7430395736e+02	5.5625314311e+07
1307	7.5901719453e+04	2.3285061718e+10	4.7000434099e+03	6.5763910005e+08	1.4122055263e+05	6.1006699744e+10	1.7411689410e+02	5.5569759345e+07
1308	7.5888893913e+04	2.3272695768e+10	4.7480719618e+03	6.6317925352e+08	1.4119188699e+05	6.0963652282e+10	1.7392782257e+02	5.5514085189e+07
1309	7.6586427878e+04	2.3312517756e+10	4.8807498778e+03	6.7341392920e+08	1.4116394943e+05	6.0920891516e+10	1.7374576378e+02	5.5459516108e+07
1310	7.7669627199e+04	2.3406879522e+10	5.1656523563e+03	6.9404274818e+08	1.4113590694e+05	6.0878205301e+10	1.7356074452e+02	5.5404868671e+07
1311	7.7387365375e+04	2.3363426269e+10	5.2142776015e+03	7.0276032841e+08	1.4110775705e+05	6.0835540562e+10	1.7337834154e+02	5.5351555545e+07
1312	7.8410011929e+04	2.3460906885e+10	5.5893190136e+03	7.3507944243e+08	1.4108035269e+05	6.0793212343e+10	1.7319621831e+02	5.5298643314e+07
1313	7.9164458062e+04	2.3528321716e+10	6.0511235883e+03	7.7861368402e+08	1.4105352894e+05	6.0751155149e+10	1.7301793470e+02	5.5245764484e+07
1314	7.9429238146e+04	2.3558307475e+10	6.9106002796e+03	8.6142616693e+08	1.4102564017e+05	6.0708806934e+10	1.7283440030e+02	5.5193622415e+07
1315	8.5929257276e+04	2.4235534115e+10	1.2131652231e+04	1.4003594154e+09	1.4099850992e+05	6.0666750507e+10	1.7265761131e+02	5.5142371924e+07
1316	7.6067086263e+04	2.3178273286e+10	4.7718625940e+03	6.5741115479e+08	1.4097195883e+05	6.0624970542e+10	1.7248252898e+02	5.5091266807e+07
1317	7.4471191880e+04	2.2962237334e+10	4.2539046359e+03	6.0901333587e+08	1.4094498361e+05	6.0583120931e+10	1.7230298821e+02	5.5040457122e+07
1318	7.5919021359e+04	2.3082096385e+10	4.8410169849e+03	6.4679797930e+08	1.4091889961e+05	6.0541669139e+10	1.7212870736e+02	5.4990769165e+07
1319	7.3390209561e+04	2.2848156996e+10	4.1509361833e+03	6.0224761291e+08	1.4089256598e+05	6.0500160581e+10	1.7195512077e+02	5.4940826994e+07
1320	7.3882148822e+04	2.2862578063e+10	4.1893789238e+03	6.0391454654e+08	1.4086580311e+05	6.0458605156e+10	1.7178052091e+02	5.4892353062e+07
1321	7.3429845988e+04	2.2822210601e+10	4.1810073106e+03	6.0394415065e+08	1.4084008861e+05	6.0417467659e+10	1.7160797959e+02	5.4843740623e+07
1322	7.4008077128e+04	2.2853031709e+10	4.2327737214e+03	6.0659894624e+08	1.4081467578e+05	6.0376487536e+10	1.7143942856e+02	5.4795868509e+07
1323	7.4675356657e+04	2.2890019299e+10	4.3053442875e+03	6.1093263699e+08	1.4078906996e+05	6.0335530292e+10	1.7126629869e+02	5.4748264607e+07
1324	7.4285968027e+04	2.2852162773e+10	4.3451156033e+03	6.1322169551e+08	1.4076327975e+05	6.0294544932e+10	1.7109671459e+02	5.4700864900e+07
1325	7.4164439800e+04	2.2847511304e+10	4.4360718051e+03	6.1980670144e+08	1.4073806389e+05	6.0253809557e+10	1.7092999055e+02	5.4653828677e+07
1326	7.5553167361e+04	2.2940229289e+10	4.7369207848e+03	6.3735270055e+08	1.4071300420e+05	6.0213247249e+10	1.7076222852e+02	5.4608012331e+07
1327	7.5418964805e+04	2.2950382647e+10	4.8441763326e+03	6.4899276422e+08	1.4068810993e+05	6.0172804107e+10	1.7059433096e+02	5.4562382486e+07
1328	7.4712427783e+04	2.2913315630e+10	4.9706882714e+03	6.6942334449e+08	1.4066352251e+05	6.0132515788e+10	1.7043002827e+02	5.4517427382e+07
1329	7.7794459587e+04	2.3225763834e+10	7.1346430513e+03	8.8070772892e+08	1.4063907674e+05	6.0092294897e+10	1.7026607278e+02	5.4472211677e+07
1330	7.1782377332e+04	2.2553939133e+10	4.0461013061e+03	5.8678451970e+08	1.4061426218e+05	6.0052017392e+10	1.7010058562e+02	5.4427640418e+07
1331	7.1606397698e+04	2.2527780576e+10	4.0496450709e+03	5.8679146211e+08	1.4058989349e+05	6.0011925332e+10	1.6993964548e+02	5.4383482772e+07
1332	7.2557563555e+04	2.2571912924e+10	4.1072618981e+03	5.8868568217e+08	1.4056633560e+05	5.9972272957e+10	1.6977838159e+02	5.4340283314e+07
1333	7.1361681166e+04	2.2505026188e+10	4.0728863620e+03	5.8742543111e+08	1.4054219938e+05	5.9932466457e+10	1.6961644157e+02	5.4297158315e+07
1334	7.1011825915e+04	2.2447785129e+10	4.0514680357e+03	5.8544494026e+08	1.4051839891e+05	5.9892835715e+10	1.6945627708e+02	5.4254675042e+07
1335	7.1073164638e+04	2.2446084945e+10	4.0598108381e+03	5.8541605726e+08	1.4049522103e+05	5.9853463465e+10	1.6929880815e+02	5.4212552433e+07
1336	7.1551833090e+04	2.2456823906e+10	4.0809815732e+03	5.8549949990e+08	1.4047126882e+05	5.9813861517e+10	1.6913848919e+02	5.4170283665e+07
1337	7.1205191177e+04	2.2439696236e+10	4.0758365114e+03	5.8540940030e+08	1.4044821371e+05	5.9774634141e+10	1.6898392261e+02	5.4129028899e+07
1338	7.1202253969e+04	2.2428952523e+10	4.0876638646e+03	5.8546927509e+08	1.4042512046e+05	5.9735524838e+10	1.6882688341e+02	5.4088799243e+07
1339	7.1331356720e+04	2.2428061912e+10	4.0971504292e+03	5.8560778591e+08	1.4040216615e+05	5.9696489519e+10	1.6866884854e+02	5.4047495597e+07
1340	7.1510516781e+04	2.2430515237e+10	4.1116088346e+03	5.8592506757e+08	1.4037977990e+05	5.9657660117e+10	1.6851808235e+02	5.4007673615e+07
1341	7.1572358309e+04	2.2436683756e+10	4.1324990723e+03	5.8687240653e+08	1.4035663469e+05	5.9618643367e+10	1.6836276411e+02	5.3968364182e+07
1342	7.2057713926e+04	2.2470895809e+10	4.1966231242e+03	5.9054940621e+08	1.4033416572e+05	5.9579919823e+10	1.6821081831e+02	5.3928436226e+07
1343	7.1355577772e+04	2.2383460662e+10	4.1237680488e+03	5.8499496458e+08	1.4031203133e+05	5.9541448838e+10	1.6805763311e+02	5.3890036253e+07
1344	7.1492242900e+04	2.2387376364e+10	4.1373466357e+03	5.8510610281e+08	1.4029014752e+05	5.9503047246e+10	1.6790833246e+02	5.3851351012e+07
1345	7.1298477868e+04	2.2367815495e+10	4.1387659501e+03	5.8501280653e+08	1.4026776251e+05	5.9464540296e+10	1.6775671741e+02	5.3813035252e+07
1346	7.1507511039e+04	2.2360695894e+10	4.1520144740e+03	5.8504441620e+08	1.4024600967e+05	5.9426362765e+10	1.6760773317e+02	5.3776030564e+07
1347	7.1683817388e+04	2.2364990303e+10	4.1644564864e+03	5.8519741476e+08	1.4022442970e+05	5.9388243232e+10	1.6746011164e+02	5.3738170922e+07
1348	7.1730125187e+04	2.2358822638e+10	4.1716487218e+03	5.8527948780e+08	1.4020260344e+05	5.9350114151e+10	1.6730918615e+02	5.3700685351e+07
1349	7.1943331711e+04	2.2358220735e+10	4.1859806059e+03	5.8542148249e+08	1.4018151119e+05	5.9312294420e+10	1.6716677701e+02	5.3664712519e+07
1350	7.2334294480e+04	2.2364820340e+10	4.2033936709e+03	5.8566809919e+08	1.4016052306e+05	5.9274592004e+10	1.6701939609e+02	5.3628216289e+07
1351	7.2759383997e+04	2.2371266080e+10	4.2263032982e+03	5.8598563019e+08	1.4013874426e+05	5.9236668223e+10	1.6687221347e+02	5.3592992189e+07
1352	7.2660971238e+04	2.2371750555e+10	4.2441318842e+03	5.8646748598e+08	1.4011778774e+05	5.9199033970e+10	1.6672957235e+02	5.3557530138e+07
1353	7.2532654973e+04	2.2347465527e+10	4.2443741169e+03	5.8628788396e+08	1.4009739654e+05	5.9161682163e+10	1.6658589728e+02	5.3521618466e+07
1354	7.2580868719e+04	2.2343082684e+10	4.2591130771e+03	5.8654495287e+08	1.4007683678e+05	5.9124362360e+10	1.6644386110e+02	5.3487179473e+07
1355	7.2584759421e+04	2.2341373398e+10	4.2764958165e+03	5.8701996946e+08	1.4005590860e+05	5.9086981783e+10	1.6630046270e+02	5.3452945320e+07
1356	7.2413920629e+04	2.2334681326e+10	4.2855457730e+03	5.8737991267e+08	1.4003575733e+05	5.9049908048e+10	1.6615905102e+02	5.3419136825e+07
1357	7.2614530166e+04	2.2337477242e+10	4.3085788923e+03	5.8805107154e+08	1.4001564583e+05	5.9012858381e+10	1.6601921725e+02	5.3384997949e+07
1358	7.2977294123e+04	2.2345798963e+10	4.3365888453e+03	5.8880765720e+08	1.3999528229e+05	5.8975805660e+10	1.6587946546e+02	5.3351565610e+07
1359	7.3344124646e+04	2.2350750992e+10	4.4048998266e+03	5.9073420983e+08	1.3997549869e+05	5.8939010060e+10	1.6574177601e+02	5.3318502934e+07
1360	7.2743893975e+04	2.2311986383e+10	4.3734693851e+03	5.9002287380e+08	1.3995543648e+05	5.8902168907e+10	1.6560168489e+02	5.3285898328e+07
1361	7.3621291753e+04	2.2357650567e+10	4.4706265658e+03	5.9325987680e+08	1.3993580922e+05	5.8865538349e+10	1.6546435280e+02	5.3253741903e+07
1362	7.2970177374e+04	2.2300972797e+10	4.4287123489e+03	5.9199001964e+08	1.3991666927e+05	5.8829124101e+10	1.6533055751e+02	5.3221437992e+07
1363	7.2848455106e+04	2.2292642636e+10	4.4691409960e+03	5.9368243015e+08	1.3989695346e+05	5.8792580309e+10	1.6519309335e+02	5.3189925250e+07
1364	7.3263899432e+04	2.2306793159e+10	4.5335207258e+03	5.9633559551e+08	1.3987730460e+05	5.8756078304e+10	1.6505720166e+02	5.3158278228e+07
1365	7.3899785412e+04	2.2332978109e+10	4.6321900073e+03	6.0056815859e+08	1.3985873322e+05	5.8720047705e+10	1.6492340992e+02	5.3127220712e+07
1366	7.4428034730e+04	2.2358005473e+10	4.7879341596e+03	6.0792182679e+08	1.3983982569e+05	5.8683983354e+10	1.6478974420e+02	5.3096878294e+07
1367	7.5354820127e+04	2.2409276428e+10	5.1422463499e+03	6.2531149527e+08	1.3982063498e+05	5.8647824720e+10	1.6465639637e+02	5.3066333672e+07
1368	7.9074144470e+04	2.2713014914e+10	8.0415025623e+03	7.9565054085e+08	1.3980186732e+05	5.8611881529e+10	1.6452607784e+02	5.3036833959e+07
1369	7.2503571863e+04	2.2172656918e+10	4.3010912533e+03	5.8330567265e+08	1.3978352696e+05	5.8576157983e+10	1.6439225880e+02	5.3006706104e+07
1370	7.2813536165e+04	2.2175033248e+10	4.3184637509e+03	5.8366655988e+08	1.3976494283e+05	5.8540347969e+10	1.6426083100e+02	5.2976871493e+07
1371	7.3252437235e+04	2.2189502432e+10	4.3439493640e+03	5.8430625588e+08	1.3974693401e+05	5.8504806289e+10	1.6413518985e+02	5.2948704735e+07
1372	7.2765820092e+04	2.2157487449e+10	4.3482112665e+03	5.8470566263e+08	1.3972813025e+05	5.8469068088e+10	1.6400252430e+02	5.2920023023e+07
1373	7.3316153544e+04	2.2178282962e+10	4.3854019477e+03	5.8603454475e+08	1.3970989908e+05	5.8433548797e+10	1.6387384569e+02	5.2891340542e+07
1374	7.3995608226e+04	2.2202649559e+10	4.4861619960e+03	5.9022997135e+08	1.3969266676e+05	5.8398445520e+10	1.6374857731e+02	5.2863054667e+07
1375	7.3902256678e+04	2.2185447672e+10	4.4227822158e+03	5.8668525428e+08	1.3967457134e+05	5.8363134023e+10	1.6361884171e+02	5.2835165286e+07
1376	7.3690620948e+04	2.2165593046e+10	4.3930643429e+03	5.8390646511e+08	1.3965687754e+05	5.8327975734e+10	1.6349222029e+02	5.2807252690e+07
1377	7.3480436256e+04	2.2150123314e+10	4.3970766152e+03	5.8418472048e+08	1.3963940898e+05	5.8292956443e+10	1.6336801998e+02	5.2780191122e+07
1378	7.4026279086e+04	2.2176355620e+10	4.4736094998e+03	5.8676983313e+08	1.3962185645e+05	5.8257938103e+10	1.6324126931e+02	5.2753203256e+07
1379	7.3642815059e+04	2.2130034610e+10	4.4292409850e+03	5.8495639898e+08	1.3960442686e+05	5.8223009303e+10	1.6311791936e+02	5.2726464069e+07
1380	7.3729999656e+04	2.2123658286e+10	4.4510707748e+03	5.8531754708e+08	1.3958715471e+05	5.8188194502e+10	1.6299441679e+02	5.2699483154e+07
1381	7.3492831271e+04	2.2103221489e+10	4.4409385431e+03	5.8506333405e+08	1.3957016715e+05	5.8153569491e+10	1.6286967420e+02	5.2673584482e+07
1382	7.3681327802e+04	2.2096518230e+10	4.4685409201e+03	5.8579076887e+08	1.3955381197e+05	5.8119204493e+10	1.6274864685e+02	5.2647991196e+07
1383	7.3022723190e+04	2.2072360247e+10	4.4735695850e+03	5.8664029023e+08	1.3953630672e+05	5.8084444544e+10	1.6262511461e+02	5.2622192022e+07
1384	7.3749880778e+04	2.2103947036e+10	4.5312423622e+03	5.8862090102e+08	1.3951974111e+05	5.8050091974e+10	1.6250565643e+02	5.2597653093e+07
1385	7.3473362818e+04	2.2096546360e+10	4.5665247327e+03	5.9117984850e+08	1.3950328230e+05	5.8015780063e+10	1.6238629816e+02	5.2571707177e+07
1386	7.4802216003e+04	2.2186932319e+10	4.7621657348e+03	6.0057815622e+08	1.3948646891e+05	5.7981453020e+10	1.6226296453e+02	5.2546556007e+07
1387	7.4550832914e+04	2.2196796174e+10	5.2734825153e+03	6.3576148265e+08	1.3947046210e+05	5.7947426052e+10	1.6214620862e+02	5.2522355481e+07
1388	7.2451304078e+04	2.1991118325e+10	4.4803493022e+03	5.8516508860e+08	1.3945434055e+05	5.7913425079e+10	1.6202726527e+02	5.2498023028e+07
1389	7.2257803686e+04	2.1951993342e+10	4.4725046480e+03	5.8399857085e+08	1.3943790170e+05	5.7879381284e+10	1.6190816249e+02	5.2474017942e+07
1390	7.2465643797e+04	2.1943182595e+10	4.4844855253e+03	5.8412203873e+08	1.3942230923e+05	5.7845676353e+10	1.6179334516e+02	5.2450511129e+07
1391	7.2326123417e+04	2.1923472517e+10	4.4938843719e+03	5.8440807785e+08	1.3940633104e+05	5.7811866033e+10	1.6167428310e+02	5.2427353668e+07
1392	7.2216577151e+04	2.1914918346e+10	4.5071526831e+03	5.8488079818e+08	1.3939017553e+05	5.7778032044e+10	1.6155825524e+02	5.2404233584e+07
1393	7.2180976834e+04	2.1909932468e+10	4.5190765693e+03	5.8544190690e+08	1.3937465664e+05	5.7744462067e+10	1.6144410073e+02	5.2380855671e+07
1394	7.2454449618e+04	2.1915427964e+10	4.5411248474e+03	5.8617609305e+08	1.3935954040e+05	5.7711129428e+10	1.6132868371e+02	5.2358161533e+07
1395	7.2951528412e+04	2.1928952291e+10	4.5705874011e+03	5.8713317589e+08	1.3934391065e+05	5.7677642761e+10	1.6121462238e+02	5.2336351095e+07
1396	7.3663351619e+04	2.1954000326e+10	4.6144671911e+03	5.8867115863e+08	1.3932850342e+05	5.7644241762e+10	1.6110078698e+02	5.2313916550e+07
1397	7.4308497284e+04	2.1998418927e+10	4.6954020567e+03	5.9217386389e+08	1.3931341803e+05	5.7611057372e+10	1.6098865599e+02	5.2292465365e+07
1398	7.4106050925e+04	2.2000251439e+10	4.9955089088e+03	6.0796123146e+08	1.3929830042e+05	5.7577907669e+10	1.6087566764e+02	5.2270583976e+07
1399	7.2693720147e+04	2.1863857192e+10	4.6112925824e+03	5.8780885335e+08	1.3928290850e+05	5.7544670129e+10	1.6076206455e+02	5.2248590061e+07
1400	7.2476323507e+04	2.1854221357e+10	4.6323619560e+03	5.8872868618e+08	1.3926866955e+05	5.7511928092e+10	1.6065264124e+02	5.2227918404e+07
1401	7.2990531448e+04	2.1873184495e+10	4.6801099666e+03	5.9055743321e+08	1.3925410984e+05	5.7479099281e+10	1.6054167490e+02	5.2206867050e+07
1402	7.3559806845e+04	2.1889791143e+10	4.7584122160e+03	5.9380310052e+08	1.3923912504e+05	5.7446135044e+10	1.6043137181e+02	5.2186144174e+07
1403	7.5172131653e+04	2.1998778071e+10	5.3384945651e+03	6.2118079442e+08	1.3922478539e+05	5.7413449838e+10	1.6032285775e+02	5.2165662996e+07
1404	7.2374828030e+04	2.1794665531e+10	4.6532583031e+03	5.8861482808e+08	1.3920974781e+05	5.7380595028e+10	1.6021315077e+02	5.2146019597e+07
1405	7.2457691400e+04	2.1793388045e+10	4.6813111670e+03	5.8983535593e+08	1.3919535428e+05	5.7348003766e+10	1.6010477872e+02	5.2125210996e+07
1406	7.2931754360e+04	2.1803951907e+10	4.7276359095e+03	5.9187243235e+08	1.3918194445e+05	5.7315824628e+10	1.5999761899e+02	5.2105288077e+07
1407	7.3561388248e+04	2.1830266016e+10	4.8139498672e+03	5.9588510640e+08	1.3916800900e+05	5.7283491121e+10	1.5989143106e+02	5.2086373393e+07
1408	7.3714604834e+04	2.1868704183e+10	5.0688022935e+03	6.1120219937e+08	1.3915349648e+05	5.7251006409e+10	1.5978085695e+02	5.2066785864e+07
1409	7.3207707964e+04	2.1812895737e+10	4.8121825798e+03	5.9549854695e+08	1.3913949497e+05	5.7218721087e+10	1.5967690150e+02	5.2047795634e+07
1410	7.2274266257e+04	2.1731932076e+10	4.6321185301e+03	5.8498303643e+08	1.3912598355e+05	5.7186663705e+10	1.5957442099e+02	5.2029040456e+07
1411	7.2456428994e+04	2.1719680807e+10	4.6468176766e+03	5.8525228353e+08	1.3911209612e+05	5.7154531753e+10	1.5946596611e+02	5.2009895175e+07
1412	7.2897993601e+04	2.1731886178e+10	4.6711156139e+03	5.8581376363e+08	1.3909872582e+05	5.7122606306e+10	1.5936237552e+02	5.1991478022e+07
1413	7.2821916214e+04	2.1720072751e+10	4.6806895833e+03	5.8627449475e+08	1.3908567892e+05	5.7090873016e+10	1.5925993502e+02	5.1973761134e+07
1414	7.3121216984e+04	2.1726641362e+10	4.7052714257e+03	5.8696862625e+08	1.3907174672e+05	5.7058849467e+10	1.5915368349e+02	5.1955283503e+07
1415	7.2980598856e+04	2.1716136009e+10	4.7196836690e+03	5.8758068626e+08	1.3905861180e+05	5.7027092979e+10	1.5905408698e+02	5.1937075947e+07
1416	7.3131312029e+04	2.1721233449e+10	4.7457308159e+03	5.8856737830e+08	1.3904559818e+05	5.6995491809e+10	1.5895159280e+02	5.1919956348e+07
1417	7.3622484459e+04	2.1742790969e+10	4.7981942707e+03	5.9058350363e+08	1.3903224824e+05	5.6963840346e+10	1.5884781744e+02	5.1902743320e+07
1418	7.4201048929e+04	2.1784555762e+10	4.9763443721e+03	5.9832812012e+08	1.3901935619e+05	5.6932361634e+10	1.5874820091e+02	5.1885600700e+07
1419	7.3272533785e+04	2.1684582502e+10	4.7673246158e+03	5.8875860036e+08	1.3900688977e+05	5.6901089672e+10	1.5864817796e+02	5.1868739113e+07
1420	7.3024053130e+04	2.1674455849e+10	4.7794692586e+03	5.8938452056e+08	1.3899378816e+05	5.6869613543e+10	1.5854640152e+02	5.1851435153e+07
1421	7.3389789975e+04	2.1694035644e+10	4.8188851605e+03	5.9071252395e+08	1.3898134333e+05	5.6838419259e+10	1.5844769869e+02	5.1835127054e+07
1422	7.4154444356e+04	2.1718349163e+10	4.8872907618e+03	5.9292017355e+08	1.3896870256e+05	5.6807221561e+10	1.5834923300e+02	5.1819533447e+07
1423	7.2884629355e+04	2.1638916086e+10	4.8127194175e+03	5.9047469149e+08	1.3895589294e+05	5.6775989171e+10	1.5824885864e+02	5.1803203588e+07
1424	7.2567538273e+04	2.1625219815e+10	4.8124824248e+03	5.9035442869e+08	1.3894373439e+05	5.6745020342e+10	1.5815262818e+02	5.1787267993e+07
1425	7.2761107637e+04	2.1623579062e+10	4.8304493823e+03	5.9097713059e+08	1.3893174995e+05	5.6714179329e+10	1.5805519278e+02	5.1771343368e+07
1426	7.3353332529e+04	2.1637528189e+10	4.8589552375e+03	5.9175582085e+08	1.3891931710e+05	5.6683203649e+10	1.5795634722e+02	5.1755399198e+07
1427	7.3278359419e+04	2.1621392765e+10	4.8721087368e+03	5.9233615099e+08	1.3890749288e+05	5.6652467748e+10	1.5786227814e+02	5.1740601502e+07
1428	7.3338874489e+04	2.1622167934e+10	4.8913359166e+03	5.9310031192e+08	1.3889510233e+05	5.6621609839e+10	1.5776372050e+02	5.1725537020e+07
1429	7.3463359807e+04	2.1624085017e+10	4.9138885520e+03	5.9402065571e+08	1.3888341349e+05	5.6591011815e+10	1.5766857489e+02	5.1710198717e+07
1430	7.3790534699e+04	2.1626201627e+10	4.9368679476e+03	5.9477969912e+08	1.3887169355e+05	5.6560439185e+10	1.5757744979e+02	5.1695351197e+07
1431	7.3737239642e+04	2.1616626354e+10	4.9558848287e+03	5.9551200338e+08	1.3885979514e+05	5.6529896382e+10	1.5747935755e+02	5.1680838494e+07
1432	7.3465710236e+04	2.1614325006e+10	4.9727720160e+03	5.9656962807e+08	1.3884843212e+05	5.6499570880e+10	1.5738449656e+02	5.1666349791e+07
1433	7.3796447908e+04	2.1619053408e+10	5.0044950517e+03	5.9780716546e+08	1.3883719224e+05	5.6469319327e+10	1.5729313754e+02	5.1652508355e+07
1434	7.3994770984e+04	2.1631581387e+10	5.0412759206e+03	5.9957983755e+08	1.3882535718e+05	5.6438896512e+10	1.5719818955e+02	5.1638477722e+07
1435	7.4541337639e+04	2.1666186707e+10	5.1189060521e+03	6.0337810379e+08	1.3881401484e+05	5.6408642672e+10	1.5710793775e+02	5.1623887881e+07
1436	7.5597203780e+04	2.1711675608e+10	5.2266952116e+03	6.0826339217e+08	1.3880293486e+05	5.6378584430e+10	1.5701583738e+02	5.1610770841e+07
1437	7.3925153119e+04	2.1588806984e+10	5.0727291095e+03	6.0039443138e+08	1.3879197955e+05	5.6348613000e+10	1.5692213798e+02	5.1597603860e+07
1438	7.4320686917e+04	2.1596821264e+10	5.1095273446e+03	6.0172212762e+08	1.3878055604e+05	5.6318452978e+10	1.5683138576e+02	5.1583904717e+07
1439	7.4842229685e+04	2.1620434678e+10	5.1581089154e+03	6.0346507228e+08	1.3876980923e+05	5.6288612409e+10	1.5674155264e+02	5.1570646057e+07
1440	7.4556153747e+04	2.1615223629e+10	5.2041381453e+03	6.0571300889e+08	1.3875887112e+05	5.6258776836e+10	1.5665092481e+02	5.1557490370e+07
1441	7.5629966927e+04	2.1665363539e+10	5.3680475985e+03	6.1133607674e+08	1.3874823452e+05	5.6229034519e+10	1.5656324886e+02	5.1544470282e+07
1442	7.4433544601e+04	2.1591174691e+10	5.2319591825e+03	6.0764739096e+08	1.3873717514e+05	5.6199243446e+10	1.5647148042e+02	5.1532590807e+07
1443	7.5343222010e+04	2.1628873051e+10	5.3101325458e+03	6.1059184448e+08	1.3872658335e+05	5.6169657383e+10	1.5638112073e+02	5.1520407840e+07
1444	7.5278203591e+04	2.1618493089e+10	5.3760110334e+03	6.1383159486e+08	1.3871657597e+05	5.6140244916e+10	1.5629494958e+02	5.1507634271e+07
1445	7.5894794742e+04	2.1642540951e+10	5.5487796702e+03	6.2104110448e+08	1.3870614129e+05	5.6110750771e+10	1.5620844916e+02	5.1495159477e+07
1446	7.5148445058e+04	2.1604742221e+10	5.4426624234e+03	6.1860001136e+08	1.3869526766e+05	5.6081154496e+10	1.5611944497e+02	5.1483063889e+07
1447	7.4965234014e+04	2.1596572201e+10	5.5016633655e+03	6.2247934660e+08	1.3868498702e+05	5.6051813902e+10	1.5603081936e+02	5.1471463611e+07
1448	7.5397207051e+04	2.1621911652e+10	5.6559124588e+03	6.3141294751e+08	1.3867510972e+05	5.6022643828e+10	1.5594529384e+02	5.1460042549e+07
1449	7.6224070252e+04	2.1676177243e+10	5.9994725890e+03	6.5148701514e+08	1.3866515274e+05	5.5993469011e+10	1.5586035144e+02	5.1448536100e+07
1450	7.9772303689e+04	2.1942186618e+10	7.9603608412e+03	7.7660948803e+08	1.3865480818e+05	5.5964233969e+10	1.5577306868e+02	5.1437290971e+07
1451	7.5883831338e+04	2.1614205050e+10	5.5314498772e+03	6.2149998634e+08	1.3864494651e+05	5.5935178681e+10	1.5568875819e+02	5.1426005672e+07
1452	7.3707381307e+04	2.1436065726e+10	5.2455844251e+03	6.0626935777e+08	1.3863512660e+05	5.5906169469e+10	1.5560388039e+02	5.1415116870e+07
1453	7.3979653019e+04	2.1441096458e+10	5.2850353566e+03	6.0831215917e+08	1.3862560530e+05	5.5877307096e+10	1.5551940322e+02	5.1403839254e+07
1454	7.4208709528e+04	2.1449429414e+10	5.3843462006e+03	6.1302379014e+08	1.3861563194e+05	5.5848355263e+10	1.5543435920e+02	5.1392910353e+07
1455	7.3185618043e+04	2.1377891300e+10	5.2753312452e+03	6.0820598877e+08	1.3860618034e+05	5.5819619540e+10	1.5535184415e+02	5.1382420590e+07
1456	7.3678096929e+04	2.1392560337e+10	5.3176977081e+03	6.1011453304e+08	1.3859688810e+05	5.5790969303e+10	1.5527060934e+02	5.1372357690e+07
1457	7.3836131725e+04	2.1407959070e+10	5.3739645566e+03	6.1294996388e+08	1.3858715367e+05	5.5762215131e+10	1.5518598992e+02	5.1362677282e+07
1458	7.4932491314e+04	2.1465063700e+10	5.5256631167e+03	6.1947764546e+08	1.3857760660e+05	5.5733561132e+10	1.5510130908e+02	5.1352277848e+07
1459	7.4622174870e+04	2.1441135510e+10	5.5340576768e+03	6.2317170663e+08	1.3856908770e+05	5.5705270940e+10	1.5502297881e+02	5.1341782141e+07
1460	7.5959653308e+04	2.1538361538e+10	5.9236878409e+03	6.4812960100e+08	1.3855983138e+05	5.5676783064e+10	1.5494179338e+02	5.1331800912e+07
1461	7.3029800349e+04	2.1300982454e+10	5.3646838410e+03	6.1121579675e+08	1.3855012104e+05	5.5648170599e+10	1.5485922146e+02	5.1322315285e+07
1462	7.3316332959e+04	2.1307772351e+10	5.4067346009e+03	6.1300009555e+08	1.3854089945e+05	5.5619785096e+10	1.5477828737e+02	5.1313774409e+07
1463	7.4016543659e+04	2.1340573363e+10	5.5667475120e+03	6.1917475890e+08	1.3853252727e+05	5.5591703631e+10	1.5469872295e+02	5.1303799960e+07
1464	7.3609739549e+04	2.1289102461e+10	5.4313356686e+03	6.1400505912e+08	1.3852387627e+05	5.5563558435e+10	1.5462044975e+02	5.1294075479e+07
1465	7.3093888989e+04	2.1259749985e+10	5.4359842952e+03	6.1481184800e+08	1.3851498922e+05	5.5535426839e+10	1.5454032015e+02	5.1285022564e+07
1466	7.3108729418e+04	2.1252926112e+10	5.4666203161e+03	6.1627193283e+08	1.3850551286e+05	5.5507121169e+10	1.5445853414e+02	5.1276492118e+07
1467	7.3557976069e+04	2.1278300241e+10	5.5463814149e+03	6.1943593876e+08	1.3849735513e+05	5.5479271153e+10	1.5438234083e+02	5.1267782208e+07
1468	7.3574582599e+04	2.1256148540e+10	5.5653656412e+03	6.2052341229e+08	1.3848935619e+05	5.5451506297e+10	1.5430593466e+02	5.1258753494e+07
1469	7.4000827177e+04	2.1285881446e+10	5.6856925461e+03	6.2565052709e+08	1.3848028046e+05	5.5423458991e+10	1.5422377610e+02	5.1250123532e+07
1470	7.2695497056e+04	2.1193972319e+10	5.5269639259e+03	6.1990476128e+08	1.3847166139e+05	5.5395563770e+10	1.5414784116e+02	5.1241963916e+07
1471	7.3024809031e+04	2.1200676015e+10	5.5654941997e+03	6.2153338368e+08	1.3846378535e+05	5.5367952528e+10	1.5407453958e+02	5.1233797675e+07
1472	7.3105056499e+04	2.1213529651e+10	5.6121867877e+03	6.2401999242e+08	1.3845507013e+05	5.5340120726e+10	1.5399426525e+02	5.1225392885e+07
1473	7.2630487826e+04	2.1178382951e+10	5.6230249511e+03	6.2495206044e+08	1.3844713526e+05	5.5312594474e+10	1.5391649410e+02	5.1217228014e+07
1474	7.2310372794e+04	2.1131935303e+10	5.6095412316e+03	6.2439152664e+08	1.3843948763e+05	5.5285186996e+10	1.5384323953e+02	5.1209593055e+07
1475	7.2426327688e+04	2.1129495827e+10	5.6359478449e+03	6.2575463521e+08	1.3843120860e+05	5.5257559365e+10	1.5376926776e+02	5.1201466654e+07
1476	7.2315690305e+04	2.1127295603e+10	5.6588374335e+03	6.2721007317e+08	1.3842281286e+05	5.5229972828e+10	1.5369207886e+02	5.1193901933e+07
1477	7.2281405886e+04	2.1124006746e+10	5.6830564307e+03	6.2866626825e+08	1.3841495057e+05	5.5202618248e+10	1.5361773197e+02	5.1186702100e+07
1478	7.2535322663e+04	2.1126981528e+10	5.7117099312e+03	6.3013774144e+08	1.3840751313e+05	5.5175430163e+10	1.5354510177e+02	5.1178973902e+07
1479	7.2866748253e+04	2.1132745702e+10	5.7424171198e+03	6.3165752669e+08	1.3839986126e+05	5.5148246096e+10	1.5346901820e+02	5.1171451235e+07
1480	7.3321198408e+04	2.1144295987e+10	5.7783697202e+03	6.3336150943e+08	1.3839217593e+05	5.5121068244e+10	1.5339548997e+02	5.1164469495e+07
1481	7.3807305972e+04	2.1160606412e+10	5.8222035658e+03	6.3535913348e+08	1.3838442597e+05	5.5093875781e+10	1.5332396861e+02	5.1158104507e+07
1482	7.3292866416e+04	2.1130490904e+10	5.8378000773e+03	6.3684429748e+08	1.3837668711e+05	5.5066749264e+10	1.5324978102e+02	5.1151181420e+07
1483	7.3553111995e+04	2.1136480800e+10	5.8742546093e+03	6.3877481012e+08	1.3836952147e+05	5.5039848059e+10	1.5317712015e+02	5.1144120519e+07
1484	7.4050645931e+04	2.1158885158e+10	5.9573837277e+03	6.4260441231e+08	1.3836228950e+05	5.5012952350e+10	1.5310626094e+02	5.1137534757e+07
1485	7.3527768535e+04	2.1116624153e+10	5.9232945786e+03	6.4167950196e+08	1.3835499952e+05	5.4986072272e+10	1.5303422543e+02	5.1130674365e+07
1486	7.3283497637e+04	2.1098790185e+10	5.9471918181e+03	6.4328420174e+08	1.3834751190e+05	5.4959141698e+10	1.5296247367e+02	5.1124602353e+07
1487	7.3726520585e+04	2.1109924074e+10	5.9855805110e+03	6.4521317291e+08	1.3834043934e+05	5.4932401792e+10	1.5289218020e+02	5.1118331766e+07
1488	7.4204738417e+04	2.1138503276e+10	6.0485468339e+03	6.4847688847e+08	1.3833309733e+05	5.4905608260e+10	1.5282069065e+02	5.1111909388e+07
1489	7.3835854448e+04	2.1095285689e+10	6.0476121884e+03	6.4876867289e+08	1.3832635665e+05	5.4879037083e+10	1.5275148502e+02	5.1105595076e+07
1490	7.4143013248e+04	2.1095689012e+10	6.0875599855e+03	6.5096845498e+08	1.3831943733e+05	5.4852491265e+10	1.5268157447e+02	5.1099779587e+07
1491	7.4441248667e+04	2.1114914823e+10	6.1359841958e+03	6.5359423372e+08	1.3831257316e+05	5.4826000248e+10	1.5261078388e+02	5.1094013979e+07
1492	7.3973528983e+04	2.1077121670e+10	6.1607792646e+03	6.5477522890e+08	1.3830560522e+05	5.4799469285e+10	1.5254218198e+02	5.1088479292e+07
1493	7.4414381265e+04	2.1084668738e+10	6.1991146395e+03	6.5701875004e+08	1.3829893575e+05	5.4773089212e+10	1.5247414336e+02	5.1082920653e+07
1494	7.3848087402e+04	2.1049051369e+10	6.2116979276e+03	6.5874126936e+08	1.3829204357e+05	5.4746690899e+10	1.5240370353e+02	5.1077127313e+07
1495	7.3733337230e+04	2.1043844987e+10	6.2453044860e+03	6.6087477151e+08	1.3828572224e+05	5.4720488892e+10	1.5233635600e+02	5.1071820809e+07
1496	7.3992769774e+04	2.1047745932e+10	6.2889027539e+03	6.6342550434e+08	1.3827938102e+05	5.4694318829e+10	1.5227089798e+02	5.1066698669e+07
1497	7.4190005663e+04	2.1052300845e+10	6.3319740064e+03	6.6588940248e+08	1.3827232738e+05	5.4667959236e+10	1.5220098563e+02	5.1061551373e+07
1498	7.4774609696e+04	2.1068482911e+10	6.3886523509e+03	6.6866230664e+08	1.3826610635e+05	5.4641918122e+10	1.5213326684e+02	5.1056468274e+07
1499	7.5478892489e+04	2.1104697845e+10	6.4963832007e+03	6.7356720637e+08	1.3826007271e+05	5.4615943656e+10	1.5206847097e+02	5.1051438870e+07
1500	7.3925226505e+04	2.1018954921e+10	6.4354226852e+03	6.7285155903e+08	1.3825387312e+05	5.4589951580e+10	1.5200183954e+02	5.1046636012e+07
1501	7.4438908878e+04	2.1024841577e+10	6.4869874065e+03	6.7550917944e+08	1.3824718035e+05	5.4563830480e+10	1.5193455339e+02	5.1041891031e+07
1502	7.3949538076e+04	2.1010905575e+10	6.5212501052e+03	6.7823610991e+08	1.3824118800e+05	5.4537976301e+10	1.5187160583e+02	5.1036926809e+07
1503	7.4078872961e+04	2.1009893026e+10	6.5661613813e+03	6.8103904100e+08	1.3823489024e+05	5.4512112126e+10	1.5180320678e+02	5.1032468761e+07
1504	7.4387119218e+04	2.1015462821e+10	6.6145093446e+03	6.8401684683e+08	1.3822940475e+05	5.4486485999e+10	1.5173909781e+02	5.1027483434e+07
1505	7.4718056580e+04	2.1021800664e+10	6.6648246669e+03	6.8703944964e+08	1.3822352293e+05	5.4460761779e+10	1.5167498978e+02	5.1023308164e+07
1506	7.4228140570e+04	2.0999768190e+10	6.7019061316e+03	6.8975414760e+08	1.3821732649e+05	5.4435022417e+10	1.5161020687e+02	5.1019297360e+07
1507	7.4036749174e+04	2.0989688535e+10	6.7442159500e+03	6.9275539906e+08	1.3821137362e+05	5.4409390123e+10	1.5154569092e+02	5.1015199976e+07
1508	7.4365650889e+04	2.0992305723e+10	6.7988641044e+03	6.9610637762e+08	1.3820551339e+05	5.4383801766e+10	1.5148197019e+02	5.1011241199e+07
1509	7.4526739459e+04	2.0998860672e+10	6.8492150067e+03	6.9941263835e+08	1.3820002330e+05	5.4358345238e+10	1.5141926607e+02	5.1007057753e+07
1510	7.4734302339e+04	2.0995725459e+10	6.9031099988e+03	7.0284825390e+08	1.3819473396e+05	5.4333015191e+10	1.5135673741e+02	5.1003197234e+07
1511	7.4897527937e+04	2.1000452360e+10	6.9567866707e+03	7.0645765639e+08	1.3818902270e+05	5.4307632847e+10	1.5129267754e+02	5.1000194273e+07
1512	7.5494075384e+04	2.1012101794e+10	7.0183433454e+03	7.1010524626e+08	1.3818331079e+05	5.4282239869e+10	1.5122847762e+02	5.0996230953e+07
1513	7.5874298899e+04	2.1028146205e+10	7.0829781269e+03	7.1420275862e+08	1.3817769129e+05	5.4256856774e+10	1.5116815972e+02	5.0992394137e+07
1514	7.5968848753e+04	2.1036847375e+10	7.1448860636e+03	7.1814875216e+08	1.3817259131e+05	5.4231698645e+10	1.5110876742e+02	5.0988821762e+07
1515	7.6067681729e+04	2.1039652058e+10	7.2104621809e+03	7.2257543263e+08	1.3816734608e+05	5.4206579878e+10	1.5104428056e+02	5.0985384800e+07
1516	7.6199515948e+04	2.1036179422e+10	7.2795024751e+03	7.2700806868e+08	1.3816197220e+05	5.4181406130e+10	1.5098378727e+02	5.0982064392e+07
1517	7.5983724963e+04	2.1039385001e+10	7.3825484053e+03	7.3309540901e+08	1.3815697019e+05	5.4156418279e+10	1.5092440800e+02	5.0978932339e+07
1518	7.6396172762e+04	2.1034428795e+10	7.4380652385e+03	7.3686067007e+08	1.3815157106e+05	5.4131340029e+10	1.5086194910e+02	5.0976063891e+07
1519	7.5216247543e+04	2.0979358760e+10	7.4387916111e+03	7.3909064406e+08	1.3814628734e+05	5.4106289362e+10	1.5080029527e+02	5.0972773404e+07
1520	7.5855025424e+04	2.1006907453e+10	7.5364351261e+03	7.4495067547e+08	1.3814173729e+05	5.4081534949e+10	1.5074315499e+02	5.0969795822e+07
1521	7.6150488596e+04	2.1009339130e+10	7.6202283445e+03	7.4951581726e+08	1.3813686388e+05	5.4056694035e+10	1.5068570853e+02	5.0966840764e+07
1522	7.5399927657e+04	2.0965898582e+10	7.6428368638e+03	7.5376983268e+08	1.3813137049e+05	5.4031736179e+10	1.5062155035e+02	5.0964186379e+07
1523	7.5646265943e+04	2.0965540553e+10	7.7184461889e+03	7.5887856028e+08	1.3812689330e+05	5.4007108949e+10	1.5056292829e+02	5.0961280115e+07
1524	7.5620732886e+04	2.0966927925e+10	7.7936798303e+03	7.6438479515e+08	1.3812245317e+05	5.3982525283e+10	1.5050626984e+02	5.0959074829e+07
1525	7.5661254526e+04	2.0970098817e+10	7.8768824190e+03	7.7043990073e+08	1.3811745999e+05	5.3957770540e+10	1.5044780040e+02	5.0956505005e+07
1526	7.6033598067e+04	2.0978543324e+10	7.9596775435e+03	7.7613574618e+08	1.3811245321e+05	5.3933094296e+10	1.5038866857e+02	5.0954580280e+07
1527	7.6279131033e+04	2.0980855534e+10	8.0508051047e+03	7.8247323322e+08	1.3810810055e+05	5.3908657440e+10	1.5033122297e+02	5.0952125668e+07
1528	7.5999132382e+04	2.0969018885e+10	8.1364244332e+03	7.8907208237e+08	1.3810379859e+05	5.3884211802e+10	1.5027394334e+02	5.0949409526e+07
1529	7.6367013103e+04	2.0979788005e+10	8.2306941664e+03	7.9570486338e+08	1.3809917752e+05	5.3859704519e+10	1.5021687561e+02	5.0946947575e+07
1530	7.6825774531e+04	2.0996098055e+10	8.3317008983e+03	8.0284337361e+08	1.3809500254e+05	5.3835432140e+10	1.5015991337e+02	5.0945307450e+07
1531	7.7156032657e+04	2.1012458840e+10	8.4388372803e+03	8.1053176882e+08	1.3809033023e+05	5.3811031771e+10	1.5010240326e+02	5.0943872964e+07
1532	7.7184674020e+04	2.1008373228e+10	8.5433327482e+03	8.1828348334e+08	1.3808576555e+05	5.3786630727e+10	1.5004690447e+02	5.0941284036e+07
1533	7.7284132777e+04	2.1000629324e+10	8.6467488870e+03	8.2600303320e+08	1.3808172232e+05	5.3762457853e+10	1.4999130529e+02	5.0939233293e+07
1534	7.7661787758e+04	2.1011977263e+10	8.7653115624e+03	8.3456714773e+08	1.3807781330e+05	5.3738378408e+10	1.4993452294e+02	5.0937208232e+07
1535	7.7573750401e+04	2.1009913180e+10	8.8834130475e+03	8.4351594781e+08	1.3807364934e+05	5.3714236864e+10	1.4987928389e+02	5.0935660672e+07
1536	7.8201683636e+04	2.1034995120e+10	9.0204753092e+03	8.5321525688e+08	1.3806950960e+05	5.3690127192e+10	1.4982620306e+02	5.0934232334e+07
1537	7.8210571410e+04	2.1032308203e+10	9.1537906384e+03	8.6311705319e+08	1.3806512703e+05	5.3665984020e+10	1.4976880615e+02	5.0932810781e+07
1538	7.8049455342e+04	2.1017179247e+10	9.2777507274e+03	8.7305028806e+08	1.3806138911e+05	5.3642111998e+10	1.4971347240e+02	5.0931350683e+07
1539	7.8288633924e+04	2.1034337785e+10	9.4248509027e+03	8.8414022546e+08	1.3805772446e+05	5.3618247287e+10	1.4966110400e+02	5.0929927985e+07
1540	7.8394860764e+04	2.1032380005e+10	9.5763189655e+03	8.9574188673e+08	1.3805384500e+05	5.3594332513e+10	1.4960779581e+02	5.0928167898e+07
1541	7.8759065782e+04	2.1040117045e+10	9.7393122177e+03	9.0803133258e+08	1.3804962019e+05	5.3570379694e+10	1.4955191661e+02	5.0927155815e+07
1542	7.9162457344e+04	2.1057715300e+10	9.9131742983e+03	9.2115088366e+08	1.3804616476e+05	5.3546683414e+10	1.4949967025e+02	5.0926212162e+07
1543	7.9244900584e+04	2.1072264516e+10	1.0092165335e+04	9.3510136825e+08	1.3804232710e+05	5.3522896592e+10	1.4944656141e+02	5.0925265293e+07
1544	7.9352300823e+04	2.1091008515e+10	1.0284776045e+04	9.5005749000e+08	1.3803889204e+05	5.3499283283e+10	1.4939290084e+02	5.0923809344e+07
1545	7.9947326766e+04	2.1119075723e+10	1.0497325410e+04	9.6630162510e+08	1.3803534259e+05	5.3475684225e+10	1.4934066026e+02	5.0923300483e+07
1546	8.0670266109e+04	2.1175706503e+10	1.0749497629e+04	9.8587358768e+08	1.3803174474e+05	5.3452101137e+10	1.4928895224e+02	5.0922755948e+07
1547	8.0142850356e+04	2.1127239751e+10	1.0938819562e+04	1.0009090405e+09	1.3802821306e+05	5.3428519628e+10	1.4923484984e+02	5.0921336837e+07
1548	8.0557379132e+04	2.1138156555e+10	1.1189784234e+04	1.0204395528e+09	1.3802469491e+05	5.3404960378e+10	1.4918345812e+02	5.0920476854e+07
1549	8.1075896317e+04	2.1164302669e+10	1.1467650123e+04	1.0422491106e+09	1.3802168347e+05	5.3381631132e+10	1.4913475224e+02	5.0919947555e+07
1550	8.1777945854e+04	2.1196358333e+10	1.1758278462e+04	1.0649219050e+09	1.3801809504e+05	5.3358175569e+10	1.4908186816e+02	5.0919734259e+07
1551	8.2715323250e+04	2.1248957425e+10	1.2095424363e+04	1.0911910209e+09	1.3801464419e+05	5.3334770139e+10	1.4902827623e+02	5.0918999904e+07
1552	8.3213297533e+04	2.1271771742e+10	1.2439017101e+04	1.1182492754e+09	1.3801168611e+05	5.3311531665e+10	1.4897862976e+02	5.0918179452e+07
1553	8.2894839293e+04	2.1270447526e+10	1.2812942311e+04	1.1487489959e+09	1.3800893916e+05	5.3288368178e+10	1.4893174612e+02	5.0917883801e+07
1554	8.3796488580e+04	2.1321419026e+10	1.3252163783e+04	1.1832004435e+09	1.3800536649e+05	5.3265026526e+10	1.4887871665e+02	5.0917434969e+07
1555	8.4199739698e+04	2.1349912500e+10	1.3715396507e+04	1.2208754872e+09	1.3800197416e+05	5.3241776206e+10	1.4882711485e+02	5.0917174590e+07
1556	8.5378381213e+04	2.1433665805e+10	1.4308801744e+04	1.2656568571e+09	1.3799947853e+05	5.3218815660e+10	1.4878062293e+02	5.0917514584e+07
1557	8.4587807594e+04	2.1400088798e+10	1.4810293254e+04	1.3108611479e+09	1.3799662475e+05	5.3195787645e+10	1.4872992302e+02	5.0917611198e+07
1558	8.5416717752e+04	2.1464831143e+10	1.5490654592e+04	1.3663085365e+09	1.3799355383e+05	5.3172703999e+10	1.4867922864e+02	5.0916779640e+07
1559	8.7082287682e+04	2.1565239888e+10	1.6301308781e+04	1.4319822694e+09	1.3799062533e+05	5.3149694567e+10	1.4863142916e+02	5.0916588712e+07
1560	8.7324400211e+04	2.1601271433e+10	1.7207405228e+04	1.5071905624e+09	1.3798778771e+05	5.3126759676e+10	1.4858496124e+02	5.0917155440e+07
1561	8.8053481456e+04	2.1684288058e+10	1.8327044454e+04	1.5998829402e+09	1.3798519392e+05	5.3103940415e+10	1.4853342970e+02	5.0917484373e+07
1562	8.9560785811e+04	2.1781193437e+10	1.9699324445e+04	1.7136217670e+09	1.3798251915e+05	5.3081088837e+10	1.4848473783e+02	5.0917295467e+07
1563	9.1192766657e+04	2.1916867595e+10	2.1455231753e+04	1.8597701050e+09	1.3798007147e+05	5.3058374388e+10	1.4843803418e+02	5.0917771455e+07
1564	9.3066945502e+04	2.2100923146e+10	2.3798632275e+04	2.0557242830e+09	1.3797743774e+05	5.3035614599e+10	1.4839184491e+02	5.0918040183e+07
1565	9.6789406893e+04	2.2394545682e+10	2.7181576817e+04	2.3393879239e+09	1.3797430762e+05	5.3012711382e+10	1.4834251029e+02	5.0918255850e+07
1566	1.0262788713e+05	2.2867633930e+10	3.2654930359e+04	2.8001540904e+09	1.3797186404e+05	5.2990040531e+10	1.4829607547e+02	5.0918574018e+07
1567	1.1410342195e+05	2.3837286585e+10	4.4151605646e+04	3.7720241566e+09	1.3796995212e+05	5.2967596674e+10	1.4825033143e+02	5.0919361364e+07
1568	1.5617631270e+05	2.7386108492e+10	8.5788635255e+04	7.3040348605e+09	1.3796780078e+05	5.2945129173e+10	1.4820202719e+02	5.0919965699e+07
1569	7.0815299761e+04	2.0105843505e+10	3.1505494944e+03	3.6893442799e+08	1.3796484846e+05	5.2922416353e+10	1.4815288528e+02	5.0920028099e+07
1570	7.1440857845e+04	2.0130186548e+10	3.2136763412e+03	3.7100081803e+08	1.3796274413e+05	5.2899988962e+10	1.4811002241e+02	5.0920667004e+07
1571	7.1279438172e+04	2.0120553332e+10	3.2730621038e+03	3.7370947073e+08	1.3796051618e+05	5.2877555458e+10	1.4806643354e+02	5.0921847376e+07
1572	7.1649350074e+04	2.0142930718e+10	3.4361799494e+03	3.7922098216e+08	1.3795819153e+05	5.2855140686e+10	1.4801707894e+02	5.0922852266e+07
1573	7.0339394868e+04	2.0050212893e+10	3.2081730699e+03	3.7124485023e+08	1.3795594677e+05	5.2832745277e+10	1.4797015196e+02	5.0923106368e+07
1574	7.0363381496e+04	2.0051020268e+10	3.2388846749e+03	3.7257352984e+08	1.3795423823e+05	5.2810555851e+10	1.4792787253e+02	5.0924043161e+07
1575	7.0696885882e+04	2.0056841098e+10	3.2788934900e+03	3.7406756941e+08	1.3795219318e+05	5.2788319647e+10	1.4788358855e+02	5.0924939888e+07
1576	7.1147985223e+04	2.0064066148e+10	3.3272169864e+03	3.7569295811e+08	1.3794982834e+05	5.2766021444e+10	1.4783626458e+02	5.0926140010e+07
1577	7.1217065507e+04	2.0068248856e+10	3.3675167321e+03	3.7749980109e+08	1.3794748444e+05	5.2743729425e+10	1.4779134276e+02	5.0927367607e+07
1578	7.1401492721e+04	2.0076120806e+10	3.4125940655e+03	3.7952170589e+08	1.3794636662e+05	5.2721825969e+10	1.4774876412e+02	5.0928645680e+07
1579	7.1607231364e+04	2.0084342461e+10	3.4634211685e+03	3.8182910704e+08	1.3794437688e+05	5.2699713553e+10	1.4770307897e+02	5.0929797881e+07
1580	7.2227096565e+04	2.0103347395e+10	3.5340303185e+03	3.8451419518e+08	1.3794264603e+05	5.2677667602e+10	1.4766047312e+02	5.0930415155e+07
1581	7.2456582857e+04	2.0107451623e+10	3.5949129201e+03	3.8742151629e+08	1.3794045762e+05	5.2655530830e+10	1.4761773202e+02	5.0931960701e+07
1582	7.3076023481e+04	2.0128129834e+10	3.6848922163e+03	3.9109459861e+08	1.3793867100e+05	5.2633558405e+10	1.4757410509e+02	5.0933578760e+07
1583	7.3616578428e+04	2.0152693585e+10	3.7769688809e+03	3.9511011207e+08	1.3793696117e+05	5.2611647466e+10	1.4752787609e+02	5.0934945153e+07
1584	7.3329102690e+04	2.0139968890e+10	3.8462860808e+03	3.9907099445e+08	1.3793577262e+05	5.2589898726e+10	1.4748635017e+02	5.0936162218e+07
1585	7.3964553813e+04	2.0162002159e+10	3.9791150272e+03	4.0488615983e+08	1.3793440094e+05	5.2568143299e+10	1.4744606136e+02	5.0937857849e+07
1586	7.4836537045e+04	2.0209666014e+10	4.1781741688e+03	4.1356913970e+08	1.3793245783e+05	5.2546263391e+10	1.4740123371e+02	5.0939417806e+07
1587	7.3587831805e+04	2.0151419000e+10	4.2312128774e+03	4.1903237170e+08	1.3793066158e+05	5.2524411204e+10	1.4735829898e+02	5.0940897346e+07
1588	7.4979035299e+04	2.0198917419e+10	4.4760145539e+03	4.3055216242e+08	1.3792950803e+05	5.2502770790e+10	1.4731852194e+02	5.0942523298e+07
1589	7.4898271568e+04	2.0219905248e+10	4.7189771234e+03	4.4478687700e+08	1.3792813449e+05	5.2481110792e+10	1.4727526691e+02	5.0944244384e+07
1590	7.6040362836e+04	2.0289760197e+10	5.1534994903e+03	4.6763573416e+08	1.3792677127e+05	5.2459505191e+10	1.4723306310e+02	5.0946091450e+07
1591	7.7832281471e+04	2.0418931726e+10	6.1429571575e+03	5.2369794556e+08	1.3792534795e+05	5.2437899735e+10	1.4719225447e+02	5.0947650445e+07
1592	7.7419889018e+04	2.0388811914e+10	6.4728451169e+03	5.5022762626e+08	1.3792410879e+05	5.2416389013e+10	1.4715179910e+02	5.0949721455e+07
1593	7.9994503054e+04	2.0622071970e+10	1.0292188972e+04	8.0459768058e+08	1.3792308346e+05	5.2394970244e+10	1.4711021815e+02	5.0951722643e+07
1594	7.5105306048e+04	2.0248159609e+10	5.7545473586e+03	5.0562929598e+08	1.3792191254e+05	5.2373481345e+10	1.4706976800e+02	5.0953385414e+07
1595	7.1466138106e+04	1.9968313622e+10	4.1967817113e+03	4.1512083032e+08	1.3792026642e+05	5.2351902592e+10	1.4702802565e+02	5.0955718388e+07
1596	7.2032263917e+04	2.0001624977e+10	4.5604460076e+03	4.3554814175e+08	1.3791919802e+05	5.2330545552e+10	1.4698721870e+02	5.0957653868e+07
1597	7.2514131627e+04	2.0038127317e+10	5.1692855035e+03	4.7126725581e+08	1.3791890112e+05	5.2309449222e+10	1.4695027244e+02	5.0959144794e+07
1598	7.4195175292e+04	2.0151679859e+10	6.5376649887e+03	5.5568053771e+08	1.3791727517e+05	5.2287953498e+10	1.4690879895e+02	5.0961615772e+07
1599	8.0616127533e+04	2.0596435257e+10	1.2170596246e+04	9.3809801321e+08	1.3791622996e+05	5.2266659850e+10	1.4686883334e+02	5.0963702267e+07
1600	6.8439597344e+04	1.9711756129e+10	2.7639726822e+03	3.4216164579e+08	1.3791553374e+05	5.2245502350e+10	1.4682947019e+02	5.0965877207e+07
1601	6.8784944590e+04	1.9716893161e+10	2.7927913237e+03	3.4286976803e+08	1.3791473795e+05	5.2224405885e+10	1.4678926459e+02	5.0968598322e+07
1602	6.8933025786e+04	1.9715033397e+10	2.8174405259e+03	3.4363164902e+08	1.3791375831e+05	5.2203220950e+10	1.4675135077e+02	5.0970555231e+07
1603	6.9076591425e+04	1.9718107783e+10	2.8455439223e+03	3.4463332886e+08	1.3791284956e+05	5.2182093314e+10	1.4671264892e+02	5.0972896195e+07
1604	6.9242669008e+04	1.9724078886e+10	2.8826733166e+03	3.4583561580e+08	1.3791231112e+05	5.2161098636e+10	1.4667424696e+02	5.0975135707e+07
1605	6.9438086759e+04	1.9733983497e+10	2.9320148102e+03	3.4745872856e+08	1.3791146552e+05	5.2140061451e+10	1.4663535049e+02	5.0977829755e+07
1606	7.0186776099e+04	1.9769805637e+10	3.1283137052e+03	3.5232905037e+08	1.3791089462e+05	5.2119126915e+10	1.4659622735e+02	5.0980455191e+07
1607	6.9738502895e+04	1.9739836194e+10	2.9877933849e+03	3.5008823103e+08	1.3791014257e+05	5.2098168514e+10	1.4655788242e+02	5.0982616691e+07
1608	7.0026895192e+04	1.9755163906e+10	3.0582072453e+03	3.5283140361e+08	1.3790955609e+05	5.2077280591e+10	1.4652160752e+02	5.0985504141e+07
1609	6.9946958850e+04	1.9741402307e+10	3.1085247743e+03	3.5527512983e+08	1.3790913305e+05	5.2056442284e+10	1.4648481034e+02	5.0987955676e+07
1610	6.9850241868e+04	1.9734363883e+10	3.1804145210e+03	3.5907836792e+08	1.3790853894e+05	5.2035594878e+10	1.4644536217e+02	5.0990398310e+07
1611	7.0398594814e+04	1.9756102515e+10	3.3102121733e+03	3.6499744810e+08	1.3790799903e+05	5.2014799035e+10	1.4640737821e+02	5.0992923238e+07
1612	7.1232624811e+04	1.9791834610e+10	3.5165959944e+03	3.7468358643e+08	1.3790766567e+05	5.1994065349e+10	1.4637289495e+02	5.0995818706e+07
1613	7.2365785970e+04	1.9844021396e+10	3.8732975383e+03	3.9278986650e+08	1.3790730058e+05	5.1973368669e+10	1.4633685963e+02	5.0998517711e+07
1614	7.3293327371e+04	1.9917607387e+10	4.8051920721e+03	4.4679513106e+08	1.3790645641e+05	5.1952565845e+10	1.4629714687e+02	5.1001412582e+07
1615	7.4162379669e+04	1.9988099231e+10	5.4762981087e+03	4.8726210234e+08	1.3790665592e+05	5.1932098815e+10	1.4626210742e+02	5.1004467482e+07
1616	6.9632653817e+04	1.9648682693e+10	2.9586240017e+03	3.4140786750e+08	1.3790640084e+05	5.1911524503e+10	1.4622593842e+02	5.1007324103e+07
1617	7.0149134828e+04	1.9670606532e+10	3.1284493781e+03	3.4682861169e+08	1.3790626679e+05	5.1891015521e+10	1.4619057684e+02	5.1010338906e+07
1618	7.1373543716e+04	1.9732825305e+10	3.6390754886e+03	3.6420006655e+08	1.3790556527e+05	5.1870372431e+10	1.4615278884e+02	5.1013262918e+07
1619	7.1870996112e+04	1.9765998495e+10	3.9229468861e+03	3.7512663735e+08	1.3790540770e+05	5.1849909758e+10	1.4611814242e+02	5.1016419339e+07
1620	6.9381856817e+04	1.9598067692e+10	2.8671661404e+03	3.3954309245e+08	1.3790556084e+05	5.1829525805e+10	1.4608408153e+02	5.1019566590e+07
1621	6.9382502994e+04	1.9599414641e+10	2.9781221353e+03	3.4454951615e+08	1.3790556886e+05	5.1809187969e+10	1.4604784294e+02	5.1022635683e+07
1622	7.0179963674e+04	1.9638386305e+10	3.3482507424e+03	3.6114314334e+08	1.3790540743e+05	5.1788801198e+10	1.4601130960e+02	5.1025953443e+07
1623	7.1219935157e+04	1.9697024277e+10	3.9672094199e+03	3.9176351020e+08	1.3790545504e+05	5.1768486410e+10	1.4597788538e+02	5.1028978704e+07
1624	6.7754019188e+04	1.9478170354e+10	2.6286809709e+03	3.2910351898e+08	1.3790543724e+05	5.1748192835e+10	1.4594434749e+02	5.1031959795e+07
1625	6.7923220102e+04	1.9480383256e+10	2.6494740916e+03	3.2952428055e+08	1.3790535674e+05	5.1727898942e+10	1.4590834921e+02	5.1035239120e+07
1626	6.8211469907e+04	1.9483082839e+10	2.6702911950e+03	3.2989491743e+08	1.3790548161e+05	5.1707680159e+10	1.4587412166e+02	5.1038808945e+07
1627	6.8645147669e+04	1.9490966003e+10	2.7079543210e+03	3.3056785309e+08	1.3790614917e+05	5.1687680510e+10	1.4584065271e+02	5.1041905820e+07
1628	6.9314947233e+04	1.9505074719e+10	2.7878965114e+03	3.3177336174e+08	1.3790582080e+05	5.1667367730e+10	1.4580568953e+02	5.1045491243e+07
1629	6.8217976852e+04	1.9463756934e+10	2.7404604663e+03	3.3182525208e+08	1.3790601492e+05	5.1647257434e+10	1.4577347815e+02	5.1048685802e+07
1630	6.8209503816e+04	1.9462885547e+10	2.7731754610e+03	3.3292510179e+08	1.3790635683e+05	5.1627237903e+10	1.4574030051e+02	5.1052222761e+07
1631	6.8321059235e+04	1.9468419929e+10	2.8284101546e+03	3.3470315989e+08	1.3790659558e+05	5.1607200714e+10	1.4570550747e+02	5.1055806874e+07
1632	6.9055156691e+04	1.9494432592e+10	2.9720786686e+03	3.3841918123e+08	1.3790701578e+05	5.1587263157e+10	1.4567169939e+02	5.1059412299e+07
1633	6.9283654219e+04	1.9494558607e+10	3.0009365313e+03	3.4051002678e+08	1.3790760198e+05	5.1567357999e+10	1.4564017935e+02	5.1062466354e+07
1634	6.8984444059e+04	1.9485689345e+10	3.1251261939e+03	3.4641064707e+08	1.3790802438e+05	5.1547474764e+10	1.4560839417e+02	5.1066400649e+07
1635	6.9928742145e+04	1.9533329124e+10	3.5475218618e+03	3.6397588190e+08	1.3790794234e+05	5.1527447223e+10	1.4557369883e+02	5.1070195218e+07
1636	7.2169963583e+04	1.9681371379e+10	5.4111866621e+03	4.5714574703e+08	1.3790847374e+05	5.1507607419e+10	1.4554094900e+02	5.1073635366e+07
1637	6.7510765037e+04	1.9357867660e+10	2.5800808525e+03	3.2405939107e+08	1.3790930343e+05	5.1487881799e+10	1.4551045446e+02	5.1077075467e+07
1638	6.7579245292e+04	1.9352014178e+10	2.5815825498e+03	3.2399030179e+08	1.3790980128e+05	5.1468100099e+10	1.4547784897e+02	5.1081127588e+07
1639	6.7698641291e+04	1.9352938618e+10	2.5885570739e+03	3.2402296591e+08	1.3791042637e+05	5.1448374266e+10	1.4544652304e+02	5.1084599286e+07
1640	6.8215345702e+04	1.9361448458e+10	2.6124212001e+03	3.2412925328e+08	1.3791064808e+05	5.1428565237e+10	1.4541371561e+02	5.1088345581e+07
1641	6.9074779182e+04	1.9375910371e+10	2.6633766763e+03	3.2433494377e+08	1.3791140993e+05	5.1408928271e+10	1.4538169811e+02	5.1092158646e+07
1642	6.8476451220e+04	1.9363645069e+10	2.6486726459e+03	3.2438553002e+08	1.3791226288e+05	5.1389322053e+10	1.4535262870e+02	5.1096013362e+07
1643	6.7631440852e+04	1.9335240292e+10	2.6164096267e+03	3.2416854378e+08	1.3791295274e+05	5.1369732016e+10	1.4532028456e+02	5.1099968379e+07
1644	6.8104414444e+04	1.9345409942e+10	2.6436614327e+03	3.2438921300e+08	1.3791361204e+05	5.1350165877e+10	1.4528792097e+02	5.1103923568e+07
1645	6.8137504522e+04	1.9343950108e+10	2.6596932107e+03	3.2470687627e+08	1.3791440464e+05	5.1330646142e+10	1.4525882995e+02	5.1107766530e+07
1646	6.8137322904e+04	1.9337920393e+10	2.6802274748e+03	3.2495694253e+08	1.3791537340e+05	5.1311211737e+10	1.4522882483e+02	5.1111788580e+07
1647	6.7986900044e+04	1.9319644757e+10	2.6644599327e+03	3.2441660457e+08	1.3791599837e+05	5.1291687269e+10	1.4519658225e+02	5.1116063814e+07
1648	6.8154943306e+04	1.9322108115e+10	2.6853205593e+03	3.2464314399e+08	1.3791697078e+05	5.1272282278e+10	1.4516642079e+02	5.1119570475e+07
1649	6.8235809594e+04	1.9318047014e+10	2.6875425724e+03	3.2467374419e+08	1.3791806377e+05	5.1252969721e+10	1.4513640201e+02	5.1123802139e+07
1650	6.8567111916e+04	1.9324534880e+10	2.7306623264e+03	3.2527007587e+08	1.3791921085e+05	5.1233681553e+10	1.4510860791e+02	5.1128078613e+07
1651	6.8153548967e+04	1.9299432887e+10	2.6921837212e+03	3.2460937716e+08	1.3791979406e+05	5.1214258792e+10	1.4507741361e+02	5.1132453813e+07
1652	6.8570939207e+04	1.9303918396e+10	2.7280509272e+03	3.2488266103e+08	1.3792078724e+05	5.1194956744e+10	1.4504610858e+02	5.1136662030e+07
1653	6.8518230355e+04	1.9304237747e+10	2.7545040667e+03	3.2526396646e+08	1.3792186684e+05	5.1175702772e+10	1.4501780614e+02	5.1140653247e+07
1654	6.9355163786e+04	1.9324024715e+10	2.9941597337e+03	3.2741414972e+08	1.3792309474e+05	5.1156516336e+10	1.4498941184e+02	5.1144493049e+07
1655	6.8209711968e+04	1.9287008680e+10	2.7203500241e+03	3.2525747750e+08	1.3792440464e+05	5.1137385961e+10	1.4496113593e+02	5.1148434501e+07
1656	6.8639149793e+04	1.9295108555e+10	2.7512567367e+03	3.2569819106e+08	1.3792524129e+05	5.1118172482e+10	1.4493098912e+02	5.1153309792e+07
1657	6.9157093320e+04	1.9304444104e+10	2.7972367629e+03	3.2637067343e+08	1.3792647317e+05	5.1099080432e+10	1.4490200824e+02	5.1157835740e+07
1658	6.9418412863e+04	1.9315223024e+10	2.8799270381e+03	3.2806772639e+08	1.3792761072e+05	5.1079980080e+10	1.4487236406e+02	5.1162213687e+07
1659	6.9943077918e+04	1.9323824488e+10	2.9340334976e+03	3.2891818468e+08	1.3792905908e+05	5.1061006033e+10	1.4484549336e+02	5.1166421797e+07
1660	6.9366905574e+04	1.9297426037e+10	2.8163066666e+03	3.2670750740e+08	1.3793043544e+05	5.1042052059e+10	1.4481735986e+02	5.1170949754e+07
1661	6.9369617551e+04	1.9290311088e+10	2.8515859990e+03	3.2733431848e+08	1.3793174842e+05	5.1023095158e+10	1.4478947865e+02	5.1175475718e+07
1662	6.9236014559e+04	1.9289880575e+10	2.8709384007e+03	3.2800699856e+08	1.3793270061e+05	5.1004014767e+10	1.4476011096e+02	5.1179916647e+07
1663	6.9437056284e+04	1.9282593418e+10	2.8771668651e+03	3.2807416511e+08	1.3793427112e+05	5.0985123684e+10	1.4473270997e+02	5.1184011645e+07
1664	6.9460511666e+04	1.9279074092e+10	2.8883957763e+03	3.2882049716e+08	1.3793586517e+05	5.0966308031e+10	1.4470630696e+02	5.1188580110e+07
1665	6.9866224104e+04	1.9281249236e+10	2.9461434222e+03	3.3014942659e+08	1.3793732130e+05	5.0947507284e+10	1.4467824493e+02	5.1193217572e+07
1666	6.9454421339e+04	1.9290330967e+10	2.9955534950e+03	3.3237941360e+08	1.3793843509e+05	5.0928595208e+10	1.4464983866e+02	5.1197782398e+07
1667	6.9823133545e+04	1.9316243292e+10	3.1396711746e+03	3.3736827031e+08	1.3793996945e+05	5.0909794448e+10	1.4462379937e+02	5.1202370517e+07
1668	6.9545799928e+04	1.9306870259e+10	3.2886934515e+03	3.4324175327e+08	1.3794187488e+05	5.0891143013e+10	1.4459832815e+02	5.1207206344e+07
1669	7.2400244010e+04	1.9470829501e+10	5.0920481290e+03	4.2129400601e+08	1.3794323726e+05	5.0872364146e+10	1.4457022913e+02	5.1211580733e+07
1670	6.8557154773e+04	1.9211768205e+10	2.8501678163e+03	3.2613087614e+08	1.3794461051e+05	5.0853656131e+10	1.4454048617e+02	5.1216167393e+07
1671	6.9146121501e+04	1.9228346742e+10	2.9367742975e+03	3.2779280459e+08	1.3794649341e+05	5.0835076291e+10	1.4451719699e+02	5.1220348786e+07
1672	7.0131773653e+04	1.9272671249e+10	3.2474139398e+03	3.3465154197e+08	1.3794804042e+05	5.0816421384e+10	1.4449238702e+02	5.1225201726e+07
1673	6.9699246503e+04	1.9247378814e+10	3.2179566506e+03	3.3502266179e+08	1.3794982067e+05	5.0797869155e+10	1.4446474948e+02	5.1230188455e+07
1674	6.7791794398e+04	1.9151537127e+10	2.8192841417e+03	3.2560089940e+08	1.3795135276e+05	5.0779283222e+10	1.4443650020e+02	5.1235279079e+07
1675	6.7850521770e+04	1.9155812255e+10	2.8449437847e+03	3.2621931313e+08	1.3795312659e+05	5.0760788353e+10	1.4441059862e+02	5.1240091193e+07
1676	6.8247627030e+04	1.9163626538e+10	2.8834090304e+03	3.2703177668e+08	1.3795522634e+05	5.0742413241e+10	1.4438744924e+02	5.1244741019e+07
1677	6.8727752364e+04	1.9179435739e+10	2.9414461655e+03	3.2825441327e+08	1.3795696220e+05	5.0723935212e+10	1.4436291816e+02	5.1249281492e+07
1678	6.8387420405e+04	1.9165365627e+10	2.9628537976e+03	3.2934262273e+08	1.3795847944e+05	5.0705436698e+10	1.4433430865e+02	5.1254406976e+07
1679	6.8795780373e+04	1.9176028190e+10	3.0356042534e+03	3.3127753861e+08	1.3796038184e+05	5.0687048002e+10	1.4430782761e+02	5.1259269542e+07
1680	6.8890744401e+04	1.9185462970e+10	3.1293036541e+03	3.3431750390e+08	1.3796260856e+05	5.0668758608e+10	1.4428579503e+02	5.1264203893e+07
1681	6.9672691657e+04	1.9218833243e+10	3.3252412948e+03	3.4033634922e+08	1.3796440367e+05	5.0650353451e+10	1.4426138199e+02	5.1268825780e+07
1682	7.0470405728e+04	1.9253743817e+10	3.7953357617e+03	3.5620766353e+08	1.3796600606e+05	5.0631957028e+10	1.4423606214e+02	5.1273480481e+07
1683	7.2045586569e+04	1.9330240439e+10	4.5902294722e+03	3.8559293245e+08	1.3796794138e+05	5.0613690085e+10	1.4421003128e+02	5.1278194290e+07
1684	7.0402347916e+04	1.9214006846e+10	3.6534985977e+03	3.4747661324e+08	1.3797025815e+05	5.0595564676e+10	1.4418545216e+02	5.1283731633e+07
1685	6.8458522271e+04	1.9096333388e+10	2.8364063080e+03	3.2407840204e+08	1.3797276776e+05	5.0577522157e+10	1.4416221023e+02	5.1288943307e+07
1686	6.8102726286e+04	1.9058998626e+10	2.8174486007e+03	3.2327774736e+08	1.3797433917e+05	5.0559204502e+10	1.4413698597e+02	5.1294340446e+07
1687	6.7764382824e+04	1.9056705036e+10	2.8196933712e+03	3.2378578603e+08	1.3797617539e+05	5.0540962453e+10	1.4411278214e+02	5.1298806020e+07
1688	6.8122807231e+04	1.9062494498e+10	2.8532074537e+03	3.2440583525e+08	1.3797803925e+05	5.0522795178e+10	1.4408792987e+02	5.1303856413e+07
1689	6.8281748663e+04	1.9066714055e+10	2.8834429104e+03	3.2519976656e+08	1.3798083169e+05	5.0504905615e+10	1.4406633256e+02	5.1308805362e+07
1690	6.8575553839e+04	1.9077579817e+10	2.9420585667e+03	3.2645852463e+08	1.3798334041e+05	5.0486957439e+10	1.4404318960e+02	5.1314109982e+07
1691	6.9579184107e+04	1.9112234986e+10	3.2264166609e+03	3.3160144810e+08	1.3798501632e+05	5.0468800396e+10	1.4401754543e+02	5.1319892562e+07
1692	6.8294880831e+04	1.9054205934e+10	2.9339482394e+03	3.2747286532e+08	1.3798698531e+05	5.0450761540e+10	1.4399305670e+02	5.1324927346e+07
1693	6.8483103291e+04	1.9062032522e+10	2.9847127388e+03	3.2915730140e+08	1.3798925353e+05	5.0432820039e+10	1.4397077555e+02	5.1330040420e+07
1694	6.8632252228e+04	1.9066156715e+10	3.0534523928e+03	3.3153950241e+08	1.3799214174e+05	5.0415054734e+10	1.4394972959e+02	5.1335346987e+07
1695	6.9134073761e+04	1.9088662364e+10	3.1880857375e+03	3.3573544489e+08	1.3799434820e+05	5.0397114362e+10	1.4392624102e+02	5.1340607960e+07
1696	6.8921156080e+04	1.9084855091e+10	3.2838415616e+03	3.4156722299e+08	1.3799646881e+05	5.0379178793e+10	1.4390097303e+02	5.1345559896e+07
1697	6.9972964080e+04	1.9136973162e+10	3.7431246330e+03	3.6118709178e+08	1.3799846825e+05	5.0361225804e+10	1.4387782206e+02	5.1351120120e+07
1698	7.1039306448e+04	1.9207241110e+10	4.6172885386e+03	4.0235993098e+08	1.3800146327e+05	5.0343588527e+10	1.4385928893e+02	5.1356091204e+07
1699	6.7711330554e+04	1.8976971569e+10	2.8139977549e+03	3.1996161941e+08	1.3800379928e+05	5.0325783490e+10	1.4383605295e+02	5.1361367405e+07
1700	6.8113650101e+04	1.8982614937e+10	2.8405051415e+03	3.2033321067e+08	1.3800599205e+05	5.0307950305e+10	1.4381220693e+02	5.1366436383e+07
1701	6.8097498641e+04	1.8986468717e+10	2.8628832453e+03	3.2087759985e+08	1.3800853284e+05	5.0290254328e+10	1.4378983873e+02	5.1371889528e+07
1702	6.8396171939e+04	1.8996181638e+10	2.9095153934e+03	3.2193118948e+08	1.3801097986e+05	5.0272566416e+10	1.4376810793e+02	5.1377717707e+07
1703	6.8174927878e+04	1.8978240861e+10	2.8675007346e+03	3.2145721686e+08	1.3801363743e+05	5.0254968304e+10	1.4374627288e+02	5.1383136987e+07
1704	6.8523343187e+04	1.8984504660e+10	2.9145416554e+03	3.2244672317e+08	1.3801617730e+05	5.0237306588e+10	1.4372460069e+02	5.1388201764e+07
1705	6.8493677580e+04	1.8982134942e+10	2.9745872652e+03	3.2359312116e+08	1.3801899071e+05	5.0219789521e+10	1.4370206005e+02	5.1393326699e+07
1706	6.7874124430e+04	1.8951035012e+10	2.8967541097e+03	3.2254200015e+08	1.3802176553e+05	5.0202248886e+10	1.4368277277e+02	5.1398560221e+07
1707	6.8096061050e+04	1.8953513162e+10	2.9258034329e+03	3.2339158731e+08	1.3802405027e+05	5.0184597561e+10	1.4366121314e+02	5.1404320204e+07
1708	6.8734266529e+04	1.8968080306e+10	2.9995652077e+03	3.2489476149e+08	1.3802632703e+05	5.0166981578e+10	1.4363834285e+02	5.1410119645e+07
1709	6.8290035333e+04	1.8945690117e+10	2.9662571829e+03	3.2434854909e+08	1.3802890998e+05	5.0149477902e+10	1.4361592670e+02	5.1415536009e+07
1710	6.7899075932e+04	1.8936953966e+10	2.9859256267e+03	3.2541606931e+08	1.3803232090e+05	5.0132208515e+10	1.4359743898e+02	5.1420984437e+07
1711	6.8347550292e+04	1.8945341536e+10	3.0377253454e+03	3.2683241976e+08	1.3803546433e+05	5.0114917801e+10	1.4357793684e+02	5.1426511230e+07
1712	6.8526280894e+04	1.8951731384e+10	3.0867242437e+03	3.2867114901e+08	1.3803786836e+05	5.0097412454e+10	1.4355637686e+02	5.1431906354e+07
1713	6.9171752251e+04	1.8968540131e+10	3.1742670514e+03	3.3130435265e+08	1.3804003546e+05	5.0079858895e+10	1.4353256658e+02	5.1437430268e+07
1714	6.9510948587e+04	1.8983987854e+10	3.2910389972e+03	3.3556884912e+08	1.3804313728e+05	5.0062589866e+10	1.4351419406e+02	5.1443153835e+07
1715	7.0406347236e+04	1.9038510998e+10	3.6293045511e+03	3.4758547557e+08	1.3804633441e+05	5.0045382170e+10	1.4349485121e+02	5.1448794886e+07
1716	6.9015935549e+04	1.8965230909e+10	3.4436478338e+03	3.4291456390e+08	1.3804927088e+05	5.0028099617e+10	1.4347571599e+02	5.1453913731e+07
1717	6.9886002751e+04	1.9002582300e+10	3.7507507588e+03	3.5571378625e+08	1.3805191533e+05	5.0010782655e+10	1.4345253550e+02	5.1459809281e+07
1718	7.1234315586e+04	1.9069147970e+10	4.5154015582e+03	3.9096710629e+08	1.3805506599e+05	4.9993623544e+10	1.4343398688e+02	5.1465489606e+07
1719	7.3122838388e+04	1.9194218856e+10	6.3126263729e+03	4.8461611338e+08	1.3805787019e+05	4.9976383966e+10	1.4341474896e+02	5.1471079403e+07
1720	6.7600597132e+04	1.8825844479e+10	2.7910854440e+03	3.1514789780e+08	1.3806073326e+05	4.9959178297e+10	1.4339470555e+02	5.1476922891e+07
1721	6.7690471956e+04	1.8832032267e+10	2.8042157841e+03	3.1544124171e+08	1.3806398234e+05	4.9942105178e+10	1.4337567771e+02	5.1482462821e+07
1722	6.7898879639e+04	1.8831998983e+10	2.8170294478e+03	3.1559116462e+08	1.3806686482e+05	4.9924938529e+10	1.4335540628e+02	5.1488060548e+07
1723	6.8594211296e+04	1.8845530601e+10	2.8709145022e+03	3.1612186531e+08	1.3807011641e+05	4.9907925438e+10	1.4333672083e+02	5.1493987305e+07
1724	6.7995719862e+04	1.8835460515e+10	2.8590504921e+03	3.1647440327e+08	1.3807316685e+05	4.9890851308e+10	1.4331778848e+02	5.1499718962e+07
1725	6.8401060281e+04	1.8846428098e+10	2.9055020247e+03	3.1763164935e+08	1.3807631862e+05	4.9873844456e+10	1.4329815680e+02	5.1505434125e+07
1726	6.8432642886e+04	1.8836477864e+10	2.9108686847e+03	3.1769737621e+08	1.3807920730e+05	4.9856786773e+10	1.4327799182e+02	5.1511312928e+07
1727	6.7743877141e+04	1.8801849116e+10	2.8696351364e+03	3.1629565647e+08	1.3808276170e+05	4.9839905990e+10	1.4326117397e+02	5.1517089538e+07
1728	6.7854341986e+04	1.8798861477e+10	2.8631425114e+03	3.1637535847e+08	1.3808583246e+05	4.9822905605e+10	1.4324267372e+02	5.1522529376e+07
1729	6.8112497842e+04	1.8799914519e+10	2.8938720346e+03	3.1683840207e+08	1.3808879346e+05	4.9805905508e+10	1.4322401675e+02	5.1528305433e+07
1730	6.8375741304e+04	1.8815808273e+10	2.9433805530e+03	3.1800313689e+08	1.3809228823e+05	4.9789093717e+10	1.4320480000e+02	5.1534375501e+07
1731	6.7750675957e+04	1.8788326003e+10	2.9083054697e+03	3.1757095556e+08	1.3809568993e+05	4.9772266838e+10	1.4318657341e+02	5.1540132785e+07
1732	6.8322442450e+04	1.8802949673e+10	2.9617515195e+03	3.1863510113e+08	1.3809881705e+05	4.9755373811e+10	1.4316828049e+02	5.1545778898e+07
1733	6.9058074928e+04	1.8833633332e+10	3.0656222237e+03	3.2102468445e+08	1.3810240814e+05	4.9738634508e+10	1.4315183143e+02	5.1551481540e+07
1734	6.9024047426e+04	1.8826463383e+10	3.2170492127e+03	3.2544678515e+08	1.3810544594e+05	4.9721772237e+10	1.4313225292e+02	5.1557717363e+07
1735	6.9651562134e+04	1.8841760888e+10	3.2662741178e+03	3.2595026963e+08	1.3810863334e+05	4.9704949206e+10	1.4311547298e+02	5.1563599674e+07
1736	6.7574704389e+04	1.8751384889e+10	2.9324003888e+03	3.1804227212e+08	1.3811229701e+05	4.9688310896e+10	1.4309682729e+02	5.1569431409e+07
1737	6.8307658243e+04	1.8775391923e+10	3.0284045720e+03	3.2064104199e+08	1.3811589989e+05	4.9671655230e+10	1.4307927937e+02	5.1575229046e+07
1738	6.9249525073e+04	1.8818129398e+10	3.2849185852e+03	3.2900499826e+08	1.3811943548e+05	4.9655003750e+10	1.4306325414e+02	5.1581214260e+07
1739	6.8011675167e+04	1.8741924117e+10	3.0088504716e+03	3.1899773495e+08	1.3812275596e+05	4.9638298575e+10	1.4304545427e+02	5.1586853482e+07
1740	6.7786524682e+04	1.8716140626e+10	2.9815870149e+03	3.1799745878e+08	1.3812615825e+05	4.9621648136e+10	1.4302721736e+02	5.1592721311e+07
1741	6.7960380294e+04	1.8710626749e+10	2.9806161100e+03	3.1774003231e+08	1.3812942537e+05	4.9604965184e+10	1.4300978287e+02	5.1598775477e+07
1742	6.7028094200e+04	1.8670994765e+10	2.8914990178e+03	3.1597001676e+08	1.3813326697e+05	4.9588483252e+10	1.4299443755e+02	5.1604942632e+07
1743	6.7286891914e+04	1.8672736756e+10	2.9080832844e+03	3.1614608186e+08	1.3813700446e+05	4.9571987309e+10	1.4297707010e+02	5.1610664771e+07
1744	6.7266841849e+04	1.8665916513e+10	2.9134395243e+03	3.1629588065e+08	1.3814071698e+05	4.9555500482e+10	1.4296084148e+02	5.1616382375e+07
1745	6.7477584986e+04	1.8668594088e+10	2.9289295849e+03	3.1652778779e+08	1.3814402782e+05	4.9538892389e+10	1.4294285624e+02	5.1622284817e+07
1746	6.7566907389e+04	1.8672176145e+10	2.9441537602e+03	3.1683604064e+08	1.3814772549e+05	4.9522418329e+10	1.4292749410e+02	5.1628490361e+07
1747	6.7657935787e+04	1.8673966220e+10	2.9576842845e+03	3.1716560497e+08	1.3815149003e+05	4.9506022596e+10	1.4291092302e+02	5.1634725526e+07
1748	6.8183083789e+04	1.8684927189e+10	3.0102598340e+03	3.1806495638e+08	1.3815526645e+05	4.9489650534e+10	1.4289429013e+02	5.1640923450e+07
1749	6.7665932438e+04	1.8662417987e+10	2.9955143416e+03	3.1752635078e+08	1.3815910029e+05	4.9473263654e+10	1.4287844858e+02	5.1646760583e+07
1750	6.7425363836e+04	1.8652556647e+10	2.9700975900e+03	3.1752097101e+08	1.3816268591e+05	4.9456833594e+10	1.4286209850e+02	5.1652624253e+07
1751	6.7507895806e+04	1.8650034149e+10	2.9791335902e+03	3.1775435093e+08	1.3816672319e+05	4.9440555739e+10	1.4284798499e+02	5.1658386211e+07
1752	6.7735233277e+04	1.8653002397e+10	3.0030148427e+03	3.1814292007e+08	1.3817052488e+05	4.9424255772e+10	1.4283157675e+02	5.1664606778e+07
1753	6.7426733942e+04	1.8637445414e+10	3.0014873576e+03	3.1830740315e+08	1.3817398029e+05	4.9407898668e+10	1.4281383642e+02	5.1671246283e+07
1754	6.7530529583e+04	1.8634439749e+10	3.0164937098e+03	3.1867169307e+08	1.3817808742e+05	4.9391696493e+10	1.4279978793e+02	5.1677398848e+07
1755	6.7730859278e+04	1.8639629471e+10	3.0409186448e+03	3.1914751875e+08	1.3818220261e+05	4.9375528426e+10	1.4278471912e+02	5.1683382920e+07
1756	6.8601815112e+04	1.8654999698e+10	3.1086617474e+03	3.1991918139e+08	1.3818615779e+05	4.9359338061e+10	1.4276839133e+02	5.1689494631e+07
1757	6.7820961399e+04	1.8644532429e+10	3.0937564978e+03	3.2058942452e+08	1.3819006715e+05	4.9343135510e+10	1.4275338624e+02	5.1695465622e+07
1758	6.7845461213e+04	1.8640019147e+10	3.1294120428e+03	3.2151915590e+08	1.3819416497e+05	4.9326997434e+10	1.4274081359e+02	5.1701318208e+07
1759	6.8064221860e+04	1.8650131713e+10	3.2107657512e+03	3.2369543640e+08	1.3819767774e+05	4.9310752317e+10	1.4272338226e+02	5.1707945623e+07
1760	6.8882100526e+04	1.8681470960e+10	3.4430641590e+03	3.3067328731e+08	1.3820188665e+05	4.9294685844e+10	1.4270864374e+02	5.1713982663e+07
1761	6.8557768333e+04	1.8670110350e+10	3.4732786155e+03	3.3194591275e+08	1.3820611132e+05	4.9278652450e+10	1.4269359385e+02	5.1720148025e+07
1762	6.7086330150e+04	1.8572468006e+10	3.0524463718e+03	3.1922078072e+08	1.3821040963e+05	4.9262631564e+10	1.4267995605e+02	5.1725823006e+07
1763	6.6923064354e+04	1.8568777515e+10	3.0492397738e+03	3.1947402472e+08	1.3821431861e+05	4.9246535015e+10	1.4266540907e+02	5.1731842248e+07
1764	6.7369705905e+04	1.8576233371e+10	3.0815822405e+03	3.1996400768e+08	1.3821846104e+05	4.9230528792e+10	1.4265133885e+02	5.1738093499e+07
1765	6.6980633170e+04	1.8563894626e+10	3.0755832474e+03	3.2009222471e+08	1.3822221245e+05	4.9214458657e+10	1.4263597785e+02	5.1744916676e+07
1766	6.7146267293e+04	1.8564977584e+10	3.0908450574e+03	3.2048001165e+08	1.3822665641e+05	4.9198587525e+10	1.4262125763e+02	5.1750892533e+07
1767	6.7706953961e+04	1.8574864895e+10	3.1539766860e+03	3.2117607281e+08	1.3823114777e+05	4.9182715805e+10	1.4260813316e+02	5.1756885062e+07
1768	6.7190605085e+04	1.8561611820e+10	3.1178468578e+03	3.2131209390e+08	1.3823545046e+05	4.9166784101e+10	1.4259501440e+02	5.1762676420e+07
1769	6.7684883752e+04	1.8571697735e+10	3.1650760168e+03	3.2212319942e+08	1.3823935888e+05	4.9150815238e+10	1.4257925921e+02	5.1769002573e+07
1770	6.8233445467e+04	1.8584772401e+10	3.2624379110e+03	3.2403574905e+08	1.3824369131e+05	4.9134980867e+10	1.4256581331e+02	5.1775356881e+07
1771	6.7487900890e+04	1.8547324690e+10	3.1457540264e+03	3.2187379434e+08	1.3824803360e+05	4.9119166149e+10	1.4255219948e+02	5.1781710766e+07
1772	6.7375962286e+04	1.8546036166e+10	3.1569677120e+03	3.2238494948e+08	1.3825224064e+05	4.9103305986e+10	1.4253808656e+02	5.1787794492e+07
1773	6.7717827571e+04	1.8554188036e+10	3.1987439184e+03	3.2320304892e+08	1.3825669967e+05	4.9087527385e+10	1.4252508008e+02	5.1793788528e+07
1774	6.7576374584e+04	1.8536489125e+10	3.1817332957e+03	3.2301518294e+08	1.3826135717e+05	4.9071812581e+10	1.4251331419e+02	5.1799956517e+07
1775	6.7585977226e+04	1.8539731837e+10	3.1969791957e+03	3.2354063148e+08	1.3826560872e+05	4.9056038814e+10	1.4249817531e+02	5.1806185951e+07
1776	6.7734212773e+04	1.8540039145e+10	3.2148100855e+03	3.2408229313e+08	1.3826996505e+05	4.9040316252e+10	1.4248479105e+02	5.1812580517e+07
1777	6.7517952544e+04	1.8533642443e+10	3.2187056708e+03	3.2454441723e+08	1.3827443779e+05	4.9024635956e+10	1.4247254437e+02	5.1819099842e+07
1778	6.7874219017e+04	1.8539462755e+10	3.2464070769e+03	3.2526408317e+08	1.3827896740e+05	4.9008948154e+10	1.4245927749e+02	5.1825026644e+07
1779	6.8229257422e+04	1.8546552533e+10	3.2808298932e+03	3.2623781591e+08	1.3828351217e+05	4.8993294114e+10	1.4244622634e+02	5.1831241331e+07
1780	6.9136361057e+04	1.8572205122e+10	3.4317650907e+03	3.2965701867e+08	1.3828798458e+05	4.8977625604e+10	1.4243391866e+02	5.1837560473e+07
1781	6.8318292369e+04	1.8539070501e+10	3.2830594876e+03	3.2578364092e+08	1.3829261332e+05	4.8962043396e+10	1.4242197802e+02	5.1843795201e+07
1782	6.8573937147e+04	1.8546992133e+10	3.3148839078e+03	3.2670309537e+08	1.3829720974e+05	4.8946476966e+10	1.4240893988e+02	5.1850168526e+07
1783	6.8548047786e+04	1.8552360195e+10	3.3410993012e+03	3.2783106618e+08	1.3830186218e+05	4.8930964449e+10	1.4239579010e+02	5.1856772262e+07
1784	6.8861737816e+04	1.8552248113e+10	3.4039991203e+03	3.2910311490e+08	1.3830653862e+05	4.8915420038e+10	1.4238394574e+02	5.1862709968e+07
1785	6.7937410552e+04	1.8511688363e+10	3.3414356592e+03	3.2810394840e+08	1.3831123786e+05	4.8899885173e+10	1.4237075101e+02	5.1868766868e+07
1786	6.7495949566e+04	1.8481006071e+10	3.3223136669e+03	3.2778630783e+08	1.3831585190e+05	4.8884359490e+10	1.4235871449e+02	5.1875266140e+07
1787	6.7803920696e+04	1.8483366236e+10	3.3453025971e+03	3.2840000627e+08	1.3832058920e+05	4.8868884910e+10	1.4234902226e+02	5.1881601394e+07
1788	6.8110993248e+04	1.8486766391e+10	3.3684204169e+03	3.2905261627e+08	1.3832515100e+05	4.8853418303e+10	1.4233529468e+02	5.1888069159e+07
1789	6.8632553797e+04	1.8496421184e+10	3.4103280487e+03	3.2984407611e+08	1.3833010923e+05	4.8838058277e+10	1.4232338101e+02	5.1894687691e+07
1790	6.8600937822e+04	1.8496876790e+10	3.4561451859e+03	3.3088821066e+08	1.3833512348e+05	4.8822710901e+10	1.4231157165e+02	5.1900567659e+07
1791	6.7955461455e+04	1.8470481782e+10	3.4181111924e+03	3.3099745483e+08	1.3833992542e+05	4.8807300251e+10	1.4229911405e+02	5.1906819275e+07
1792	6.7936867368e+04	1.8471945957e+10	3.4309530042e+03	3.3173711955e+08	1.3834476291e+05	4.8791919797e+10	1.4228771730e+02	5.1913426911e+07
1793	6.8079766320e+04	1.8476729534e+10	3.4554805905e+03	3.3257918452e+08	1.3834956684e+05	4.8776546209e+10	1.4227734859e+02	5.1919832157e+07
1794	6.8270990045e+04	1.8476465070e+10	3.4760660985e+03	3.3332859231e+08	1.3835455744e+05	4.8761245016e+10	1.4226693324e+02	5.1926213940e+07
1795	6.8417298464e+04	1.8472597144e+10	3.4985510945e+03	3.3411021627e+08	1.3835937817e+05	4.8745928757e+10	1.4225422396e+02	5.1932675472e+07
1796	6.8926442621e+04	1.8479478531e+10	3.5344973829e+03	3.3502689503e+08	1.3836439879e+05	4.8730641884e+10	1.4224285862e+02	5.1938539183e+07
1797	6.9412129516e+04	1.8489949390e+10	3.5762061072e+03	3.3610114649e+08	1.3836956532e+05	4.8715418741e+10	1.4223153371e+02	5.1944620568e+07
1798	6.9081607189e+04	1.8479462169e+10	3.5830912473e+03	3.3700075525e+08	1.3837476981e+05	4.8700227828e+10	1.4222124680e+02	5.1951229534e+07
1799	6.9649248240e+04	1.8487296002e+10	3.6303458172e+03	3.3816374910e+08	1.3837974188e+05	4.8684985656e+10	1.4221087015e+02	5.1957810806e+07
1800	6.9072042881e+04	1.8474983798e+10	3.6344086981e+03	3.3889124431e+08	1.3838467406e+05	4.8669762753e+10	1.4219844339e+02	5.1964365560e+07
1801	6.9140837244e+04	1.8481518303e+10	3.6637185552e+03	3.4017516826e+08	1.3838981208e+05	4.8654586119e+10	1.4218802510e+02	5.1970611997e+07
1802	6.9570749811e+04	1.8495470188e+10	3.7161041195e+03	3.4179916692e+08	1.3839517516e+05	4.8639458063e+10	1.4217854535e+02	5.1976406201e+07
1803	7.0582251658e+04	1.8537254863e+10	3.8734129556e+03	3.4601440705e+08	1.3840025431e+05	4.8624283103e+10	1.4216724196e+02	5.1982628987e+07
1804	6.9344792024e+04	1.8479926255e+10	3.7656548384e+03	3.4423508802e+08	1.3840577104e+05	4.8609255581e+10	1.4215848547e+02	5.1989174918e+07
1805	6.8873230690e+04	1.8457415415e+10	3.7822570926e+03	3.4539702531e+08	1.3841092019e+05	4.8594140912e+10	1.4214760762e+02	5.1995852119e+07
1806	6.8951389889e+04	1.8458754543e+10	3.8162847699e+03	3.4686051900e+08	1.3841580324e+05	4.8578948613e+10	1.4213502609e+02	5.2002455398e+07
1807	6.8486346160e+04	1.8426217470e+10	3.7891603123e+03	3.4596199209e+08	1.3842113726e+05	4.8563904474e+10	1.4212509415e+02	5.2008701071e+07
1808	6.8478902219e+04	1.8427010986e+10	3.8158645275e+03	3.4735846327e+08	1.3842708404e+05	4.8548979609e+10	1.4211839720e+02	5.2014433835e+07
1809	6.8818714409e+04	1.8431944393e+10	3.8554194126e+03	3.4886045338e+08	1.3843259444e+05	4.8533995565e+10	1.4210795547e+02	5.2020848433e+07
1810	6.9148094456e+04	1.8434746034e+10	3.8965026594e+03	3.5041509410e+08	1.3843781456e+05	4.8518944183e+10	1.4209803617e+02	5.2027423598e+07
1811	6.9358144690e+04	1.8437457981e+10	3.9413977384e+03	3.5209627644e+08	1.3844302450e+05	4.8503914973e+10	1.4208600772e+02	5.2034076319e+07
1812	6.9098748815e+04	1.8435550391e+10	3.9650804944e+03	3.5380801632e+08	1.3844832629e+05	4.8488890550e+10	1.4207646665e+02	5.2040729264e+07
1813	6.9370681079e+04	1.8440187177e+10	4.0136323180e+03	3.5568850915e+08	1.3845410903e+05	4.8473989019e+10	1.4206839393e+02	5.2046821573e+07
1814	6.9272628062e+04	1.8436871834e+10	4.0474147018e+03	3.5758151590e+08	1.3846026777e+05	4.8459199105e+10	1.4206093262e+02	5.2052842482e+07
1815	6.9476587925e+04	1.8441978785e+10	4.0956960985e+03	3.5971338609e+08	1.3846580464e+05	4.8444264086e+10	1.4205157891e+02	5.2059453821e+07
1816	6.9856215174e+04	1.8450737522e+10	4.1512499557e+03	3.6204308729e+08	1.3847101594e+05	4.8429270337e+10	1.4204041398e+02	5.2066205479e+07
1817	7.0336172452e+04	1.8462312968e+10	4.2166278963e+03	3.6466372954e+08	1.3847681374e+05	4.8414437415e+10	1.4203064556e+02	5.2072823641e+07
1818	7.0902149228e+04	1.8471820739e+10	4.3047611396e+03	3.6781971197e+08	1.3848237132e+05	4.8399529503e+10	1.4202202822e+02	5.2079280026e+07
1819	7.1692249650e+04	1.8521499319e+10	4.6019075405e+03	3.7745036592e+08	1.3848858032e+05	4.8384805467e+10	1.4201495634e+02	5.2085651501e+07
1820	7.0422941727e+04	1.8453455467e+10	4.3494706707e+03	3.7159699330e+08	1.3849476638e+05	4.8370062779e+10	1.4200778902e+02	5.2091973845e+07
1821	7.0662846862e+04	1.8458046030e+10	4.4135422327e+03	3.7465008887e+08	1.3850033775e+05	4.8355150933e+10	1.4199803989e+02	5.2098520374e+07
1822	7.1089378725e+04	1.8475555807e+10	4.4999332029e+03	3.7843143517e+08	1.3850599477e+05	4.8340304562e+10	1.4198842210e+02	5.2105441557e+07
1823	7.0943670470e+04	1.8472566922e+10	4.5849112100e+03	3.8228993513e+08	1.3851199950e+05	4.8325534660e+10	1.4198043332e+02	5.2111833748e+07
1824	7.0509461591e+04	1.8444834358e+10	4.6046332557e+03	3.8471185178e+08	1.3851822549e+05	4.8310842631e+10	1.4197331382e+02	5.2118172005e+07
1825	7.0578477849e+04	1.8440732971e+10	4.6766920352e+03	3.8857384901e+08	1.3852473759e+05	4.8296214754e+10	1.4196670778e+02	5.2124440490e+07
1826	7.0870149689e+04	1.8448337985e+10	4.7646985049e+03	3.9301241121e+08	1.3853065676e+05	4.8281406800e+10	1.4195848722e+02	5.2130686849e+07
1827	7.1597829318e+04	1.8467229886e+10	4.8736951046e+03	3.9797495716e+08	1.3853662262e+05	4.8266667775e+10	1.4194908174e+02	5.2137522811e+07
1828	7.1841996186e+04	1.8479448694e+10	4.9958348301e+03	4.0370286318e+08	1.3854272571e+05	4.8251917441e+10	1.4194211713e+02	5.2144119884e+07
1829	7.1333030070e+04	1.8461698962e+10	5.0710722736e+03	4.0897178446e+08	1.3854923280e+05	4.8237288265e+10	1.4193659533e+02	5.2150633715e+07
1830	7.1733994108e+04	1.8475844590e+10	5.2056502550e+03	4.1572500467e+08	1.3855562982e+05	4.8222673295e+10	1.4192882264e+02	5.2157324649e+07
1831	7.1966624368e+04	1.8478274242e+10	5.3284994086e+03	4.2273049513e+08	1.3856219784e+05	4.8208047007e+10	1.4192196675e+02	5.2163307639e+07
1832	7.1812226119e+04	1.8475064193e+10	5.4666399136e+03	4.3080671004e+08	1.3856866822e+05	4.8193430385e+10	1.4191465449e+02	5.2169838960e+07
1833	7.2108830473e+04	1.8486899050e+10	5.6376623528e+03	4.4016558034e+08	1.3857494957e+05	4.8178756708e+10	1.4190809108e+02	5.2176688632e+07
1834	7.2416850757e+04	1.8504698592e+10	5.8288932934e+03	4.5095359879e+08	1.3858129687e+05	4.8164089980e+10	1.4190125294e+02	5.2183660523e+07
1835	7.3154305071e+04	1.8530777126e+10	6.0605451275e+03	4.6359822745e+08	1.3858849533e+05	4.8149689010e+10	1.4189626884e+02	5.2190317599e+07
1836	7.4430049571e+04	1.8574103342e+10	6.3594874841e+03	4.7891387864e+08	1.3859523057e+05	4.8135113839e+10	1.4188972613e+02	5.2196882603e+07
1837	7.4676591883e+04	1.8597641426e+10	6.6683024676e+03	4.9692075830e+08	1.3860198613e+05	4.8120542032e+10	1.4188218690e+02	5.2203026066e+07
1838	7.4786577427e+04	1.8603716220e+10	7.0101693679e+03	5.1811708106e+08	1.3860872684e+05	4.8105946540e+10	1.4187774316e+02	5.2209458046e+07
1839	7.5133908858e+04	1.8614889497e+10	7.4524686399e+03	5.4499362868e+08	1.3861575469e+05	4.8091441564e+10	1.4187362406e+02	5.2215991806e+07
1840	7.4859431680e+04	1.8623938987e+10	8.0034554982e+03	5.7995040092e+08	1.3862230695e+05	4.8076808103e+10	1.4186685278e+02	5.2223172849e+07
1841	7.5803473603e+04	1.8677346527e+10	8.8072423951e+03	6.2933963546e+08	1.3862933983e+05	4.8062306746e+10	1.4186170888e+02	5.2229769640e+07
1842	7.7603041194e+04	1.8767781388e+10	1.0000217153e+04	7.0330662477e+08	1.3863680046e+05	4.8047899475e+10	1.4185631547e+02	5.2236005521e+07
1843	8.0015082440e+04	1.8913093696e+10	1.2018234339e+04	8.3046595220e+08	1.3864427565e+05	4.8033488298e+10	1.4185190794e+02	5.2242486095e+07
1844	8.4442014926e+04	1.9209867742e+10	1.6649780888e+04	1.1298468532e+09	1.3865143159e+05	4.8018994712e+10	1.4184853827e+02	5.2249081211e+07
1845	9.3295197197e+04	1.9800201409e+10	2.5622666060e+04	1.7156844551e+09	1.3865875424e+05	4.8004539091e+10	1.4184425011e+02	5.2255920835e+07
1846	6.7872587203e+04	1.8125590116e+10	2.9587820406e+03	2.8768497136e+08	1.3866548310e+05	4.7989934430e+10	1.4183841265e+02	5.2263125727e+07
1847	6.8204512226e+04	1.8132946912e+10	2.9991407730e+03	2.8849651296e+08	1.3867305556e+05	4.7975563718e+10	1.4183405204e+02	5.2269955983e+07
1848	6.8275816502e+04	1.8137737416e+10	3.0292953699e+03	2.8942617288e+08	1.3868092120e+05	4.7961234184e+10	1.4183094666e+02	5.2276348466e+07
1849	6.8841385285e+04	1.8151268780e+10	3.0910784998e+03	2.9055530294e+08	1.3868890114e+05	4.7946912068e+10	1.4182856309e+02	5.2283117430e+07
1850	6.8280702968e+04	1.8141104867e+10	3.0995862093e+03	2.9176901316e+08	1.3869678495e+05	4.7932580385e+10	1.4182612444e+02	5.2289625486e+07
1851	6.9054323435e+04	1.8170835760e+10	3.2599533981e+03	2.9561433147e+08	1.3870405709e+05	4.7918070334e+10	1.4182172969e+02	5.2296765536e+07
1852	6.8470311715e+04	1.8139774914e+10	3.1635356985e+03	2.9371338971e+08	1.3871163186e+05	4.7903641761e+10	1.4181812557e+02	5.2303695623e+07
1853	6.9225518288e+04	1.8165597963e+10	3.2932734707e+03	2.9651840307e+08	1.3871961777e+05	4.7889308095e+10	1.4181591754e+02	5.2310567959e+07
1854	6.8983858771e+04	1.8155033943e+10	3.3323752098e+03	2.9858825687e+08	1.3872809115e+05	4.7875049468e+10	1.4181524218e+02	5.2317009372e+07
1855	6.9443613172e+04	1.8176583496e+10	3.5222532448e+03	3.0445491197e+08	1.3873627220e+05	4.7860722112e+10	1.4181362618e+02	5.2323691773e+07
1856	7.1769094801e+04	1.8287386410e+10	4.8574524263e+03	3.4943588732e+08	1.3874427505e+05	4.7846339674e+10	1.4181238318e+02	5.2330358519e+07
1857	6.8468726469e+04	1.8118930243e+10	3.2823016684e+03	2.9639677251e+08	1.3875249502e+05	4.7832019263e+10	1.4180965241e+02	5.2337139840e+07
1858	6.9989666199e+04	1.8171916847e+10	3.6350532556e+03	3.0390693445e+08	1.3876069004e+05	4.7817695335e+10	1.4180707685e+02	5.2344235348e+07
1859	6.8431981489e+04	1.8109424122e+10	3.3925552590e+03	2.9959775259e+08	1.3876937067e+05	4.7803446411e+10	1.4180863282e+02	5.2350891796e+07
1860	6.7466641897e+04	1.8058007564e+10	3.2464745519e+03	2.9730330621e+08	1.3877807254e+05	4.7789207777e+10	1.4180857399e+02	5.2357373523e+07
1861	6.7668465463e+04	1.8065872493e+10	3.3098623815e+03	2.9937410805e+08	1.3878658693e+05	4.7774898734e+10	1.4180892792e+02	5.2364169672e+07
1862	6.8070926479e+04	1.8077006591e+10	3.3892176468e+03	3.0201796189e+08	1.3879516084e+05	4.7760623820e+10	1.4180765052e+02	5.2371175245e+07
1863	6.8359289272e+04	1.8089541739e+10	3.4936306570e+03	3.0580562821e+08	1.3880381299e+05	4.7746356163e+10	1.4180705380e+02	5.2377998590e+07
1864	6.9496185958e+04	1.8125098549e+10	3.7185310279e+03	3.1270399519e+08	1.3881288466e+05	4.7732189747e+10	1.4180809636e+02	5.2384958798e+07
1865	7.0472381493e+04	1.8185923395e+10	4.2373508064e+03	3.3117047764e+08	1.3882189619e+05	4.7717961086e+10	1.4181033956e+02	5.2391735514e+07
1866	7.0111214587e+04	1.8178779299e+10	4.8711688486e+03	3.5726091002e+08	1.3883092176e+05	4.7703705969e+10	1.4181279240e+02	5.2398186510e+07
1867	6.6573327145e+04	1.7981177492e+10	3.2608577956e+03	2.9862297470e+08	1.3884011805e+05	4.7689515399e+10	1.4181470404e+02	5.2405180962e+07
1868	6.6644012920e+04	1.7983008820e+10	3.2983216171e+03	3.0008202308e+08	1.3884923898e+05	4.7675312128e+10	1.4181513184e+02	5.2412473022e+07
1869	6.6948764381e+04	1.7987805241e+10	3.3467396179e+03	3.0171874540e+08	1.3885832076e+05	4.7661087899e+10	1.4181558183e+02	5.2419753409e+07
1870	6.7485366142e+04	1.7998759739e+10	3.4224844775e+03	3.0366890619e+08	1.3886796227e+05	4.7646985108e+10	1.4181840841e+02	5.2426635121e+07
1871	6.7490421671e+04	1.7995271626e+10	3.4451801515e+03	3.0533601858e+08	1.3887774558e+05	4.7632868752e+10	1.4182303899e+02	5.2433433359e+07
1872	6.7982905910e+04	1.8003030520e+10	3.5178035957e+03	3.0752270620e+08	1.3888772170e+05	4.7618784114e+10	1.4182936734e+02	5.2440155640e+07
1873	6.8272263656e+04	1.8009536902e+10	3.5928956571e+03	3.0996286426e+08	1.3889694146e+05	4.7604505294e+10	1.4183095118e+02	5.2447240832e+07
1874	6.8728670776e+04	1.8026152947e+10	3.7044990630e+03	3.1300225195e+08	1.3890640921e+05	4.7590326214e+10	1.4183241594e+02	5.2454895058e+07
1875	6.9183645326e+04	1.8038176160e+10	3.8761574970e+03	3.1691118488e+08	1.3891623501e+05	4.7576190234e+10	1.4183536390e+02	5.2461815030e+07
1876	6.7665480719e+04	1.7985122927e+10	3.7207486626e+03	3.1718708147e+08	1.3892669617e+05	4.7562200284e+10	1.4184141154e+02	5.2468443189e+07
1877	6.7771730521e+04	1.7986877613e+10	3.7979116431e+03	3.2047302308e+08	1.3893705472e+05	4.7548132317e+10	1.4184873887e+02	5.2475330028e+07
1878	6.7879066544e+04	1.7992714826e+10	3.8786145205e+03	3.2421004009e+08	1.3894726015e+05	4.7534031607e+10	1.4185423933e+02	5.2482187171e+07
1879	6.8467430280e+04	1.8005456745e+10	3.9987098746e+03	3.2863453914e+08	1.3895711809e+05	4.7519818179e+10	1.4185749346e+02	5.2489449886e+07
1880	6.8717399299e+04	1.8021493112e+10	4.1430115226e+03	3.3419063017e+08	1.3896714642e+05	4.7505636677e+10	1.4186253436e+02	5.2496937034e+07
1881	6.8980925891e+04	1.8033099950e+10	4.3325420920e+03	3.4106515328e+08	1.3897804124e+05	4.7491669617e+10	1.4187102323e+02	5.2504197841e+07
1882	6.7845649524e+04	1.7990813949e+10	4.2803676230e+03	3.4365779894e+08	1.3898918578e+05	4.7477756872e+10	1.4187862745e+02	5.2511209156e+07
1883	6.8620045585e+04	1.8009634437e+10	4.4544202752e+03	3.5097026358e+08	1.3899968298e+05	4.7463614192e+10	1.4188469830e+02	5.2518389008e+07
1884	6.8451606969e+04	1.8013395841e+10	4.6092206183e+03	3.5938159013e+08	1.3901060252e+05	4.7449555684e+10	1.4189300692e+02	5.2525363213e+07
1885	6.8318623122e+04	1.8013602816e+10	4.8038232941e+03	3.6952073769e+08	1.3902164703e+05	4.7435513214e+10	1.4190201104e+02	5.2532235589e+07
1886	6.8813691434e+04	1.8031613200e+10	5.0572157166e+03	3.8219871031e+08	1.3903262925e+05	4.7421457203e+10	1.4191064028e+02	5.2539546663e+07
1887	6.9498272338e+04	1.8055868156e+10	5.3769495134e+03	3.9836512348e+08	1.3904371453e+05	4.7407410339e+10	1.4191919292e+02	5.2546937531e+07
1888	7.0184013891e+04	1.8085627089e+10	5.7824491299e+03	4.1953634092e+08	1.3905509553e+05	4.7393406429e+10	1.4192751043e+02	5.2554260884e+07
1889	7.0888860474e+04	1.8125792328e+10	6.3300181380e+03	4.4895004506e+08	1.3906676983e+05	4.7379447422e+10	1.4193905869e+02	5.2561510634e+07
1890	7.2830386874e+04	1.8210643015e+10	7.1858941507e+03	4.9401006280e+08	1.3907838026e+05	4.7365451021e+10	1.4195080360e+02	5.2568570858e+07
1891	7.2909629794e+04	1.8238093060e+10	8.4133431271e+03	5.6597898671e+08	1.3908993112e+05	4.7351454449e+10	1.4196126892e+02	5.2575637897e+07
1892	7.5892506959e+04	1.8413195663e+10	1.1211714476e+04	7.2923882020e+08	1.3910160505e+05	4.7337468677e+10	1.4197166294e+02	5.2583079174e+07
1893	8.5557113666e+04	1.9021292606e+10	2.1019676565e+04	1.3213774664e+09	1.3911313744e+05	4.7323406037e+10	1.4198152335e+02	5.2590358585e+07
1894	6.5190810890e+04	1.7743584601e+10	2.3788631290e+03	2.5047633111e+08	1.3912530775e+05	4.7309502954e+10	1.4199484447e+02	5.2597620474e+07
1895	6.4926125057e+04	1.7727463820e+10	2.3323046598e+03	2.4991247535e+08	1.3913773537e+05	4.7295625352e+10	1.4200929014e+02	5.2604732027e+07
1896	6.5308153968e+04	1.7732492512e+10	2.3683644736e+03	2.5019072999e+08	1.3914967568e+05	4.7281642802e+10	1.4202068658e+02	5.2612360953e+07
1897	6.5088493828e+04	1.7728588118e+10	2.3746344861e+03	2.5050112412e+08	1.3916201051e+05	4.7267722495e+10	1.4203444934e+02	5.2619731370e+07
1898	6.5454840067e+04	1.7738885237e+10	2.4369587439e+03	2.5138599264e+08	1.3917426425e+05	4.7253763660e+10	1.4204844456e+02	5.2627191758e+07
1899	6.5997490530e+04	1.7758457105e+10	2.6062698719e+03	2.5413594414e+08	1.3918674018e+05	4.7239837331e+10	1.4206170951e+02	5.2634643434e+07
1900	6.6552401459e+04	1.7771893849e+10	2.9555845812e+03	2.5913605498e+08	1.3919922906e+05	4.7225840202e+10	1.4207759359e+02	5.2641975558e+07
1901	6.4404321153e+04	1.7677841095e+10	2.2846520015e+03	2.4894886132e+08	1.3921256914e+05	4.7212067299e+10	1.4209452903e+02	5.2648980653e+07
1902	6.4808469140e+04	1.7678825944e+10	2.3136158545e+03	2.4899816911e+08	1.3922527863e+05	4.7198147644e+10	1.4211007608e+02	5.2656749233e+07
1903	6.4561885207e+04	1.7677744900e+10	2.3044019655e+03	2.4905865103e+08	1.3923774684e+05	4.7184148517e+10	1.4212375305e+02	5.2664654456e+07
1904	6.4776319937e+04	1.7678421040e+10	2.3183023092e+03	2.4911379505e+08	1.3925109824e+05	4.7170362283e+10	1.4214098425e+02	5.2672192374e+07
1905	6.4908075676e+04	1.7676764108e+10	2.3340910591e+03	2.4919251267e+08	1.3926445165e+05	4.7156549553e+10	1.4215835276e+02	5.2679692819e+07
1906	6.4969070860e+04	1.7672746644e+10	2.3439291456e+03	2.4925168762e+08	1.3927782804e+05	4.7142645533e+10	1.4217733910e+02	5.2686721294e+07
1907	6.5058313357e+04	1.7673305413e+10	2.3518183188e+03	2.4936315806e+08	1.3929135122e+05	4.7128779741e+10	1.4219620962e+02	5.2694081089e+07
1908	6.5409814723e+04	1.7676654023e+10	2.3839741661e+03	2.4953974274e+08	1.3930465804e+05	4.7114868607e+10	1.4221404423e+02	5.2701723044e+07
1909	6.5552425890e+04	1.7679202968e+10	2.4056468996e+03	2.4977122650e+08	1.3931800259e+05	4.7101010643e+10	1.4222993701e+02	5.2709716498e+07
1910	6.5840982957e+04	1.7685469421e+10	2.4484855370e+03	2.5018224486e+08	1.3933177630e+05	4.7087186593e+10	1.4224954286e+02	5.2717250824e+07
1911	6.6389902190e+04	1.7704277642e+10	2.5663147200e+03	2.5172907890e+08	1.3934582020e+05	4.7073431743e+10	1.4227118235e+02	5.2724859287e+07
1912	6.6555429032e+04	1.7701937786e+10	2.6586203750e+03	2.5272559502e+08	1.3936029817e+05	4.7059744430e+10	1.4229273053e+02	5.2732338675e+07
1913	6.7424560469e+04	1.7726487718e+10	2.8888178460e+03	2.5553587239e+08	1.3937406783e+05	4.7045833334e+10	1.4231225876e+02	5.2739816381e+07
1914	6.4913710966e+04	1.7637068245e+10	2.3630210984e+03	2.4910891353e+08	1.3938771511e+05	4.7031897472e+10	1.4233065531e+02	5.2747798095e+07
1915	6.5359148921e+04	1.7644272575e+10	2.3950813009e+03	2.4937340660e+08	1.3940192269e+05	4.7018091352e+10	1.4235148837e+02	5.2755949490e+07
1916	6.5601383308e+04	1.7643022008e+10	2.4099077761e+03	2.4936054961e+08	1.3941689757e+05	4.7004436686e+10	1.4237566161e+02	5.2763357446e+07
1917	6.5523636755e+04	1.7634793279e+10	2.4187098025e+03	2.4942287774e+08	1.3943159708e+05	4.6990723688e+10	1.4239771564e+02	5.2771219621e+07
1918	6.5902042355e+04	1.7644084022e+10	2.4905283019e+03	2.5006407760e+08	1.3944619872e+05	4.6976948480e+10	1.4241946823e+02	5.2778813926e+07
1919	6.5418378629e+04	1.7627954213e+10	2.4396179518e+03	2.4971875569e+08	1.3946080315e+05	4.6963156510e+10	1.4244252264e+02	5.2786355498e+07
1920	6.5472448192e+04	1.7631857862e+10	2.4582605528e+03	2.5011239594e+08	1.3947564708e+05	4.6949453696e+10	1.4246516348e+02	5.2794363447e+07
1921	6.6082745235e+04	1.7647636463e+10	2.5792040473e+03	2.5158610708e+08	1.3949037516e+05	4.6935669485e+10	1.4248887345e+02	5.2802379456e+07
1922	6.6198586247e+04	1.7646088341e+10	2.6774794784e+03	2.5335111393e+08	1.3950559349e+05	4.6922004070e+10	1.4251348167e+02	5.2809899854e+07
1923	6.5200745414e+04	1.7606754121e+10	2.4348520822e+03	2.4962334271e+08	1.3952048328e+05	4.6908258876e+10	1.4253741177e+02	5.2817319981e+07
1924	6.5960445030e+04	1.7620803976e+10	2.4959948674e+03	2.5009713895e+08	1.3953612240e+05	4.6894728078e+10	1.4256400253e+02	5.2824814695e+07
1925	6.5093244962e+04	1.7593281385e+10	2.4514653114e+03	2.4981071496e+08	1.3955127680e+05	4.6881031285e+10	1.4258951098e+02	5.2832732619e+07
1926	6.4891564208e+04	1.7586530002e+10	2.4532518458e+03	2.4991859000e+08	1.3956636013e+05	4.6867309986e+10	1.4261424752e+02	5.2840796518e+07
1927	6.5176915258e+04	1.7587695697e+10	2.4753172175e+03	2.5011907802e+08	1.3958167179e+05	4.6853654530e+10	1.4263967662e+02	5.2848702865e+07
1928	6.5260183222e+04	1.7589160194e+10	2.4856365264e+03	2.5034450282e+08	1.3959694237e+05	4.6840020591e+10	1.4266513317e+02	5.2856692745e+07
1929	6.5522463806e+04	1.7594071958e+10	2.5140126153e+03	2.5067894681e+08	1.3961254439e+05	4.6826454256e+10	1.4269298943e+02	5.2864333498e+07
1930	6.5468809707e+04	1.7588815719e+10	2.5190806633e+03	2.5090073589e+08	1.3962815157e+05	4.6812891109e+10	1.4272056681e+02	5.2872076727e+07
1931	6.5739832934e+04	1.7592471871e+10	2.5434965927e+03	2.5129337195e+08	1.3964359977e+05	4.6799273934e+10	1.4274742318e+02	5.2880030712e+07
1932	6.6086273118e+04	1.7598381519e+10	2.5755704150e+03	2.5184177734e+08	1.3965929609e+05	4.6785694766e+10	1.4277575111e+02	5.2888108597e+07
1933	6.6650379816e+04	1.7610971190e+10	2.6329896588e+03	2.5285406127e+08	1.3967510289e+05	4.6772151001e+10	1.4280472114e+02	5.2895981560e+07
1934	6.7316673604e+04	1.7633342316e+10	2.7818284789e+03	2.5706766908e+08	1.3969070385e+05	4.6758555273e+10	1.4283275784e+02	5.2903828342e+07
1935	6.7181643184e+04	1.7612677441e+10	2.6938588804e+03	2.5307270239e+08	1.3970688158e+05	4.6745064647e+10	1.4286491066e+02	5.2911564701e+07
1936	6.7240394079e+04	1.7610454497e+10	2.8407355772e+03	2.5427644530e+08	1.3972288523e+05	4.6731549549e+10	1.4289554442e+02	5.2919615206e+07
1937	6.6261461581e+04	1.7573466459e+10	2.6372302857e+03	2.5219047174e+08	1.3973887233e+05	4.6718029000e+10	1.4292419592e+02	5.2928009057e+07
1938	6.6562722439e+04	1.7575231940e+10	2.6737070876e+03	2.5273928113e+08	1.3975528102e+05	4.6704590078e+10	1.4295797309e+02	5.2935732950e+07
1939	6.7015637017e+04	1.7577411890e+10	2.7277152201e+03	2.5342667514e+08	1.3977088072e+05	4.6690967051e+10	1.4298773015e+02	5.2943993303e+07
1940	6.6753399629e+04	1.7580717660e+10	2.7610635064e+03	2.5455592620e+08	1.3978692785e+05	4.6677507562e+10	1.4301943824e+02	5.2952323425e+07
1941	6.6894448642e+04	1.7585871788e+10	2.8494397315e+03	2.5653471919e+08	1.3980350346e+05	4.6664183614e+10	1.4305247135e+02	5.2960594066e+07
1942	6.8248726148e+04	1.7640405874e+10	3.4661724205e+03	2.7125354506e+08	1.3981986942e+05	4.6650810496e+10	1.4308482229e+02	5.2968341673e+07
1943	6.6684044557e+04	1.7557177374e+10	2.7693448993e+03	2.5343059344e+08	1.3983557955e+05	4.6637307559e+10	1.4311599561e+02	5.2976579694e+07
1944	6.6387176399e+04	1.7554696503e+10	2.7716294045e+03	2.5411501789e+08	1.3985194783e+05	4.6624001735e+10	1.4315195928e+02	5.2984529907e+07
1945	6.6361486801e+04	1.7551071791e+10	2.8197284786e+03	2.5501996690e+08	1.3986741508e+05	4.6610496446e+10	1.4318304443e+02	5.2993002363e+07
1946	6.7135381119e+04	1.7573061203e+10	2.9567521678e+03	2.5750199196e+08	1.3988322508e+05	4.6597099946e+10	1.4321479339e+02	5.3001159265e+07
1947	6.8782493935e+04	1.7633470965e+10	3.5792245524e+03	2.7215808916e+08	1.3989936643e+05	4.6583897627e+10	1.4324756851e+02	5.3009491958e+07
1948	6.5976627541e+04	1.7510287469e+10	2.8153380572e+03	2.5456043087e+08	1.3991557204e+05	4.6570729420e+10	1.4328084373e+02	5.3017540806e+07
1949	6.5988330094e+04	1.7509779840e+10	2.8585817938e+03	2.5536557177e+08	1.3993118517e+05	4.6557416001e+10	1.4331360829e+02	5.3025781685e+07
1950	6.6519696805e+04	1.7518496671e+10	2.9356828400e+03	2.5649723736e+08	1.3994656942e+05	4.6544090955e+10	1.4334535390e+02	5.3034191404e+07
1951	6.6739720857e+04	1.7523104711e+10	3.0162122430e+03	2.5793324074e+08	1.3996219444e+05	4.6530878110e+10	1.4337794811e+02	5.3042479604e+07
1952	6.6586690750e+04	1.7519582635e+10	3.0863513375e+03	2.5954988171e+08	1.3997763346e+05	4.6517729424e+10	1.4340964768e+02	5.3050955485e+07
1953	6.7056231605e+04	1.7529772463e+10	3.2474725249e+03	2.6255972442e+08	1.3999328643e+05	4.6504665373e+10	1.4344192969e+02	5.3059105165e+07
1954	6.7840607563e+04	1.7550017051e+10	3.5779008265e+03	2.6891972326e+08	1.4000830893e+05	4.6491454734e+10	1.4347305992e+02	5.3067718013e+07
1955	6.9402603482e+04	1.7611923076e+10	4.9159363186e+03	2.9950542298e+08	1.4002398699e+05	4.6478447953e+10	1.4350689134e+02	5.3075918416e+07
1956	6.7518825120e+04	1.7532521354e+10	3.4657051758e+03	2.6693595147e+08	1.4003892115e+05	4.6465346012e+10	1.4353758933e+02	5.3084272149e+07
1957	6.5498192467e+04	1.7449828878e+10	2.7756483318e+03	2.5464087377e+08	1.4005352040e+05	4.6452256401e+10	1.4356768093e+02	5.3092622123e+07
1958	6.5884837821e+04	1.7452681660e+10	2.8117207949e+03	2.5525603894e+08	1.4006808466e+05	4.6439249607e+10	1.4359731392e+02	5.3101008846e+07
1959	6.6401361761e+04	1.7456119313e+10	2.8586154427e+03	2.5594063189e+08	1.4008256851e+05	4.6426324384e+10	1.4362710919e+02	5.3109268083e+07
1960	6.6449181541e+04	1.7463170883e+10	2.8911040198e+03	2.5677895943e+08	1.4009667638e+05	4.6413393738e+10	1.4365713960e+02	5.3117628832e+07
1961	6.6810380758e+04	1.7473207600e+10	2.9557771105e+03	2.5812944133e+08	1.4011039341e+05	4.6400462751e+10	1.4368579188e+02	5.3125864034e+07
1962	6.6343014767e+04	1.7460424047e+10	2.9479477981e+03	2.5826524641e+08	1.4012410811e+05	4.6387625825e+10	1.4371357746e+02	5.3134322409e+07
1963	6.6461767069e+04	1.7449996159e+10	2.9874935922e+03	2.5888711001e+08	1.4013757678e+05	4.6374853207e+10	1.4374072784e+02	5.3142600120e+07
1964	6.6170730263e+04	1.7451121780e+10	2.9999407206e+03	2.5984315219e+08	1.4015061103e+05	4.6362108845e+10	1.4376776099e+02	5.3150703027e+07
1965	6.6239388426e+04	1.7449918938e+10	3.0362807237e+03	2.6087075616e+08	1.4016320587e+05	4.6349463550e+10	1.4379431830e+02	5.3158928368e+07
1966	6.6875748622e+04	1.7460405294e+10	3.1064291377e+03	2.6215994252e+08	1.4017530513e+05	4.6336922455e+10	1.4381851071e+02	5.3167642960e+07
1967	6.7347424870e+04	1.7476136583e+10	3.1967398216e+03	2.6389928994e+08	1.4018672484e+05	4.6324409603e+10	1.4383924049e+02	5.3176584083e+07
1968	6.7109446314e+04	1.7467891705e+10	3.2229148004e+03	2.6511587387e+08	1.4019860633e+05	4.6312193324e+10	1.4386076076e+02	5.3185092224e+07
1969	6.7338195537e+04	1.7467823213e+10	3.2869948091e+03	2.6677396551e+08	1.4020962689e+05	4.6299902979e+10	1.4388196009e+02	5.3193185117e+07
1970	6.8334394078e+04	1.7497564279e+10	3.4633138510e+03	2.7003973935e+08	1.4021995013e+05	4.6287706189e+10	1.4389927300e+02	5.3201466700e+07
1971	6.5923729799e+04	1.7421793403e+10	3.3088602747e+03	2.6885776393e+08	1.4023003424e+05	4.6275686788e+10	1.4391570937e+02	5.3209537942e+07
1972	6.5735461236e+04	1.7418743363e+10	3.3624928380e+03	2.7084257277e+08	1.4023926965e+05	4.6263733527e+10	1.4393012671e+02	5.3217942258e+07
1973	6.6021222864e+04	1.7422673669e+10	3.4400173095e+03	2.7312225617e+08	1.4024768641e+05	4.6251812315e+10	1.4394227700e+02	5.3225915582e+07
1974	6.6360082875e+04	1.7427586327e+10	3.5284106629e+03	2.7573443147e+08	1.4025534241e+05	4.6239886557e+10	1.4395293216e+02	5.3234327373e+07
1975	6.6510264901e+04	1.7432449692e+10	3.6207489311e+03	2.7872292787e+08	1.4026281670e+05	4.6228229729e+10	1.4396390079e+02	5.3242165064e+07
1976	6.6973192856e+04	1.7439279034e+10	3.7367199996e+03	2.8219004891e+08	1.4026897695e+05	4.6216555834e+10	1.4397211013e+02	5.3249809126e+07
1977	6.6937607739e+04	1.7447747128e+10	3.8482777658e+03	2.8625451886e+08	1.4027473516e+05	4.6205119880e+10	1.4398160660e+02	5.3256605809e+07
1978	6.7493596329e+04	1.7459811795e+10	4.0000870006e+03	2.9110953648e+08	1.4027888572e+05	4.6193667751e+10	1.4398395291e+02	5.3264296849e+07
1979	6.7739386163e+04	1.7469198018e+10	4.1709333668e+03	2.9692592420e+08	1.4028198146e+05	4.6182415757e+10	1.4397810220e+02	5.3272032359e+07
1980	6.7725161917e+04	1.7482051888e+10	4.3612044001e+03	3.0432438080e+08	1.4028451559e+05	4.6171458906e+10	1.4397754875e+02	5.3278726426e+07
1981	6.7849376087e+04	1.7482197297e+10	4.5918736194e+03	3.1297006283e+08	1.4028520482e+05	4.6160524896e+10	1.4397229221e+02	5.3285243946e+07
1982	6.8478702819e+04	1.7503768116e+10	4.9044585295e+03	3.2479137997e+08	1.4028433504e+05	4.6149809432e+10	1.4395431563e+02	5.3292358125e+07
1983	6.9443820187e+04	1.7537114992e+10	5.3234492315e+03	3.4092248406e+08	1.4028176375e+05	4.6139301911e+10	1.4393268146e+02	5.3299479936e+07
1984	6.9439360313e+04	1.7546697806e+10	5.8696425748e+03	3.6384535058e+08	1.4027668918e+05	4.6128891921e+10	1.4390985206e+02	5.3305808411e+07
1985	7.0564515736e+04	1.7594823592e+10	6.7341115780e+03	4.0066707175e+08	1.4026853865e+05	4.6118550166e+10	1.4387165795e+02	5.3312845003e+07
1986	7.2526838427e+04	1.7681637535e+10	8.3018039530e+03	4.7071738400e+08	1.4025922340e+05	4.6108694071e+10	1.4382910246e+02	5.3319564023e+07
1987	7.7511208078e+04	1.7926789534e+10	1.2893129913e+04	6.8882367204e+08	1.4024868070e+05	4.6099488375e+10	1.4377682369e+02	5.3325152310e+07
1988	7.6611682451e+04	1.7862927536e+10	1.1490838968e+04	6.1972018782e+08	1.4023577469e+05	4.6090718319e+10	1.4372480434e+02	5.3329195485e+07
1989	6.4835838932e+04	1.7279108549e+10	2.2862294231e+03	2.3442724412e+08	1.4022054165e+05	4.6082534810e+10	1.4366836115e+02	5.3334201940e+07
1990	6.5154017052e+04	1.7285388614e+10	2.3326276657e+03	2.3504241634e+08	1.4020098453e+05	4.6074461703e+10	1.4358435365e+02	5.3340263369e+07
1991	6.5528525713e+04	1.7302281278e+10	2.3980632234e+03	2.3617738861e+08	1.4017654416e+05	4.6066359674e+10	1.4349179510e+02	5.3343297485e+07
1992	6.5604522263e+04	1.7309157110e+10	2.4903844279e+03	2.3812854179e+08	1.4014429858e+05	4.6058010188e+10	1.4341984624e+02	5.3346927742e+07
1993	6.5157789622e+04	1.7286917323e+10	2.4622534224e+03	2.3752344885e+08	1.4010349197e+05	4.6050230499e+10	1.4327761172e+02	5.3356510338e+07
1994	6.5335826483e+04	1.7294478737e+10	2.5533464861e+03	2.3941663426e+08	1.4006697041e+05	4.6045797256e+10	1.4308542498e+02	5.3362647203e+07
1995	6.6193050382e+04	1.7324698738e+10	2.8022415287e+03	2.4455712871e+08	1.4003389253e+05	4.6043876215e+10	1.4298337818e+02	5.3354988128e+07
1996	6.6221022306e+04	1.7325402035e+10	2.8376638014e+03	2.4537690250e+08	1.3996886180e+05	4.6037731996e+10	1.4283738681e+02	5.3354213068e+07
1997	6.5779402939e+04	1.7295495499e+10	2.8487870146e+03	2.4522310892e+08	1.3987463438e+05	4.6029936866e+10	1.4254556665e+02	5.3361616768e+07
1998	6.6312730292e+04	1.7321865662e+10	3.1540130325e+03	2.5236176888e+08	1.3978181675e+05	4.6030839213e+10	1.4217567925e+02	5.3371424532e+07
1999	6.6144948826e+04	1.7093807604e+10	3.8884129678e+03	2.7228318955e+08	1.3490399197e+05	4.4629554283e+10	1.4186875428e+02	5.2654211726e+07
