# DaMaSCUS-SUN evaporation times
# format_version = 3
# DM_mass_GeV = 5.000000e-02
# DM_sigma_cm2 = 1.000000e-35
# sorted_by = lifetime_unbinding_sec rank trajectory_id
# rank trajectory_id lifetime_unbinding_sec
2	6039	7.4666816527e-03
2	4261	1.0561317603e-01
0	14116	1.2836487970e-01
0	5396	1.4566802126e-01
0	7802	1.7783899790e-01
1	2145	2.9963907999e-01
2	8325	3.0230685859e-01
1	6223	3.9403205264e-01
1	1835	4.6432139750e-01
0	903	4.6526274553e-01
1	7802	4.9882136552e-01
2	14059	5.3136143239e-01
3	5616	5.8144052223e-01
0	736	7.6989358234e-01
0	9507	7.7192926820e-01
0	13134	8.2611316528e-01
2	11286	8.4122264422e-01
0	11929	8.4221484502e-01
0	2680	8.5295709586e-01
1	6885	9.7724822624e-01
2	6283	9.8223392106e-01
1	14026	1.0145778441e+00
3	14015	1.0590729472e+00
2	11355	1.1019437126e+00
3	5425	1.1098379543e+00
0	11479	1.1138035318e+00
0	6756	1.1374409249e+00
2	6288	1.1773765209e+00
1	4872	1.1804381661e+00
0	5032	1.2832224876e+00
2	9283	1.3828430650e+00
3	4267	1.4253698408e+00
2	5029	1.5409579088e+00
0	10573	1.5465590737e+00
3	4315	1.5621490114e+00
3	4097	1.5670442920e+00
0	5102	1.6507114650e+00
3	3265	1.7736074939e+00
3	1924	1.8692723927e+00
2	6167	1.8818885313e+00
2	2881	1.8845693396e+00
0	10616	1.9030045639e+00
1	8787	1.9127827124e+00
2	12339	1.9423465397e+00
3	1023	1.9868175460e+00
1	7434	2.0137409387e+00
3	7407	2.0721594158e+00
3	9843	2.0914448181e+00
3	1323	2.1659978937e+00
2	11716	2.2654968786e+00
2	6666	2.2921910400e+00
3	8066	2.3298482819e+00
1	988	2.3556519285e+00
0	11184	2.3760596200e+00
2	2461	2.5246170552e+00
0	5235	2.6107090655e+00
0	13456	2.7772299684e+00
0	9431	2.8226774996e+00
3	7763	2.8784765325e+00
3	8779	2.8959607784e+00
2	9492	2.9461713026e+00
3	13334	3.0145502205e+00
2	3408	3.0470373384e+00
1	1780	3.0711445902e+00
0	3993	3.0754889708e+00
2	998	3.1051402837e+00
0	9936	3.1079252304e+00
3	12885	3.1758682827e+00
0	8920	3.2243158061e+00
1	8265	3.2304538115e+00
2	8761	3.3204204679e+00
2	6302	3.3297218423e+00
2	12959	3.5189694249e+00
2	13277	3.5488141571e+00
0	4598	3.5616797649e+00
3	12790	3.5620332975e+00
1	12766	3.7202632253e+00
0	1290	3.8019121253e+00
1	319	3.9878931111e+00
0	1192	3.9938039959e+00
0	3296	4.0440660308e+00
0	11440	4.1145130188e+00
2	13702	4.1453686825e+00
2	11974	4.1625703356e+00
2	3190	4.1689134455e+00
3	1520	4.1936700855e+00
3	12443	4.2228827740e+00
1	14144	4.2379942448e+00
0	12408	4.2842844013e+00
1	5698	4.2871780841e+00
2	12936	4.3416808942e+00
1	2756	4.4238370042e+00
3	310	4.4450060827e+00
1	10426	4.4504814318e+00
0	9093	4.4505469618e+00
3	8208	4.4829937295e+00
1	7815	4.4867095340e+00
1	2570	4.7997885431e+00
2	11731	4.8006341460e+00
2	12690	4.8242632390e+00
1	3789	4.8254449339e+00
1	2989	4.9525732999e+00
0	8424	4.9851404538e+00
0	989	4.9980654589e+00
1	2577	5.0083248122e+00
2	6137	5.0152449038e+00
0	1440	5.0341057791e+00
1	1992	5.0408846678e+00
2	9072	5.0950415811e+00
2	2932	5.1500500929e+00
2	4665	5.1703209690e+00
1	6351	5.1733424824e+00
0	8896	5.1736180843e+00
2	3185	5.2291256392e+00
2	7865	5.2599982904e+00
0	1343	5.2770654096e+00
1	14172	5.2813188187e+00
1	6367	5.4147751149e+00
2	6335	5.4403533467e+00
1	8079	5.4629032905e+00
3	4768	5.4910826045e+00
1	12761	5.4925661026e+00
3	14262	5.5434574250e+00
2	772	5.5480448731e+00
3	11768	5.5612044420e+00
0	1460	5.6369153203e+00
1	11497	5.6385975952e+00
0	8389	5.6624735714e+00
0	7598	5.7511848248e+00
1	7154	5.7559086110e+00
3	5270	5.7736338101e+00
3	6590	5.7824541620e+00
3	11145	5.8224183953e+00
1	4385	5.8663665298e+00
3	11032	5.9024931400e+00
1	11054	5.9200871268e+00
2	7162	5.9321989361e+00
0	13067	6.0908633567e+00
1	14643	6.1081583255e+00
2	2259	6.2099986516e+00
2	3395	6.2302051477e+00
3	5016	6.3040963598e+00
3	4405	6.3394652002e+00
1	747	6.3599768360e+00
1	10919	6.3850100859e+00
1	10420	6.3955203215e+00
1	6771	6.4285798076e+00
1	13218	6.4418660275e+00
0	10400	6.5592198322e+00
1	147	6.6122881831e+00
1	4764	6.6553482773e+00
2	6045	6.7424399062e+00
3	10131	6.8476562046e+00
1	6037	6.9286672962e+00
3	10394	6.9305538415e+00
3	10763	7.0528595598e+00
0	13021	7.0592313046e+00
1	13432	7.1409412280e+00
0	7512	7.1566526019e+00
3	12874	7.1917784449e+00
1	9302	7.3076143415e+00
3	2999	7.3116502822e+00
2	5529	7.3202129140e+00
1	6773	7.3659835095e+00
3	7124	7.4183968183e+00
0	10507	7.5197789125e+00
3	2225	7.5337982166e+00
1	551	7.5710875008e+00
0	10156	7.5917248752e+00
3	5238	7.5924962681e+00
0	3097	7.5990388078e+00
1	4772	7.6078284459e+00
0	9515	7.6590980102e+00
3	7522	7.6798443378e+00
0	2259	7.7489044265e+00
1	14867	7.7498608358e+00
1	1366	7.7654985580e+00
1	4693	7.8219836922e+00
3	13156	7.8272206311e+00
0	2534	7.8296757703e+00
3	8257	7.8693321274e+00
3	2919	7.8791974257e+00
3	11049	7.9136365176e+00
0	6406	7.9182320557e+00
0	3002	8.0012766743e+00
2	3042	8.0242223757e+00
2	9648	8.1119275599e+00
2	4611	8.1818935882e+00
1	8690	8.1971189611e+00
2	1980	8.2202009145e+00
0	7671	8.2315651783e+00
1	1475	8.3130336587e+00
2	8143	8.3639578996e+00
1	6623	8.4179996192e+00
1	9099	8.4527359759e+00
3	5649	8.4583805316e+00
2	5392	8.5051343799e+00
3	11485	8.5155502036e+00
1	3113	8.5629645038e+00
0	11725	8.6358315576e+00
3	1751	8.6411866485e+00
3	12050	8.7119614619e+00
0	8765	8.7327592923e+00
0	11383	8.7539749727e+00
1	3379	8.7664927612e+00
0	72	8.8008790014e+00
2	9821	8.8707902103e+00
0	1399	8.8968997942e+00
0	9144	8.9200296477e+00
0	14038	8.9988535444e+00
3	4705	9.0874961055e+00
1	2	9.0900016622e+00
3	11108	9.3812091419e+00
1	7277	9.4928672306e+00
2	4292	9.5408797979e+00
2	7098	9.5535323962e+00
2	1282	9.6312792264e+00
0	7218	9.8314167268e+00
0	3622	9.8472928572e+00
3	9007	9.9030215572e+00
2	6870	9.9496289905e+00
0	11046	9.9799499808e+00
0	2147	1.0049962404e+01
3	11816	1.0061144335e+01
1	14426	1.0072868545e+01
2	11519	1.0099700553e+01
1	13983	1.0137088410e+01
1	3169	1.0182437090e+01
0	177	1.0206931196e+01
0	9179	1.0316303069e+01
1	3891	1.0403500541e+01
1	10936	1.0405362049e+01
2	4306	1.0406642402e+01
3	2145	1.0419064938e+01
2	5675	1.0440965215e+01
2	722	1.0505111651e+01
3	3641	1.0517466310e+01
1	12897	1.0539700110e+01
2	7166	1.0665477322e+01
1	235	1.0753494221e+01
2	1562	1.0791873976e+01
2	8034	1.0816708001e+01
1	1343	1.0867144124e+01
1	4268	1.0902579399e+01
0	3914	1.0944379341e+01
2	10110	1.1133886309e+01
0	2667	1.1169343426e+01
2	7667	1.1189029937e+01
1	12486	1.1214865049e+01
1	10045	1.1326410246e+01
0	2058	1.1377139346e+01
0	1201	1.1379960922e+01
1	8718	1.1402145818e+01
1	13229	1.1419997672e+01
2	10136	1.1457841895e+01
2	8406	1.1518242944e+01
2	12013	1.1570193757e+01
2	4678	1.1621721390e+01
1	9263	1.1690368062e+01
0	13711	1.1729570890e+01
0	4727	1.1789097952e+01
2	4543	1.1805861501e+01
1	3416	1.1850530215e+01
2	11530	1.1852220948e+01
3	2111	1.1920097584e+01
2	13451	1.2036647612e+01
3	4616	1.2136914231e+01
1	9208	1.2155980214e+01
2	12372	1.2215861612e+01
2	10742	1.2255734268e+01
3	5941	1.2357783170e+01
3	5087	1.2383222261e+01
0	14199	1.2412884225e+01
0	1291	1.2416209358e+01
2	9003	1.2425352455e+01
3	5988	1.2521524008e+01
3	3680	1.2540205058e+01
3	11821	1.2632876703e+01
3	4415	1.2635893631e+01
0	984	1.2659493059e+01
0	6033	1.2786815095e+01
3	13165	1.3363839577e+01
2	11428	1.3470319238e+01
2	9314	1.3515988682e+01
3	10427	1.3619156175e+01
3	8838	1.3800309024e+01
1	10232	1.3830838586e+01
3	14335	1.3900503734e+01
0	7563	1.3955630443e+01
2	12542	1.3961048934e+01
1	2725	1.3963291504e+01
1	1935	1.3963607774e+01
1	4008	1.4025663571e+01
2	12084	1.4114744028e+01
3	496	1.4145721510e+01
2	10560	1.4230519972e+01
2	1271	1.4234684927e+01
0	8096	1.4310785028e+01
3	7704	1.4321631633e+01
2	10792	1.4333534308e+01
1	10845	1.4385102155e+01
0	12520	1.4408761233e+01
2	13160	1.4412950041e+01
3	14080	1.4434936971e+01
3	9361	1.4443134703e+01
3	13509	1.4447658634e+01
0	5771	1.4447714794e+01
3	6330	1.4460202731e+01
2	13703	1.4476840439e+01
2	9956	1.4525834668e+01
3	11430	1.4562957309e+01
2	7995	1.4684108042e+01
2	10705	1.4745645369e+01
0	11222	1.4828121400e+01
1	9341	1.4931054281e+01
0	9056	1.5049976735e+01
1	12444	1.5176809913e+01
2	10708	1.5190366993e+01
1	10233	1.5414267471e+01
1	2847	1.5440290209e+01
3	8969	1.5450972476e+01
2	8323	1.5529858226e+01
3	8120	1.5534785269e+01
2	12603	1.5579114882e+01
3	3515	1.5594740447e+01
1	4275	1.5794115951e+01
3	6754	1.5799952824e+01
2	8457	1.5915716806e+01
0	2274	1.5940791008e+01
0	12185	1.5962757279e+01
1	4113	1.6046966647e+01
0	4607	1.6145558084e+01
3	6295	1.6176823607e+01
1	10873	1.6232827175e+01
3	6611	1.6246192980e+01
3	8993	1.6299389696e+01
1	14204	1.6394037269e+01
2	10069	1.6400741199e+01
0	9020	1.6419930126e+01
0	12399	1.6472752090e+01
1	5644	1.6475527835e+01
2	10357	1.6476934915e+01
2	10645	1.6513708415e+01
1	11827	1.6556534139e+01
0	2384	1.6659883690e+01
0	3439	1.6751553576e+01
2	5040	1.6774167386e+01
3	513	1.6780460377e+01
1	3510	1.6831093848e+01
0	14324	1.6847603383e+01
2	7430	1.6866006222e+01
2	2981	1.6924317546e+01
0	5616	1.7019461176e+01
2	3837	1.7222038604e+01
1	8480	1.7241251033e+01
0	4526	1.7342553176e+01
3	10222	1.7358054923e+01
0	2949	1.7462538776e+01
3	586	1.7597781462e+01
3	13407	1.7653880405e+01
3	7364	1.7768086367e+01
1	7175	1.7814097549e+01
0	103	1.7832080145e+01
2	5499	1.7898959665e+01
0	10575	1.7962564080e+01
3	5148	1.8174738618e+01
3	12055	1.8179995362e+01
3	10163	1.8407385327e+01
3	3855	1.8584920763e+01
3	10217	1.8696009376e+01
0	2332	1.8702128668e+01
0	4142	1.8910772696e+01
2	8039	1.8922517302e+01
2	6979	1.9147172156e+01
1	6681	1.9174340816e+01
2	1844	1.9235673427e+01
3	10336	1.9248756112e+01
0	2533	1.9261481701e+01
0	7753	1.9271817752e+01
0	4185	1.9288620927e+01
2	8826	1.9333281625e+01
2	1211	1.9356449743e+01
0	8545	1.9556809640e+01
3	13754	1.9589850787e+01
3	4652	1.9694016933e+01
1	1375	1.9734931079e+01
0	1438	1.9760898155e+01
0	12316	1.9763208640e+01
3	7891	1.9763637183e+01
3	12485	1.9825022690e+01
1	5853	1.9841574749e+01
0	5035	1.9875831388e+01
2	4985	1.9925127251e+01
1	7635	1.9927750255e+01
1	14111	1.9999232972e+01
2	1226	2.0007176462e+01
1	2614	2.0094611801e+01
3	6917	2.0352022806e+01
0	8174	2.0353732834e+01
1	1604	2.0419318795e+01
3	13638	2.0436975587e+01
2	3150	2.0476814591e+01
0	10220	2.0567818647e+01
3	11456	2.0620782641e+01
0	9499	2.0637864159e+01
0	4814	2.0714413615e+01
3	2031	2.0747657307e+01
3	10178	2.0920440851e+01
1	6393	2.0978052650e+01
3	1288	2.1046216841e+01
0	6593	2.1103809231e+01
0	226	2.1113797506e+01
3	14053	2.1139182331e+01
3	7986	2.1158067779e+01
2	7972	2.1229093907e+01
2	5995	2.1298148420e+01
3	12142	2.1301676466e+01
3	6672	2.1446403992e+01
1	13235	2.1459072395e+01
0	12894	2.1540847222e+01
2	3904	2.1541444188e+01
3	9836	2.1542913227e+01
1	10239	2.1557974988e+01
2	4673	2.1643188784e+01
3	7111	2.1658055153e+01
0	4210	2.1666670134e+01
0	3999	2.1705243663e+01
2	2344	2.1729363453e+01
1	2412	2.1753969591e+01
3	14077	2.1778967323e+01
1	8093	2.1797165766e+01
1	5528	2.1801020801e+01
0	2823	2.1873578072e+01
1	10731	2.1880729404e+01
0	10418	2.1910452569e+01
0	1127	2.2050908509e+01
1	12127	2.2092006088e+01
3	10106	2.2149925419e+01
3	4156	2.2177065578e+01
3	12997	2.2193000312e+01
0	1707	2.2289464750e+01
2	12081	2.2298228323e+01
0	2275	2.2320627993e+01
3	7446	2.2323835953e+01
2	4204	2.2382234832e+01
1	5931	2.2401713103e+01
0	1018	2.2452388253e+01
0	5171	2.2492789154e+01
1	4046	2.2523426321e+01
2	9896	2.2523478238e+01
0	2055	2.2553360238e+01
3	6938	2.2589512143e+01
1	1350	2.2633751665e+01
2	3676	2.2744192150e+01
3	4268	2.2928775925e+01
1	10374	2.2940176704e+01
1	8352	2.3148780873e+01
3	8	2.3167706312e+01
0	5560	2.3193953566e+01
3	5251	2.3205124962e+01
2	2128	2.3259213017e+01
0	12964	2.3321283073e+01
0	5295	2.3394447518e+01
0	3506	2.3454719416e+01
3	6059	2.3567031574e+01
0	9987	2.3571835255e+01
3	7097	2.3590404356e+01
2	1027	2.3659012523e+01
1	14381	2.3699502968e+01
1	5612	2.3813057348e+01
2	1278	2.3826245234e+01
2	2384	2.3879310616e+01
3	1149	2.3911842214e+01
0	5096	2.3960085534e+01
3	9529	2.4041296678e+01
0	6172	2.4094309923e+01
3	5679	2.4182339437e+01
1	704	2.4182856427e+01
2	13446	2.4203336228e+01
3	13765	2.4235833969e+01
2	12920	2.4282541096e+01
1	4491	2.4293972597e+01
2	8794	2.4311850981e+01
3	12710	2.4389042154e+01
2	211	2.4491418134e+01
2	12222	2.4526105305e+01
1	798	2.4545556149e+01
1	4850	2.4618963082e+01
2	4528	2.4685309311e+01
3	4581	2.4722430007e+01
0	4040	2.4739923118e+01
1	2681	2.4742471368e+01
1	1034	2.4849967976e+01
1	10992	2.4855387625e+01
2	8742	2.4858331583e+01
0	2006	2.4917940799e+01
0	6560	2.4926948296e+01
0	8679	2.4930747891e+01
2	9044	2.4992189160e+01
1	7325	2.5037609478e+01
1	4445	2.5045153645e+01
3	3348	2.5082451202e+01
0	9139	2.5091023229e+01
2	4921	2.5270865334e+01
3	7614	2.5271605199e+01
1	14152	2.5281970050e+01
0	11823	2.5349951226e+01
2	11724	2.5360433875e+01
1	1676	2.5532087697e+01
0	3502	2.5540451292e+01
3	9964	2.5684672071e+01
3	10622	2.5846379463e+01
2	8391	2.5890171156e+01
1	9495	2.5994899704e+01
1	4015	2.6007583176e+01
1	8701	2.6026199256e+01
0	5427	2.6094429257e+01
3	5422	2.6138512913e+01
0	4567	2.6150663490e+01
3	7743	2.6218997500e+01
2	11214	2.6332786307e+01
2	895	2.6434090082e+01
3	14200	2.6464694738e+01
0	3408	2.6530474979e+01
3	2203	2.6564668330e+01
2	5928	2.6657242947e+01
2	13534	2.6740375288e+01
3	2442	2.7062157037e+01
1	8126	2.7109639739e+01
1	9928	2.7114109341e+01
0	7873	2.7117153501e+01
2	13637	2.7118792383e+01
1	9139	2.7136509612e+01
3	9072	2.7157135575e+01
1	8313	2.7183303118e+01
0	14165	2.7234447186e+01
0	4905	2.7268723447e+01
2	5405	2.7279359508e+01
0	1584	2.7290846276e+01
2	13898	2.7374854166e+01
0	78	2.7471987755e+01
2	10910	2.7512635898e+01
1	7514	2.7617029305e+01
2	10013	2.7632170663e+01
3	4773	2.7632420628e+01
1	1426	2.7696497044e+01
0	3875	2.7859906810e+01
2	536	2.7874451289e+01
0	12678	2.7902222266e+01
2	2781	2.8025222483e+01
1	6392	2.8055755988e+01
1	6183	2.8058783511e+01
0	9335	2.8195441604e+01
0	2804	2.8276398264e+01
0	7751	2.8357995465e+01
3	12944	2.8413891544e+01
2	6776	2.8431775352e+01
0	7536	2.8471907270e+01
3	7916	2.8473506102e+01
2	5819	2.8491995388e+01
3	4235	2.8505461329e+01
2	10734	2.8596299204e+01
3	7946	2.8672898927e+01
1	14326	2.8716456000e+01
3	12698	2.8800688072e+01
1	3140	2.8836040793e+01
1	10	2.8892461233e+01
2	8306	2.8912183072e+01
0	11334	2.8938342536e+01
1	3731	2.9040928973e+01
3	10367	2.9048387293e+01
3	3375	2.9078396876e+01
3	10077	2.9298963622e+01
2	2475	2.9315719286e+01
3	10292	2.9429478060e+01
0	14305	2.9566412913e+01
2	3589	2.9613289765e+01
2	7116	2.9649197495e+01
2	12875	2.9691186583e+01
0	657	2.9744945407e+01
0	950	2.9880559763e+01
2	5116	3.0012230166e+01
0	1739	3.0037988568e+01
1	2082	3.0215278431e+01
3	12030	3.0274049750e+01
3	14118	3.0351304860e+01
2	13828	3.0380290534e+01
2	7656	3.0415618154e+01
1	6993	3.0430696460e+01
3	12165	3.0513100709e+01
1	3051	3.0599059585e+01
3	992	3.0628732268e+01
0	5810	3.0745443170e+01
3	2079	3.0777639403e+01
1	5691	3.0924040225e+01
2	13206	3.0967981014e+01
1	1761	3.0976376663e+01
2	3370	3.1012964360e+01
3	216	3.1031570425e+01
2	1766	3.1072274186e+01
3	11673	3.1129438141e+01
0	6908	3.1209261661e+01
3	2003	3.1296065037e+01
3	14479	3.1331329568e+01
3	2001	3.1417309727e+01
3	4921	3.1434692216e+01
0	9849	3.1441370220e+01
1	11986	3.1467466988e+01
0	116	3.1478799048e+01
3	12948	3.1511060521e+01
2	5379	3.1538495286e+01
2	6856	3.1544018710e+01
0	2916	3.1765965712e+01
3	13593	3.1790318386e+01
3	8139	3.1822502099e+01
2	13098	3.1932070321e+01
3	14051	3.2000800656e+01
2	5229	3.2146650581e+01
1	9822	3.2166707809e+01
0	5368	3.2281937840e+01
3	798	3.2367241520e+01
0	8494	3.2407459449e+01
3	5795	3.2455065081e+01
1	11549	3.2480733331e+01
2	4811	3.2489993213e+01
3	3162	3.2573316118e+01
3	8978	3.2592875683e+01
3	11524	3.2643399876e+01
2	6595	3.2657944688e+01
0	13060	3.2768710532e+01
1	3528	3.2943110151e+01
2	6171	3.2989822310e+01
1	10452	3.3017741912e+01
1	2047	3.3043043626e+01
2	13583	3.3121124345e+01
3	12618	3.3133289247e+01
2	2153	3.3135986975e+01
0	8614	3.3206788298e+01
0	10109	3.3208969114e+01
1	2205	3.3370131176e+01
1	12735	3.3421442879e+01
2	14064	3.3483463304e+01
3	2923	3.3496763644e+01
1	4401	3.3573876594e+01
1	6951	3.3587911717e+01
3	4785	3.3643145708e+01
3	11778	3.3694846954e+01
2	4241	3.3699395261e+01
1	9252	3.3716556972e+01
2	9654	3.3805135676e+01
1	6776	3.3865385672e+01
0	8032	3.3899121642e+01
0	11847	3.3907394819e+01
2	7243	3.4005386413e+01
0	14302	3.4182246828e+01
3	7470	3.4313169864e+01
1	14101	3.4321723651e+01
0	12626	3.4384021654e+01
2	8224	3.4405571235e+01
2	6784	3.4425108684e+01
3	13682	3.4446717960e+01
0	8488	3.4454526465e+01
1	6931	3.4531617331e+01
2	7334	3.4648648366e+01
1	11176	3.4690822804e+01
1	6059	3.4717594361e+01
0	12886	3.4726155766e+01
3	4010	3.4889602287e+01
0	6978	3.5039859400e+01
0	12243	3.5114514579e+01
2	3691	3.5204165163e+01
0	11567	3.5215746062e+01
3	6459	3.5273510269e+01
0	6720	3.5306327271e+01
1	5141	3.5424347157e+01
1	3054	3.5490607763e+01
1	4581	3.5689196620e+01
1	8136	3.5718464160e+01
2	1402	3.5771991626e+01
3	3768	3.5792516842e+01
3	5725	3.5901438883e+01
2	10289	3.6022012108e+01
0	2436	3.6180036013e+01
3	5915	3.6217225508e+01
2	13619	3.6458496923e+01
2	12527	3.6485978566e+01
3	12035	3.6533702369e+01
2	12263	3.6540305967e+01
2	7795	3.6581378552e+01
2	8203	3.6625416535e+01
2	2477	3.6653457259e+01
2	9564	3.6705263518e+01
0	284	3.6709119425e+01
0	2709	3.6761993350e+01
1	3799	3.6790386867e+01
0	12173	3.6841403539e+01
1	10718	3.6872220372e+01
3	10067	3.6873852144e+01
1	11272	3.6922855696e+01
0	5577	3.6987152852e+01
1	7588	3.7095347779e+01
0	2817	3.7194693548e+01
3	11759	3.7214235635e+01
0	7317	3.7231203683e+01
1	13186	3.7242342197e+01
2	7579	3.7310947735e+01
2	8480	3.7346920008e+01
3	2147	3.7349432495e+01
2	3921	3.7367754618e+01
3	1172	3.7413924000e+01
0	6281	3.7421433675e+01
2	307	3.7448832610e+01
1	829	3.7456849707e+01
3	2366	3.7489808944e+01
0	13234	3.7574602630e+01
1	11715	3.7581327265e+01
1	12822	3.7601353118e+01
0	13055	3.7657945962e+01
0	4672	3.7702403209e+01
3	3034	3.7727080368e+01
0	3926	3.7745890783e+01
0	9380	3.7864505549e+01
0	13564	3.7889994013e+01
1	14849	3.8018265174e+01
2	12248	3.8018914653e+01
2	92	3.8057114934e+01
3	13579	3.8077168011e+01
2	2489	3.8170497436e+01
3	10289	3.8170883080e+01
0	2154	3.8194331176e+01
1	10461	3.8201894587e+01
1	10672	3.8254797079e+01
0	6776	3.8353700908e+01
3	3614	3.8383687699e+01
2	10375	3.8497202747e+01
3	5544	3.8586720834e+01
2	13435	3.8596640541e+01
3	309	3.8600584964e+01
1	14356	3.8652833867e+01
1	11358	3.8669260631e+01
2	4981	3.8717483255e+01
1	3109	3.8729028401e+01
0	12814	3.8744763523e+01
2	13913	3.8748389910e+01
2	322	3.8779241302e+01
1	5829	3.8794488203e+01
0	11619	3.8866533302e+01
3	13995	3.8866803775e+01
1	9193	3.9007765683e+01
3	9960	3.9115197787e+01
1	12150	3.9354142694e+01
2	2198	3.9356740551e+01
0	1094	3.9467129701e+01
1	9459	3.9486263290e+01
2	9419	3.9512960504e+01
3	8368	3.9540180158e+01
3	5798	3.9582335446e+01
1	4637	3.9600852488e+01
2	597	3.9602667017e+01
3	9897	3.9677373352e+01
1	5918	3.9755560145e+01
2	13252	3.9775143644e+01
2	6541	3.9782067651e+01
1	4151	3.9856681645e+01
2	6795	3.9871087336e+01
3	7033	3.9980106423e+01
1	12009	3.9990996175e+01
3	11626	4.0034415615e+01
3	5367	4.0084730651e+01
1	977	4.0125228769e+01
0	5819	4.0234432530e+01
1	2920	4.0239989513e+01
3	6309	4.0275846759e+01
1	58	4.0290577173e+01
2	14190	4.0394732692e+01
3	13018	4.0586328290e+01
1	692	4.0632632850e+01
3	9407	4.0637244057e+01
3	12448	4.0658954286e+01
0	12379	4.0914766502e+01
2	385	4.0953369218e+01
1	14521	4.0968929339e+01
1	13371	4.0993673700e+01
2	1990	4.1007377285e+01
0	8914	4.1035148408e+01
1	9129	4.1061054700e+01
3	4117	4.1091174184e+01
2	673	4.1097182720e+01
0	11290	4.1110058442e+01
3	6170	4.1159304592e+01
1	682	4.1159394757e+01
0	5532	4.1429876794e+01
0	8163	4.1484247090e+01
0	2228	4.1523092001e+01
0	4243	4.1572107220e+01
2	6031	4.1597894275e+01
0	4677	4.1663582057e+01
1	12656	4.1779628413e+01
1	550	4.1866600507e+01
3	6451	4.1902928556e+01
0	5230	4.2025729207e+01
2	3634	4.2054796726e+01
0	12912	4.2194486630e+01
0	1510	4.2214093125e+01
2	7337	4.2258819022e+01
0	4457	4.2398153298e+01
2	9146	4.2491913821e+01
0	8885	4.2515584310e+01
0	2920	4.2519071472e+01
2	669	4.2538650282e+01
0	6229	4.2600423889e+01
2	3741	4.2640164181e+01
2	1177	4.2973733839e+01
2	3982	4.3019445277e+01
0	6460	4.3020731665e+01
3	1780	4.3078244995e+01
1	7158	4.3139865998e+01
0	7295	4.3177597189e+01
3	7216	4.3193888258e+01
1	4065	4.3239927368e+01
1	1712	4.3339573765e+01
1	10462	4.3367277474e+01
0	1221	4.3373956713e+01
0	166	4.3512943816e+01
2	11280	4.3652099987e+01
2	14226	4.3653857994e+01
0	8375	4.3656734178e+01
1	14711	4.3671832113e+01
2	937	4.3692724732e+01
1	9189	4.3699760907e+01
2	8170	4.3866489601e+01
3	514	4.3951750709e+01
0	445	4.3973099115e+01
1	13956	4.3985007170e+01
2	3902	4.4031080176e+01
1	9665	4.4042641047e+01
1	1588	4.4100092413e+01
2	1363	4.4423513741e+01
3	12640	4.4427637034e+01
3	6804	4.4452697069e+01
3	11532	4.4480910805e+01
3	14150	4.4587805778e+01
2	8739	4.4600079964e+01
3	13381	4.4622062252e+01
0	9733	4.4716229625e+01
2	244	4.4799121348e+01
1	7310	4.4809237564e+01
0	10567	4.4844496654e+01
0	4498	4.4868631587e+01
0	949	4.4882952098e+01
0	5718	4.4949978544e+01
3	8128	4.4957169069e+01
0	2463	4.5068208488e+01
3	6989	4.5140214673e+01
3	9938	4.5143181283e+01
1	4915	4.5149228135e+01
3	12968	4.5288474402e+01
3	13463	4.5361825233e+01
3	1522	4.5395215086e+01
3	3324	4.5424651747e+01
3	11273	4.5461835547e+01
3	2874	4.5499404348e+01
0	12082	4.5713862164e+01
1	9529	4.5902625536e+01
3	6844	4.6073502135e+01
1	6579	4.6160059063e+01
0	7562	4.6227043189e+01
3	7114	4.6311313787e+01
2	13826	4.6320748015e+01
1	8041	4.6364327270e+01
0	13582	4.6446434253e+01
0	12880	4.6502677024e+01
1	7305	4.6551726392e+01
3	11467	4.6563844243e+01
3	174	4.6625633045e+01
1	5345	4.6862478074e+01
3	3159	4.6874537630e+01
0	277	4.6886479002e+01
0	8663	4.6892485782e+01
2	10184	4.6966400901e+01
3	9593	4.7027131679e+01
3	3633	4.7027250770e+01
0	1537	4.7059357725e+01
2	8512	4.7086156177e+01
2	3874	4.7185749647e+01
1	3756	4.7485375782e+01
2	12375	4.7503490723e+01
0	12968	4.7566553150e+01
1	1774	4.7572810740e+01
3	8022	4.7624591024e+01
2	3289	4.7641532921e+01
0	8014	4.7681690195e+01
1	2268	4.7937831347e+01
3	8845	4.7978212996e+01
0	678	4.7996480033e+01
3	7886	4.7996662783e+01
3	12532	4.8076378664e+01
3	6942	4.8085661407e+01
2	10736	4.8109811284e+01
0	5932	4.8132803454e+01
0	848	4.8148685885e+01
1	10081	4.8157507593e+01
0	3554	4.8233475045e+01
2	6728	4.8243566825e+01
2	2603	4.8319533652e+01
1	1473	4.8339837188e+01
2	4055	4.8376870272e+01
3	1722	4.8380048491e+01
0	10698	4.8504157991e+01
0	558	4.8602498907e+01
0	11128	4.8629779447e+01
1	6090	4.8717583368e+01
2	8983	4.8749280394e+01
1	7834	4.8871847915e+01
1	5934	4.8931777064e+01
2	11454	4.8997354734e+01
2	8992	4.9118223105e+01
3	10797	4.9144071243e+01
0	8670	4.9229441460e+01
2	1176	4.9256514077e+01
2	13615	4.9288066519e+01
0	13252	4.9333596173e+01
2	8510	4.9391308250e+01
2	3684	4.9400877546e+01
3	4289	4.9520543243e+01
3	4862	4.9558664152e+01
3	5160	4.9575273064e+01
0	9170	4.9664928420e+01
0	5279	4.9679544103e+01
2	1675	4.9841867552e+01
1	2670	4.9903208960e+01
2	4264	4.9916785650e+01
2	4021	5.0072152810e+01
1	1335	5.0074738943e+01
2	1697	5.0132592555e+01
0	9036	5.0281311885e+01
2	1956	5.0338005003e+01
1	13396	5.0351152044e+01
1	5607	5.0352036357e+01
3	1819	5.0353014094e+01
1	8675	5.0413355947e+01
3	9068	5.0454904761e+01
3	13762	5.0544718928e+01
0	4989	5.0724708349e+01
2	7617	5.0748944751e+01
3	8187	5.0755318867e+01
2	10763	5.0755632478e+01
0	13484	5.0803454518e+01
2	2221	5.0877944041e+01
2	9626	5.0959586322e+01
2	8733	5.0977990777e+01
0	4984	5.1103750590e+01
0	3863	5.1127478571e+01
3	4914	5.1163106950e+01
2	12976	5.1254439017e+01
1	10750	5.1272546516e+01
1	7518	5.1296034692e+01
1	5463	5.1312967550e+01
2	1865	5.1377092256e+01
1	9461	5.1414087166e+01
1	3674	5.1506253890e+01
0	13232	5.1562338519e+01
1	4005	5.1599841530e+01
3	13711	5.1609458317e+01
3	12380	5.1614585213e+01
3	13326	5.1656536470e+01
0	3485	5.1746587171e+01
1	4473	5.1771238350e+01
3	3719	5.1799579826e+01
0	11890	5.1877202398e+01
2	11612	5.2130131804e+01
2	5272	5.2152710662e+01
0	10339	5.2210198537e+01
1	11294	5.2231343897e+01
0	12059	5.2348770777e+01
2	5923	5.2460831221e+01
2	13997	5.2817504875e+01
2	3647	5.2864430189e+01
3	1213	5.2939143736e+01
0	3617	5.3133140587e+01
2	4864	5.3177471587e+01
2	5284	5.3217905703e+01
2	6674	5.3265528925e+01
2	11792	5.3461703512e+01
2	11985	5.3509570551e+01
1	12674	5.3519312063e+01
0	4560	5.3523892317e+01
3	6565	5.3591535437e+01
1	11678	5.3635685244e+01
1	2692	5.3651638161e+01
1	3685	5.3670664900e+01
3	14138	5.3835059880e+01
3	11080	5.3842286261e+01
1	1654	5.3865453633e+01
3	11267	5.3991143256e+01
1	7967	5.4005024806e+01
3	7939	5.4163207967e+01
1	4815	5.4204004829e+01
2	3110	5.4277167943e+01
1	2126	5.4349745243e+01
0	2307	5.4406006191e+01
1	3030	5.4436999441e+01
0	13229	5.4437649256e+01
0	12345	5.4474160935e+01
2	11023	5.4666435478e+01
3	464	5.4720010529e+01
1	13887	5.4725578017e+01
3	8473	5.4790092338e+01
2	5755	5.4815210221e+01
0	9021	5.4900793469e+01
0	776	5.5090429015e+01
3	9047	5.5371112983e+01
1	10656	5.5493315507e+01
1	14242	5.5511126042e+01
0	8185	5.5512455883e+01
2	8496	5.5514462457e+01
0	3521	5.5514526693e+01
1	8224	5.5529331362e+01
3	5856	5.5556841846e+01
3	11332	5.5603402976e+01
1	9702	5.5721958208e+01
1	13770	5.5760133609e+01
0	11403	5.5812201835e+01
2	11864	5.5863336859e+01
1	919	5.5886170595e+01
1	4452	5.5961339032e+01
3	6759	5.5993465057e+01
3	4858	5.6009326516e+01
1	1198	5.6063288262e+01
1	11748	5.6221552721e+01
2	2223	5.6229812790e+01
3	6996	5.6342398838e+01
2	8539	5.6412067121e+01
2	4015	5.6478834661e+01
0	11697	5.6513638191e+01
0	9561	5.6541094967e+01
1	2068	5.6588470229e+01
3	9667	5.6655346845e+01
1	254	5.6826178703e+01
3	10223	5.6963411720e+01
3	10619	5.7005503843e+01
2	3088	5.7020680648e+01
3	10220	5.7075119576e+01
1	1929	5.7077266740e+01
2	3205	5.7089153620e+01
3	3247	5.7147125277e+01
0	9729	5.7191235590e+01
3	6961	5.7248468300e+01
1	12849	5.7324868123e+01
2	12641	5.7366855144e+01
3	11848	5.7506951840e+01
1	3276	5.7538035269e+01
3	4996	5.7686490698e+01
3	2760	5.7804025793e+01
1	8206	5.7899135210e+01
3	4837	5.8077946359e+01
2	5635	5.8107865385e+01
0	12217	5.8195198069e+01
3	14007	5.8248716592e+01
1	2243	5.8380212447e+01
1	1398	5.8382782342e+01
2	11887	5.8466228675e+01
3	9280	5.8501398466e+01
1	12387	5.8566805250e+01
0	1817	5.8725480322e+01
3	12995	5.8779052474e+01
0	11027	5.8782210568e+01
0	3686	5.8793060975e+01
0	8056	5.9087942756e+01
1	11962	5.9145935440e+01
3	11393	5.9201461535e+01
3	2010	5.9214095037e+01
0	8479	5.9265047720e+01
1	5318	5.9284917918e+01
0	1744	5.9372572291e+01
0	6845	5.9373952100e+01
1	6843	5.9703264403e+01
3	7523	5.9774651281e+01
3	6911	5.9796230910e+01
2	13686	5.9811511303e+01
0	2814	5.9873472282e+01
0	6224	5.9888053364e+01
3	1599	5.9923192080e+01
3	3772	6.0101477183e+01
1	10350	6.0138442364e+01
0	2474	6.0264674670e+01
1	14809	6.0285563937e+01
1	13296	6.0305655953e+01
1	13998	6.0358924290e+01
0	10516	6.0468057354e+01
0	7030	6.0572746584e+01
1	10604	6.0581153211e+01
1	6665	6.0603339253e+01
3	14284	6.0618014644e+01
1	3168	6.0628551491e+01
1	5228	6.0978382177e+01
0	7949	6.1303294399e+01
0	11125	6.1570646407e+01
3	3318	6.1606535109e+01
3	1121	6.1734176026e+01
3	9677	6.1985917179e+01
3	10605	6.2029378383e+01
3	8220	6.2106958676e+01
2	2323	6.2147654825e+01
0	2932	6.2169689382e+01
2	4942	6.2230101249e+01
1	251	6.2315052097e+01
0	3910	6.2436491705e+01
3	6153	6.2496901432e+01
3	9686	6.2503405315e+01
2	14094	6.2541616355e+01
3	9461	6.2618698353e+01
2	1967	6.2641155537e+01
3	9674	6.2657957306e+01
2	10766	6.2810631548e+01
2	11678	6.2816175356e+01
3	8459	6.2991218418e+01
1	3520	6.3018581747e+01
1	7058	6.3241710335e+01
3	14392	6.3259582069e+01
3	5716	6.3278414226e+01
2	14194	6.3282071223e+01
0	2413	6.3285394430e+01
3	7075	6.3328866191e+01
1	14369	6.3331648187e+01
1	4383	6.3615207516e+01
3	4874	6.3689968953e+01
0	3201	6.3785982937e+01
3	7567	6.3798566810e+01
0	182	6.3816433403e+01
1	582	6.3977119425e+01
0	6109	6.4082834318e+01
0	7916	6.4100391758e+01
2	8863	6.4191472669e+01
3	5349	6.4288062073e+01
2	8693	6.4348326879e+01
1	7809	6.4406458740e+01
0	4014	6.4439985175e+01
1	14217	6.4454527815e+01
2	13062	6.4467026124e+01
2	162	6.4527559312e+01
1	10551	6.4578515716e+01
1	8053	6.4579098559e+01
3	13846	6.4804951237e+01
1	169	6.4850696560e+01
3	4160	6.4936268230e+01
1	6682	6.5087501138e+01
1	12519	6.5248650309e+01
3	11128	6.5310711349e+01
3	3021	6.5337524511e+01
0	13672	6.5399718841e+01
2	12565	6.5453253056e+01
0	13096	6.5453797168e+01
0	12591	6.5588238052e+01
3	4841	6.5727587673e+01
2	7136	6.5785577621e+01
2	11025	6.5813282304e+01
0	12722	6.5822490492e+01
1	2090	6.5848523269e+01
2	3723	6.6133833347e+01
0	4661	6.6160964556e+01
1	6115	6.6230041962e+01
3	14269	6.6276818786e+01
0	4787	6.6338708495e+01
1	4106	6.6400689403e+01
0	2693	6.6411638136e+01
3	3421	6.6483749188e+01
2	8560	6.6567474840e+01
1	13485	6.6612165201e+01
3	1638	6.6626568692e+01
0	10511	6.6686673918e+01
2	11599	6.6732657272e+01
2	9849	6.6734171527e+01
1	12321	6.6818451851e+01
1	8816	6.6888186944e+01
3	11712	6.7093633753e+01
1	5067	6.7200310838e+01
1	9096	6.7246618132e+01
0	8473	6.7391497086e+01
1	7966	6.7423017506e+01
1	1137	6.7450718946e+01
2	4333	6.7519751399e+01
1	7173	6.7521053931e+01
2	12680	6.7656624600e+01
3	7429	6.7678795111e+01
3	2932	6.7698510263e+01
1	13160	6.7760339267e+01
0	4696	6.7775734284e+01
1	12827	6.7891416229e+01
1	6433	6.8011653069e+01
2	5839	6.8141161187e+01
3	8679	6.8197386450e+01
1	11124	6.8211135423e+01
0	2077	6.8264551190e+01
3	2696	6.8369421871e+01
3	6176	6.8386087690e+01
1	3690	6.8421377416e+01
1	8638	6.8510065044e+01
1	6819	6.8577484337e+01
2	11744	6.8664432662e+01
0	8676	6.8773340366e+01
0	7712	6.8786224110e+01
1	14508	6.8788794459e+01
1	461	6.8804136265e+01
0	11281	6.8804649545e+01
0	6043	6.8820968180e+01
0	401	6.8990496259e+01
0	640	6.9008878221e+01
2	10053	6.9013880860e+01
3	14154	6.9023889533e+01
0	473	6.9084829952e+01
0	8505	6.9105340928e+01
2	4760	6.9310258053e+01
0	13640	6.9341880771e+01
2	8935	6.9508500286e+01
2	6319	6.9534755200e+01
3	3878	6.9579543503e+01
0	12276	6.9594305161e+01
0	6308	6.9604049635e+01
2	6227	6.9605563793e+01
3	2913	6.9620012434e+01
1	2091	6.9639180043e+01
1	10576	6.9658667852e+01
1	13742	6.9701032838e+01
1	7694	6.9709704764e+01
3	12349	6.9746730208e+01
3	9910	6.9761332824e+01
3	10274	6.9923931841e+01
3	1024	6.9970678961e+01
1	5297	7.0033487993e+01
1	6133	7.0297524232e+01
1	13845	7.0339416832e+01
1	6601	7.0430486474e+01
2	13852	7.0581386427e+01
0	5934	7.0588556372e+01
3	12934	7.0725375138e+01
2	10463	7.0766568237e+01
2	8724	7.0802246192e+01
2	4520	7.0881055193e+01
2	13760	7.0886281603e+01
2	11002	7.1047192347e+01
0	6079	7.1155202162e+01
2	12122	7.1221819973e+01
2	153	7.1555459146e+01
1	9117	7.1674324652e+01
3	9751	7.1799618470e+01
0	4087	7.1916570905e+01
0	8625	7.1939085218e+01
3	5313	7.1952747618e+01
3	10466	7.1970584738e+01
2	4213	7.2055126965e+01
1	2319	7.2140098300e+01
1	10625	7.2193259954e+01
1	14287	7.2248418145e+01
0	2790	7.2287622374e+01
2	5057	7.2312273926e+01
1	8667	7.2408429628e+01
3	951	7.2456753580e+01
3	8637	7.2514084901e+01
3	431	7.2635744829e+01
0	12554	7.2805452173e+01
2	7389	7.2870705150e+01
3	5580	7.2953119961e+01
0	3846	7.2977912788e+01
3	5953	7.3079668814e+01
1	1809	7.3143736915e+01
2	10768	7.3244374404e+01
1	11749	7.3269109802e+01
0	4946	7.3500920395e+01
0	3346	7.3583044668e+01
2	431	7.3615682899e+01
2	2226	7.3625545872e+01
1	7342	7.3673681119e+01
0	14338	7.3947060200e+01
0	76	7.4033941950e+01
1	1296	7.4058912775e+01
3	13988	7.4109387867e+01
2	8533	7.4147781443e+01
2	13110	7.4187490444e+01
0	5939	7.4205124549e+01
1	12850	7.4245142141e+01
1	5977	7.4254981397e+01
1	5600	7.4265199965e+01
3	11506	7.4339674890e+01
3	4264	7.4345098145e+01
3	10109	7.4351550589e+01
0	7621	7.4386744692e+01
2	7607	7.4489598709e+01
2	6877	7.4521420840e+01
1	7081	7.4613886707e+01
1	10822	7.4937035112e+01
0	4267	7.4968697262e+01
3	2799	7.5000351445e+01
0	13170	7.5073066862e+01
1	12061	7.5100777543e+01
3	8828	7.5102607015e+01
2	5422	7.5160856328e+01
3	10918	7.5235679619e+01
0	8682	7.5445031460e+01
0	7416	7.5548987831e+01
0	4674	7.5650088383e+01
1	3488	7.5724722869e+01
1	12382	7.5771558755e+01
2	1125	7.5787673193e+01
1	13153	7.5829573785e+01
2	681	7.5886467609e+01
2	8362	7.5933168960e+01
3	8362	7.6021203294e+01
0	2783	7.6043358941e+01
0	723	7.6064507666e+01
3	2674	7.6130991613e+01
1	2603	7.6152331775e+01
1	1816	7.6238302184e+01
3	6095	7.6290158558e+01
3	11693	7.6449683036e+01
1	8502	7.6450552757e+01
0	812	7.6788515230e+01
2	2293	7.6794303196e+01
1	1906	7.6878754126e+01
1	558	7.6964681540e+01
0	10530	7.7001321677e+01
0	10830	7.7060946027e+01
1	4514	7.7085115701e+01
3	8170	7.7129303640e+01
1	9774	7.7175013747e+01
2	1232	7.7341384011e+01
0	6918	7.7493183440e+01
0	4576	7.7531844511e+01
2	9762	7.7572163261e+01
0	8313	7.7611405626e+01
0	13828	7.7725018311e+01
0	12252	7.7731511798e+01
2	5964	7.7734989296e+01
1	13780	7.7836439483e+01
3	1534	7.7848417572e+01
1	12754	7.7859905618e+01
0	568	7.7933412199e+01
1	9216	7.8161411588e+01
3	7764	7.8300100173e+01
2	10629	7.8319724292e+01
0	3348	7.8339102266e+01
0	14136	7.8436529366e+01
2	4011	7.8533920512e+01
1	10367	7.8663392166e+01
1	7909	7.8676548460e+01
2	12162	7.8703337261e+01
1	5515	7.8819444341e+01
2	300	7.8833486338e+01
1	9233	7.8848546581e+01
1	2713	7.8888103597e+01
2	566	7.8891139130e+01
0	8239	7.9161719824e+01
2	8369	7.9205107382e+01
0	13240	7.9216324079e+01
0	6621	7.9251890896e+01
0	13924	7.9252385592e+01
2	3868	7.9376213371e+01
2	14032	7.9613782216e+01
1	5716	7.9671228466e+01
1	5799	7.9695600060e+01
0	6521	7.9847095137e+01
2	7100	7.9856037173e+01
0	6676	7.9876367940e+01
0	12493	7.9916844943e+01
2	4129	8.0118121369e+01
0	8115	8.0226079874e+01
1	2078	8.0456313921e+01
2	5613	8.0576616752e+01
1	892	8.0697989159e+01
1	5642	8.0741152228e+01
0	4204	8.0786112599e+01
3	8575	8.0847272267e+01
1	8128	8.0896837502e+01
0	11588	8.0929067804e+01
1	8902	8.0992755949e+01
1	11187	8.1004833604e+01
2	12297	8.1007278300e+01
2	2130	8.1255990826e+01
2	5733	8.1376662324e+01
2	6748	8.1394741766e+01
0	6451	8.1445062020e+01
1	8653	8.1453823280e+01
0	11991	8.1478968179e+01
1	13015	8.1494232350e+01
0	12748	8.1503287217e+01
0	13127	8.1598050276e+01
1	1156	8.1739538738e+01
2	6248	8.1780035601e+01
3	11441	8.1782433919e+01
1	10518	8.1820122579e+01
3	11419	8.1893939521e+01
0	402	8.1954616138e+01
1	95	8.2102606364e+01
0	10309	8.2120717068e+01
3	8496	8.2332428497e+01
1	13612	8.2477229713e+01
0	3018	8.2718564310e+01
2	10525	8.2737186516e+01
0	9156	8.2772127504e+01
0	13009	8.2779978013e+01
1	14827	8.2811065047e+01
1	14268	8.2848132300e+01
1	7213	8.2904977244e+01
1	316	8.2914813444e+01
1	13	8.2923222995e+01
0	4202	8.3011404963e+01
2	986	8.3084878090e+01
0	6093	8.3221536609e+01
0	4138	8.3269128802e+01
3	8158	8.3314208498e+01
1	1033	8.3340212677e+01
2	11561	8.3457588760e+01
1	11200	8.3555250040e+01
3	2670	8.3725024752e+01
0	337	8.3754435030e+01
3	4781	8.4075031865e+01
3	877	8.4196636380e+01
2	10453	8.4247940795e+01
0	11118	8.4282525073e+01
0	369	8.4316428278e+01
0	12592	8.4396908114e+01
0	6533	8.4421321195e+01
2	4134	8.4434845665e+01
0	10847	8.4452268921e+01
1	2910	8.4675788881e+01
3	8663	8.4684797775e+01
3	13209	8.4686568400e+01
2	5619	8.4706090628e+01
1	2943	8.4742135385e+01
2	6495	8.4753460375e+01
2	12914	8.4905632411e+01
2	135	8.5128959755e+01
3	4337	8.5146345956e+01
1	11717	8.5190841718e+01
1	9138	8.5237801517e+01
1	3249	8.5267843775e+01
3	10975	8.5271620760e+01
2	4960	8.5378079464e+01
0	3494	8.5544195640e+01
1	8891	8.5556230833e+01
1	1036	8.5591076134e+01
0	1524	8.5778511894e+01
1	8331	8.5785778330e+01
0	10856	8.5859190896e+01
0	7017	8.5873783397e+01
0	6168	8.5916532463e+01
1	11512	8.5990845695e+01
1	320	8.6033639041e+01
2	11233	8.6052145855e+01
1	1325	8.6065937004e+01
2	13592	8.6215677153e+01
2	4353	8.6228718215e+01
0	13654	8.6456897913e+01
2	4326	8.6531608293e+01
0	3282	8.6543866560e+01
1	2057	8.6597880780e+01
3	509	8.6617736349e+01
1	7264	8.6784537721e+01
2	2476	8.6924521093e+01
2	13304	8.6981999447e+01
3	9199	8.7042299653e+01
2	8001	8.7046957189e+01
1	3803	8.7244797695e+01
0	11180	8.7262889245e+01
0	6492	8.7264707415e+01
2	12674	8.7445239730e+01
2	10901	8.7523193563e+01
3	9705	8.7567253408e+01
0	4573	8.7609941205e+01
2	9089	8.7850202425e+01
0	13487	8.7855829941e+01
1	11961	8.7913850194e+01
3	4735	8.8006391610e+01
1	12172	8.8250539804e+01
2	1383	8.8392435449e+01
3	8310	8.8512172056e+01
2	5217	8.8547635772e+01
2	8589	8.8564883254e+01
2	10431	8.8668423697e+01
0	12873	8.8703834586e+01
1	1856	8.8790635571e+01
3	13886	8.8985955945e+01
2	8370	8.9032859654e+01
3	1955	8.9243982104e+01
0	9357	8.9261070864e+01
1	1457	8.9406566135e+01
1	4623	8.9409330576e+01
1	12466	8.9410942097e+01
3	9541	8.9489727163e+01
1	11522	8.9601184672e+01
3	1153	8.9641251637e+01
3	12731	9.0077323800e+01
0	12638	9.0085822341e+01
3	6645	9.0307723833e+01
3	2961	9.0352308619e+01
0	11181	9.0388139173e+01
1	3928	9.0421200255e+01
0	9087	9.0520542570e+01
0	9064	9.0557073390e+01
0	910	9.0664548807e+01
2	11892	9.0680078612e+01
1	12122	9.0774348279e+01
1	8088	9.0844482523e+01
2	6213	9.0913105238e+01
1	5469	9.0932966238e+01
3	13623	9.1105735220e+01
3	13778	9.1138279677e+01
0	1819	9.1162977351e+01
3	10815	9.1183471292e+01
0	5585	9.1195120073e+01
2	6006	9.1238300986e+01
1	5728	9.1286999486e+01
1	2494	9.2034623577e+01
0	12883	9.2274373569e+01
1	14027	9.2279644275e+01
2	6149	9.2304055929e+01
0	908	9.2316085760e+01
1	4591	9.2374022090e+01
1	1186	9.2521365492e+01
1	11251	9.2599999414e+01
0	14267	9.2885854678e+01
0	2094	9.3313738205e+01
2	9545	9.3368881721e+01
1	2935	9.3580105450e+01
0	6422	9.3709567952e+01
0	11612	9.3762110279e+01
1	762	9.3805469627e+01
3	4467	9.3920151631e+01
2	12795	9.3992054075e+01
1	2990	9.4129892049e+01
1	12018	9.4140886707e+01
2	2584	9.4175627285e+01
0	2371	9.4197438611e+01
1	6973	9.4233844044e+01
1	8292	9.4350920768e+01
3	6216	9.4429468538e+01
0	4865	9.4539022720e+01
2	2001	9.4737677441e+01
0	10841	9.4853009978e+01
0	9736	9.4879299971e+01
0	645	9.4944706858e+01
1	3491	9.4967284623e+01
0	9714	9.5093781120e+01
2	2052	9.5184125893e+01
2	7775	9.5198562122e+01
2	5225	9.5273560373e+01
2	6174	9.5404187783e+01
1	6525	9.5432864373e+01
2	2498	9.5456696095e+01
2	4625	9.5532793577e+01
1	39	9.5548570741e+01
3	12140	9.5570365787e+01
1	11928	9.5697575564e+01
1	9718	9.5740382119e+01
2	13218	9.5823969870e+01
1	5012	9.5884508712e+01
1	13419	9.6028679054e+01
1	9307	9.6035940567e+01
3	3721	9.6126562767e+01
2	1883	9.6175678118e+01
0	14291	9.6236081516e+01
2	11201	9.6306940662e+01
3	11536	9.6358415533e+01
2	275	9.6378256953e+01
2	7692	9.6438682084e+01
1	2367	9.6557016509e+01
3	7070	9.6724351083e+01
2	8593	9.6798505866e+01
3	474	9.6880613278e+01
2	2224	9.6932789092e+01
3	10584	9.7133142369e+01
2	4660	9.7227498007e+01
0	4874	9.7250741314e+01
2	1793	9.7359383039e+01
1	102	9.7403621406e+01
1	605	9.7483551656e+01
3	12845	9.7578706412e+01
3	636	9.7599647613e+01
3	6092	9.7712627499e+01
0	1118	9.7956939941e+01
2	10998	9.8049641615e+01
1	14620	9.8084315846e+01
2	8289	9.8163202185e+01
3	4484	9.8221538836e+01
0	4991	9.8303980666e+01
2	3184	9.8494826093e+01
0	693	9.8583560536e+01
1	1512	9.8718615645e+01
2	12768	9.8729270369e+01
0	9882	9.8807668803e+01
1	2573	9.8949718402e+01
3	1262	9.9162276165e+01
0	515	9.9275041138e+01
0	8647	9.9286076629e+01
3	9130	9.9450302533e+01
0	6551	9.9579792652e+01
1	5732	9.9658763646e+01
3	13179	9.9778359841e+01
2	3349	9.9804575891e+01
3	9185	9.9817986482e+01
3	9918	9.9895742871e+01
2	9852	1.0002318863e+02
1	4424	1.0019171710e+02
1	9656	1.0030456504e+02
2	14006	1.0035298292e+02
0	6588	1.0044647934e+02
3	3750	1.0049768685e+02
2	7534	1.0058119115e+02
1	983	1.0066112681e+02
1	13446	1.0097669438e+02
2	9366	1.0102982586e+02
3	9933	1.0112872821e+02
1	7944	1.0116975417e+02
3	4446	1.0122074289e+02
3	6721	1.0124437516e+02
0	1069	1.0133908463e+02
2	2998	1.0135908032e+02
1	7601	1.0148681308e+02
3	7789	1.0150458787e+02
3	3582	1.0163787105e+02
2	8625	1.0165478768e+02
3	9385	1.0179129650e+02
2	579	1.0196851483e+02
3	401	1.0202293703e+02
1	2074	1.0209713925e+02
1	12990	1.0217158305e+02
1	6077	1.0235315609e+02
2	5648	1.0241305542e+02
3	10530	1.0244586308e+02
3	2979	1.0252559905e+02
0	467	1.0255451820e+02
0	4671	1.0266704486e+02
0	8125	1.0268298302e+02
3	126	1.0270699437e+02
3	7837	1.0272303201e+02
3	806	1.0272927771e+02
2	8688	1.0275648621e+02
2	8299	1.0303808690e+02
0	11692	1.0307356254e+02
3	12713	1.0310116618e+02
1	4078	1.0311395687e+02
1	984	1.0325300908e+02
0	11710	1.0328134224e+02
0	169	1.0339750438e+02
1	5111	1.0354632352e+02
0	12742	1.0354657396e+02
1	14261	1.0367226402e+02
1	8507	1.0368791797e+02
1	7263	1.0374857067e+02
0	4692	1.0409093050e+02
0	582	1.0414209014e+02
0	9728	1.0418805112e+02
0	14056	1.0422764573e+02
1	7165	1.0431000314e+02
3	2350	1.0435386334e+02
2	7586	1.0458615963e+02
0	12769	1.0471250068e+02
0	4886	1.0496348786e+02
3	10457	1.0531585059e+02
0	8960	1.0535111789e+02
1	12896	1.0547103853e+02
2	13029	1.0548758752e+02
3	6744	1.0553384128e+02
2	4998	1.0559991289e+02
0	1684	1.0578603238e+02
3	9500	1.0592883902e+02
1	786	1.0605812970e+02
0	3132	1.0655998921e+02
2	7542	1.0658648446e+02
1	12192	1.0662471493e+02
0	8873	1.0687150390e+02
0	9992	1.0687798081e+02
3	6460	1.0714229947e+02
0	4203	1.0722156406e+02
0	12129	1.0723280278e+02
3	11824	1.0731003301e+02
0	2184	1.0753044098e+02
0	8863	1.0757662787e+02
0	9692	1.0759413026e+02
3	5537	1.0759894555e+02
2	9442	1.0783256813e+02
1	1542	1.0798190189e+02
1	13798	1.0805065343e+02
3	14473	1.0808586784e+02
0	4341	1.0824316339e+02
1	4050	1.0829375309e+02
2	3393	1.0832284816e+02
3	3986	1.0834242982e+02
2	4931	1.0849515886e+02
2	504	1.0868094445e+02
3	6273	1.0869893889e+02
3	2482	1.0879211755e+02
2	6791	1.0879788765e+02
3	1026	1.0882599348e+02
3	14339	1.0901873642e+02
0	11930	1.0920099468e+02
2	8921	1.0921047757e+02
2	8890	1.0925982666e+02
2	8835	1.0931809934e+02
3	1297	1.0932826973e+02
0	4840	1.0936066655e+02
1	7250	1.0959072722e+02
0	4076	1.0966154847e+02
1	2400	1.0974842785e+02
3	6453	1.0980560880e+02
1	10327	1.0981213711e+02
2	8909	1.0984443281e+02
2	12371	1.0992976247e+02
2	7301	1.1001087163e+02
3	4826	1.1002849860e+02
1	901	1.1011137422e+02
0	7042	1.1021096284e+02
2	10104	1.1038795331e+02
0	8477	1.1040791016e+02
1	2509	1.1042660772e+02
0	6715	1.1050452687e+02
0	9391	1.1064249904e+02
2	9453	1.1077412023e+02
0	4843	1.1082501397e+02
2	5046	1.1084485079e+02
1	14726	1.1091192070e+02
2	9680	1.1091372411e+02
0	8847	1.1093232820e+02
0	1776	1.1099547417e+02
2	7060	1.1124768025e+02
1	5480	1.1155510420e+02
3	9841	1.1156584424e+02
2	7634	1.1163713222e+02
1	2179	1.1172026610e+02
1	7612	1.1184580926e+02
0	5105	1.1202031069e+02
1	9356	1.1212214803e+02
3	561	1.1223074752e+02
3	10802	1.1231787410e+02
2	11437	1.1253961049e+02
3	5842	1.1262301956e+02
2	10605	1.1272620845e+02
2	4265	1.1274071155e+02
3	12607	1.1279352972e+02
1	2092	1.1285573537e+02
1	122	1.1291164009e+02
0	7021	1.1292000468e+02
1	2625	1.1295734512e+02
0	7490	1.1299437990e+02
1	14912	1.1299960620e+02
2	732	1.1302099950e+02
2	11553	1.1312286690e+02
1	11942	1.1313772041e+02
3	3035	1.1320788227e+02
1	520	1.1338638012e+02
0	10513	1.1341346979e+02
1	3083	1.1346924240e+02
1	5995	1.1348065087e+02
2	12548	1.1348818517e+02
1	3998	1.1350773078e+02
1	1815	1.1354607018e+02
0	5311	1.1362576909e+02
2	5764	1.1372412243e+02
3	10338	1.1375860243e+02
3	7058	1.1388277660e+02
2	12206	1.1391404134e+02
2	3255	1.1396414065e+02
2	1377	1.1402103741e+02
0	2125	1.1426869141e+02
3	14505	1.1430483470e+02
1	13685	1.1435499197e+02
0	13682	1.1436041632e+02
2	880	1.1439512314e+02
2	4003	1.1446372639e+02
3	4827	1.1456420029e+02
1	5615	1.1465390557e+02
1	10383	1.1478549837e+02
1	5367	1.1493066862e+02
0	10823	1.1509168675e+02
2	5587	1.1520432127e+02
3	4739	1.1521283411e+02
2	1034	1.1525216288e+02
1	4900	1.1559317716e+02
1	11828	1.1565436083e+02
1	6264	1.1597044608e+02
3	10103	1.1608188285e+02
2	4350	1.1616564993e+02
0	13442	1.1616863995e+02
3	9223	1.1619537225e+02
1	4572	1.1626634321e+02
3	3050	1.1628300615e+02
3	34	1.1628811650e+02
3	10952	1.1634352305e+02
3	9649	1.1656917311e+02
2	7470	1.1672926507e+02
2	8964	1.1676625189e+02
2	5738	1.1683221571e+02
0	12797	1.1683437967e+02
0	8779	1.1686983245e+02
1	11419	1.1694239326e+02
2	4866	1.1698097934e+02
3	2029	1.1699674260e+02
0	5788	1.1711187354e+02
3	10315	1.1716851926e+02
2	8051	1.1721500305e+02
1	3908	1.1721664282e+02
0	14344	1.1722518733e+02
0	9504	1.1737864086e+02
3	7640	1.1758656437e+02
1	9724	1.1772901071e+02
0	11945	1.1784051068e+02
3	8006	1.1786642782e+02
1	13328	1.1802488719e+02
3	7504	1.1807086731e+02
2	9846	1.1815242231e+02
2	7386	1.1836552859e+02
3	9251	1.1836775761e+02
1	5714	1.1846434772e+02
0	7087	1.1847045586e+02
0	1772	1.1853076998e+02
0	9748	1.1853669381e+02
0	10588	1.1854140526e+02
3	4667	1.1875686524e+02
3	2492	1.1880064976e+02
0	11071	1.1884633446e+02
2	1671	1.1886252025e+02
1	1668	1.1889925761e+02
3	5868	1.1891782943e+02
0	1209	1.1912206577e+02
0	13892	1.1928090688e+02
2	7792	1.1928740876e+02
1	2162	1.1934294901e+02
0	12154	1.1939853379e+02
1	2758	1.1950005757e+02
2	13544	1.1952569538e+02
0	13791	1.1967900051e+02
3	2889	1.1991066349e+02
1	12707	1.2002889040e+02
2	6840	1.2004869142e+02
1	9432	1.2014372276e+02
1	12509	1.2055559851e+02
2	9073	1.2063246690e+02
2	8714	1.2069065122e+02
0	3725	1.2087364579e+02
0	11898	1.2111065385e+02
0	12099	1.2164855370e+02
1	8909	1.2166882547e+02
3	2175	1.2172647449e+02
1	2334	1.2172984520e+02
3	12522	1.2176274086e+02
3	10945	1.2199168846e+02
1	10902	1.2217287682e+02
0	933	1.2218057652e+02
2	3703	1.2220671862e+02
3	14291	1.2224788880e+02
2	10080	1.2225323315e+02
0	10622	1.2232865190e+02
2	6738	1.2267702951e+02
2	9695	1.2267954936e+02
2	1791	1.2277428090e+02
2	2952	1.2284177659e+02
1	1598	1.2288067586e+02
3	13126	1.2310841896e+02
1	12882	1.2319539161e+02
3	7673	1.2338915698e+02
1	12209	1.2343285912e+02
2	5452	1.2351185413e+02
1	6959	1.2351700106e+02
3	5374	1.2357135451e+02
2	7574	1.2363716697e+02
0	7600	1.2363880898e+02
3	11212	1.2372296169e+02
2	12685	1.2374334752e+02
0	11355	1.2377173821e+02
3	2302	1.2390080585e+02
1	4894	1.2393086378e+02
2	14204	1.2393982630e+02
1	3587	1.2433128098e+02
1	3502	1.2436564384e+02
2	12384	1.2438812297e+02
0	7012	1.2448049832e+02
0	7409	1.2475915907e+02
0	306	1.2477817724e+02
3	1766	1.2480139192e+02
1	4600	1.2486220064e+02
3	6082	1.2501991613e+02
0	7757	1.2504574877e+02
1	4971	1.2530704871e+02
1	3418	1.2531735956e+02
3	8974	1.2535283337e+02
1	1012	1.2538761018e+02
3	11331	1.2545777049e+02
2	9738	1.2545908610e+02
1	12185	1.2554983500e+02
2	4592	1.2584565241e+02
1	4736	1.2586012678e+02
3	12410	1.2592689357e+02
0	1442	1.2597756343e+02
1	6327	1.2604745257e+02
2	9823	1.2623189677e+02
0	14118	1.2634992323e+02
0	9973	1.2640141436e+02
3	14320	1.2647695888e+02
0	2162	1.2647771822e+02
1	11511	1.2649723169e+02
0	12506	1.2652187667e+02
0	3751	1.2656799013e+02
2	3121	1.2657867224e+02
2	6073	1.2684599053e+02
0	10361	1.2687844361e+02
0	9824	1.2695889986e+02
1	11052	1.2716554305e+02
2	7487	1.2718312919e+02
2	13573	1.2727975082e+02
2	7713	1.2730714322e+02
0	10872	1.2739201088e+02
1	11878	1.2746005398e+02
0	9726	1.2750579487e+02
2	3872	1.2754516630e+02
2	13463	1.2760876766e+02
0	2721	1.2778587192e+02
2	13106	1.2785119331e+02
3	11889	1.2795465007e+02
3	7978	1.2804088728e+02
0	4490	1.2804588574e+02
2	3954	1.2822185715e+02
1	2163	1.2835525988e+02
3	9187	1.2838103094e+02
1	3471	1.2857983250e+02
2	6579	1.2862434979e+02
1	13764	1.2873145707e+02
2	6082	1.2874639002e+02
1	1885	1.2879805562e+02
3	10143	1.2885076325e+02
0	14366	1.2914817843e+02
2	8233	1.2915661906e+02
3	3117	1.2924986694e+02
2	11130	1.2928860778e+02
2	8386	1.2930203504e+02
0	5284	1.2932674214e+02
0	253	1.2932809595e+02
2	12987	1.2940376911e+02
2	11504	1.2945603103e+02
3	8480	1.2945828926e+02
0	10639	1.2954122900e+02
1	6795	1.2963284468e+02
0	2169	1.2973969393e+02
3	1724	1.2987507355e+02
0	5609	1.2998694966e+02
3	4445	1.3001362954e+02
1	21	1.3024797432e+02
0	1021	1.3026949400e+02
3	13031	1.3035361953e+02
3	1446	1.3040787826e+02
2	8207	1.3044898402e+02
2	321	1.3052935961e+02
1	4432	1.3060948764e+02
1	2592	1.3090245447e+02
1	960	1.3091967137e+02
3	10954	1.3109541995e+02
3	14128	1.3109572026e+02
1	11002	1.3112225240e+02
0	2422	1.3141927345e+02
0	1407	1.3148983131e+02
3	13848	1.3157822120e+02
0	2411	1.3164575990e+02
0	9410	1.3166631081e+02
1	109	1.3169711598e+02
3	9891	1.3172613317e+02
1	6861	1.3198812917e+02
3	4935	1.3201450627e+02
1	1813	1.3223387392e+02
0	3970	1.3233805793e+02
1	8187	1.3239597339e+02
1	10469	1.3253154067e+02
3	8532	1.3263736255e+02
2	6162	1.3274595449e+02
3	13897	1.3282518004e+02
1	2944	1.3304277342e+02
1	7192	1.3308772947e+02
3	9235	1.3332489190e+02
0	7717	1.3337133480e+02
3	11017	1.3337750204e+02
2	10748	1.3345894256e+02
1	3973	1.3362099597e+02
3	4893	1.3364464651e+02
0	6571	1.3364935691e+02
0	8449	1.3381722439e+02
3	145	1.3421926394e+02
2	2079	1.3425702863e+02
0	11553	1.3452077158e+02
3	4771	1.3460895022e+02
1	10933	1.3496266609e+02
3	418	1.3507298730e+02
0	3522	1.3560601311e+02
0	809	1.3564119098e+02
0	8584	1.3578542766e+02
1	8046	1.3622448177e+02
0	9875	1.3629071527e+02
1	14751	1.3644961926e+02
2	888	1.3646561306e+02
3	7262	1.3660220477e+02
0	4963	1.3676731647e+02
3	11345	1.3699774195e+02
2	12999	1.3702856215e+02
2	13025	1.3710318529e+02
3	13997	1.3711636135e+02
2	10149	1.3719202811e+02
0	10679	1.3729467778e+02
0	6886	1.3735053109e+02
1	4472	1.3747836732e+02
1	7759	1.3754670395e+02
1	7444	1.3767650369e+02
3	408	1.3783327181e+02
0	6502	1.3791576276e+02
0	2907	1.3801835943e+02
1	6980	1.3808252494e+02
2	8508	1.3826051918e+02
2	13187	1.3828698777e+02
1	3838	1.3832072386e+02
1	10293	1.3845719227e+02
0	2134	1.3851025957e+02
3	11865	1.3855107314e+02
0	8279	1.3878134892e+02
3	4243	1.3878742429e+02
2	4320	1.3883982056e+02
1	2951	1.3919085785e+02
2	12143	1.3929670404e+02
2	2342	1.3930671102e+02
3	6366	1.3932090864e+02
2	11491	1.3933259297e+02
2	6571	1.3958980138e+02
3	2140	1.3960942438e+02
0	13490	1.3963454257e+02
0	6862	1.3980186005e+02
3	1217	1.3995490359e+02
2	2846	1.4006267084e+02
1	8849	1.4023465067e+02
1	9153	1.4035342879e+02
3	13204	1.4038061114e+02
0	978	1.4056299639e+02
3	9232	1.4064203973e+02
1	4832	1.4064874691e+02
2	3105	1.4097256612e+02
2	4929	1.4102226599e+02
0	10712	1.4108964442e+02
2	9494	1.4113895812e+02
1	1308	1.4121197295e+02
1	5781	1.4122295535e+02
2	941	1.4126605434e+02
2	9381	1.4127157142e+02
2	3556	1.4146369533e+02
1	6458	1.4150448555e+02
3	5814	1.4154630089e+02
3	2643	1.4155764051e+02
0	12286	1.4157978549e+02
3	13676	1.4158145637e+02
1	1927	1.4160171320e+02
0	13105	1.4181681705e+02
1	6671	1.4183248177e+02
0	12184	1.4205464180e+02
1	11588	1.4210969911e+02
0	2516	1.4221478860e+02
1	10792	1.4242583214e+02
2	1746	1.4244681110e+02
1	7666	1.4260754363e+02
2	5124	1.4288287803e+02
3	9172	1.4316380605e+02
0	7630	1.4323211305e+02
3	8307	1.4328100930e+02
2	14219	1.4354591317e+02
2	3007	1.4371157568e+02
3	3981	1.4374183008e+02
0	12583	1.4380528543e+02
0	2237	1.4393540883e+02
2	10148	1.4394221652e+02
2	4535	1.4394522915e+02
1	13957	1.4397546175e+02
2	4407	1.4399209000e+02
2	2395	1.4426205001e+02
0	5850	1.4452365497e+02
1	4007	1.4472080025e+02
2	7240	1.4477991413e+02
2	7225	1.4487248448e+02
0	9445	1.4495168139e+02
3	12788	1.4510686904e+02
0	13256	1.4523075778e+02
0	40	1.4527520635e+02
2	7450	1.4529657725e+02
0	7023	1.4530042716e+02
0	2240	1.4563088335e+02
3	13413	1.4568635932e+02
1	9468	1.4569858014e+02
2	9100	1.4591753912e+02
3	11905	1.4664476373e+02
2	448	1.4664612993e+02
2	10001	1.4670170739e+02
0	6905	1.4670703814e+02
3	4940	1.4682011974e+02
2	8713	1.4688991293e+02
1	2236	1.4695144016e+02
3	1608	1.4699197824e+02
2	8785	1.4702494370e+02
0	8859	1.4715013099e+02
2	14072	1.4716946587e+02
2	14151	1.4720167643e+02
0	3294	1.4725001308e+02
1	2964	1.4725195520e+02
1	5780	1.4730539866e+02
2	2455	1.4734237831e+02
0	7125	1.4765720423e+02
3	8947	1.4769394779e+02
1	7978	1.4774700386e+02
0	7845	1.4779988131e+02
1	2562	1.4798538095e+02
3	2388	1.4810109443e+02
3	6215	1.4815278294e+02
2	3802	1.4823148375e+02
2	5426	1.4834691987e+02
3	2264	1.4844498452e+02
0	12315	1.4845501190e+02
0	8677	1.4849567508e+02
2	12133	1.4852095519e+02
3	8757	1.4866747508e+02
1	7453	1.4888693680e+02
1	5677	1.4895108151e+02
0	13366	1.4905266462e+02
1	7055	1.4927450257e+02
2	11083	1.4927460402e+02
0	8539	1.4941250000e+02
1	14718	1.4956262530e+02
2	1508	1.4978858760e+02
1	4871	1.4999470368e+02
0	14093	1.5015896554e+02
1	4589	1.5032330484e+02
2	3992	1.5044908820e+02
1	7979	1.5056045753e+02
0	13731	1.5120655949e+02
1	7734	1.5134012657e+02
2	7977	1.5139094199e+02
2	6783	1.5143845883e+02
1	6253	1.5154452287e+02
3	4799	1.5186510186e+02
1	1369	1.5192497853e+02
0	856	1.5199898887e+02
1	11087	1.5204585598e+02
3	9753	1.5213324805e+02
1	10447	1.5224742197e+02
0	13031	1.5234322413e+02
0	5923	1.5239726390e+02
2	4459	1.5267653811e+02
2	5207	1.5290323044e+02
0	4050	1.5301383324e+02
3	12101	1.5328659108e+02
3	8687	1.5339265527e+02
3	11680	1.5350136681e+02
0	12899	1.5353463652e+02
2	7008	1.5363478340e+02
2	4799	1.5365635947e+02
0	2219	1.5385432479e+02
2	14037	1.5387972222e+02
1	309	1.5393310985e+02
1	2206	1.5404397806e+02
1	1985	1.5404778512e+02
1	11760	1.5414650764e+02
1	9821	1.5424577270e+02
3	12841	1.5439927239e+02
2	7473	1.5477153470e+02
2	3869	1.5492316056e+02
2	12414	1.5492372493e+02
2	14068	1.5498273897e+02
2	6698	1.5510355444e+02
2	2626	1.5514449062e+02
0	2242	1.5520156489e+02
2	3164	1.5523401212e+02
0	12197	1.5523923599e+02
2	7089	1.5526858115e+02
1	6107	1.5529518353e+02
1	13618	1.5536382597e+02
0	2643	1.5537728170e+02
3	6277	1.5544103751e+02
3	6921	1.5553439478e+02
0	3234	1.5555476328e+02
1	3776	1.5563114689e+02
2	9437	1.5568959788e+02
2	4610	1.5583136338e+02
1	1560	1.5586643980e+02
1	12561	1.5596921576e+02
0	1663	1.5606618145e+02
2	13981	1.5612329865e+02
1	3812	1.5619225445e+02
1	2844	1.5623271267e+02
0	2407	1.5625902787e+02
1	12373	1.5626219433e+02
0	1796	1.5629829048e+02
2	1693	1.5631580194e+02
3	4901	1.5641938937e+02
3	9845	1.5651251641e+02
0	7867	1.5661886039e+02
3	6789	1.5670678006e+02
2	12725	1.5674615784e+02
0	8993	1.5703168502e+02
1	2300	1.5703766722e+02
1	5961	1.5710810341e+02
3	11223	1.5721013144e+02
0	8162	1.5727994204e+02
1	10849	1.5730340095e+02
0	2505	1.5760392729e+02
0	551	1.5771232888e+02
2	1281	1.5789972449e+02
0	1086	1.5791477011e+02
2	9860	1.5798741149e+02
1	9064	1.5811622942e+02
1	4358	1.5812838905e+02
0	4515	1.5818858641e+02
3	9033	1.5839724917e+02
3	4783	1.5841442271e+02
1	14528	1.5847700926e+02
3	8722	1.5859866305e+02
0	9291	1.5861134426e+02
1	8117	1.5869231130e+02
1	13228	1.5906842112e+02
0	3800	1.5907042494e+02
2	2857	1.5910375664e+02
3	8326	1.5913926324e+02
2	11187	1.5922214380e+02
0	3933	1.5927228602e+02
1	2393	1.5947181042e+02
3	9796	1.5982097094e+02
3	7930	1.5993210768e+02
0	5832	1.5994173025e+02
2	1175	1.6031413206e+02
2	691	1.6033103061e+02
2	502	1.6059454985e+02
3	12565	1.6062444090e+02
2	4968	1.6153738568e+02
3	1797	1.6187670968e+02
2	10835	1.6216995501e+02
3	7063	1.6218334062e+02
2	12181	1.6233843823e+02
0	1300	1.6236135284e+02
3	1791	1.6239429192e+02
1	6505	1.6241159783e+02
2	6177	1.6257156478e+02
2	12506	1.6261255429e+02
3	12501	1.6264365643e+02
3	7035	1.6273075700e+02
2	12532	1.6273678005e+02
1	7029	1.6277800640e+02
1	3177	1.6292952036e+02
2	5747	1.6296238715e+02
3	10214	1.6339193259e+02
3	10677	1.6352914107e+02
2	1321	1.6374916353e+02
1	9400	1.6377626421e+02
0	13678	1.6380778756e+02
3	7138	1.6386305188e+02
1	7369	1.6426007826e+02
2	6239	1.6434711479e+02
1	1641	1.6442058486e+02
0	8501	1.6444391069e+02
0	4245	1.6458474221e+02
2	5979	1.6463717346e+02
1	305	1.6465656489e+02
1	3230	1.6488923950e+02
1	4314	1.6493557849e+02
1	7751	1.6497230139e+02
2	6188	1.6508664622e+02
3	3989	1.6513702118e+02
2	7928	1.6517118343e+02
3	3764	1.6518184436e+02
2	8741	1.6519091182e+02
0	7921	1.6519416330e+02
3	4125	1.6524334074e+02
2	11615	1.6534449424e+02
0	8129	1.6541958029e+02
2	1814	1.6582572798e+02
2	2430	1.6598956229e+02
3	9573	1.6610686673e+02
1	1879	1.6617350299e+02
1	3552	1.6639687393e+02
1	4014	1.6645202013e+02
3	7239	1.6651282234e+02
0	11140	1.6651388891e+02
1	13690	1.6653454246e+02
0	6069	1.6658962797e+02
3	5358	1.6664311927e+02
0	11410	1.6671186854e+02
0	8748	1.6687114465e+02
0	7695	1.6697605345e+02
2	3807	1.6702654670e+02
1	70	1.6711231806e+02
3	4577	1.6735487149e+02
3	1784	1.6740508492e+02
0	2583	1.6744494637e+02
1	3742	1.6751553543e+02
3	7979	1.6766075785e+02
2	329	1.6774883538e+02
0	10650	1.6786386139e+02
3	3365	1.6789751966e+02
0	12275	1.6804160069e+02
1	12107	1.6805511446e+02
1	5883	1.6813322452e+02
0	8037	1.6817153719e+02
2	7254	1.6826097903e+02
2	9904	1.6828691581e+02
1	4608	1.6861911834e+02
3	6933	1.6865214691e+02
0	10478	1.6880248796e+02
2	6828	1.6889953309e+02
2	6892	1.6898792588e+02
2	5090	1.6902032148e+02
3	8076	1.6925957595e+02
3	11917	1.6928321360e+02
3	6731	1.6957119130e+02
2	11250	1.6970630332e+02
1	8626	1.6972439348e+02
3	10789	1.6974155266e+02
0	7400	1.6996468437e+02
1	13559	1.7003277105e+02
2	10613	1.7017935649e+02
3	13359	1.7020433644e+02
0	12212	1.7033990690e+02
1	10677	1.7049147783e+02
2	5874	1.7066451106e+02
3	13748	1.7068477521e+02
1	822	1.7070703703e+02
1	5377	1.7072302155e+02
2	5247	1.7081624491e+02
3	12763	1.7087368078e+02
0	12692	1.7092646663e+02
2	7417	1.7096207388e+02
2	9482	1.7130604383e+02
0	13905	1.7169626967e+02
3	4389	1.7172900131e+02
1	5879	1.7209227135e+02
3	8112	1.7238367608e+02
1	11407	1.7243077850e+02
0	7831	1.7259334907e+02
3	11043	1.7263167466e+02
0	1799	1.7309979648e+02
0	12527	1.7323376466e+02
1	10125	1.7323662406e+02
2	14003	1.7324675773e+02
3	81	1.7329112779e+02
1	3918	1.7335613612e+02
1	13321	1.7340635702e+02
3	5883	1.7385378335e+02
2	6486	1.7395077155e+02
2	7767	1.7405843581e+02
1	11258	1.7414228904e+02
2	2158	1.7415463612e+02
3	11046	1.7428611089e+02
1	6511	1.7454640616e+02
0	9533	1.7470202882e+02
1	2762	1.7492175172e+02
1	2602	1.7494299695e+02
1	6498	1.7503083630e+02
1	18	1.7519078050e+02
0	2757	1.7530105535e+02
3	4374	1.7533048483e+02
2	9888	1.7534389916e+02
1	14720	1.7541107037e+02
3	2632	1.7552987248e+02
2	11582	1.7555280486e+02
3	12861	1.7636044537e+02
0	4472	1.7636724314e+02
1	7086	1.7654341552e+02
1	5956	1.7658227966e+02
0	3549	1.7660215297e+02
0	12774	1.7663073811e+02
2	8136	1.7665088111e+02
3	6418	1.7670685615e+02
3	13430	1.7671798281e+02
3	6204	1.7698877569e+02
3	13969	1.7705499197e+02
1	10780	1.7705612036e+02
2	660	1.7711606470e+02
0	2019	1.7758392610e+02
0	2892	1.7767367088e+02
2	9544	1.7794140935e+02
1	10481	1.7794267685e+02
1	3677	1.7817040541e+02
1	13164	1.7818757450e+02
0	11346	1.7821541819e+02
3	13599	1.7824738804e+02
1	12538	1.7838115431e+02
2	3053	1.7846185764e+02
1	2651	1.7860558066e+02
2	5878	1.7867386206e+02
3	9406	1.7880996920e+02
2	9455	1.7888081434e+02
3	9871	1.7910896343e+02
1	10836	1.7943997461e+02
2	1367	1.7952423668e+02
0	4667	1.7958047903e+02
1	2124	1.7984246460e+02
2	3826	1.7999516877e+02
1	13955	1.8005102440e+02
1	2835	1.8032189152e+02
2	12919	1.8033304328e+02
3	8004	1.8057208534e+02
3	4508	1.8066483242e+02
1	5541	1.8080697863e+02
1	5022	1.8095915199e+02
3	3511	1.8100108054e+02
2	4949	1.8147871791e+02
3	5209	1.8151013390e+02
2	11800	1.8161555027e+02
2	10672	1.8167640461e+02
2	13406	1.8188277783e+02
2	3731	1.8188735375e+02
0	8123	1.8234325086e+02
0	13983	1.8241814681e+02
1	3047	1.8242232294e+02
0	1179	1.8254824074e+02
1	11793	1.8278764292e+02
1	8419	1.8286334809e+02
0	1227	1.8297299374e+02
1	4532	1.8315523747e+02
2	11856	1.8326258647e+02
1	11205	1.8338102104e+02
0	8140	1.8376075787e+02
1	12808	1.8382256045e+02
1	10943	1.8400943014e+02
2	2346	1.8405167076e+02
1	12058	1.8435497967e+02
1	1630	1.8441625341e+02
3	11677	1.8446248589e+02
0	9120	1.8461396677e+02
1	13057	1.8468704558e+02
0	13560	1.8469182102e+02
3	8227	1.8471938675e+02
3	6362	1.8476255237e+02
1	1345	1.8486024087e+02
3	5483	1.8505343880e+02
0	682	1.8506948929e+02
0	13276	1.8517234667e+02
2	3881	1.8540875728e+02
2	4175	1.8548990448e+02
0	6629	1.8566936751e+02
1	12743	1.8594364665e+02
2	13609	1.8608997295e+02
1	11069	1.8633505602e+02
2	5704	1.8640706568e+02
1	13154	1.8643119691e+02
1	9514	1.8672443660e+02
1	6414	1.8675088127e+02
1	4800	1.8684031543e+02
1	10562	1.8684769552e+02
3	5513	1.8686536734e+02
3	7629	1.8691467588e+02
3	11063	1.8695625189e+02
3	8984	1.8697040943e+02
2	2531	1.8697393689e+02
2	13114	1.8729481329e+02
0	5173	1.8742167526e+02
1	14597	1.8764539280e+02
3	1708	1.8807015928e+02
3	7943	1.8807916439e+02
1	13639	1.8813627640e+02
0	2248	1.8825202402e+02
0	13357	1.8860734780e+02
1	13739	1.8863041646e+02
2	12182	1.8863749348e+02
2	5980	1.8870281071e+02
2	11897	1.8876175768e+02
3	10316	1.8902404289e+02
3	13330	1.8912587787e+02
1	14254	1.8914313627e+02
3	3316	1.8943217793e+02
3	3630	1.9004737830e+02
1	14055	1.9005052746e+02
0	5710	1.9013897513e+02
1	6755	1.9028662118e+02
1	10572	1.9037701392e+02
0	14229	1.9046578805e+02
3	2131	1.9051056692e+02
3	8232	1.9053076265e+02
3	11307	1.9056255136e+02
3	12716	1.9072540005e+02
1	5770	1.9076465159e+02
0	1235	1.9078192205e+02
3	7059	1.9095562188e+02
2	7740	1.9103695095e+02
2	1083	1.9115163154e+02
3	12887	1.9115801637e+02
2	8911	1.9118443097e+02
1	920	1.9128009840e+02
3	12620	1.9134616281e+02
0	5622	1.9138801481e+02
3	5924	1.9166201745e+02
1	6848	1.9185080770e+02
0	13812	1.9195980161e+02
2	1717	1.9196537110e+02
1	5509	1.9235681037e+02
2	1812	1.9255000551e+02
0	1513	1.9269356218e+02
3	10959	1.9269656587e+02
2	5590	1.9274266890e+02
2	12054	1.9284282214e+02
2	3847	1.9299134262e+02
2	6225	1.9300489870e+02
3	7562	1.9307373213e+02
0	3162	1.9314529337e+02
3	10480	1.9323894943e+02
2	8077	1.9351646603e+02
0	12856	1.9358477418e+02
2	8535	1.9363529547e+02
2	1062	1.9367582474e+02
2	10667	1.9372229814e+02
3	5663	1.9395016893e+02
3	14067	1.9404690987e+02
2	1181	1.9427541938e+02
0	14315	1.9445647744e+02
3	1206	1.9467672192e+02
2	7559	1.9476563798e+02
2	454	1.9486489122e+02
3	6139	1.9492311258e+02
1	8804	1.9513776946e+02
2	9024	1.9521468790e+02
1	3624	1.9543775043e+02
3	7989	1.9544715744e+02
1	10273	1.9574277973e+02
3	10377	1.9575878835e+02
2	3786	1.9580252990e+02
2	10199	1.9586326134e+02
0	4464	1.9652282020e+02
3	13231	1.9666745508e+02
3	14177	1.9672650554e+02
0	3211	1.9676534315e+02
1	2581	1.9679567729e+02
1	8163	1.9708281352e+02
1	13424	1.9711172784e+02
1	4177	1.9715774952e+02
0	1959	1.9735246814e+02
3	2234	1.9782694698e+02
2	13313	1.9789634218e+02
3	1047	1.9790956419e+02
1	4060	1.9795942083e+02
3	2439	1.9808081656e+02
3	3361	1.9812964462e+02
1	11718	1.9818105277e+02
2	7798	1.9818836992e+02
0	9591	1.9863370073e+02
1	3205	1.9879657493e+02
2	13221	1.9893487328e+02
0	695	1.9948079621e+02
0	1768	1.9950803999e+02
3	4478	1.9970866476e+02
0	8134	1.9990459368e+02
3	1337	2.0012760082e+02
3	3962	2.0015976432e+02
3	11911	2.0042617656e+02
3	14543	2.0058348208e+02
1	11032	2.0071399524e+02
1	11934	2.0093512983e+02
0	12328	2.0111976277e+02
1	1948	2.0135925260e+02
0	7095	2.0152085521e+02
3	4026	2.0156516138e+02
0	10289	2.0160455494e+02
0	11394	2.0210785822e+02
0	6576	2.0238103092e+02
2	2399	2.0239097411e+02
0	12514	2.0258713837e+02
3	9419	2.0307744620e+02
3	1826	2.0346776294e+02
1	8798	2.0354472960e+02
3	7071	2.0378434450e+02
0	5895	2.0401111225e+02
3	8477	2.0421029273e+02
2	10443	2.0427394836e+02
2	3823	2.0441379534e+02
0	6910	2.0457119088e+02
0	10406	2.0458601530e+02
0	5808	2.0471141064e+02
1	11129	2.0478776434e+02
2	6535	2.0509800697e+02
3	8527	2.0523253576e+02
2	751	2.0544507935e+02
0	10069	2.0546629270e+02
0	6618	2.0547033051e+02
0	7654	2.0549673781e+02
1	724	2.0551832335e+02
2	3935	2.0558034275e+02
0	8538	2.0591653348e+02
0	8379	2.0608549219e+02
3	8788	2.0615143769e+02
3	7819	2.0620924900e+02
3	5437	2.0623843867e+02
0	8876	2.0642991414e+02
2	2972	2.0645667646e+02
2	409	2.0647479799e+02
1	3870	2.0660252962e+02
1	3348	2.0663960441e+02
2	621	2.0681192386e+02
0	4085	2.0687249569e+02
1	3792	2.0696289944e+02
0	8341	2.0703891964e+02
2	8653	2.0725538716e+02
3	13264	2.0758558307e+02
0	5369	2.0789259154e+02
3	2260	2.0810654758e+02
3	2122	2.0834054183e+02
0	7294	2.0835416133e+02
0	881	2.0849276279e+02
2	6661	2.0855347965e+02
3	5514	2.0912983246e+02
3	2007	2.0921998253e+02
1	12092	2.0933592796e+02
0	8423	2.0950618441e+02
0	54	2.0964706442e+02
2	5336	2.0969269691e+02
0	4819	2.0983546868e+02
3	13260	2.1000129107e+02
1	14513	2.1001528148e+02
1	7579	2.1004165491e+02
0	4373	2.1024055962e+02
1	14161	2.1024725361e+02
2	11900	2.1055393701e+02
1	12691	2.1056057179e+02
0	8209	2.1071144485e+02
2	403	2.1083329775e+02
1	9929	2.1085299633e+02
0	11131	2.1088666392e+02
3	1614	2.1090487640e+02
2	5794	2.1092980557e+02
2	1758	2.1103040493e+02
1	1527	2.1108181586e+02
0	7998	2.1108499604e+02
3	2465	2.1110419786e+02
3	4700	2.1155028320e+02
2	7817	2.1155874641e+02
0	4900	2.1167616602e+02
1	8425	2.1172835204e+02
0	3440	2.1183752764e+02
2	5852	2.1186585392e+02
2	12823	2.1190330272e+02
0	13992	2.1212786283e+02
3	12180	2.1217376299e+02
2	11266	2.1231420387e+02
1	11559	2.1243788010e+02
1	6744	2.1244497486e+02
1	5960	2.1245423473e+02
1	1534	2.1254117495e+02
0	13184	2.1259255821e+02
1	691	2.1280688518e+02
2	8514	2.1281529074e+02
2	11857	2.1283224101e+02
1	799	2.1301214109e+02
3	4258	2.1303200288e+02
3	12366	2.1325073165e+02
0	1370	2.1327699476e+02
3	6834	2.1336658450e+02
1	6297	2.1360941415e+02
3	1805	2.1365575745e+02
0	686	2.1383800968e+02
2	1068	2.1408574837e+02
0	7181	2.1434819565e+02
3	5169	2.1447473320e+02
1	3077	2.1452401204e+02
2	11890	2.1461406774e+02
3	10665	2.1462018816e+02
0	9477	2.1473756445e+02
0	3028	2.1488941076e+02
3	11466	2.1518123154e+02
0	3757	2.1523562129e+02
0	11032	2.1537396273e+02
2	7110	2.1557220115e+02
3	11100	2.1565583408e+02
3	5845	2.1569323381e+02
1	9178	2.1593307714e+02
2	2385	2.1594381556e+02
0	2247	2.1596987743e+02
2	12260	2.1621148911e+02
3	5088	2.1623841624e+02
0	10788	2.1625981366e+02
3	158	2.1626645554e+02
2	7715	2.1628118115e+02
1	6254	2.1636027520e+02
2	7734	2.1646546083e+02
3	7324	2.1661094837e+02
0	3058	2.1682420347e+02
2	117	2.1686058548e+02
2	1005	2.1724982668e+02
3	5895	2.1740524920e+02
0	11792	2.1749909627e+02
2	2623	2.1768919903e+02
1	3377	2.1779794578e+02
2	13701	2.1781112872e+02
1	537	2.1781540092e+02
3	11014	2.1785165591e+02
2	4222	2.1786542716e+02
2	10334	2.1793061387e+02
1	14615	2.1804260093e+02
2	2488	2.1809362347e+02
0	2037	2.1839139877e+02
3	2846	2.1880722143e+02
0	1793	2.1888030331e+02
2	11687	2.1895523614e+02
3	1084	2.1917349861e+02
3	9422	2.1920142880e+02
2	13011	2.1946053491e+02
0	9349	2.1960537271e+02
3	6853	2.1996719054e+02
2	8643	2.2011885817e+02
3	2880	2.2019027038e+02
2	723	2.2020867761e+02
3	13299	2.2046798501e+02
1	11547	2.2051978552e+02
2	13196	2.2058533456e+02
0	2041	2.2059696453e+02
0	9455	2.2061979861e+02
1	4980	2.2068371748e+02
0	8799	2.2081240396e+02
1	5259	2.2101610002e+02
2	1578	2.2103611462e+02
1	14883	2.2110645348e+02
1	12006	2.2113454726e+02
1	11682	2.2114701195e+02
0	7821	2.2171891889e+02
0	9329	2.2173850420e+02
3	14560	2.2182273542e+02
3	7944	2.2194393062e+02
1	5588	2.2202431566e+02
3	5338	2.2242874455e+02
3	9950	2.2248584259e+02
1	11674	2.2249033416e+02
3	11819	2.2260719717e+02
3	13766	2.2300381882e+02
0	12887	2.2323309870e+02
3	9767	2.2331165656e+02
1	10166	2.2340086848e+02
2	8262	2.2343641358e+02
3	3755	2.2344897451e+02
1	12144	2.2345406328e+02
0	13603	2.2351647450e+02
2	6363	2.2387198005e+02
1	8286	2.2390161850e+02
1	5952	2.2454005600e+02
0	643	2.2501766183e+02
3	5281	2.2527578778e+02
0	11857	2.2529345330e+02
1	14580	2.2547554234e+02
1	9049	2.2598414968e+02
0	13159	2.2610337486e+02
2	5437	2.2621634377e+02
2	7873	2.2627816062e+02
1	11629	2.2652282078e+02
1	173	2.2663410080e+02
2	13952	2.2697315686e+02
0	11392	2.2697916407e+02
1	5115	2.2708787143e+02
2	7838	2.2739366628e+02
0	8678	2.2744368839e+02
2	7905	2.2748638555e+02
3	13108	2.2761965172e+02
2	3606	2.2787701210e+02
1	598	2.2788627141e+02
2	9041	2.2791423806e+02
0	7461	2.2851357910e+02
1	5325	2.2868675714e+02
0	3338	2.2902094777e+02
1	997	2.2910399237e+02
2	10270	2.2917212993e+02
2	86	2.2959473724e+02
1	1584	2.3007981700e+02
0	419	2.3011592099e+02
2	13167	2.3014936744e+02
1	4641	2.3032975263e+02
3	5661	2.3069580278e+02
3	10286	2.3108027085e+02
1	8592	2.3132387671e+02
2	9880	2.3167045943e+02
2	8073	2.3181205157e+02
2	8963	2.3191805861e+02
2	13818	2.3209009177e+02
1	13923	2.3222881275e+02
3	8424	2.3223117199e+02
3	7890	2.3238262848e+02
1	2576	2.3240571482e+02
3	6819	2.3257431933e+02
0	6728	2.3273262377e+02
1	2223	2.3295720821e+02
2	9061	2.3319797780e+02
1	3862	2.3323743958e+02
3	2137	2.3328159943e+02
3	1881	2.3393024397e+02
0	1026	2.3456592154e+02
0	13026	2.3458146711e+02
3	1276	2.3464474770e+02
1	4448	2.3487641089e+02
0	12121	2.3504251649e+02
2	8715	2.3553215589e+02
3	13600	2.3570216571e+02
3	3114	2.3584534745e+02
3	11573	2.3588797955e+02
2	11470	2.3594475331e+02
1	6492	2.3614784349e+02
0	5334	2.3614799612e+02
0	817	2.3665198228e+02
1	4533	2.3725600774e+02
0	12758	2.3729351598e+02
1	12936	2.3749157452e+02
0	1146	2.3753284150e+02
3	4833	2.3788951710e+02
0	371	2.3802859396e+02
1	5184	2.3837172287e+02
1	13339	2.3904981393e+02
2	3319	2.3924265278e+02
0	4388	2.3925289097e+02
1	5005	2.3925586998e+02
2	10293	2.3929915431e+02
3	1173	2.3934795170e+02
3	3489	2.3935600176e+02
3	10307	2.3940861057e+02
3	13587	2.3964908738e+02
1	4694	2.3972601705e+02
3	9611	2.3983597302e+02
2	13072	2.4000812690e+02
3	1471	2.4022383494e+02
3	11268	2.4032822946e+02
1	13141	2.4050892098e+02
0	531	2.4069801010e+02
2	7091	2.4116942645e+02
1	6935	2.4118234779e+02
1	14733	2.4124248824e+02
1	12854	2.4130135541e+02
2	11024	2.4176002360e+02
0	6669	2.4182719003e+02
0	5183	2.4190069141e+02
2	1882	2.4201856860e+02
1	12904	2.4249543281e+02
3	10431	2.4259962903e+02
3	3834	2.4260894170e+02
2	1148	2.4284087403e+02
3	53	2.4284939303e+02
3	7357	2.4285625273e+02
0	9452	2.4306416674e+02
1	508	2.4312678440e+02
3	8237	2.4349278116e+02
0	11761	2.4387881986e+02
0	3708	2.4401791006e+02
2	11421	2.4416769707e+02
0	2815	2.4434650662e+02
3	1810	2.4458915872e+02
1	8747	2.4489694509e+02
2	2299	2.4504456723e+02
1	3317	2.4540455230e+02
2	11439	2.4587934613e+02
1	10217	2.4606241567e+02
3	3761	2.4609826475e+02
1	6231	2.4610598283e+02
0	5256	2.4639438490e+02
2	456	2.4678093717e+02
2	8049	2.4729872567e+02
0	4229	2.4741866337e+02
1	6299	2.4752361268e+02
2	4150	2.4760979803e+02
2	13968	2.4811210344e+02
2	2985	2.4849812513e+02
2	3248	2.4849880742e+02
1	11012	2.4879719493e+02
1	13734	2.4901044393e+02
2	6584	2.4912751228e+02
3	10733	2.4917241988e+02
2	9976	2.4925047530e+02
3	13520	2.4925840689e+02
0	11743	2.4926958336e+02
3	10772	2.4934120831e+02
3	5990	2.4935010703e+02
0	7114	2.4937833380e+02
3	13667	2.4973006318e+02
0	13788	2.5010999736e+02
1	4713	2.5023311906e+02
3	9902	2.5026931880e+02
3	1280	2.5073875001e+02
0	9326	2.5113746709e+02
3	13444	2.5134430741e+02
2	3080	2.5147525515e+02
1	8353	2.5155875087e+02
2	3766	2.5156540157e+02
0	8483	2.5160892266e+02
3	4734	2.5171337399e+02
1	14102	2.5198426399e+02
0	3740	2.5211308887e+02
2	434	2.5219427343e+02
1	623	2.5222043923e+02
0	3291	2.5258425413e+02
2	3359	2.5266346751e+02
2	9681	2.5268201112e+02
1	1060	2.5269052311e+02
3	11347	2.5304534707e+02
1	7803	2.5314394650e+02
2	3859	2.5316153804e+02
1	12223	2.5321203589e+02
3	9264	2.5384793699e+02
1	9362	2.5387717838e+02
3	3469	2.5391507305e+02
1	13211	2.5408495437e+02
1	9619	2.5414715108e+02
2	8119	2.5431201399e+02
3	13857	2.5435622793e+02
0	746	2.5439394314e+02
3	14414	2.5465377564e+02
0	12810	2.5482854965e+02
0	13052	2.5493123234e+02
0	1535	2.5499540421e+02
0	432	2.5510481278e+02
2	4809	2.5515102917e+02
1	5951	2.5520869425e+02
2	3630	2.5527036556e+02
1	11158	2.5544463093e+02
1	11521	2.5560743649e+02
2	12883	2.5568171370e+02
0	14185	2.5568623908e+02
0	7913	2.5597451286e+02
0	6205	2.5627570874e+02
1	9430	2.5630639904e+02
0	11973	2.5673191478e+02
1	11439	2.5675209273e+02
0	13030	2.5686651126e+02
3	12927	2.5691441004e+02
0	2627	2.5718603014e+02
0	9826	2.5740255382e+02
0	2708	2.5761712372e+02
2	1768	2.5768498841e+02
3	12246	2.5811511744e+02
1	3311	2.5819604324e+02
2	12682	2.5827195489e+02
3	6233	2.5836122448e+02
0	12648	2.5846402049e+02
0	7781	2.5857727235e+02
2	6722	2.5880121086e+02
3	3320	2.5887687373e+02
0	8943	2.5943533422e+02
2	11236	2.5956631569e+02
2	2680	2.5963454394e+02
2	6652	2.5965816880e+02
2	1634	2.5996127758e+02
2	13120	2.6007512183e+02
2	10976	2.6008087143e+02
1	7088	2.6008210335e+02
3	10519	2.6018072994e+02
3	1424	2.6020520984e+02
2	12136	2.6021906423e+02
0	10955	2.6060262775e+02
1	669	2.6065866866e+02
1	8099	2.6127561052e+02
1	11613	2.6131641236e+02
3	9580	2.6140171047e+02
3	7602	2.6146004182e+02
3	12744	2.6147515893e+02
2	6257	2.6173400694e+02
0	110	2.6196841509e+02
0	9817	2.6213998772e+02
1	8061	2.6231457671e+02
2	176	2.6253776190e+02
1	12305	2.6255254214e+02
2	8529	2.6271232867e+02
0	1483	2.6274273127e+02
2	13151	2.6274976191e+02
0	7514	2.6275386211e+02
0	9298	2.6295935924e+02
1	1718	2.6318750494e+02
2	4910	2.6335248680e+02
3	5637	2.6338797895e+02
2	10287	2.6343383008e+02
3	13595	2.6365638563e+02
1	10522	2.6369227685e+02
2	1174	2.6371047591e+02
1	6260	2.6422687038e+02
1	7066	2.6457013809e+02
1	8590	2.6478050738e+02
1	5238	2.6491214789e+02
3	1113	2.6514730285e+02
3	6764	2.6528822364e+02
0	8152	2.6547779400e+02
3	10539	2.6560567746e+02
3	8140	2.6604222161e+02
2	9409	2.6614261145e+02
3	265	2.6624464177e+02
0	12219	2.6644605301e+02
0	6019	2.6678235280e+02
1	5279	2.6689510149e+02
0	24	2.6690029233e+02
2	6327	2.6697583549e+02
0	6979	2.6720568041e+02
1	5016	2.6726052037e+02
2	589	2.6833097048e+02
2	10820	2.6843090399e+02
2	5715	2.6867914937e+02
2	5940	2.6869814359e+02
1	5697	2.6944503881e+02
1	1758	2.6948209545e+02
0	6412	2.6958776775e+02
3	7958	2.6960458736e+02
0	11192	2.6972813296e+02
1	10240	2.6985406917e+02
0	5343	2.6991655162e+02
3	11274	2.7024676734e+02
1	13303	2.7039667438e+02
2	8421	2.7056893922e+02
2	5180	2.7072176605e+02
1	13014	2.7079709251e+02
3	10255	2.7097900426e+02
1	12189	2.7133517287e+02
2	1775	2.7135548806e+02
1	9387	2.7165367895e+02
1	7130	2.7166322915e+02
0	8612	2.7207813981e+02
1	1683	2.7230757493e+02
1	5702	2.7241795409e+02
2	6457	2.7243849284e+02
3	5453	2.7295027859e+02
2	10627	2.7297217390e+02
0	7082	2.7331014406e+02
0	14179	2.7342513672e+02
3	5446	2.7352409771e+02
1	1008	2.7408762932e+02
0	9877	2.7431659429e+02
1	8102	2.7477262357e+02
0	8696	2.7496076292e+02
3	12152	2.7519739881e+02
3	12220	2.7538392757e+02
3	9505	2.7548884003e+02
1	7957	2.7585546916e+02
2	5762	2.7590715872e+02
0	3067	2.7605828281e+02
3	167	2.7669648561e+02
1	10244	2.7695295552e+02
1	1177	2.7699443487e+02
0	10615	2.7708408351e+02
1	11363	2.7724965246e+02
2	10117	2.7732337825e+02
3	10567	2.7739252304e+02
2	72	2.7748041854e+02
3	10113	2.7765466970e+02
0	5716	2.7767632114e+02
1	5660	2.7783616802e+02
0	3381	2.7789283014e+02
3	3306	2.7814424048e+02
0	2648	2.7818525094e+02
1	3007	2.7885934462e+02
1	5892	2.7887298233e+02
0	12647	2.7903897153e+02
1	7559	2.7927506438e+02
0	5549	2.7943764555e+02
3	14256	2.7944836788e+02
3	6037	2.7958530519e+02
3	11879	2.7960706498e+02
3	2639	2.7996480724e+02
3	9546	2.8013811854e+02
2	8316	2.8087816338e+02
0	5538	2.8093238762e+02
1	8273	2.8123108510e+02
2	1119	2.8138254432e+02
2	9931	2.8158762252e+02
3	14419	2.8161888746e+02
0	13800	2.8164568050e+02
2	10856	2.8216895035e+02
2	9619	2.8226585283e+02
2	2926	2.8239376450e+02
2	11298	2.8258019756e+02
1	9694	2.8269751582e+02
1	2622	2.8274883321e+02
0	6295	2.8292279396e+02
3	14183	2.8294746470e+02
2	11100	2.8307837977e+02
2	4233	2.8314030289e+02
2	9981	2.8317102100e+02
2	8582	2.8365807516e+02
1	1986	2.8372411653e+02
2	7552	2.8375837860e+02
3	12671	2.8389993867e+02
0	7077	2.8396988150e+02
1	9270	2.8398477057e+02
1	11782	2.8437622654e+02
3	13565	2.8487361826e+02
1	14657	2.8493515504e+02
0	8206	2.8518602754e+02
1	13196	2.8524739329e+02
1	6557	2.8572857876e+02
0	68	2.8585358819e+02
1	9787	2.8599750469e+02
3	9402	2.8602107366e+02
2	1953	2.8665123769e+02
0	10183	2.8724990311e+02
1	11441	2.8771187427e+02
3	4736	2.8802103439e+02
2	5511	2.8823874722e+02
1	9582	2.8833083437e+02
3	3077	2.8851043116e+02
3	11376	2.8856015639e+02
0	11039	2.8868110029e+02
1	7754	2.8879290744e+02
0	9600	2.8879401339e+02
1	12483	2.8893329351e+02
2	1294	2.8918234964e+02
0	1723	2.8923065132e+02
3	12909	2.8928971305e+02
1	7215	2.8929202148e+02
0	2104	2.8955804666e+02
2	11881	2.8958671520e+02
2	6100	2.8959196643e+02
2	1463	2.8962301132e+02
1	9581	2.9002075362e+02
3	4305	2.9048879885e+02
2	2054	2.9077990898e+02
3	13547	2.9114477978e+02
2	7079	2.9116604875e+02
3	12842	2.9124926402e+02
0	10519	2.9149646667e+02
0	9191	2.9150577086e+02
2	50	2.9214266923e+02
2	11778	2.9221913229e+02
1	7660	2.9243119648e+02
2	4280	2.9247131729e+02
3	6796	2.9247371037e+02
3	3367	2.9250578777e+02
3	10917	2.9268704508e+02
3	5114	2.9276244100e+02
3	13844	2.9280149524e+02
0	5413	2.9302553012e+02
3	10921	2.9323978947e+02
3	4330	2.9364658132e+02
0	4783	2.9372108981e+02
1	397	2.9373428860e+02
0	12127	2.9391341569e+02
0	6846	2.9403782333e+02
1	365	2.9407616019e+02
3	3241	2.9411887470e+02
3	6631	2.9413743959e+02
2	11096	2.9463958341e+02
1	1757	2.9487967187e+02
2	8172	2.9509911181e+02
3	7131	2.9531538768e+02
3	14491	2.9577111570e+02
0	12913	2.9637811626e+02
0	10320	2.9661907987e+02
1	11290	2.9677276122e+02
0	14227	2.9691382934e+02
0	8485	2.9736314440e+02
3	14050	2.9761842566e+02
1	2591	2.9782959506e+02
2	14138	2.9821253426e+02
3	1553	2.9835065420e+02
3	13242	2.9835463016e+02
2	10237	2.9900783779e+02
2	10994	2.9916790230e+02
3	12114	2.9920293302e+02
1	257	2.9948460501e+02
0	12987	2.9953490399e+02
2	4548	2.9956333408e+02
3	3927	3.0003022710e+02
1	2528	3.0012797261e+02
2	11009	3.0063392379e+02
1	12769	3.0064665365e+02
0	9000	3.0066272263e+02
1	7421	3.0072568920e+02
3	124	3.0095460157e+02
3	7781	3.0132895744e+02
0	9305	3.0142994557e+02
3	1600	3.0153668159e+02
0	1004	3.0181321775e+02
0	12261	3.0197344904e+02
0	11639	3.0208417800e+02
1	3964	3.0220306152e+02
2	2656	3.0227095365e+02
3	7096	3.0256602856e+02
2	5420	3.0263437671e+02
0	10207	3.0264356460e+02
1	6429	3.0278576140e+02
1	2899	3.0290607135e+02
2	12148	3.0294841193e+02
3	900	3.0309387353e+02
3	2420	3.0349040727e+02
3	14314	3.0433306431e+02
0	5906	3.0537891228e+02
3	8189	3.0539784847e+02
3	14122	3.0577064165e+02
1	9219	3.0593213068e+02
3	8495	3.0651085741e+02
2	5897	3.0723829428e+02
0	3106	3.0724299251e+02
1	3882	3.0737602301e+02
0	8420	3.0765452917e+02
3	12146	3.0765847735e+02
3	3308	3.0802654076e+02
2	12720	3.0811894754e+02
3	7415	3.0843816174e+02
0	3570	3.0853760618e+02
3	5621	3.0903420452e+02
1	11987	3.0938082381e+02
3	13907	3.0939979800e+02
3	44	3.0955417665e+02
2	5842	3.0958217904e+02
0	10642	3.0958894439e+02
3	11482	3.0963063858e+02
2	13516	3.0979533091e+02
2	541	3.0987312736e+02
1	4269	3.1015440721e+02
1	9067	3.1017757464e+02
0	10911	3.1019545941e+02
2	11404	3.1056290677e+02
1	7056	3.1060330656e+02
1	13091	3.1083037368e+02
1	1812	3.1105503998e+02
0	3821	3.1136072824e+02
2	7765	3.1139851357e+02
2	10865	3.1153311068e+02
2	9183	3.1193965836e+02
3	909	3.1219121617e+02
2	8089	3.1228015482e+02
0	11120	3.1230715100e+02
1	8407	3.1277454627e+02
1	10040	3.1288806282e+02
3	7838	3.1314711862e+02
0	560	3.1315197477e+02
1	13343	3.1351097214e+02
0	9977	3.1353881127e+02
2	10455	3.1367794755e+02
0	4035	3.1399786765e+02
1	5083	3.1431797814e+02
3	10370	3.1432889284e+02
1	12829	3.1436243649e+02
0	3077	3.1454026049e+02
2	2005	3.1481014953e+02
3	13119	3.1602943430e+02
3	9121	3.1660329556e+02
2	2210	3.1790549374e+02
2	8836	3.1795989623e+02
3	10874	3.1802431852e+02
3	904	3.1831414460e+02
0	14357	3.1844021017e+02
2	8359	3.1858864972e+02
1	7916	3.1879790643e+02
3	1438	3.1934599821e+02
3	11773	3.1938774473e+02
2	9294	3.1970595266e+02
2	5257	3.2016443145e+02
1	4587	3.2099999351e+02
1	10700	3.2122348477e+02
3	1168	3.2131210738e+02
0	6349	3.2138450543e+02
0	12712	3.2197303145e+02
0	9528	3.2217171636e+02
0	11087	3.2224142550e+02
3	1884	3.2243729714e+02
0	6463	3.2255774872e+02
2	9774	3.2266893854e+02
1	981	3.2287292672e+02
0	1694	3.2341426946e+02
3	6239	3.2391140892e+02
2	13978	3.2413858245e+02
1	3130	3.2485704527e+02
3	1154	3.2502909830e+02
1	4685	3.2522748876e+02
2	9723	3.2525347893e+02
0	6037	3.2537997803e+02
2	10048	3.2622734995e+02
3	7321	3.2654657722e+02
3	3199	3.2684257113e+02
0	8012	3.2692998227e+02
3	10823	3.2696109091e+02
3	11679	3.2724074309e+02
1	12362	3.2826759947e+02
2	9153	3.2860781693e+02
3	14564	3.2866752625e+02
2	8799	3.2913367597e+02
0	6296	3.2919817051e+02
0	889	3.2924216133e+02
3	197	3.2971823428e+02
1	2318	3.3005264555e+02
2	4033	3.3034213358e+02
2	12498	3.3038452414e+02
3	717	3.3054736706e+02
3	4558	3.3060254593e+02
1	4869	3.3105237198e+02
2	4871	3.3115490589e+02
2	2807	3.3152678178e+02
0	599	3.3156160612e+02
2	7768	3.3166523122e+02
2	2673	3.3174091602e+02
1	5984	3.3182916974e+02
2	10216	3.3241282977e+02
3	10599	3.3272321003e+02
2	3113	3.3286522584e+02
2	9996	3.3310949597e+02
2	5158	3.3337130440e+02
3	10027	3.3362490405e+02
1	1646	3.3444672579e+02
2	6530	3.3459205089e+02
2	9049	3.3487877982e+02
2	7	3.3555274739e+02
3	4332	3.3576944224e+02
2	11270	3.3617619976e+02
2	13219	3.3629416563e+02
0	14260	3.3631019477e+02
1	7682	3.3631162566e+02
0	13766	3.3644527114e+02
1	10896	3.3735090444e+02
1	14324	3.3735200165e+02
2	12356	3.3773622485e+02
3	10939	3.3782253763e+02
1	12646	3.3854526570e+02
3	6447	3.3898101697e+02
1	9470	3.3935890545e+02
0	85	3.4077030821e+02
1	6418	3.4099031594e+02
1	5635	3.4122569139e+02
3	8045	3.4129761727e+02
1	7877	3.4133815160e+02
0	14155	3.4137976335e+02
0	5714	3.4157043544e+02
2	5591	3.4157160340e+02
2	7338	3.4183127698e+02
3	9344	3.4253222134e+02
3	13847	3.4318025824e+02
1	7261	3.4337028890e+02
1	6569	3.4341601896e+02
2	1764	3.4364399849e+02
3	7304	3.4375768780e+02
1	8716	3.4412307625e+02
1	2288	3.4428503847e+02
0	4054	3.4436577768e+02
2	7962	3.4509474742e+02
0	6733	3.4515686154e+02
2	12611	3.4521166128e+02
2	4354	3.4530616454e+02
0	7384	3.4531284365e+02
0	11517	3.4543925605e+02
2	167	3.4560912838e+02
2	13245	3.4566724988e+02
0	9562	3.4576873598e+02
2	7427	3.4612927893e+02
2	12401	3.4621510072e+02
1	869	3.4626550904e+02
2	13726	3.4665215368e+02
1	13516	3.4714323436e+02
2	10892	3.4716719237e+02
0	5044	3.4728676649e+02
0	9159	3.4827889173e+02
3	13391	3.4834826456e+02
3	8356	3.4866119046e+02
3	10977	3.4928838880e+02
0	13611	3.4951513253e+02
3	1531	3.4987813136e+02
0	10552	3.5044259989e+02
0	9237	3.5054288119e+02
1	13151	3.5060303893e+02
1	3795	3.5091037418e+02
3	1565	3.5129439789e+02
0	1876	3.5201086779e+02
2	3543	3.5289827592e+02
3	2217	3.5345994705e+02
0	1760	3.5351669861e+02
2	6517	3.5411663030e+02
1	12880	3.5412231745e+02
0	5270	3.5413442366e+02
1	10172	3.5423767658e+02
3	13402	3.5429134147e+02
2	9795	3.5460622003e+02
2	5793	3.5476165557e+02
1	13097	3.5488235307e+02
1	4423	3.5537445461e+02
0	3693	3.5620270405e+02
0	1137	3.5627539986e+02
3	3876	3.5656701314e+02
0	4838	3.5662361379e+02
0	1387	3.5663345618e+02
0	10103	3.5667508030e+02
2	5297	3.5704198547e+02
2	5013	3.5714462303e+02
2	13962	3.5726426434e+02
0	947	3.5772152585e+02
3	12730	3.5774283723e+02
1	2232	3.5779435398e+02
1	13604	3.5786703063e+02
1	9363	3.5788617100e+02
2	9177	3.5809292532e+02
3	5073	3.5813095980e+02
0	7094	3.5818255940e+02
3	6281	3.5820573255e+02
1	1805	3.5829419610e+02
0	9922	3.5845399951e+02
2	8550	3.5858362742e+02
2	5919	3.5880193644e+02
0	6630	3.5957986109e+02
3	130	3.5967025036e+02
1	10739	3.5968107223e+02
3	3720	3.5972397734e+02
2	11019	3.5977316903e+02
2	5667	3.5989661203e+02
3	651	3.6007459013e+02
3	8560	3.6009970095e+02
2	6165	3.6049668198e+02
2	12505	3.6160709890e+02
2	5564	3.6231014976e+02
3	4187	3.6239038261e+02
0	11573	3.6254206065e+02
2	2122	3.6304621123e+02
2	9259	3.6324079861e+02
3	9660	3.6348458459e+02
1	12364	3.6353357997e+02
3	9247	3.6368985984e+02
0	1716	3.6379138555e+02
2	13998	3.6380549598e+02
0	8513	3.6386145140e+02
2	2150	3.6394848994e+02
0	8351	3.6412428040e+02
1	2933	3.6417816257e+02
3	9539	3.6424521894e+02
1	7616	3.6431864234e+02
2	12125	3.6445338356e+02
0	5620	3.6445961130e+02
0	11348	3.6495824492e+02
0	9683	3.6563868420e+02
1	11667	3.6575810023e+02
3	253	3.6599457374e+02
0	3607	3.6646523215e+02
2	9731	3.6682789324e+02
1	12370	3.6688149320e+02
3	10729	3.6702242144e+02
3	14344	3.6713807350e+02
2	11684	3.6730758643e+02
3	179	3.6748516695e+02
3	13435	3.6752825918e+02
0	1182	3.6787852138e+02
1	144	3.6810853263e+02
3	6112	3.6849443644e+02
1	5422	3.6918341163e+02
3	6772	3.6926970972e+02
0	1025	3.6928175719e+02
2	13645	3.6935380622e+02
0	3297	3.6974184831e+02
1	3158	3.7011993226e+02
3	3175	3.7091858903e+02
3	12147	3.7120490216e+02
0	489	3.7157958178e+02
1	10759	3.7191679084e+02
2	10959	3.7282310317e+02
1	8044	3.7296513426e+02
1	6123	3.7299533647e+02
3	6532	3.7305371001e+02
3	10712	3.7318771716e+02
0	1395	3.7360763865e+02
1	8176	3.7360879504e+02
1	5097	3.7402957913e+02
1	10438	3.7421666079e+02
2	13518	3.7460156827e+02
1	2798	3.7503919128e+02
3	2758	3.7521056840e+02
1	13949	3.7555489616e+02
2	7405	3.7569036397e+02
2	316	3.7573633358e+02
1	12159	3.7639410182e+02
0	13567	3.7670591118e+02
3	4643	3.7670830586e+02
2	1783	3.7673598711e+02
1	9483	3.7770923249e+02
3	11357	3.7829086329e+02
0	7902	3.7842778961e+02
1	11977	3.7845007600e+02
3	5978	3.7889582476e+02
1	4352	3.7927509074e+02
2	7435	3.7943973329e+02
1	5849	3.7951702049e+02
0	6923	3.7966286898e+02
0	8532	3.7974444896e+02
3	9928	3.7999878333e+02
2	8795	3.8052006445e+02
0	14211	3.8056848834e+02
2	12447	3.8073960787e+02
1	14121	3.8146103041e+02
3	2792	3.8177884778e+02
0	5046	3.8184735268e+02
2	10659	3.8185347882e+02
3	11468	3.8195231306e+02
3	3967	3.8224036302e+02
3	2648	3.8265639556e+02
3	1194	3.8307748750e+02
3	9689	3.8312817070e+02
3	13697	3.8342675761e+02
3	12488	3.8348672489e+02
3	9640	3.8354049041e+02
1	5742	3.8384113362e+02
1	12890	3.8393064262e+02
2	3346	3.8415318194e+02
0	1099	3.8421602083e+02
2	9268	3.8537608268e+02
3	9944	3.8563931060e+02
3	11036	3.8597880748e+02
3	2494	3.8659538341e+02
0	2735	3.8694721848e+02
3	5199	3.8748733514e+02
3	13784	3.8761468086e+02
3	1342	3.8774380121e+02
0	5571	3.8838492157e+02
3	490	3.8875127560e+02
1	14129	3.8875839747e+02
0	9911	3.8897718543e+02
2	11235	3.8977276534e+02
0	1765	3.9013966863e+02
2	6555	3.9049144289e+02
3	1230	3.9069099447e+02
1	9168	3.9070300098e+02
2	2951	3.9091444079e+02
3	1045	3.9116062011e+02
3	11300	3.9126932315e+02
0	748	3.9219033409e+02
3	4747	3.9227690793e+02
3	11260	3.9261825712e+02
0	8661	3.9390338781e+02
1	9299	3.9430560511e+02
1	9872	3.9432186670e+02
3	5474	3.9471761209e+02
3	9828	3.9475582310e+02
1	7256	3.9480277099e+02
0	4961	3.9557125671e+02
3	12940	3.9586047798e+02
2	9296	3.9621747027e+02
2	11309	3.9631027795e+02
2	3662	3.9720205895e+02
0	8893	3.9721314084e+02
0	14140	3.9728248026e+02
3	87	3.9742083093e+02
0	7969	3.9745752140e+02
2	7019	3.9769198659e+02
3	8632	3.9823800208e+02
1	8063	3.9872186920e+02
2	2032	3.9880283007e+02
3	2931	3.9919904587e+02
0	11497	3.9941972404e+02
1	4328	3.9946104453e+02
0	11611	3.9986708149e+02
1	11594	4.0037523175e+02
2	1441	4.0053932218e+02
1	7124	4.0071999067e+02
2	12146	4.0135746601e+02
3	9790	4.0145905507e+02
0	12985	4.0194133879e+02
3	7683	4.0231586509e+02
2	6601	4.0260702760e+02
0	10885	4.0320071497e+02
1	1810	4.0347331518e+02
3	4447	4.0367828646e+02
3	10117	4.0374224075e+02
0	8815	4.0394360788e+02
3	10634	4.0447863390e+02
2	7016	4.0489483298e+02
2	8769	4.0571111942e+02
0	5915	4.0595729198e+02
3	4134	4.0662917682e+02
1	2114	4.0675817492e+02
3	9340	4.0677930471e+02
1	9112	4.0679605001e+02
1	2972	4.0728411780e+02
0	13300	4.0732493426e+02
0	4361	4.0820278676e+02
3	10044	4.0845966479e+02
3	8238	4.0886220161e+02
0	8771	4.1019546803e+02
1	3398	4.1023734882e+02
2	11929	4.1050624530e+02
1	8516	4.1070597127e+02
3	1682	4.1125015851e+02
2	960	4.1135186471e+02
1	13237	4.1151972107e+02
0	9725	4.1200022105e+02
1	7501	4.1219164985e+02
0	547	4.1220562539e+02
3	5108	4.1226305172e+02
0	11129	4.1230261910e+02
3	582	4.1243226810e+02
1	2375	4.1287614492e+02
2	12892	4.1299479528e+02
2	3950	4.1309606253e+02
0	9160	4.1320479256e+02
0	13164	4.1347738715e+02
3	9317	4.1384480143e+02
3	9681	4.1396448020e+02
0	9831	4.1444242376e+02
2	12436	4.1451143754e+02
3	9087	4.1462025504e+02
1	4270	4.1478726708e+02
3	10601	4.1492733668e+02
2	4210	4.1505555417e+02
1	361	4.1505557713e+02
3	12193	4.1510098747e+02
0	1713	4.1515762673e+02
3	8545	4.1525424961e+02
2	7242	4.1527675167e+02
3	2707	4.1652523020e+02
0	2103	4.1673869979e+02
3	13007	4.1676897733e+02
3	5476	4.1724622414e+02
1	7935	4.1733728307e+02
2	6254	4.1746805264e+02
2	13604	4.1785227674e+02
0	4266	4.1807834995e+02
0	871	4.1814242923e+02
3	1474	4.1837380082e+02
3	13717	4.1844226156e+02
2	11328	4.1854877666e+02
3	8602	4.1858829611e+02
0	4830	4.1872801554e+02
3	8542	4.1938115675e+02
3	7852	4.1980615363e+02
3	14438	4.1985251800e+02
0	9131	4.2058305295e+02
2	12473	4.2078207250e+02
3	12293	4.2087144928e+02
0	4833	4.2234994942e+02
3	1139	4.2249509394e+02
0	7469	4.2279682555e+02
0	2414	4.2305253756e+02
2	5710	4.2306131042e+02
2	2078	4.2340500069e+02
0	5670	4.2374503704e+02
2	5866	4.2397147122e+02
1	5054	4.2423462632e+02
3	662	4.2448470869e+02
1	6227	4.2456579086e+02
2	12535	4.2517765931e+02
0	11839	4.2522457408e+02
3	1005	4.2563590480e+02
0	7066	4.2582738124e+02
3	11250	4.2653268221e+02
3	4462	4.2671954833e+02
2	12159	4.2700368518e+02
1	13336	4.2767660547e+02
2	13267	4.2783777469e+02
0	5913	4.2844319140e+02
1	1341	4.2885181440e+02
3	10104	4.2937952273e+02
3	13541	4.2963250681e+02
3	11068	4.2981014616e+02
0	7166	4.2988035196e+02
3	1777	4.3098495364e+02
0	1540	4.3106219920e+02
3	1055	4.3178899542e+02
0	8781	4.3255699428e+02
2	2450	4.3260272608e+02
0	8238	4.3285319264e+02
0	8698	4.3312244250e+02
2	11836	4.3327233592e+02
2	3015	4.3329025404e+02
2	7694	4.3346642609e+02
0	14313	4.3382559264e+02
1	1311	4.3485890057e+02
0	3705	4.3494886761e+02
3	448	4.3510111706e+02
0	13602	4.3518738049e+02
1	7504	4.3529354596e+02
2	8924	4.3548172861e+02
3	7869	4.3576527839e+02
2	5318	4.3593945849e+02
1	4093	4.3624283249e+02
1	6243	4.3630338816e+02
0	1079	4.3642545875e+02
1	13244	4.3644623064e+02
1	10716	4.3683684318e+02
0	9352	4.3685291563e+02
3	12127	4.3702045970e+02
2	4983	4.3707764102e+02
3	7030	4.3743505083e+02
1	14723	4.3832133768e+02
1	7132	4.3897743721e+02
3	12234	4.3934512479e+02
2	7821	4.3968493741e+02
0	4728	4.3975456718e+02
0	5191	4.3984468030e+02
0	12581	4.4040888342e+02
1	10262	4.4072063340e+02
2	3758	4.4110620182e+02
2	1421	4.4126956834e+02
3	7798	4.4157598443e+02
3	925	4.4158803544e+02
1	4596	4.4159320656e+02
3	4335	4.4177617877e+02
3	1029	4.4203728766e+02
0	10009	4.4218187158e+02
0	2553	4.4278059072e+02
3	7092	4.4294056825e+02
2	4959	4.4378135759e+02
3	10478	4.4491840096e+02
2	1866	4.4493985997e+02
0	11416	4.4519773810e+02
2	4729	4.4521172034e+02
3	14406	4.4609561666e+02
3	4205	4.4623297351e+02
0	7812	4.4649895547e+02
0	3915	4.4733157854e+02
0	2979	4.4733578808e+02
1	9141	4.4779912011e+02
3	3386	4.4806437418e+02
2	1715	4.4887946911e+02
0	12988	4.4901692526e+02
1	5614	4.4975169179e+02
2	8228	4.5068263843e+02
2	4405	4.5097347897e+02
1	11153	4.5134879117e+02
0	9224	4.5173879353e+02
0	13547	4.5199756654e+02
1	8403	4.5216256494e+02
3	9012	4.5280406073e+02
3	6914	4.5304669691e+02
3	6634	4.5317665313e+02
3	14453	4.5342203758e+02
2	8621	4.5407698645e+02
0	10383	4.5455807604e+02
3	14562	4.5515762335e+02
3	5548	4.5526456724e+02
1	10853	4.5529995230e+02
1	4185	4.5608238048e+02
3	11039	4.5622127219e+02
2	4081	4.5651468422e+02
2	12227	4.5674408352e+02
3	6734	4.5696701861e+02
2	5961	4.5728516072e+02
1	14938	4.5774760777e+02
2	10801	4.5804413941e+02
1	14641	4.5805301853e+02
0	7441	4.5846208923e+02
3	10685	4.5851297858e+02
3	2266	4.5851562972e+02
2	2268	4.5885919648e+02
0	7840	4.5900491978e+02
0	5151	4.5982133865e+02
2	9922	4.5983821090e+02
0	10662	4.5991048357e+02
3	1825	4.6029011775e+02
2	1599	4.6029068112e+02
1	10378	4.6047804799e+02
2	14066	4.6177449204e+02
0	1093	4.6239890312e+02
2	782	4.6275753404e+02
3	9624	4.6298526822e+02
1	2347	4.6314602940e+02
2	5107	4.6315957248e+02
0	10533	4.6320030308e+02
0	6783	4.6329657487e+02
1	12687	4.6356801074e+02
3	1222	4.6366141778e+02
1	6337	4.6392530205e+02
0	5228	4.6407292500e+02
0	12405	4.6419335710e+02
2	13467	4.6472027430e+02
3	5388	4.6548877449e+02
3	4707	4.6582440395e+02
2	12154	4.6599688675e+02
3	810	4.6687323340e+02
2	10591	4.6698747619e+02
0	11925	4.6775750647e+02
3	10339	4.6818445035e+02
0	11685	4.6836477897e+02
0	12507	4.6841095071e+02
0	6195	4.6843405108e+02
0	1894	4.6849952974e+02
0	6620	4.6870935408e+02
1	10657	4.6873377226e+02
0	1657	4.6883499821e+02
0	10803	4.6904888917e+02
3	6319	4.6990915404e+02
2	729	4.7015931870e+02
2	5288	4.7033322696e+02
0	14278	4.7055969151e+02
1	5461	4.7091185181e+02
2	11853	4.7255939245e+02
1	5078	4.7269593801e+02
1	10064	4.7283076635e+02
3	10334	4.7296254712e+02
1	4590	4.7335563165e+02
3	10465	4.7341023872e+02
2	4381	4.7504043253e+02
1	4320	4.7552247592e+02
0	13941	4.7609299335e+02
1	3243	4.7626754176e+02
0	5322	4.7633298107e+02
3	5176	4.7633451294e+02
3	11310	4.7665379938e+02
2	1914	4.7675701781e+02
0	5743	4.7705993140e+02
0	12414	4.7734845240e+02
2	4248	4.7752676760e+02
3	2121	4.7799717601e+02
0	9404	4.7819291979e+02
1	6613	4.7822763024e+02
3	5971	4.7832367095e+02
1	11493	4.7841863836e+02
0	11979	4.7875501996e+02
1	9763	4.7888472997e+02
3	8645	4.7908709240e+02
1	8000	4.7926178041e+02
3	14125	4.8005522214e+02
2	13259	4.8158350209e+02
1	8141	4.8189427414e+02
2	6314	4.8199741096e+02
1	14758	4.8208037305e+02
0	7071	4.8289615718e+02
0	10460	4.8318741896e+02
1	6041	4.8363969386e+02
2	13476	4.8402011000e+02
2	7893	4.8403130311e+02
2	3422	4.8421562769e+02
2	12378	4.8442251374e+02
2	5739	4.8492209521e+02
3	4149	4.8522210087e+02
3	138	4.8530261415e+02
1	10180	4.8531357078e+02
1	3223	4.8531487064e+02
1	11655	4.8550487421e+02
3	7347	4.8550858662e+02
1	11132	4.8568303667e+02
2	3223	4.8570911243e+02
2	6609	4.8587055716e+02
0	9206	4.8617909868e+02
2	4805	4.8652085093e+02
3	5300	4.8657338572e+02
0	1504	4.8739064265e+02
3	12161	4.8783325591e+02
2	11053	4.8852473258e+02
3	12676	4.8946401196e+02
2	13382	4.8995594523e+02
2	1886	4.9001483099e+02
1	258	4.9007377114e+02
0	1749	4.9008283578e+02
2	6256	4.9017328134e+02
1	13089	4.9075891024e+02
1	1327	4.9110147142e+02
3	11805	4.9155915627e+02
1	14612	4.9187438818e+02
2	7718	4.9375133053e+02
3	5732	4.9380907007e+02
0	9222	4.9497268958e+02
0	13781	4.9665515643e+02
3	6542	4.9701837874e+02
3	11076	4.9721969455e+02
1	6479	4.9790774062e+02
0	13954	4.9795306897e+02
3	12088	4.9803726562e+02
2	335	4.9848569458e+02
1	7703	4.9879492007e+02
1	8233	4.9904539212e+02
2	8787	4.9931798996e+02
0	13888	4.9976453885e+02
1	6193	5.0133011350e+02
3	3406	5.0141797572e+02
0	13219	5.0163815880e+02
1	11932	5.0181463208e+02
2	7505	5.0196970349e+02
3	1249	5.0197137213e+02
1	7027	5.0232661547e+02
3	9658	5.0242131830e+02
0	10677	5.0528199634e+02
1	6303	5.0528326422e+02
2	2003	5.0557530603e+02
1	8572	5.0565486967e+02
2	12252	5.0602577821e+02
1	11354	5.0634605026e+02
3	13583	5.0661695493e+02
2	354	5.0678489627e+02
2	5044	5.0683951510e+02
0	348	5.0721713868e+02
1	25	5.0725352558e+02
1	9031	5.0756709613e+02
0	6506	5.0817217390e+02
2	6056	5.0876398514e+02
0	10118	5.0880473266e+02
1	3	5.0940166493e+02
2	11117	5.0997516546e+02
0	5438	5.1120274047e+02
1	7075	5.1140262951e+02
2	7786	5.1245218784e+02
1	891	5.1246464014e+02
3	14221	5.1255010094e+02
2	10005	5.1332425141e+02
1	13942	5.1415029045e+02
0	8104	5.1459715707e+02
0	5828	5.1461524803e+02
2	5601	5.1474759588e+02
0	14101	5.1478461797e+02
0	2433	5.1484096672e+02
0	11429	5.1598285881e+02
3	10376	5.1642081031e+02
2	1141	5.1730640803e+02
0	491	5.1784123939e+02
2	8797	5.1789446601e+02
3	789	5.1792086245e+02
1	14539	5.1805325414e+02
0	6651	5.1862692628e+02
3	4372	5.1889933538e+02
1	8234	5.1925655358e+02
2	7151	5.2040953636e+02
1	13068	5.2047482505e+02
2	13832	5.2061859739e+02
3	11688	5.2075961518e+02
3	3839	5.2076393407e+02
0	7869	5.2083927685e+02
0	14177	5.2100426473e+02
0	6531	5.2229510873e+02
3	7804	5.2268539710e+02
1	3673	5.2280125070e+02
3	12483	5.2299893993e+02
2	8344	5.2337532662e+02
2	381	5.2415825652e+02
3	3488	5.2471740811e+02
0	11856	5.2514249442e+02
2	9147	5.2558220340e+02
1	6961	5.2591537296e+02
3	10126	5.2636350187e+02
3	6205	5.2657974164e+02
1	8414	5.2681843366e+02
3	13122	5.2703544859e+02
1	10661	5.2769477169e+02
2	7653	5.2852323720e+02
0	9339	5.2867265087e+02
2	10221	5.2874834438e+02
0	11843	5.2897331700e+02
3	5720	5.2928782042e+02
2	9871	5.2941949526e+02
1	4429	5.2998496990e+02
1	10508	5.3063344223e+02
1	12883	5.3279784257e+02
2	334	5.3282371713e+02
3	3806	5.3304983031e+02
2	5201	5.3328237839e+02
2	9028	5.3336553818e+02
1	14038	5.3379040946e+02
2	2241	5.3402330071e+02
2	9116	5.3419654316e+02
2	8446	5.3433787457e+02
0	12410	5.3459478602e+02
3	10943	5.3547414447e+02
1	9002	5.3589036855e+02
1	3448	5.3647293975e+02
2	10016	5.3662328379e+02
2	4962	5.3680652138e+02
0	9077	5.3683751955e+02
3	2605	5.3741388879e+02
2	6016	5.3788102088e+02
2	10131	5.3843121296e+02
3	11444	5.3912129326e+02
3	8950	5.3931264396e+02
2	3720	5.3940828131e+02
3	2500	5.3969652663e+02
3	9057	5.3992358824e+02
3	8766	5.3999558223e+02
2	10997	5.4001242213e+02
3	2867	5.4007951042e+02
0	9249	5.4027044657e+02
1	6256	5.4048394879e+02
3	13273	5.4068211026e+02
0	11251	5.4084655014e+02
2	12639	5.4112850670e+02
0	6386	5.4220921843e+02
2	8502	5.4224512781e+02
2	13320	5.4239596006e+02
1	10912	5.4258384535e+02
3	5214	5.4259175772e+02
1	9952	5.4314667118e+02
1	5401	5.4321817283e+02
1	3254	5.4335759370e+02
0	7955	5.4359655393e+02
2	11344	5.4377937190e+02
3	7874	5.4507817082e+02
1	10283	5.4514025205e+02
0	3275	5.4557340191e+02
0	2109	5.4591387366e+02
3	2183	5.4602806934e+02
0	13785	5.4612117106e+02
0	9319	5.4615235946e+02
2	962	5.4631598900e+02
2	2402	5.4691301000e+02
2	11723	5.4694876888e+02
2	863	5.4819050809e+02
2	13857	5.4820976474e+02
3	11120	5.4832563882e+02
0	9530	5.4954401881e+02
3	13738	5.4969687744e+02
1	1565	5.5060358838e+02
1	12919	5.5070877139e+02
0	6154	5.5098749265e+02
0	1463	5.5313975989e+02
2	9908	5.5382678394e+02
2	14196	5.5391973903e+02
0	14168	5.5397500811e+02
2	10262	5.5410827269e+02
1	2202	5.5733826903e+02
3	590	5.5761722733e+02
3	7107	5.5802241439e+02
0	1926	5.5816118537e+02
1	5539	5.5866801875e+02
1	11077	5.5868997666e+02
0	3848	5.6038545313e+02
3	5119	5.6087790348e+02
2	6737	5.6145635332e+02
2	3854	5.6163079276e+02
3	11321	5.6229038880e+02
1	11763	5.6338999164e+02
3	7474	5.6345087409e+02
0	14052	5.6373254309e+02
3	3704	5.6391532664e+02
1	14080	5.6428456297e+02
1	13253	5.6466025790e+02
1	9310	5.6626730158e+02
2	9168	5.6630052216e+02
3	6608	5.6634637072e+02
2	10107	5.6655979785e+02
0	6279	5.6735756417e+02
3	12266	5.6817143514e+02
0	6334	5.6873621689e+02
0	6475	5.6914055577e+02
0	11115	5.6943946825e+02
2	11499	5.6974760571e+02
3	12327	5.7011876579e+02
2	3108	5.7028083700e+02
0	8124	5.7063004400e+02
3	11450	5.7064277921e+02
1	14477	5.7138599500e+02
3	9083	5.7210243184e+02
2	5455	5.7213503980e+02
3	2391	5.7245893668e+02
3	7308	5.7316101322e+02
1	1936	5.7336897919e+02
1	14843	5.7354301572e+02
3	9741	5.7355101520e+02
3	3971	5.7362687085e+02
3	9886	5.7363557783e+02
3	6957	5.7374077849e+02
2	4824	5.7387410435e+02
1	10186	5.7403984895e+02
2	8553	5.7470939247e+02
3	10767	5.7505673461e+02
0	12955	5.7516341150e+02
1	9782	5.7563662410e+02
1	13399	5.7582599421e+02
2	5545	5.7593104459e+02
0	7074	5.7748524553e+02
0	7646	5.7770801753e+02
1	9201	5.7787160168e+02
3	1656	5.7818714409e+02
0	3214	5.7860723808e+02
3	1218	5.7927341088e+02
3	11503	5.7999830469e+02
0	243	5.8046654473e+02
3	8662	5.8062331708e+02
3	7814	5.8106635350e+02
3	8432	5.8145718818e+02
1	8496	5.8196978313e+02
1	9757	5.8203885814e+02
2	3174	5.8224255210e+02
1	2138	5.8291456410e+02
3	5607	5.8366877126e+02
0	12957	5.8524421373e+02
1	3578	5.8585234927e+02
1	9508	5.8593316517e+02
1	7314	5.8603293842e+02
3	8250	5.8664210810e+02
0	10349	5.8666907634e+02
3	6968	5.8674109549e+02
1	2822	5.8677926211e+02
2	7160	5.8707835005e+02
3	4284	5.8717242078e+02
2	10903	5.8754455521e+02
1	2217	5.8948238827e+02
1	9713	5.8970076780e+02
0	10768	5.9030089838e+02
2	1726	5.9042443620e+02
3	7637	5.9078636900e+02
0	10782	5.9108016985e+02
3	6243	5.9317455978e+02
1	233	5.9322270707e+02
0	300	5.9336428665e+02
0	5675	5.9382749303e+02
1	8009	5.9432163253e+02
2	10017	5.9554845143e+02
1	1865	5.9584781638e+02
2	7329	5.9631806380e+02
3	6172	5.9696500119e+02
1	5765	5.9718827607e+02
1	4647	5.9751378145e+02
1	11027	5.9759140143e+02
1	577	5.9762598148e+02
2	13056	5.9771103846e+02
2	5310	5.9847473683e+02
0	13521	5.9916437881e+02
1	11485	5.9917796297e+02
1	8068	6.0116194744e+02
0	168	6.0127318798e+02
3	3627	6.0150817103e+02
0	3433	6.0158137455e+02
3	1212	6.0216321510e+02
3	14447	6.0247625688e+02
1	651	6.0265265632e+02
1	4100	6.0331372574e+02
2	10902	6.0475446037e+02
0	2610	6.0504354360e+02
1	5574	6.0563505956e+02
2	13693	6.0647007132e+02
0	2076	6.0679858257e+02
0	11551	6.0783099789e+02
2	640	6.0845099205e+02
3	5357	6.0848286125e+02
1	8175	6.0917893656e+02
2	13688	6.0932963302e+02
1	4931	6.1109520692e+02
2	3405	6.1130334144e+02
1	14725	6.1145137883e+02
1	5684	6.1185078676e+02
1	7551	6.1210808300e+02
1	6160	6.1222608990e+02
3	14058	6.1224481187e+02
0	4882	6.1263874039e+02
1	10062	6.1283079442e+02
2	532	6.1426050356e+02
2	14159	6.1458587282e+02
3	3527	6.1482281684e+02
2	5102	6.1518931915e+02
1	5690	6.1525088337e+02
1	4303	6.1618493392e+02
2	1290	6.1821875869e+02
0	7312	6.1852866274e+02
0	1074	6.1938652491e+02
0	6061	6.1977248045e+02
1	5305	6.2089419962e+02
3	3524	6.2109388982e+02
3	10877	6.2118239841e+02
1	11566	6.2121695823e+02
1	952	6.2222828172e+02
1	11260	6.2294504779e+02
3	472	6.2332447041e+02
3	5986	6.2381161057e+02
1	4884	6.2381499971e+02
1	3345	6.2402242407e+02
2	5271	6.2405976969e+02
1	7819	6.2416999621e+02
0	11495	6.2433085550e+02
0	9607	6.2448136934e+02
1	14132	6.2577343420e+02
1	13064	6.2681674655e+02
2	12257	6.2733154573e+02
2	9567	6.2756235614e+02
3	9523	6.2756579744e+02
2	13203	6.2807012028e+02
0	9084	6.2815292884e+02
3	9359	6.2849373210e+02
2	11043	6.2990734165e+02
2	6150	6.3000648934e+02
3	4765	6.3092171729e+02
2	73	6.3097069334e+02
2	2358	6.3114603791e+02
0	4528	6.3133163608e+02
3	9703	6.3191245619e+02
1	4421	6.3216310727e+02
3	4545	6.3403042918e+02
0	7299	6.3506597616e+02
2	935	6.3539863356e+02
2	10209	6.3635893472e+02
3	13642	6.3725303383e+02
1	3881	6.3765191157e+02
2	7801	6.3911385035e+02
2	11218	6.4026245956e+02
2	12352	6.4068380995e+02
1	471	6.4081796840e+02
2	90	6.4091237178e+02
2	12049	6.4109082224e+02
3	3312	6.4192833155e+02
1	1224	6.4238292027e+02
1	13179	6.4280024066e+02
3	3770	6.4488719954e+02
2	12667	6.4493552021e+02
0	3262	6.4557317532e+02
2	1650	6.4644004029e+02
2	1058	6.4644957747e+02
1	13616	6.4784211489e+02
3	13860	6.4835977390e+02
0	2923	6.4841727261e+02
3	3484	6.4842687277e+02
0	3959	6.4920819110e+02
3	10655	6.5031499869e+02
0	2592	6.5140190872e+02
0	1564	6.5152376574e+02
0	11063	6.5200382878e+02
0	9803	6.5211795888e+02
2	6300	6.5245221175e+02
3	6392	6.5289040073e+02
0	12868	6.5382898018e+02
1	1775	6.5448632752e+02
1	10500	6.5453435934e+02
2	10589	6.5473722144e+02
1	9617	6.5507982268e+02
1	14937	6.5518979010e+02
3	12954	6.5524263199e+02
0	12434	6.5532695914e+02
1	8094	6.5585164675e+02
0	4553	6.5676039776e+02
0	10919	6.5678160602e+02
0	4712	6.5804264105e+02
2	7437	6.5845539172e+02
2	4753	6.5898090476e+02
3	4367	6.5914774996e+02
2	5034	6.5974345037e+02
3	4031	6.5995090915e+02
2	514	6.6078466026e+02
1	3494	6.6106207741e+02
1	3267	6.6159660951e+02
1	1633	6.6222869421e+02
0	1284	6.6266880060e+02
3	5810	6.6277111505e+02
1	6404	6.6308251366e+02
0	8278	6.6340553994e+02
0	13623	6.6422737311e+02
3	12308	6.6529355755e+02
0	6491	6.6587923603e+02
3	1912	6.6646359974e+02
0	4713	6.6747150104e+02
0	6105	6.6756019777e+02
2	11247	6.6773085410e+02
1	1117	6.6963703824e+02
0	1660	6.7037547861e+02
3	7303	6.7059415032e+02
0	12655	6.7136685657e+02
0	7625	6.7415690495e+02
0	10686	6.7531937993e+02
2	6606	6.7553372026e+02
1	14518	6.7656306702e+02
3	3326	6.7666026176e+02
3	2397	6.7752383255e+02
2	8373	6.7845916455e+02
0	11711	6.8037344108e+02
0	3943	6.8049340816e+02
1	2938	6.8149731155e+02
3	13687	6.8280620298e+02
2	12189	6.8321245947e+02
3	6852	6.8327198918e+02
1	12586	6.8342728967e+02
1	9455	6.8363087697e+02
3	12669	6.8363182227e+02
2	11200	6.8485805443e+02
0	6537	6.8611786685e+02
3	11614	6.8664323195e+02
0	2619	6.8698482655e+02
3	13657	6.8718507195e+02
2	7273	6.8950605210e+02
1	14295	6.9017181574e+02
0	9480	6.9034798224e+02
3	8775	6.9076949187e+02
1	197	6.9099459034e+02
0	11458	6.9122080159e+02
3	6694	6.9270221290e+02
2	5427	6.9281150349e+02
1	6828	6.9294671156e+02
2	8282	6.9308074379e+02
3	4182	6.9441271342e+02
3	5279	6.9444999727e+02
1	11049	6.9484066252e+02
1	872	6.9487408906e+02
0	6567	6.9539317435e+02
2	1691	6.9643642518e+02
2	12785	6.9678534327e+02
0	3068	6.9994025426e+02
3	6445	7.0060324122e+02
2	9416	7.0287070405e+02
3	1918	7.0375934804e+02
3	9364	7.0429822216e+02
0	11778	7.0443471320e+02
2	8997	7.0446607245e+02
0	13387	7.0500324007e+02
2	5269	7.0761994137e+02
3	4847	7.0987972451e+02
1	6597	7.1020140786e+02
0	8516	7.1165080195e+02
1	8949	7.1200135381e+02
0	11917	7.1240786234e+02
0	9382	7.1356124196e+02
0	10378	7.1378119108e+02
1	11786	7.1386435763e+02
0	2940	7.1579216819e+02
3	10534	7.1757547593e+02
2	12837	7.1768971577e+02
0	4514	7.1814076159e+02
2	6662	7.1985635839e+02
1	2883	7.2076392343e+02
0	2683	7.2110441384e+02
2	6756	7.2128681615e+02
1	1317	7.2232081013e+02
1	5982	7.2247951372e+02
3	10933	7.2303264547e+02
0	6730	7.2316127035e+02
1	13481	7.2370377542e+02
1	6116	7.2419719044e+02
3	12755	7.2430438220e+02
0	6729	7.2445016616e+02
0	5741	7.2741661487e+02
3	12133	7.2850477150e+02
0	1299	7.2874310620e+02
1	9790	7.2879472655e+02
3	1422	7.2900292507e+02
0	10175	7.2911614829e+02
0	10185	7.2937997554e+02
3	11073	7.2986918868e+02
2	8445	7.3076319615e+02
3	8829	7.3231376719e+02
1	12377	7.3601477695e+02
1	9156	7.3608387109e+02
1	8111	7.3774953332e+02
3	2243	7.3848223839e+02
1	4528	7.3857606242e+02
2	10683	7.3968213663e+02
0	1843	7.4028232832e+02
1	1299	7.4139258928e+02
0	3773	7.4151641904e+02
3	4930	7.4189619852e+02
2	4086	7.4191671261e+02
1	1689	7.4194864374e+02
2	10254	7.4216574872e+02
3	3657	7.4230398136e+02
3	7809	7.4345011539e+02
0	9933	7.4348109496e+02
1	3304	7.4360322699e+02
0	5103	7.4384368444e+02
2	6196	7.4407886446e+02
1	1430	7.4466357155e+02
1	1259	7.4511163543e+02
0	12870	7.4527516284e+02
1	12834	7.4857187005e+02
3	8011	7.4892176372e+02
0	9147	7.4995673447e+02
1	2154	7.4996327806e+02
2	1524	7.5087841024e+02
0	10035	7.5125032260e+02
2	7346	7.5237879966e+02
0	9448	7.5286063043e+02
1	8120	7.5342023524e+02
2	68	7.5439529067e+02
2	8798	7.5511521719e+02
3	4698	7.5552018445e+02
3	4392	7.5798922016e+02
0	7339	7.5929240456e+02
2	1310	7.6143553385e+02
1	3089	7.6152666379e+02
3	12932	7.6218489699e+02
3	12100	7.6283917956e+02
2	1982	7.6738792936e+02
3	12854	7.7171868346e+02
3	12084	7.7173669902e+02
3	7747	7.7184558301e+02
0	10934	7.7188251826e+02
1	8417	7.7368133592e+02
1	3986	7.7371234742e+02
0	7743	7.7491243943e+02
2	4980	7.7594648706e+02
2	151	7.7753340584e+02
1	8808	7.7821089894e+02
0	3220	7.8089219829e+02
2	11078	7.8146895867e+02
0	13154	7.8147404692e+02
1	11100	7.8153931650e+02
0	3178	7.8212771669e+02
0	8070	7.8283039020e+02
0	11014	7.8289312551e+02
0	10323	7.8310489776e+02
1	14186	7.8393464942e+02
2	10253	7.8532167678e+02
3	2940	7.8608244282e+02
2	5501	7.9340620293e+02
3	703	7.9365445686e+02
3	5035	7.9424598038e+02
0	9054	7.9557146420e+02
3	6955	7.9585788062e+02
3	6267	7.9605838120e+02
1	2061	7.9611883360e+02
0	6144	7.9681377692e+02
2	11893	7.9776946558e+02
3	7145	7.9782011341e+02
0	205	7.9783330589e+02
3	12203	7.9981008203e+02
0	14282	8.0043652923e+02
0	12113	8.0055357576e+02
1	5590	8.0167702946e+02
1	7152	8.0273220034e+02
3	14461	8.0504860344e+02
2	1796	8.0510459694e+02
3	11186	8.0619866933e+02
1	13808	8.0701728797e+02
3	8198	8.0717394487e+02
3	5460	8.0811999175e+02
3	2200	8.0864901871e+02
0	13181	8.0995031210e+02
3	6373	8.1019035656e+02
2	1684	8.1332950813e+02
2	2053	8.1482512765e+02
0	13897	8.1658297194e+02
1	8157	8.1719761266e+02
0	13874	8.1832442275e+02
3	8023	8.1913694781e+02
2	12606	8.2003044693e+02
0	2283	8.2003236229e+02
1	6311	8.2008844215e+02
0	11301	8.2056260350e+02
1	11863	8.2095326512e+02
3	4088	8.2210126974e+02
0	930	8.2264712820e+02
1	6321	8.2275349109e+02
1	5326	8.2455314694e+02
3	921	8.2483160769e+02
3	13074	8.2538544753e+02
3	5132	8.2629136029e+02
3	13989	8.2705860412e+02
0	9689	8.2762912788e+02
1	12580	8.2892514856e+02
2	7949	8.2915662757e+02
2	10918	8.3001866979e+02
2	12818	8.3116655561e+02
1	12456	8.3155263804e+02
2	447	8.3299169164e+02
1	14136	8.3389653005e+02
2	8659	8.3391712622e+02
1	6975	8.3448418820e+02
2	13854	8.3457552645e+02
3	4102	8.3469134527e+02
2	1832	8.3483100485e+02
1	6319	8.3756652571e+02
0	4164	8.3877130264e+02
1	9537	8.4192038529e+02
0	486	8.4304429206e+02
3	667	8.4491244589e+02
1	5513	8.4540642898e+02
0	9025	8.4735274795e+02
1	4184	8.4756829450e+02
0	2605	8.4824941167e+02
1	12452	8.4912438547e+02
1	5939	8.5153504675e+02
1	10526	8.5339564968e+02
2	1932	8.5619942633e+02
0	6098	8.5719183980e+02
1	10691	8.5747267911e+02
0	12428	8.5872680838e+02
2	8563	8.5915340899e+02
3	8524	8.5941073189e+02
2	2550	8.6046361444e+02
0	6603	8.6144952796e+02
1	7426	8.6170312639e+02
1	11745	8.6180998935e+02
0	2737	8.6246199404e+02
3	12027	8.6336480571e+02
3	11044	8.6345426079e+02
1	6176	8.6449847414e+02
2	14206	8.6533292388e+02
0	8262	8.6622436306e+02
2	7253	8.6781348912e+02
1	10478	8.6784014306e+02
1	6139	8.6908412310e+02
3	3369	8.7060074738e+02
3	8270	8.7415135159e+02
0	12766	8.7568883294e+02
1	474	8.7772853877e+02
1	11864	8.7815135708e+02
0	12682	8.7831680308e+02
2	1071	8.7866326351e+02
2	8129	8.7921369633e+02
2	10694	8.8323087489e+02
0	10851	8.8376732467e+02
2	7288	8.8403405928e+02
3	7797	8.8488787015e+02
2	9087	8.8539046840e+02
1	7157	8.8721199770e+02
1	10898	8.8740057274e+02
1	10872	8.8943427094e+02
3	4648	8.9285942285e+02
3	5862	8.9373116585e+02
0	9353	8.9421297159e+02
1	4048	8.9436141262e+02
1	8848	8.9510357592e+02
0	10087	8.9548969589e+02
2	14073	8.9743124475e+02
2	13700	8.9805974345e+02
0	12911	8.9882444674e+02
0	9851	8.9990767524e+02
3	3584	9.0145739724e+02
1	566	9.0166780041e+02
0	3383	9.0248184430e+02
3	14297	9.0255727442e+02
3	5614	9.0339524015e+02
3	11322	9.0403006092e+02
0	4391	9.0454861324e+02
3	6122	9.0470820164e+02
2	1072	9.0664383272e+02
3	9410	9.0758792541e+02
1	2118	9.0765772899e+02
3	5709	9.0870979395e+02
2	951	9.0979543643e+02
1	111	9.1112889413e+02
0	12879	9.1597627319e+02
1	14650	9.1853998837e+02
1	2900	9.2023005053e+02
3	3529	9.2028719525e+02
0	8287	9.2167455110e+02
0	13150	9.2219057104e+02
3	9214	9.2236206282e+02
0	12438	9.2336987469e+02
3	13933	9.2364006825e+02
3	5066	9.2375715078e+02
2	12659	9.2628838108e+02
0	514	9.2630107170e+02
3	9178	9.2900619826e+02
0	12202	9.3070448865e+02
3	10485	9.3770021503e+02
1	13388	9.3800783115e+02
0	8843	9.4096769260e+02
3	4176	9.4465728251e+02
2	12810	9.4544114223e+02
2	11525	9.4859385790e+02
3	630	9.5139037512e+02
3	6189	9.5250065961e+02
1	13355	9.5475328131e+02
2	7855	9.5544032974e+02
2	6173	9.6007353617e+02
0	12085	9.6028202435e+02
3	7796	9.6077589081e+02
1	1270	9.6438474441e+02
1	13239	9.6493274192e+02
3	10966	9.6504187104e+02
2	11665	9.6532647074e+02
2	2335	9.6588628417e+02
1	3620	9.6599771762e+02
1	10673	9.7179778904e+02
0	7347	9.7234166111e+02
0	13417	9.7244400679e+02
3	11655	9.7561119020e+02
2	7137	9.7714070817e+02
0	12585	9.7745061728e+02
3	3061	9.7882007217e+02
0	900	9.8000388193e+02
2	1298	9.8306735989e+02
1	660	9.8341106263e+02
3	5888	9.8396978242e+02
2	207	9.8461251833e+02
2	8681	9.8493788785e+02
2	6315	9.8657908590e+02
3	11955	9.8888116448e+02
3	9708	9.8936567957e+02
2	8245	9.9104146124e+02
3	10374	9.9141874845e+02
1	4985	9.9618220108e+02
3	2024	9.9625385712e+02
0	5783	9.9901916564e+02
2	6629	9.9914975442e+02
3	12986	1.0000876438e+03
0	12032	1.0003732127e+03
3	1189	1.0008414190e+03
0	12739	1.0013792208e+03
1	10296	1.0015001833e+03
1	13281	1.0027658522e+03
1	11233	1.0045364878e+03
3	12507	1.0046398545e+03
3	2926	1.0063596901e+03
3	11862	1.0071196040e+03
0	9798	1.0110849668e+03
2	5055	1.0129566543e+03
3	6656	1.0158080090e+03
3	3517	1.0170037589e+03
0	6097	1.0171935919e+03
1	13567	1.0216396376e+03
3	1147	1.0220549198e+03
2	345	1.0225751610e+03
3	2958	1.0231030897e+03
3	11083	1.0234338930e+03
3	1992	1.0255561768e+03
1	1857	1.0277406444e+03
1	8270	1.0287738526e+03
2	8567	1.0291133686e+03
2	2641	1.0305630667e+03
0	6177	1.0368879459e+03
2	13551	1.0386079684e+03
1	6317	1.0394081882e+03
1	1544	1.0412517757e+03
1	13209	1.0419653338e+03
1	9867	1.0459513258e+03
1	3892	1.0490865272e+03
0	10019	1.0497214107e+03
3	11440	1.0519574461e+03
2	8657	1.0528861585e+03
0	14259	1.0535293570e+03
1	8405	1.0553042022e+03
3	14521	1.0557060213e+03
2	1322	1.0570007131e+03
3	171	1.0573390583e+03
0	7878	1.0576769773e+03
1	3524	1.0587322242e+03
3	357	1.0593622322e+03
0	12050	1.0602536893e+03
1	9491	1.0607714637e+03
3	12659	1.0612220927e+03
2	9135	1.0612660332e+03
0	13395	1.0663987735e+03
1	1390	1.0677453401e+03
0	12795	1.0707154290e+03
1	7987	1.0731209661e+03
2	13394	1.0733937631e+03
3	9050	1.0743701355e+03
3	5736	1.0756667399e+03
1	8098	1.0759356343e+03
3	5053	1.0760998680e+03
0	11250	1.0764699598e+03
0	12929	1.0773483484e+03
0	9092	1.0775433974e+03
2	7589	1.0788768718e+03
0	12864	1.0821009889e+03
3	9776	1.0829846345e+03
0	614	1.0834496690e+03
1	14875	1.0836785309e+03
2	13966	1.0842875419e+03
3	10711	1.0861646776e+03
1	3129	1.0867477048e+03
1	6988	1.0877989065e+03
1	8712	1.0883475386e+03
3	7245	1.0911827092e+03
2	4939	1.0958862483e+03
0	13120	1.0959690787e+03
2	3840	1.0968080002e+03
0	13126	1.0979364777e+03
1	633	1.0991343945e+03
2	13658	1.1006260793e+03
3	12918	1.1021411142e+03
1	13507	1.1025892471e+03
3	1645	1.1027016127e+03
2	2831	1.1067042106e+03
0	7187	1.1114572264e+03
2	5691	1.1132874588e+03
0	3795	1.1148451429e+03
3	683	1.1185998932e+03
1	11605	1.1197659228e+03
0	12101	1.1227821600e+03
3	4867	1.1237296217e+03
3	1300	1.1247303444e+03
0	6535	1.1269098258e+03
0	12653	1.1291246109e+03
3	11845	1.1293791039e+03
1	12694	1.1372021646e+03
1	1092	1.1377662026e+03
3	7175	1.1381453550e+03
0	14277	1.1404129267e+03
0	7108	1.1415693109e+03
3	1917	1.1435046945e+03
0	13535	1.1455297622e+03
0	4722	1.1465008736e+03
2	4279	1.1487171475e+03
3	7687	1.1494760523e+03
1	14187	1.1503143486e+03
2	2317	1.1525728741e+03
0	2689	1.1542293907e+03
2	3067	1.1542992742e+03
3	737	1.1565530060e+03
3	6523	1.1582164019e+03
1	13139	1.1590433885e+03
2	8828	1.1622263472e+03
1	871	1.1626081582e+03
1	3480	1.1633937369e+03
0	2885	1.1640149578e+03
0	8315	1.1650564164e+03
2	11550	1.1653488552e+03
3	5817	1.1657479019e+03
2	13414	1.1689558778e+03
3	13523	1.1700559980e+03
3	7003	1.1714460731e+03
2	4314	1.1717649985e+03
1	3834	1.1721847303e+03
2	11010	1.1725949088e+03
2	1809	1.1740966508e+03
3	11927	1.1744924537e+03
0	6568	1.1768494922e+03
3	14315	1.1771907642e+03
2	1816	1.1779847075e+03
2	8286	1.1811195538e+03
1	991	1.1817784253e+03
3	7233	1.1823474187e+03
2	10750	1.1835121433e+03
0	6878	1.1848947257e+03
3	11317	1.1855353096e+03
2	12637	1.1857143649e+03
1	10830	1.1909197288e+03
3	6892	1.1914573475e+03
0	13108	1.1917772357e+03
3	9327	1.1918661368e+03
3	2301	1.1926872205e+03
2	11746	1.1997793209e+03
1	6252	1.2021867547e+03
2	303	1.2023327335e+03
3	12562	1.2024517982e+03
3	13462	1.2065968030e+03
2	2145	1.2071557749e+03
1	8942	1.2087426775e+03
2	4975	1.2121603376e+03
3	13410	1.2121856720e+03
3	10280	1.2124712649e+03
1	3378	1.2132332675e+03
2	8945	1.2134141656e+03
2	7843	1.2142403760e+03
3	6520	1.2148474017e+03
3	8835	1.2151145661e+03
1	6122	1.2180619670e+03
1	9675	1.2210137635e+03
2	9949	1.2223733625e+03
0	362	1.2238549890e+03
0	12023	1.2318048974e+03
2	1333	1.2354585215e+03
0	10953	1.2356851335e+03
2	5045	1.2369359369e+03
3	11932	1.2375862614e+03
3	11813	1.2379896458e+03
3	8619	1.2381438418e+03
3	291	1.2398605567e+03
3	6169	1.2438425334e+03
2	5171	1.2441356138e+03
3	4966	1.2442412438e+03
3	2044	1.2447750663e+03
2	10429	1.2482392544e+03
2	4604	1.2499093910e+03
2	10986	1.2559309143e+03
2	8706	1.2561908440e+03
3	10495	1.2605162231e+03
0	6914	1.2607828656e+03
0	11183	1.2616357456e+03
1	12210	1.2657355534e+03
1	3750	1.2701335835e+03
0	4389	1.2729108425e+03
2	8014	1.2736678604e+03
1	12463	1.2738428560e+03
0	74	1.2745517343e+03
3	11416	1.2760913557e+03
2	6539	1.2792979579e+03
3	11798	1.2801247596e+03
3	483	1.2804932824e+03
2	9066	1.2806547915e+03
0	2854	1.2844703946e+03
1	10699	1.2908538699e+03
2	2936	1.2944017163e+03
1	1882	1.2950834445e+03
3	13158	1.2979399267e+03
3	2964	1.2994597126e+03
1	8086	1.3010377667e+03
0	13174	1.3012699194e+03
3	4784	1.3041899971e+03
1	787	1.3042970714e+03
3	10156	1.3052468967e+03
3	3264	1.3071783808e+03
2	1378	1.3076911623e+03
1	3725	1.3078975075e+03
0	10124	1.3082935520e+03
2	5188	1.3101818824e+03
3	7434	1.3102885447e+03
3	4925	1.3150424849e+03
3	13692	1.3175900644e+03
2	2702	1.3178782434e+03
3	7326	1.3179542032e+03
1	7320	1.3186002331e+03
3	80	1.3186463012e+03
0	11586	1.3188949625e+03
3	1866	1.3201936339e+03
0	11491	1.3219778116e+03
0	6982	1.3221690936e+03
0	13457	1.3226175594e+03
2	3907	1.3256589545e+03
3	13102	1.3259959980e+03
3	4877	1.3279017757e+03
3	506	1.3287870581e+03
3	2876	1.3314578271e+03
2	7580	1.3338594525e+03
0	1863	1.3346600393e+03
2	11940	1.3347965232e+03
0	4186	1.3354324725e+03
0	13013	1.3371848129e+03
1	6976	1.3403663978e+03
1	11557	1.3417808264e+03
0	3159	1.3418272806e+03
0	5541	1.3419303510e+03
1	4868	1.3421146389e+03
2	5194	1.3444911173e+03
2	2282	1.3452924405e+03
0	10836	1.3468731960e+03
0	11949	1.3506396593e+03
1	14803	1.3529915412e+03
2	10646	1.3532978559e+03
0	12994	1.3546950206e+03
2	939	1.3573993997e+03
2	12438	1.3576097626e+03
0	2563	1.3584843368e+03
1	7420	1.3598516130e+03
3	6490	1.3600166893e+03
2	60	1.3690268050e+03
1	8719	1.3716876786e+03
0	10166	1.3740562949e+03
2	2506	1.3764052537e+03
1	4639	1.3782348545e+03
3	7582	1.3798694937e+03
2	9327	1.3816496028e+03
1	14831	1.3827955490e+03
1	13633	1.3845486857e+03
3	11141	1.3858170154e+03
0	6688	1.3866016025e+03
0	10231	1.3875477497e+03
3	8046	1.3879441202e+03
3	9312	1.3903769153e+03
1	13107	1.3904042018e+03
0	752	1.3912306328e+03
0	6131	1.3927005594e+03
1	13720	1.3928992941e+03
3	1260	1.3946538690e+03
2	7827	1.3961491011e+03
2	4877	1.3981012773e+03
0	2434	1.3981875004e+03
2	5052	1.3992784654e+03
0	2601	1.4023925749e+03
0	1485	1.4037494296e+03
2	2651	1.4047564138e+03
0	13882	1.4053362835e+03
0	2608	1.4058901132e+03
3	6109	1.4086719778e+03
3	2733	1.4094339019e+03
1	7318	1.4094462659e+03
0	12767	1.4101566716e+03
1	14806	1.4111604775e+03
0	14202	1.4157207417e+03
0	14182	1.4175083448e+03
0	5777	1.4197065706e+03
3	6396	1.4197606960e+03
2	11850	1.4210000696e+03
3	6584	1.4227639419e+03
0	3899	1.4263001273e+03
1	13620	1.4271136611e+03
0	830	1.4272035963e+03
3	5619	1.4284976245e+03
3	13247	1.4297064399e+03
3	9490	1.4299308920e+03
2	1859	1.4300046177e+03
3	1020	1.4306371433e+03
2	9777	1.4306977770e+03
1	6316	1.4308764677e+03
2	11164	1.4352611103e+03
2	10779	1.4360787120e+03
3	13451	1.4366044734e+03
3	11641	1.4369332660e+03
3	12644	1.4379910626e+03
0	5615	1.4382506241e+03
3	9680	1.4386269171e+03
1	7994	1.4393594032e+03
2	10295	1.4401724067e+03
0	2387	1.4402740588e+03
3	1867	1.4428053637e+03
3	1158	1.4429675577e+03
0	6843	1.4498576083e+03
3	1442	1.4510478227e+03
3	8587	1.4521236047e+03
2	12099	1.4525841121e+03
0	10377	1.4542453273e+03
0	13058	1.4613756649e+03
1	359	1.4624997204e+03
1	1222	1.4649816348e+03
2	8178	1.4652682637e+03
1	12776	1.4654232586e+03
2	6270	1.4661495092e+03
1	9023	1.4665242932e+03
2	13200	1.4667997095e+03
0	5574	1.4670710350e+03
2	10197	1.4699786839e+03
1	2606	1.4705393660e+03
0	9348	1.4717845216e+03
2	11337	1.4724491096e+03
2	2542	1.4749440179e+03
1	4282	1.4757800824e+03
1	6997	1.4770475694e+03
2	10467	1.4774031485e+03
3	5128	1.4776786618e+03
1	11262	1.4780241427e+03
2	8822	1.4789988592e+03
1	7211	1.4818177088e+03
3	4209	1.4860047788e+03
1	2362	1.4889968065e+03
1	1666	1.4895958215e+03
3	1259	1.4916943571e+03
2	6083	1.4948914054e+03
2	10969	1.4985512064e+03
0	12308	1.4999729881e+03
3	6080	1.5030524014e+03
3	8957	1.5048296413e+03
3	5252	1.5050284781e+03
0	8533	1.5108644771e+03
0	12727	1.5134924682e+03
0	5303	1.5140458351e+03
0	483	1.5140985408e+03
3	8961	1.5181905982e+03
2	12232	1.5188319769e+03
3	6198	1.5191727647e+03
1	12794	1.5252225953e+03
1	6354	1.5268578368e+03
0	5694	1.5320452097e+03
3	5851	1.5326123902e+03
0	635	1.5341717139e+03
2	2877	1.5362405020e+03
0	4429	1.5378008927e+03
1	4632	1.5422837673e+03
2	13419	1.5476556561e+03
2	6690	1.5478497783e+03
1	11589	1.5498765868e+03
0	2486	1.5511023451e+03
2	4171	1.5535151295e+03
0	1986	1.5537165604e+03
0	14146	1.5545307498e+03
3	6115	1.5547378406e+03
0	4872	1.5555790259e+03
3	6555	1.5565709058e+03
0	7947	1.5569698389e+03
3	13972	1.5584084383e+03
3	13398	1.5604447827e+03
2	13542	1.5605168702e+03
0	11208	1.5627942204e+03
2	9828	1.5674541961e+03
0	10333	1.5690856410e+03
1	683	1.5708082175e+03
1	7312	1.5733349061e+03
3	521	1.5743113296e+03
3	3058	1.5764199256e+03
2	11976	1.5773357889e+03
1	1947	1.5801960603e+03
1	4387	1.5811960320e+03
2	13881	1.5824083094e+03
3	6110	1.5828173364e+03
1	4783	1.5839944245e+03
2	10205	1.5849429522e+03
1	1208	1.5862462960e+03
1	5974	1.5863246690e+03
0	9974	1.5864874372e+03
2	6074	1.5865011244e+03
1	13820	1.5881105825e+03
2	8118	1.5881932457e+03
3	13822	1.5889834357e+03
3	14240	1.5891538486e+03
2	3508	1.5992190464e+03
0	1443	1.5995192541e+03
0	1849	1.6007628996e+03
1	14562	1.6016606894e+03
1	13263	1.6034760840e+03
1	3905	1.6035430127e+03
0	4769	1.6058356585e+03
2	10883	1.6064170816e+03
1	13552	1.6071679993e+03
3	10819	1.6093020090e+03
3	13963	1.6130626144e+03
0	12882	1.6160297010e+03
2	6452	1.6161507502e+03
3	825	1.6164570573e+03
0	6681	1.6166517737e+03
2	8274	1.6191869422e+03
2	4740	1.6191997085e+03
0	4462	1.6242640021e+03
3	6219	1.6273306066e+03
0	4678	1.6290735564e+03
1	7951	1.6300061825e+03
2	5803	1.6322410870e+03
3	8040	1.6329117625e+03
2	289	1.6389900658e+03
3	788	1.6418277916e+03
2	128	1.6441585612e+03
1	7462	1.6454992333e+03
1	13484	1.6455609015e+03
3	1006	1.6467301800e+03
2	5748	1.6479097247e+03
0	1446	1.6535117693e+03
3	9065	1.6536695654e+03
3	10405	1.6550168965e+03
0	5447	1.6565721966e+03
2	2885	1.6598956298e+03
2	5028	1.6612148866e+03
2	6773	1.6612606395e+03
2	3241	1.6623444943e+03
3	7085	1.6644874610e+03
0	7472	1.6645727539e+03
3	4794	1.6655414986e+03
3	11635	1.6671937033e+03
3	979	1.6691246842e+03
1	1382	1.6701505052e+03
1	12161	1.6730323836e+03
1	4548	1.6797603918e+03
1	4725	1.6816804913e+03
2	4477	1.6834000034e+03
3	8565	1.6845635652e+03
1	3218	1.6854013095e+03
1	248	1.6883506432e+03
0	798	1.6895133625e+03
2	10161	1.6911186708e+03
0	12107	1.6911541863e+03
1	4475	1.6913015211e+03
0	2810	1.6913098234e+03
2	7245	1.6913830176e+03
0	201	1.6918468301e+03
3	7757	1.6951428765e+03
2	5095	1.6980044771e+03
1	5573	1.7022984216e+03
3	2808	1.7026664754e+03
1	3982	1.7028664518e+03
0	3226	1.7043453624e+03
1	326	1.7044205129e+03
1	7452	1.7045465120e+03
0	1901	1.7059795573e+03
3	1672	1.7062583093e+03
0	7411	1.7083491415e+03
2	251	1.7085241228e+03
3	1934	1.7124625092e+03
0	6951	1.7141608927e+03
2	576	1.7146368879e+03
3	13504	1.7177705790e+03
0	12283	1.7228357110e+03
0	2691	1.7248576671e+03
3	6663	1.7249603377e+03
0	5210	1.7276000204e+03
0	1827	1.7286364469e+03
3	13507	1.7292608546e+03
2	4522	1.7295446351e+03
0	3422	1.7342070155e+03
0	9137	1.7365563677e+03
2	7112	1.7381284628e+03
1	7591	1.7416497732e+03
1	4995	1.7431423506e+03
2	11304	1.7437239240e+03
2	3995	1.7505739664e+03
0	3568	1.7519371469e+03
1	2811	1.7519602044e+03
3	12167	1.7525568724e+03
3	1060	1.7526754987e+03
0	14064	1.7564218104e+03
3	10715	1.7616858779e+03
1	315	1.7633275910e+03
1	14188	1.7643089844e+03
3	6765	1.7648546040e+03
3	10446	1.7667238512e+03
0	5475	1.7671820224e+03
0	10905	1.7690604121e+03
0	9356	1.7697585359e+03
1	3354	1.7716546041e+03
2	10074	1.7716571749e+03
1	11740	1.7726223206e+03
3	12804	1.7730451030e+03
1	1787	1.7747574193e+03
0	6417	1.7748488702e+03
1	8670	1.7752755944e+03
2	11472	1.7782606940e+03
1	5302	1.7787496679e+03
2	13845	1.7845030484e+03
0	4222	1.7865058665e+03
0	2937	1.7867758666e+03
0	2687	1.7876848756e+03
0	5418	1.7904653089e+03
2	8375	1.7918035546e+03
3	11277	1.7920253609e+03
2	11097	1.7933335567e+03
3	1450	1.7952268137e+03
1	3790	1.7958504772e+03
0	13165	1.8045116642e+03
3	8591	1.8051849556e+03
3	7386	1.8054216575e+03
0	1938	1.8054873443e+03
2	11496	1.8092051192e+03
3	6697	1.8092807772e+03
3	7115	1.8140193902e+03
2	8887	1.8179349442e+03
3	4803	1.8198933980e+03
2	1064	1.8208968928e+03
0	6375	1.8212271324e+03
1	9663	1.8217071762e+03
3	1111	1.8232367592e+03
2	9969	1.8245209316e+03
3	1094	1.8273884552e+03
3	13297	1.8353544498e+03
1	6800	1.8358922089e+03
1	11525	1.8370665322e+03
0	1195	1.8371597295e+03
2	6253	1.8372695394e+03
3	8387	1.8384857704e+03
2	8088	1.8410837172e+03
3	13281	1.8431220020e+03
1	4875	1.8465897579e+03
1	8012	1.8508861000e+03
2	3404	1.8524130108e+03
2	10927	1.8529392110e+03
2	14118	1.8542745237e+03
1	3839	1.8569063335e+03
2	6015	1.8586095231e+03
1	726	1.8586254283e+03
1	4780	1.8593113016e+03
2	594	1.8605898577e+03
2	2986	1.8614513999e+03
3	86	1.8616400734e+03
3	7478	1.8637088051e+03
0	9713	1.8643786189e+03
2	11852	1.8653039443e+03
0	13452	1.8665887816e+03
1	13180	1.8668903378e+03
3	1976	1.8683163993e+03
1	3965	1.8695345348e+03
1	12759	1.8697254075e+03
1	9785	1.8702674401e+03
3	3069	1.8704126367e+03
1	1933	1.8773061370e+03
1	5755	1.8791143625e+03
2	5650	1.8827145239e+03
2	216	1.8838892409e+03
2	11749	1.8875358621e+03
2	9128	1.8877005325e+03
3	5317	1.8902013362e+03
2	925	1.8929032851e+03
1	12244	1.9018675658e+03
0	12943	1.9018824282e+03
1	14201	1.9023396096e+03
2	12243	1.9057762869e+03
3	11790	1.9061127582e+03
0	510	1.9064568674e+03
0	2617	1.9072280667e+03
0	10287	1.9076686844e+03
3	13006	1.9090913214e+03
0	13046	1.9093302472e+03
2	10816	1.9114695619e+03
3	3503	1.9117151439e+03
2	11654	1.9143785870e+03
2	220	1.9152656095e+03
0	3637	1.9153357365e+03
0	314	1.9167428685e+03
1	8700	1.9191648025e+03
3	3276	1.9197605819e+03
0	10721	1.9223178544e+03
1	7812	1.9255923034e+03
1	9899	1.9277727675e+03
1	9338	1.9292185311e+03
2	6948	1.9294513331e+03
0	8945	1.9300234158e+03
0	6713	1.9318843851e+03
2	8599	1.9338624130e+03
0	4081	1.9363224540e+03
0	10246	1.9367429202e+03
2	238	1.9370142420e+03
1	3910	1.9390311768e+03
2	7476	1.9392892966e+03
0	3323	1.9430779864e+03
0	9045	1.9440328288e+03
3	10413	1.9453919416e+03
1	9194	1.9469801559e+03
3	7188	1.9507354542e+03
3	271	1.9543392936e+03
0	13001	1.9600180138e+03
1	917	1.9615437741e+03
0	12193	1.9617939123e+03
0	7482	1.9681325023e+03
1	6555	1.9686708626e+03
3	6972	1.9731103662e+03
3	10040	1.9771568412e+03
2	6070	1.9772948489e+03
0	10925	1.9773296109e+03
1	3712	1.9787941132e+03
0	12857	1.9799196507e+03
0	5467	1.9820464261e+03
2	4880	1.9838573651e+03
1	7676	1.9843872794e+03
3	68	1.9880652046e+03
1	12841	1.9899862768e+03
1	9750	1.9915924849e+03
0	7428	1.9934055905e+03
0	11409	1.9955846826e+03
3	12748	1.9965258810e+03
3	5489	1.9978472026e+03
3	7396	1.9999137077e+03
2	13416	2.0063061397e+03
1	5798	2.0073835021e+03
1	450	2.0094369815e+03
3	4746	2.0129222604e+03
1	6903	2.0154672867e+03
2	3588	2.0168479497e+03
2	2437	2.0257120078e+03
2	5616	2.0264562003e+03
2	8886	2.0269285812e+03
1	14419	2.0283595222e+03
1	3861	2.0299441210e+03
2	13979	2.0326528399e+03
0	5297	2.0347916046e+03
3	9606	2.0368605770e+03
2	3029	2.0380656158e+03
1	7146	2.0397552623e+03
0	5000	2.0409561649e+03
2	10154	2.0431241405e+03
0	2498	2.0494903760e+03
1	7678	2.0499388362e+03
0	4875	2.0512488524e+03
0	6000	2.0512528243e+03
2	9597	2.0513634692e+03
0	10997	2.0538950630e+03
1	7782	2.0600971431e+03
2	2088	2.0609167480e+03
3	11286	2.0631804571e+03
0	2246	2.0644222003e+03
3	1274	2.0682344461e+03
2	9742	2.0704519680e+03
0	3854	2.0708308718e+03
3	6301	2.0708781022e+03
3	5737	2.0726415722e+03
0	9500	2.0736577185e+03
2	2928	2.0743131183e+03
2	12851	2.0769641105e+03
1	8720	2.0771495802e+03
3	6704	2.0793143429e+03
0	6993	2.0804222114e+03
2	10379	2.0811423952e+03
0	9769	2.0817887855e+03
2	5346	2.0828268881e+03
3	5245	2.0861668346e+03
3	11982	2.0877640926e+03
2	5073	2.0968837125e+03
0	2996	2.1003606188e+03
0	12809	2.1018973061e+03
2	4892	2.1077052319e+03
1	4731	2.1080903434e+03
1	10027	2.1105834683e+03
2	10056	2.1115498095e+03
1	8662	2.1142018781e+03
1	13843	2.1174176290e+03
0	7806	2.1186201784e+03
2	5807	2.1225168106e+03
1	526	2.1263098486e+03
2	6379	2.1291502643e+03
3	9698	2.1310628913e+03
1	11954	2.1311934251e+03
0	13881	2.1320416519e+03
0	9687	2.1346396990e+03
0	1814	2.1366088832e+03
1	3639	2.1368080638e+03
0	12232	2.1370277483e+03
2	8481	2.1372886623e+03
0	9685	2.1386260396e+03
1	11067	2.1415534465e+03
3	3123	2.1417582787e+03
2	11953	2.1438467638e+03
1	14647	2.1461023023e+03
3	10337	2.1478456038e+03
1	6049	2.1507845286e+03
1	9644	2.1519914185e+03
3	2518	2.1556884454e+03
3	9382	2.1581682968e+03
2	934	2.1583512918e+03
0	7005	2.1636405064e+03
0	4740	2.1644737578e+03
1	9968	2.1648465445e+03
1	14829	2.1665241609e+03
1	5117	2.1674571274e+03
2	10870	2.1737668305e+03
3	7670	2.1741580581e+03
0	909	2.1761543521e+03
2	12018	2.1763779174e+03
0	6660	2.1802244835e+03
2	10661	2.1809210289e+03
3	1954	2.1828038298e+03
3	9080	2.1834814739e+03
2	13546	2.1842844401e+03
3	5512	2.1879046882e+03
3	2644	2.1880843016e+03
3	2506	2.1903468055e+03
0	10084	2.1914193728e+03
3	168	2.1922424180e+03
1	10648	2.1924487468e+03
1	482	2.1925101135e+03
2	10182	2.1931491267e+03
2	9677	2.1948725717e+03
3	1219	2.1985177875e+03
0	1919	2.2012126589e+03
1	6290	2.2060537238e+03
3	2838	2.2069981610e+03
2	4536	2.2110115723e+03
1	7781	2.2166775926e+03
3	13872	2.2169875077e+03
3	10697	2.2205515359e+03
0	8280	2.2210909037e+03
3	11293	2.2286481766e+03
1	4512	2.2304760362e+03
3	7091	2.2325274162e+03
3	537	2.2331854502e+03
1	11671	2.2338099071e+03
1	4779	2.2346144001e+03
2	12878	2.2356780433e+03
1	9179	2.2356966298e+03
2	4402	2.2367645920e+03
2	10248	2.2389823179e+03
1	12870	2.2418506751e+03
2	6634	2.2455900966e+03
3	504	2.2456735772e+03
3	8089	2.2490875490e+03
2	13338	2.2511351202e+03
2	9873	2.2521941000e+03
1	12728	2.2525221606e+03
2	3227	2.2540030256e+03
0	6566	2.2540551991e+03
1	10365	2.2616459415e+03
0	5769	2.2623048745e+03
3	1661	2.2624785893e+03
3	2099	2.2643425498e+03
2	10341	2.2644978079e+03
0	4476	2.2668697418e+03
2	12042	2.2670663949e+03
2	9579	2.2716010985e+03
1	4272	2.2775625631e+03
2	4867	2.2788642688e+03
2	13034	2.2911421272e+03
0	6707	2.2918466705e+03
0	5599	2.2920378664e+03
0	8559	2.2923590987e+03
1	4302	2.2972219531e+03
3	14366	2.2978026092e+03
1	7672	2.3025771043e+03
1	11270	2.3032231767e+03
2	8782	2.3057667144e+03
3	10511	2.3094362809e+03
0	8867	2.3159348556e+03
3	8284	2.3181927096e+03
2	13113	2.3197572580e+03
0	890	2.3202635112e+03
3	4353	2.3388475121e+03
0	519	2.3394121626e+03
1	2658	2.3403595059e+03
0	7281	2.3413742814e+03
0	13391	2.3448710476e+03
1	3556	2.3462368991e+03
0	9355	2.3465389351e+03
0	10610	2.3466937623e+03
0	13993	2.3477303219e+03
1	1644	2.3479699169e+03
1	6331	2.3504506736e+03
1	1864	2.3520783655e+03
3	4758	2.3537611994e+03
2	10299	2.3580547310e+03
0	9811	2.3591608042e+03
2	1951	2.3619990341e+03
2	4035	2.3623645966e+03
3	7782	2.3667717108e+03
1	28	2.3740538259e+03
0	9342	2.3742101539e+03
2	8954	2.3765256134e+03
0	12975	2.3782755763e+03
1	2165	2.3790807538e+03
3	7191	2.3896969488e+03
1	14059	2.3980309468e+03
0	11261	2.4101075078e+03
3	1647	2.4104062112e+03
0	2562	2.4139814170e+03
0	4066	2.4140986181e+03
2	13422	2.4176731862e+03
2	11787	2.4180752964e+03
0	3455	2.4198505094e+03
1	5448	2.4212780468e+03
1	11666	2.4240429939e+03
1	1655	2.4242085560e+03
0	13124	2.4313499309e+03
0	1784	2.4356254857e+03
0	12403	2.4368329561e+03
0	14094	2.4371372629e+03
0	7363	2.4371449247e+03
0	11548	2.4377297679e+03
3	11131	2.4385469434e+03
1	3617	2.4395103195e+03
3	12985	2.4405814893e+03
0	6985	2.4458283695e+03
0	6721	2.4462893332e+03
0	13778	2.4480846891e+03
1	10701	2.4483827705e+03
3	8739	2.4528496412e+03
0	2398	2.4554169947e+03
3	14293	2.4635935807e+03
1	7060	2.4636996482e+03
0	5225	2.4644967390e+03
3	2571	2.4654767947e+03
1	5543	2.4662145753e+03
1	5457	2.4663034144e+03
2	13563	2.4670072186e+03
3	9645	2.4799856006e+03
2	494	2.4808263828e+03
3	12504	2.4868934762e+03
2	5304	2.4890629829e+03
2	4079	2.4908220540e+03
3	1048	2.4911175034e+03
0	5055	2.5005783108e+03
2	1698	2.5008847084e+03
2	9683	2.5012461549e+03
2	10350	2.5037479080e+03
3	14218	2.5082439220e+03
0	10049	2.5091428782e+03
2	3923	2.5101927428e+03
3	10742	2.5129076652e+03
2	5758	2.5180266732e+03
3	14493	2.5207154911e+03
1	10789	2.5226147318e+03
2	6671	2.5269846109e+03
2	9781	2.5275201027e+03
1	11414	2.5411852531e+03
2	773	2.5422379405e+03
3	8915	2.5461021259e+03
2	10344	2.5463996477e+03
1	11024	2.5477890349e+03
1	14322	2.5495682537e+03
1	2456	2.5496473823e+03
2	4992	2.5517097314e+03
3	7529	2.5558192058e+03
1	10754	2.5559633586e+03
3	1640	2.5566645439e+03
1	5223	2.5577072737e+03
0	10090	2.5611028892e+03
3	12350	2.5640114196e+03
2	11349	2.5659130079e+03
0	10203	2.5685933849e+03
0	13765	2.5687603743e+03
1	9717	2.5703120056e+03
2	608	2.5705166560e+03
2	5809	2.5741661256e+03
2	10306	2.5756920423e+03
2	672	2.5815097566e+03
1	5015	2.5820171166e+03
0	6419	2.5853463483e+03
1	7122	2.5911356756e+03
3	10522	2.5993371689e+03
1	8260	2.6020240268e+03
1	7216	2.6029578663e+03
2	8802	2.6053917364e+03
3	10656	2.6080527031e+03
3	5381	2.6080977574e+03
0	11585	2.6114198314e+03
1	5860	2.6170573855e+03
3	4116	2.6184320271e+03
0	2389	2.6251684261e+03
1	9089	2.6270472703e+03
0	6307	2.6285397203e+03
2	139	2.6298145379e+03
1	3440	2.6354244027e+03
3	5760	2.6356634301e+03
0	12928	2.6403502005e+03
2	8811	2.6427202322e+03
2	1790	2.6455298969e+03
0	605	2.6510922580e+03
3	5177	2.6534112919e+03
2	7404	2.6543432731e+03
2	5331	2.6546552313e+03
3	5218	2.6569975404e+03
3	8567	2.6616895680e+03
2	9328	2.6670020749e+03
1	13821	2.6693217053e+03
3	10627	2.6751123811e+03
2	8047	2.6791887670e+03
2	3876	2.6799967344e+03
1	13490	2.6817375621e+03
3	1835	2.6824788092e+03
0	3196	2.6828035811e+03
0	9031	2.6829618361e+03
3	993	2.6845530782e+03
2	7436	2.6845860716e+03
3	9392	2.6893691802e+03
2	6598	2.6908079583e+03
1	19	2.6934469319e+03
2	7455	2.6940517709e+03
1	2505	2.6970962669e+03
2	11937	2.6976060784e+03
2	11045	2.7011637465e+03
0	3085	2.7041695574e+03
3	9449	2.7050703243e+03
2	6273	2.7055375205e+03
0	5892	2.7076632293e+03
1	6641	2.7106916724e+03
2	6259	2.7125425707e+03
2	12127	2.7142109603e+03
3	14055	2.7209526562e+03
1	5227	2.7247939749e+03
3	7634	2.7299066023e+03
1	5848	2.7358071633e+03
1	6275	2.7385691051e+03
2	12654	2.7388542714e+03
0	8001	2.7419960814e+03
3	10904	2.7438702856e+03
1	14931	2.7475554170e+03
2	5123	2.7482746530e+03
3	11471	2.7501958551e+03
0	8855	2.7514378965e+03
3	6293	2.7517659514e+03
0	3826	2.7520062565e+03
2	38	2.7543276027e+03
2	7464	2.7621501385e+03
2	7331	2.7624194763e+03
0	6746	2.7671326341e+03
2	14216	2.7689682192e+03
1	11517	2.7691450223e+03
1	7652	2.7693692230e+03
3	8086	2.7766039661e+03
3	2269	2.7791095752e+03
3	4556	2.7806011688e+03
3	946	2.7879278982e+03
1	7963	2.7934788856e+03
1	2617	2.7959056335e+03
2	4600	2.8011217269e+03
1	4081	2.8020813188e+03
1	2639	2.8025435993e+03
2	8898	2.8046829866e+03
3	6826	2.8066203958e+03
1	3072	2.8084962792e+03
1	8184	2.8087984439e+03
2	1045	2.8092101923e+03
0	2221	2.8106739280e+03
3	3338	2.8217612994e+03
1	11822	2.8223219687e+03
1	14543	2.8264182487e+03
3	8774	2.8267896997e+03
1	13779	2.8296030904e+03
0	7877	2.8342613672e+03
1	9071	2.8343873410e+03
3	730	2.8410527590e+03
0	13998	2.8420256232e+03
1	4285	2.8473126781e+03
0	565	2.8476378655e+03
3	260	2.8495839984e+03
1	10308	2.8579680158e+03
1	279	2.8585561184e+03
1	5980	2.8601159380e+03
0	1696	2.8616211833e+03
3	7372	2.8653396128e+03
2	3587	2.8673257189e+03
1	6784	2.8714250089e+03
2	9397	2.8751019962e+03
1	9305	2.8793732008e+03
0	7310	2.8859794058e+03
3	6935	2.8905760891e+03
0	13493	2.8920343266e+03
3	11742	2.8954634097e+03
0	13773	2.8986185612e+03
2	3385	2.9037753258e+03
0	14327	2.9065918807e+03
0	1615	2.9126287911e+03
1	3755	2.9127040852e+03
0	11426	2.9277161752e+03
3	2535	2.9281487791e+03
0	4688	2.9287956830e+03
1	3550	2.9296006261e+03
0	3222	2.9323178827e+03
1	1074	2.9343941581e+03
2	3100	2.9370696066e+03
3	7274	2.9372258206e+03
3	2048	2.9410247718e+03
3	4257	2.9439552964e+03
3	13836	2.9456368219e+03
2	10895	2.9471033725e+03
2	5792	2.9490394225e+03
3	7960	2.9530905827e+03
2	1051	2.9585439549e+03
0	9512	2.9591903232e+03
3	8618	2.9604230926e+03
1	14177	2.9648445754e+03
0	11538	2.9678802680e+03
0	10840	2.9681243004e+03
3	306	2.9710469001e+03
2	5466	2.9766269268e+03
2	7722	2.9806440128e+03
0	4590	2.9809312526e+03
3	6120	2.9841076038e+03
3	3185	2.9853746529e+03
2	1978	2.9857645590e+03
2	12213	2.9860005932e+03
1	14216	2.9867853536e+03
2	4803	2.9876937921e+03
3	2098	2.9886493101e+03
3	9774	2.9896723485e+03
2	6854	2.9960837085e+03
3	11015	3.0008006659e+03
3	7178	3.0013466728e+03
3	1660	3.0021503361e+03
1	11213	3.0027400230e+03
1	11245	3.0078699548e+03
0	1328	3.0085737817e+03
2	9582	3.0095129368e+03
1	2493	3.0096972842e+03
3	2664	3.0150167185e+03
2	349	3.0153077289e+03
1	8258	3.0156775608e+03
3	1357	3.0167203394e+03
3	12290	3.0225021590e+03
1	4982	3.0231333513e+03
1	3455	3.0247155368e+03
3	6323	3.0266523428e+03
2	10713	3.0373588263e+03
0	7982	3.0410609797e+03
1	5996	3.0411045698e+03
1	5158	3.0423395780e+03
0	5947	3.0433323189e+03
0	12588	3.0439797875e+03
2	7291	3.0499065415e+03
3	12052	3.0551604489e+03
1	7127	3.0561262705e+03
3	7294	3.0571750555e+03
3	10755	3.0573655759e+03
3	13066	3.0583676438e+03
1	6677	3.0584065423e+03
3	11007	3.0588120265e+03
2	4901	3.0606702570e+03
1	10248	3.0670042338e+03
1	191	3.0686934578e+03
0	2348	3.0725406901e+03
1	12246	3.0760205221e+03
2	11570	3.0803121851e+03
1	2213	3.0805634967e+03
3	6429	3.0820218907e+03
3	8116	3.0868278969e+03
0	5069	3.0906315910e+03
3	11486	3.0924827477e+03
2	6139	3.0994186962e+03
2	4769	3.1033295321e+03
1	10142	3.1036044290e+03
2	13887	3.1147555012e+03
2	14007	3.1176363185e+03
2	464	3.1184476239e+03
3	13097	3.1192463215e+03
3	1991	3.1212743690e+03
1	8762	3.1223265457e+03
1	2763	3.1226166872e+03
3	11091	3.1272698684e+03
1	7746	3.1273546898e+03
3	9581	3.1281375811e+03
2	3936	3.1338045326e+03
0	9563	3.1395859029e+03
1	14599	3.1426288632e+03
2	8374	3.1459359550e+03
2	1095	3.1466234026e+03
3	12721	3.1478968528e+03
0	11529	3.1519271230e+03
1	9628	3.1522598225e+03
0	12487	3.1530851730e+03
3	9308	3.1565761169e+03
0	2347	3.1569020830e+03
2	14063	3.1646856261e+03
3	10638	3.1654182474e+03
0	12849	3.1687891038e+03
1	10437	3.1707039387e+03
1	7392	3.1721250319e+03
3	6537	3.1729574449e+03
1	11390	3.1738301603e+03
3	4063	3.1775784497e+03
1	13341	3.1782348749e+03
2	6781	3.1790942924e+03
3	1957	3.1792645096e+03
2	11135	3.1868218903e+03
3	5397	3.1870727794e+03
1	12439	3.1917027241e+03
1	3817	3.1933838682e+03
2	12840	3.2016848951e+03
3	6042	3.2119596152e+03
1	89	3.2153677313e+03
3	3072	3.2162715810e+03
1	1911	3.2169692537e+03
0	2958	3.2177779677e+03
3	11495	3.2244953078e+03
1	14917	3.2246467843e+03
2	4506	3.2283266410e+03
0	5784	3.2306420523e+03
3	1370	3.2316258361e+03
0	7813	3.2318768255e+03
3	5625	3.2428448377e+03
3	4988	3.2430136577e+03
0	1226	3.2481784286e+03
0	8240	3.2524471637e+03
0	13111	3.2568990732e+03
2	11754	3.2601294421e+03
0	8016	3.2664007664e+03
2	9133	3.2690951132e+03
1	1180	3.2702253121e+03
3	6606	3.2714152449e+03
0	2977	3.2743705644e+03
1	8729	3.2755270439e+03
1	10786	3.2860994550e+03
1	9958	3.2870387053e+03
1	6242	3.2876673180e+03
3	12978	3.2911136709e+03
1	2680	3.2922100101e+03
1	10135	3.2926991426e+03
0	2397	3.3027145923e+03
2	6676	3.3046930931e+03
2	10338	3.3074987615e+03
2	8037	3.3080354778e+03
3	3153	3.3086686304e+03
0	13952	3.3170085333e+03
1	13242	3.3229961010e+03
2	3743	3.3278534257e+03
1	1420	3.3317878086e+03
2	6778	3.3337547366e+03
3	11000	3.3389904361e+03
3	7513	3.3432794809e+03
2	5101	3.3448533469e+03
2	12149	3.3448963421e+03
1	104	3.3485321699e+03
0	11986	3.3488436368e+03
2	5112	3.3491579392e+03
3	3784	3.3499070182e+03
0	1583	3.3500952046e+03
1	3751	3.3512110796e+03
0	5929	3.3517103727e+03
0	10391	3.3523364659e+03
2	5398	3.3606713533e+03
2	7084	3.3619617630e+03
2	2162	3.3676504658e+03
2	2367	3.3699955634e+03
3	13065	3.3815885637e+03
1	12964	3.3820080008e+03
0	2696	3.3826061430e+03
2	2500	3.3837549971e+03
3	14279	3.3840588698e+03
1	3888	3.3860496104e+03
3	3699	3.3891839563e+03
1	11602	3.3933445000e+03
3	3283	3.3937956944e+03
1	13853	3.3946031579e+03
2	1112	3.3948939335e+03
1	11819	3.4114230053e+03
1	5825	3.4174783848e+03
0	6314	3.4179735520e+03
0	4383	3.4217592506e+03
0	5980	3.4260921762e+03
0	12365	3.4280560658e+03
3	11391	3.4290289703e+03
2	414	3.4295323198e+03
3	2830	3.4320914878e+03
2	1830	3.4339935982e+03
1	9311	3.4350826913e+03
3	12816	3.4371571263e+03
0	12718	3.4372787672e+03
2	2418	3.4376270083e+03
0	6128	3.4387568117e+03
0	12691	3.4397528501e+03
2	903	3.4421426573e+03
3	10317	3.4457734749e+03
0	6169	3.4508316310e+03
2	7510	3.4510497616e+03
1	12633	3.4515400161e+03
0	2311	3.4533082354e+03
2	13899	3.4572623520e+03
2	5083	3.4585182391e+03
1	9813	3.4585354725e+03
0	140	3.4596942731e+03
1	10807	3.4598620997e+03
0	4520	3.4707842404e+03
0	1795	3.4716815303e+03
3	4589	3.4736542832e+03
3	13716	3.4737175154e+03
2	5945	3.4788341403e+03
2	4170	3.4795420439e+03
3	4459	3.4814257004e+03
1	2342	3.4880584230e+03
1	13554	3.4897694749e+03
3	12409	3.4901392854e+03
3	2186	3.4922140515e+03
2	6752	3.4949717718e+03
3	5584	3.4955748560e+03
3	13590	3.4986625117e+03
0	9496	3.4987516800e+03
3	8716	3.5036112340e+03
3	8042	3.5039937201e+03
0	11822	3.5090754269e+03
3	4181	3.5121759225e+03
1	13878	3.5140515870e+03
0	883	3.5148572145e+03
0	4312	3.5197961067e+03
3	5370	3.5198498347e+03
3	14470	3.5221843492e+03
1	2050	3.5242228945e+03
2	4166	3.5270798384e+03
2	3135	3.5278255464e+03
2	8929	3.5279276572e+03
2	8019	3.5302774328e+03
1	2215	3.5328968726e+03
1	5086	3.5331437626e+03
0	2011	3.5402436836e+03
2	8209	3.5438320848e+03
0	11385	3.5448118206e+03
0	9138	3.5449611705e+03
3	11205	3.5449615346e+03
3	839	3.5572404559e+03
1	7289	3.5607424787e+03
2	8407	3.5623531667e+03
3	3233	3.5676360090e+03
2	10452	3.5707909551e+03
2	4552	3.5709943022e+03
2	9175	3.5736833289e+03
1	7639	3.5781205727e+03
2	265	3.5797080892e+03
2	181	3.5816637103e+03
2	7985	3.5824273430e+03
0	6632	3.5863708421e+03
2	9721	3.5961839777e+03
3	941	3.6021363483e+03
2	5844	3.6056432933e+03
0	977	3.6090404042e+03
2	4018	3.6094620978e+03
1	625	3.6147607354e+03
1	13457	3.6185369429e+03
0	1695	3.6199406648e+03
0	10234	3.6202275333e+03
1	2084	3.6207288854e+03
0	5006	3.6210847650e+03
0	5406	3.6313359758e+03
2	6955	3.6453981775e+03
3	5291	3.6488235188e+03
2	4586	3.6500425819e+03
2	3515	3.6515717079e+03
3	14545	3.6530722811e+03
2	1372	3.6538180988e+03
1	11562	3.6568882325e+03
1	12261	3.6614541444e+03
1	2690	3.6627300335e+03
1	3107	3.6651604810e+03
0	10288	3.6702935320e+03
0	6218	3.6706689418e+03
0	14003	3.6727438257e+03
1	10676	3.6810263552e+03
3	1444	3.6860766057e+03
2	1409	3.6976184812e+03
3	4275	3.7001128676e+03
2	6383	3.7041677412e+03
3	13530	3.7109659349e+03
3	8536	3.7142941794e+03
0	2966	3.7312879931e+03
3	2282	3.7318107185e+03
1	1680	3.7340358323e+03
0	10710	3.7408405550e+03
1	11710	3.7422470907e+03
0	12216	3.7433352548e+03
1	8594	3.7526232076e+03
1	11095	3.7578740102e+03
2	3478	3.7683777863e+03
3	9509	3.7823576645e+03
3	2091	3.7827464235e+03
1	3784	3.7855981255e+03
3	6808	3.7881599538e+03
2	12292	3.8000807133e+03
2	7521	3.8009819696e+03
2	14110	3.8033725723e+03
0	6299	3.8040057940e+03
3	3670	3.8047409268e+03
3	11983	3.8117022456e+03
3	2849	3.8166329369e+03
3	3404	3.8193176531e+03
2	12672	3.8248661870e+03
3	5686	3.8253294839e+03
0	13310	3.8261817406e+03
1	3694	3.8278038973e+03
0	4680	3.8278397536e+03
2	4356	3.8332468797e+03
1	243	3.8333100589e+03
1	7628	3.8341991992e+03
0	8452	3.8354198558e+03
0	8160	3.8360132212e+03
0	7848	3.8402762293e+03
3	9357	3.8476820398e+03
3	1309	3.8483902918e+03
0	3611	3.8525686993e+03
2	8035	3.8600157801e+03
3	12920	3.8623359025e+03
0	6512	3.8743450914e+03
3	3706	3.8744320128e+03
0	7829	3.8775376460e+03
0	13344	3.8777963868e+03
1	13361	3.8778494893e+03
1	4279	3.8814972265e+03
3	4329	3.8880846392e+03
1	2002	3.8894308364e+03
0	5268	3.8913615211e+03
3	4949	3.8919621002e+03
1	2448	3.8943122249e+03
2	14083	3.9174835129e+03
1	7138	3.9181689952e+03
0	13422	3.9195853686e+03
1	1474	3.9209807588e+03
2	3396	3.9216170835e+03
2	741	3.9240159184e+03
1	8380	3.9253105135e+03
3	398	3.9265339408e+03
0	10660	3.9281384195e+03
2	6064	3.9394223482e+03
0	11781	3.9399940538e+03
0	5354	3.9456529929e+03
2	780	3.9485029261e+03
1	3684	3.9523893488e+03
3	12472	3.9558615529e+03
2	12494	3.9590942324e+03
0	12781	3.9591503655e+03
3	12603	3.9617336603e+03
3	10750	3.9648014177e+03
3	5204	3.9649399797e+03
1	10740	3.9656582345e+03
3	10932	3.9660809854e+03
3	722	3.9692272228e+03
3	752	3.9694335138e+03
0	5838	3.9701285781e+03
2	12754	3.9717932513e+03
0	4737	3.9744040185e+03
1	14503	3.9763154047e+03
1	13185	3.9839638168e+03
2	11162	3.9915913386e+03
0	7078	3.9967466902e+03
2	13109	4.0004553836e+03
2	997	4.0028747692e+03
1	5085	4.0032484178e+03
0	14174	4.0041482901e+03
0	12199	4.0082637193e+03
2	1445	4.0158855026e+03
3	12011	4.0196877492e+03
2	8649	4.0204441898e+03
2	14115	4.0239752533e+03
0	2686	4.0244268548e+03
3	2285	4.0255365253e+03
2	7686	4.0275391619e+03
2	10370	4.0310089396e+03
0	6762	4.0360017324e+03
0	13541	4.0428055670e+03
0	2014	4.0442096558e+03
1	11716	4.0480190711e+03
1	10099	4.0505266874e+03
0	7583	4.0595921803e+03
2	11691	4.0597420425e+03
0	3489	4.0613361470e+03
1	13960	4.0687663551e+03
2	13734	4.0706593120e+03
2	6447	4.0717248789e+03
3	9023	4.0779719368e+03
0	11914	4.0806467708e+03
1	13004	4.0870431450e+03
0	11098	4.0905447920e+03
3	5081	4.0910319082e+03
0	13050	4.0939301692e+03
3	6325	4.0951878461e+03
3	14028	4.0963018347e+03
3	1334	4.0979295655e+03
3	2030	4.1004027369e+03
0	14356	4.1018747245e+03
0	7099	4.1045121630e+03
1	5814	4.1061130290e+03
2	11390	4.1138594234e+03
3	2020	4.1151566485e+03
2	4798	4.1190721000e+03
0	10784	4.1262866222e+03
3	11127	4.1289118610e+03
0	4524	4.1467610727e+03
3	11432	4.1532943207e+03
0	148	4.1584175057e+03
3	14294	4.1614157655e+03
1	9850	4.1688158509e+03
2	2573	4.1720605358e+03
3	550	4.1781782577e+03
2	8278	4.1859525218e+03
0	6435	4.1866047916e+03
3	4286	4.1872200473e+03
1	12783	4.1882370690e+03
0	11844	4.1929911653e+03
1	1215	4.1950234159e+03
2	6404	4.1960131360e+03
2	12307	4.2006958348e+03
2	13423	4.2038993844e+03
1	2473	4.2133966078e+03
2	9608	4.2202248290e+03
2	2799	4.2333333726e+03
2	5023	4.2367515926e+03
1	4944	4.2369637258e+03
0	6510	4.2383746182e+03
2	12945	4.2434604608e+03
3	10524	4.2484675428e+03
0	9611	4.2486897145e+03
3	621	4.2552129583e+03
3	7585	4.2598435482e+03
1	1115	4.2669715541e+03
0	11207	4.2672282877e+03
2	10774	4.2686131815e+03
0	11722	4.2716979538e+03
1	8269	4.2757071179e+03
1	11183	4.2764727084e+03
0	5189	4.2765487399e+03
0	6190	4.2840473786e+03
0	6473	4.2867555200e+03
2	4851	4.2867894000e+03
0	10160	4.2869018417e+03
1	861	4.2979075723e+03
3	11426	4.2983039984e+03
0	1089	4.3012525103e+03
2	1099	4.3045231671e+03
0	13470	4.3048677490e+03
0	5071	4.3076962075e+03
2	11962	4.3081303828e+03
0	11272	4.3086051210e+03
2	2400	4.3095498433e+03
1	1495	4.3100097767e+03
2	8108	4.3103593765e+03
3	10700	4.3112051451e+03
0	4941	4.3119910156e+03
2	13746	4.3188252239e+03
1	2000	4.3190025938e+03
3	11737	4.3229207385e+03
0	3362	4.3248308026e+03
0	3573	4.3251665659e+03
1	13039	4.3265891538e+03
2	8154	4.3277516752e+03
2	7867	4.3317226717e+03
1	8620	4.3360241950e+03
2	1617	4.3372871224e+03
3	5324	4.3442217951e+03
2	6697	4.3447242671e+03
2	5766	4.3498336231e+03
1	11724	4.3564798042e+03
0	2507	4.3577035321e+03
3	2085	4.3577305248e+03
0	7687	4.3587133918e+03
3	13375	4.3600776696e+03
3	632	4.3652178581e+03
2	7799	4.3654684487e+03
3	3773	4.3660630722e+03
0	12027	4.3743497252e+03
3	489	4.3760616049e+03
0	3664	4.3819284359e+03
1	8842	4.3830215408e+03
1	7974	4.3873344609e+03
3	2995	4.3982692692e+03
1	4074	4.3983685037e+03
2	2411	4.3992308994e+03
1	11969	4.3992542821e+03
2	6378	4.4006585143e+03
1	4664	4.4074816221e+03
1	11730	4.4207964393e+03
1	2766	4.4236759337e+03
2	2265	4.4293281407e+03
2	11386	4.4294746308e+03
0	7702	4.4429701527e+03
2	2591	4.4434081961e+03
2	6872	4.4451930819e+03
1	4704	4.4463058342e+03
0	2044	4.4526509411e+03
3	13150	4.4545338323e+03
1	2852	4.4551021286e+03
0	14346	4.4563357751e+03
3	11294	4.4590613760e+03
3	13145	4.4650299689e+03
0	8271	4.4652282504e+03
1	13403	4.4706178409e+03
3	4751	4.4780723527e+03
1	11707	4.4784073419e+03
1	4543	4.4816343085e+03
0	9724	4.4838519096e+03
2	2526	4.4842126450e+03
2	10211	4.4853390826e+03
2	12718	4.4927674617e+03
3	5456	4.4957418916e+03
1	231	4.5011368215e+03
0	9081	4.5012070664e+03
1	13910	4.5016359702e+03
2	1074	4.5097140061e+03
1	4108	4.5260746177e+03
1	11099	4.5340060185e+03
3	6810	4.5394099313e+03
2	9510	4.5429407837e+03
1	8681	4.5429663715e+03
0	12733	4.5626055655e+03
1	13000	4.5662039367e+03
3	10623	4.5695326165e+03
1	14366	4.5697564950e+03
0	494	4.5716134229e+03
1	1467	4.5731244606e+03
3	13688	4.5800674670e+03
0	4748	4.5832745273e+03
0	13208	4.5837646849e+03
0	840	4.5866519053e+03
1	10667	4.5999341198e+03
2	11918	4.6020824341e+03
0	9037	4.6084323929e+03
1	3442	4.6111695030e+03
0	1352	4.6126955265e+03
1	5734	4.6156225271e+03
0	14006	4.6217223303e+03
0	63	4.6266393072e+03
0	6964	4.6285607634e+03
1	10379	4.6305043205e+03
1	6332	4.6365792463e+03
1	3523	4.6418661825e+03
0	12322	4.6435958664e+03
1	850	4.6436195184e+03
0	2172	4.6447515186e+03
1	4827	4.6450006739e+03
2	217	4.6519173979e+03
1	6073	4.6534474231e+03
3	8400	4.6564762547e+03
2	13876	4.6583074983e+03
1	9682	4.6608104027e+03
0	11358	4.6615261272e+03
2	11777	4.6625570960e+03
2	4697	4.6635243019e+03
1	4761	4.6680383992e+03
2	6184	4.6709351465e+03
3	6356	4.6715422313e+03
0	6996	4.6719624747e+03
2	9997	4.6725466631e+03
2	10490	4.6751694638e+03
0	6612	4.6774696412e+03
0	6042	4.6787060839e+03
1	2169	4.6821643904e+03
1	13984	4.6864876887e+03
0	12366	4.6922656294e+03
2	4876	4.6934884117e+03
1	13070	4.6963444374e+03
3	11101	4.6967213259e+03
2	5117	4.7015323615e+03
0	1394	4.7061964583e+03
1	4622	4.7083900958e+03
3	10978	4.7089392209e+03
2	11990	4.7108063647e+03
0	13386	4.7198657402e+03
2	3963	4.7219552517e+03
2	11649	4.7276981786e+03
0	1665	4.7310067721e+03
1	5159	4.7343370705e+03
1	6374	4.7372916183e+03
1	7760	4.7375678788e+03
2	9369	4.7421640731e+03
0	3878	4.7434671269e+03
1	14309	4.7453028549e+03
3	3461	4.7497487622e+03
3	13222	4.7547143660e+03
3	8044	4.7554510881e+03
3	3881	4.7556710184e+03
3	8737	4.7557042820e+03
1	12005	4.7558225640e+03
1	648	4.7564565182e+03
3	8074	4.7598895266e+03
3	4497	4.7600742339e+03
0	5383	4.7610719235e+03
1	14858	4.7660397398e+03
2	9189	4.7668318692e+03
1	11063	4.7687262007e+03
1	12182	4.7830610473e+03
2	11537	4.7852886237e+03
1	1619	4.7870499719e+03
3	3966	4.7922894165e+03
1	13098	4.7950630133e+03
3	10651	4.7968435146e+03
0	5341	4.8003698737e+03
3	6601	4.8069855332e+03
3	14026	4.8097088184e+03
0	7664	4.8109314463e+03
1	9175	4.8231858501e+03
3	6237	4.8310493636e+03
2	10493	4.8348137122e+03
2	9450	4.8412939445e+03
0	5619	4.8508640167e+03
0	3759	4.8540756452e+03
3	8956	4.8556994803e+03
1	2596	4.8579012653e+03
1	266	4.8608257732e+03
3	6223	4.8671095490e+03
2	9016	4.8678234735e+03
3	8169	4.8684566890e+03
0	2296	4.8723781285e+03
0	7366	4.8775974932e+03
3	9821	4.8819182128e+03
1	8279	4.8841628281e+03
1	1386	4.8880107387e+03
2	7152	4.8892489411e+03
1	5339	4.8912322097e+03
3	1876	4.9026451086e+03
1	4041	4.9127517427e+03
2	2190	4.9152112667e+03
0	11853	4.9158789934e+03
2	678	4.9158858772e+03
3	10183	4.9187802140e+03
0	12362	4.9232467114e+03
3	4201	4.9237765469e+03
1	2719	4.9261172436e+03
0	859	4.9305278325e+03
0	4615	4.9331615320e+03
0	12136	4.9335843696e+03
0	2546	4.9344073908e+03
2	9176	4.9348409107e+03
1	11712	4.9355979098e+03
2	12668	4.9498795013e+03
0	6921	4.9540275384e+03
3	8875	4.9559508035e+03
0	3890	4.9625462498e+03
3	1742	4.9650319591e+03
0	4009	4.9678703606e+03
1	772	4.9782258427e+03
3	11924	4.9790701780e+03
2	13016	4.9973518606e+03
3	2263	4.9974932402e+03
1	1419	4.9993540263e+03
1	12706	5.0030642165e+03
0	6493	5.0181214435e+03
0	4877	5.0244205034e+03
3	3914	5.0247069272e+03
2	11221	5.0292421140e+03
2	2017	5.0294474284e+03
3	4039	5.0303420667e+03
1	2796	5.0321249481e+03
0	8588	5.0324056765e+03
1	9294	5.0338128472e+03
0	4753	5.0349521730e+03
1	9163	5.0385792588e+03
3	13709	5.0451117398e+03
2	1753	5.0457331974e+03
0	3561	5.0496672583e+03
1	8989	5.0500459073e+03
2	6846	5.0586040288e+03
2	10523	5.0684171837e+03
2	748	5.0743073444e+03
2	10729	5.0764855661e+03
1	13636	5.0906134003e+03
1	998	5.0909208954e+03
3	14081	5.0951950131e+03
3	12463	5.1111907819e+03
3	13425	5.1172800998e+03
0	14037	5.1181840160e+03
1	8127	5.1185790028e+03
0	658	5.1220666141e+03
2	13341	5.1259127269e+03
1	8138	5.1295798571e+03
3	3924	5.1312114136e+03
1	8579	5.1390284788e+03
3	11313	5.1432427952e+03
0	6744	5.1528879198e+03
0	452	5.1580224716e+03
2	13510	5.1757081842e+03
2	2760	5.1843466773e+03
3	11709	5.1907016909e+03
0	4957	5.1917650734e+03
2	7298	5.1933019496e+03
1	7795	5.1985237567e+03
1	11127	5.2022118423e+03
1	10624	5.2114954545e+03
2	7024	5.2116434521e+03
1	7009	5.2135014593e+03
3	6375	5.2157710773e+03
2	8987	5.2161012228e+03
3	5715	5.2174088795e+03
1	11505	5.2245589248e+03
1	3048	5.2304545362e+03
0	9310	5.2375715732e+03
2	9404	5.2425294524e+03
0	4115	5.2453196462e+03
2	2613	5.2592226566e+03
3	8650	5.2663030463e+03
0	12350	5.2752973495e+03
0	12137	5.2786010178e+03
0	8710	5.2789901058e+03
1	13376	5.2844565718e+03
3	5797	5.2889768859e+03
0	7375	5.2894440682e+03
1	2405	5.2916608851e+03
0	3962	5.2938377785e+03
2	6771	5.3037992183e+03
3	9224	5.3117580070e+03
2	4797	5.3128810842e+03
0	3825	5.3177715481e+03
1	14265	5.3220385293e+03
0	3239	5.3331469636e+03
1	11240	5.3435665280e+03
1	13021	5.3480079028e+03
3	10583	5.3522570517e+03
0	770	5.3583573123e+03
0	11206	5.3608888245e+03
1	9589	5.3714077915e+03
2	6647	5.3770694983e+03
2	2462	5.3772431432e+03
3	3714	5.3928031366e+03
0	9426	5.3943282208e+03
1	6679	5.3946570403e+03
3	6218	5.4013319953e+03
2	933	5.4043478776e+03
2	1803	5.4051536308e+03
3	5486	5.4068583848e+03
2	11891	5.4278227028e+03
3	2660	5.4285623484e+03
1	11982	5.4405941525e+03
1	3760	5.4457547509e+03
3	12847	5.4498937908e+03
0	11132	5.4589778658e+03
3	8210	5.4667970726e+03
2	9169	5.4675367489e+03
1	9100	5.4715518937e+03
0	10089	5.4844911162e+03
1	2344	5.4892925117e+03
0	2967	5.4898615404e+03
3	9671	5.4978803448e+03
1	14764	5.4996199608e+03
2	11020	5.5008577795e+03
2	2059	5.5039535408e+03
2	3253	5.5081766758e+03
3	4846	5.5082209622e+03
0	7215	5.5122956479e+03
3	10295	5.5180952948e+03
3	12741	5.5214163280e+03
2	12811	5.5220800134e+03
2	8957	5.5231860201e+03
3	6566	5.5295192593e+03
3	11116	5.5297317198e+03
2	481	5.5350855471e+03
3	3824	5.5351591861e+03
1	6428	5.5384733355e+03
3	5359	5.5393197641e+03
3	11427	5.5393610274e+03
1	10360	5.5472084565e+03
2	4206	5.5490187243e+03
3	1319	5.5573763096e+03
0	229	5.5573880552e+03
2	8123	5.5578469073e+03
0	10088	5.5585539293e+03
3	12749	5.5640190904e+03
3	4376	5.5642790703e+03
3	8468	5.5644248499e+03
2	10559	5.5731911909e+03
0	1643	5.5757028734e+03
3	7908	5.5786032736e+03
1	11672	5.5818763788e+03
0	10151	5.5873751633e+03
2	7601	5.5883755118e+03
1	6382	5.5900879399e+03
3	13340	5.5930357708e+03
3	4463	5.5971442999e+03
1	7975	5.6021875900e+03
0	3791	5.6042425461e+03
3	12872	5.6084031367e+03
2	10946	5.6099158879e+03
3	11656	5.6140268713e+03
2	13885	5.6235090462e+03
2	159	5.6265127681e+03
3	8452	5.6285081025e+03
2	971	5.6291671384e+03
3	8261	5.6333805864e+03
2	6764	5.6390108140e+03
1	2160	5.6496253006e+03
2	10809	5.6505166902e+03
3	8081	5.6559084742e+03
1	12695	5.6617624423e+03
1	638	5.6627985630e+03
0	2137	5.6642239599e+03
0	176	5.6653118553e+03
0	3350	5.6656516420e+03
0	2315	5.6752763396e+03
2	8479	5.6777179635e+03
2	14175	5.6845808159e+03
1	3567	5.6863211775e+03
0	11312	5.6868208971e+03
3	6094	5.6909043870e+03
1	2924	5.6921365348e+03
2	836	5.6974839358e+03
2	5486	5.7066831426e+03
3	13817	5.7088324116e+03
0	1412	5.7177294730e+03
3	9192	5.7255408619e+03
3	4559	5.7255837239e+03
3	10458	5.7420549981e+03
3	10562	5.7571933978e+03
3	5535	5.7624415200e+03
3	7760	5.7689707979e+03
2	2739	5.7700939809e+03
2	2824	5.7766733325e+03
2	8246	5.7787200197e+03
1	7231	5.7820135493e+03
1	5011	5.7880042772e+03
3	6166	5.7911789012e+03
0	5187	5.7941597733e+03
0	5255	5.8217500860e+03
3	7510	5.8274783340e+03
2	2176	5.8323806592e+03
1	12609	5.8338861292e+03
2	12186	5.8442264292e+03
3	9099	5.8442400053e+03
0	8586	5.8458732801e+03
2	9438	5.8539242783e+03
0	10282	5.8596543363e+03
2	6172	5.8648330217e+03
3	11436	5.8715530959e+03
3	11793	5.8766876116e+03
0	5133	5.8848139353e+03
0	1398	5.8871669540e+03
2	8874	5.8899692064e+03
2	11983	5.8935427664e+03
1	2423	5.8973604356e+03
3	13051	5.9032614447e+03
3	1977	5.9079278547e+03
3	2241	5.9093778692e+03
1	2204	5.9094900522e+03
3	5136	5.9171250079e+03
1	12194	5.9179135378e+03
0	13017	5.9364984106e+03
3	1778	5.9413476519e+03
3	6534	5.9530548941e+03
2	2947	5.9531369189e+03
2	9968	5.9624238484e+03
2	13724	5.9630756142e+03
3	10719	5.9792416579e+03
0	12415	5.9803950559e+03
0	8429	5.9812156061e+03
3	6294	5.9840696139e+03
3	12119	5.9922623520e+03
2	1376	5.9973949643e+03
2	9230	6.0027864913e+03
2	10938	6.0079713082e+03
0	4319	6.0164682795e+03
2	1479	6.0187917476e+03
3	8451	6.0234908297e+03
2	11203	6.0235379355e+03
3	12370	6.0344617796e+03
2	1615	6.0376937475e+03
2	8956	6.0387484618e+03
3	11452	6.0394807598e+03
3	2542	6.0422747862e+03
0	4641	6.0469676359e+03
0	11587	6.0474700611e+03
1	865	6.0498712836e+03
2	13132	6.0596053930e+03
1	4564	6.0640364140e+03
1	14305	6.0842285156e+03
0	6662	6.0942116327e+03
2	7196	6.1008719599e+03
2	9329	6.1018925122e+03
2	4307	6.1027626133e+03
1	9769	6.1058911397e+03
1	6424	6.1140300087e+03
3	9756	6.1188105152e+03
2	94	6.1200722197e+03
2	11350	6.1225043124e+03
3	14403	6.1275300859e+03
2	1425	6.1278502575e+03
2	4227	6.1341085746e+03
0	6934	6.1353114363e+03
3	12148	6.1354753287e+03
0	6674	6.1433161644e+03
2	6406	6.1504240381e+03
0	9986	6.1581914805e+03
0	11510	6.1642563157e+03
2	11104	6.1690561804e+03
0	5868	6.1700801828e+03
2	5824	6.1788888746e+03
1	7617	6.1796330987e+03
0	2358	6.1886756220e+03
0	7153	6.1907383674e+03
3	10456	6.1946077801e+03
2	5423	6.1951402374e+03
2	5215	6.1965234540e+03
3	6049	6.1986236560e+03
2	12003	6.1988312812e+03
2	13077	6.2007840704e+03
1	14137	6.2180141731e+03
1	1922	6.2274034893e+03
3	5875	6.2281365897e+03
2	7295	6.2358680519e+03
3	14127	6.2394619167e+03
2	1677	6.2501956606e+03
1	6696	6.2527796160e+03
2	8242	6.2566791851e+03
0	650	6.2598742147e+03
0	1053	6.2615684343e+03
0	2957	6.2643023857e+03
3	2559	6.2679959561e+03
2	11541	6.2741509673e+03
2	11514	6.2781428605e+03
3	12498	6.2832774756e+03
3	6426	6.2841030290e+03
1	8326	6.2902937943e+03
0	14314	6.2987678739e+03
2	11381	6.3000583176e+03
0	11836	6.3000643608e+03
3	538	6.3012503563e+03
2	1466	6.3045428634e+03
3	3091	6.3137942850e+03
2	3366	6.3162321312e+03
3	3321	6.3330890452e+03
2	7994	6.3340449399e+03
1	7129	6.3351093561e+03
0	6254	6.3359752352e+03
2	6966	6.3512651471e+03
3	466	6.3521357583e+03
0	8276	6.3597354604e+03
0	5601	6.3661066562e+03
1	14649	6.3741505053e+03
3	14189	6.3789376513e+03
1	6823	6.3818218485e+03
3	9100	6.3861860508e+03
0	4432	6.3866983945e+03
2	12742	6.3874335044e+03
0	11978	6.3903382260e+03
3	9489	6.4014264803e+03
1	13933	6.4019140711e+03
2	6837	6.4091120717e+03
1	7876	6.4221474057e+03
1	7654	6.4231014101e+03
3	13881	6.4247398478e+03
1	2566	6.4271380909e+03
3	13363	6.4418810897e+03
3	3452	6.4447919731e+03
2	13270	6.4591706170e+03
3	7780	6.4611077034e+03
0	1414	6.4635512780e+03
1	1212	6.4643179553e+03
2	7145	6.4665628475e+03
2	11417	6.4798883154e+03
2	11273	6.4823576383e+03
3	7828	6.4857335888e+03
2	11620	6.4870297400e+03
3	5516	6.4943771138e+03
2	6562	6.5102844764e+03
0	6290	6.5166385038e+03
2	10065	6.5201052358e+03
3	6868	6.5250537783e+03
1	5800	6.5279276612e+03
1	12515	6.5306281862e+03
1	5497	6.5336888420e+03
3	364	6.5370004105e+03
1	959	6.5385689362e+03
2	2315	6.5510913466e+03
2	7143	6.5523401507e+03
2	8295	6.5551010664e+03
1	134	6.5788248086e+03
0	3053	6.5876462145e+03
0	3738	6.5924165676e+03
2	12841	6.6034158532e+03
0	5561	6.6044161039e+03
0	13614	6.6189027418e+03
3	3870	6.6233561766e+03
3	132	6.6258121840e+03
3	12739	6.6270249882e+03
1	3475	6.6314656935e+03
3	5444	6.6389578603e+03
3	7263	6.6408828607e+03
2	12139	6.6412652083e+03
3	8413	6.6458650641e+03
1	9909	6.6493052310e+03
2	11406	6.6510855202e+03
1	9982	6.6534671789e+03
2	10885	6.6609272636e+03
3	922	6.6935108778e+03
1	785	6.6991962172e+03
0	12905	6.7007257967e+03
2	1874	6.7007668879e+03
0	1691	6.7055799475e+03
2	13830	6.7058434901e+03
2	994	6.7198620557e+03
1	12615	6.7255193840e+03
2	8390	6.7414171328e+03
2	11928	6.7455886757e+03
0	10624	6.7550273730e+03
0	7206	6.7589590224e+03
2	12048	6.7658694252e+03
3	5490	6.7896558157e+03
3	6184	6.7944599911e+03
1	9422	6.7971944062e+03
2	13	6.7976096887e+03
1	2301	6.7982326965e+03
1	2888	6.8054187886e+03
0	7602	6.8077922622e+03
2	2163	6.8106826996e+03
2	1287	6.8110725268e+03
0	1481	6.8164873621e+03
1	13400	6.8235470609e+03
3	13235	6.8382285024e+03
0	7167	6.8414823741e+03
3	5623	6.8486213851e+03
2	13040	6.8487643354e+03
2	12586	6.8554813339e+03
0	3919	6.8599936938e+03
2	5287	6.8723234176e+03
1	5603	6.8840040810e+03
1	10878	6.8930697030e+03
3	2472	6.8943186034e+03
3	9119	6.8961124718e+03
2	3777	6.8989264861e+03
2	1110	6.9014528803e+03
1	10088	6.9181449369e+03
0	5212	6.9254530581e+03
3	8069	6.9262733182e+03
3	4817	6.9351176714e+03
0	13328	6.9358830092e+03
1	7400	6.9419083548e+03
2	4165	6.9670695775e+03
1	9377	6.9767518609e+03
3	10406	6.9822198452e+03
1	11940	6.9830135921e+03
3	14471	6.9833818594e+03
0	8361	6.9885857383e+03
3	8769	6.9900285029e+03
0	4790	6.9924356874e+03
0	7175	7.0061103171e+03
1	7196	7.0116970967e+03
1	5751	7.0195708144e+03
2	1503	7.0222619312e+03
1	8198	7.0236308036e+03
2	6345	7.0255151811e+03
2	10660	7.0425687296e+03
2	13284	7.0558263468e+03
0	10896	7.0677116192e+03
0	11382	7.0699083213e+03
2	11229	7.0751171985e+03
0	14232	7.0795769203e+03
1	3265	7.0847925048e+03
1	8817	7.0861112592e+03
0	630	7.0889382904e+03
1	12935	7.0934729177e+03
0	1106	7.0999750658e+03
0	10759	7.1086796235e+03
0	2529	7.1093004542e+03
0	8471	7.1102330607e+03
1	3236	7.1138563178e+03
1	13856	7.1202150537e+03
3	6922	7.1232539945e+03
2	10515	7.1301169254e+03
3	8207	7.1338610361e+03
1	7713	7.1339361174e+03
0	8363	7.1457588563e+03
2	10607	7.1544740993e+03
2	5497	7.1569864920e+03
0	3413	7.1722849225e+03
3	13198	7.1757984027e+03
3	3011	7.1778966861e+03
0	8899	7.1801585862e+03
2	6387	7.1887217302e+03
0	12356	7.1927157088e+03
1	4112	7.2013112303e+03
0	7470	7.2054454589e+03
1	13586	7.2088830043e+03
0	7635	7.2122052811e+03
3	12852	7.2134918946e+03
2	3623	7.2229074654e+03
0	1169	7.2340002735e+03
1	12249	7.2468102295e+03
0	11101	7.2588458555e+03
0	4160	7.2621324449e+03
1	7000	7.2745441654e+03
0	11923	7.2746942066e+03
2	2337	7.2882709672e+03
0	1858	7.2887837204e+03
2	11260	7.2927496447e+03
0	6322	7.2977916832e+03
3	13829	7.3038002491e+03
0	8818	7.3067998085e+03
1	11440	7.3136693887e+03
2	6360	7.3270117514e+03
1	1578	7.3294495931e+03
3	9877	7.3401635142e+03
0	13609	7.3434043346e+03
0	12627	7.3475158557e+03
3	8948	7.3482513960e+03
2	1918	7.3553213339e+03
2	5397	7.3566935871e+03
2	6436	7.3587304806e+03
2	3819	7.3635309835e+03
3	8921	7.3799761413e+03
2	2050	7.3834885373e+03
0	11516	7.3842609213e+03
0	2964	7.3853995380e+03
0	220	7.3894991736e+03
3	13000	7.3949016157e+03
1	12228	7.3989619877e+03
0	1833	7.4003273039e+03
0	10866	7.4016968602e+03
1	13450	7.4088082883e+03
0	7430	7.4128406629e+03
2	7426	7.4139534050e+03
1	7766	7.4271011600e+03
3	13877	7.4272925411e+03
2	14074	7.4332018131e+03
2	8229	7.4363718275e+03
3	2339	7.4403021956e+03
1	690	7.4405883734e+03
1	1582	7.4406334725e+03
1	3797	7.4508731676e+03
0	373	7.4512836866e+03
3	12319	7.4534185224e+03
1	121	7.4607702090e+03
3	4541	7.4645493777e+03
2	11533	7.4669707030e+03
3	6770	7.4722014561e+03
0	3986	7.4797011551e+03
2	5772	7.4808999748e+03
0	8857	7.4815170062e+03
3	13812	7.4898893362e+03
1	5475	7.5018594655e+03
0	704	7.5050763080e+03
2	11594	7.5087723847e+03
2	8387	7.5093390596e+03
3	4304	7.5144789614e+03
3	9048	7.5154827423e+03
0	5548	7.5197997827e+03
3	7226	7.5223449197e+03
3	13396	7.5224991216e+03
1	4926	7.5270065182e+03
1	12621	7.5381454233e+03
3	7331	7.5404250668e+03
0	13131	7.5459703600e+03
2	10290	7.5598410681e+03
3	2336	7.5708658065e+03
1	3628	7.5714656186e+03
1	5494	7.5840821103e+03
3	719	7.5848496351e+03
0	2897	7.5906454853e+03
1	4819	7.5914377751e+03
1	13875	7.5940147539e+03
3	7118	7.5958602056e+03
1	10855	7.5986040953e+03
0	12843	7.6016458703e+03
0	5910	7.6059118174e+03
1	12836	7.6079264152e+03
0	1517	7.6120977728e+03
2	2768	7.6200035186e+03
2	14062	7.6211541134e+03
3	10049	7.6293672598e+03
3	1137	7.6398084873e+03
1	7609	7.6410700931e+03
1	4788	7.6445184250e+03
0	10448	7.6486710067e+03
1	6014	7.6536380930e+03
0	9709	7.6611097655e+03
2	12787	7.6721752708e+03
1	6248	7.6722715564e+03
0	2538	7.6863065994e+03
1	10825	7.6888326978e+03
2	4144	7.6921329747e+03
3	9220	7.6950851599e+03
1	10137	7.7052692127e+03
1	909	7.7295027070e+03
0	10651	7.7299521607e+03
2	9051	7.7346176310e+03
3	3840	7.7439945106e+03
1	9877	7.7540418939e+03
1	116	7.7631745923e+03
0	7875	7.7666658833e+03
0	12174	7.7725240374e+03
3	11363	7.7735425637e+03
2	2916	7.7769019984e+03
0	4003	7.7774876173e+03
0	233	7.7950966883e+03
3	9917	7.7973106323e+03
1	4859	7.7996008009e+03
0	12743	7.8021057401e+03
2	4756	7.8059403996e+03
1	10253	7.8068541430e+03
1	1596	7.8096043400e+03
3	11526	7.8131848649e+03
2	13417	7.8202621941e+03
1	2523	7.8262882161e+03
2	13804	7.8280211337e+03
3	14460	7.8352914574e+03
3	3807	7.8365059601e+03
2	2792	7.8407520016e+03
3	7626	7.8410902612e+03
0	6849	7.8449480579e+03
2	4189	7.8529294998e+03
2	4318	7.8691269502e+03
1	11550	7.8832891130e+03
3	5348	7.8866996442e+03
2	11001	7.8943117126e+03
0	6528	7.9063116342e+03
2	12832	7.9164370766e+03
0	4798	7.9181169583e+03
1	13776	7.9266355918e+03
0	6171	7.9271166179e+03
1	2080	7.9340982618e+03
3	3154	7.9638275194e+03
1	11460	7.9883330687e+03
1	12421	7.9963818510e+03
3	1346	7.9977108710e+03
3	9350	8.0016760979e+03
2	2203	8.0139060990e+03
2	4444	8.0213189845e+03
1	13387	8.0321386385e+03
3	1549	8.0368728443e+03
3	7471	8.0478695573e+03
0	3370	8.0479776602e+03
3	5121	8.0688002042e+03
3	6377	8.0821300914e+03
2	6133	8.0845108805e+03
0	8952	8.0908838629e+03
3	2327	8.1043160522e+03
2	7930	8.1044855637e+03
1	8411	8.1078092415e+03
3	13722	8.1122433676e+03
1	7255	8.1177554151e+03
0	10607	8.1371115531e+03
0	2268	8.1413026392e+03
1	3031	8.1498808683e+03
0	10814	8.1556425483e+03
2	12309	8.1568361553e+03
3	13719	8.1592186654e+03
3	9015	8.1693934792e+03
2	9927	8.1938684880e+03
0	14131	8.2044440159e+03
0	1813	8.2057106985e+03
0	9408	8.2079375837e+03
1	9158	8.2167481517e+03
0	6945	8.2250661760e+03
0	10464	8.2347997180e+03
1	6779	8.2352303643e+03
3	10716	8.2391894289e+03
2	13712	8.2446196013e+03
0	5973	8.2470396412e+03
0	14216	8.2476668137e+03
0	11753	8.2501477222e+03
3	10341	8.2520690524e+03
2	12842	8.2581361785e+03
1	12983	8.2635462053e+03
2	12891	8.2761841706e+03
0	13279	8.2817450754e+03
1	14888	8.2899694924e+03
3	5295	8.3031233838e+03
2	4794	8.3093801125e+03
3	12298	8.3208143023e+03
1	11746	8.3251516477e+03
3	2594	8.3346462159e+03
0	7425	8.3356269688e+03
1	10778	8.3468958621e+03
0	2210	8.3492300880e+03
3	1728	8.3595806593e+03
1	3878	8.3634831147e+03
0	6441	8.3670141435e+03
1	14865	8.3717308477e+03
1	7498	8.3760296246e+03
3	8249	8.3805044169e+03
3	1363	8.3864858159e+03
0	9180	8.3902577167e+03
0	2324	8.3909956392e+03
1	2386	8.3949850674e+03
3	6660	8.3950307291e+03
0	8978	8.3957403643e+03
0	13827	8.4106628113e+03
3	3615	8.4144250788e+03
3	9282	8.4210740900e+03
1	4264	8.4279877893e+03
1	8124	8.4303116506e+03
1	6939	8.4356786061e+03
0	1408	8.4412666425e+03
3	1613	8.4430840579e+03
2	12830	8.4459938455e+03
2	1003	8.4509583011e+03
0	1592	8.4555137168e+03
0	12848	8.4605652780e+03
3	9519	8.4633183103e+03
1	10967	8.4658158066e+03
1	10890	8.4682743600e+03
1	5255	8.4710612528e+03
1	307	8.4745058443e+03
1	11376	8.4852489153e+03
2	13680	8.5066263607e+03
2	9601	8.5086058225e+03
0	2935	8.5177515058e+03
1	10214	8.5205316651e+03
2	1459	8.5253694098e+03
0	8652	8.5272140355e+03
1	5154	8.5346737633e+03
0	10463	8.5353807112e+03
0	10294	8.5453675389e+03
3	6311	8.5532891530e+03
2	1324	8.5569509420e+03
0	11795	8.5601491339e+03
3	3788	8.5703115773e+03
1	9943	8.5774244915e+03
2	3075	8.5824968709e+03
1	10757	8.5873407899e+03
0	5749	8.6041362174e+03
0	3656	8.6101855319e+03
1	6038	8.6116335489e+03
1	14013	8.6146073101e+03
1	380	8.6147239352e+03
0	12238	8.6151316474e+03
3	1555	8.6204474084e+03
3	12447	8.6260594999e+03
2	14070	8.6364238917e+03
2	3391	8.6387048973e+03
3	9730	8.6392352315e+03
3	3051	8.6458911956e+03
0	6156	8.6458955923e+03
1	10586	8.6547214577e+03
2	7638	8.6633943832e+03
2	5829	8.6657055714e+03
1	9177	8.6705356721e+03
1	13851	8.6837517068e+03
1	10373	8.6915555819e+03
2	5661	8.6927603121e+03
2	8705	8.6965582461e+03
1	5416	8.6977965283e+03
2	12863	8.7158215128e+03
2	3564	8.7294648061e+03
0	4154	8.7358122265e+03
2	13698	8.7362300549e+03
1	13547	8.7507068618e+03
2	9752	8.7603981286e+03
3	1899	8.7644251683e+03
2	6749	8.7656063827e+03
2	13145	8.7690895099e+03
2	10183	8.7767881973e+03
2	3547	8.7819067276e+03
1	3564	8.7867652948e+03
2	3242	8.8010297108e+03
3	13279	8.8047027766e+03
2	5595	8.8047927069e+03
1	399	8.8055570759e+03
2	2515	8.8059130186e+03
2	4495	8.8064185661e+03
2	11069	8.8097730104e+03
1	4630	8.8262635838e+03
2	7419	8.8282612526e+03
0	9221	8.8309032745e+03
2	1748	8.8509362340e+03
3	11228	8.8593881308e+03
0	12815	8.8694231273e+03
2	3380	8.8714665953e+03
3	891	8.8794249915e+03
3	8372	8.8841900530e+03
0	3256	8.8874269672e+03
1	11776	8.8930641972e+03
1	1811	8.8960256670e+03
2	6431	8.9150885888e+03
0	721	8.9178785720e+03
3	414	8.9277222669e+03
0	8734	8.9338033509e+03
3	1889	8.9413139195e+03
0	12073	8.9468957753e+03
1	10749	8.9507041581e+03
0	11592	8.9524104774e+03
3	5714	8.9567857860e+03
1	4368	8.9617330567e+03
3	6551	8.9645212345e+03
1	1768	8.9687534068e+03
3	1960	8.9694660045e+03
2	4147	8.9713233167e+03
1	6599	8.9729395712e+03
1	6866	8.9974200648e+03
3	2398	8.9977403738e+03
1	2058	8.9984513666e+03
3	7055	9.0092287885e+03
2	5734	9.0103397657e+03
3	3480	9.0173306172e+03
3	4924	9.0176764860e+03
0	10140	9.0177875538e+03
2	13500	9.0302098990e+03
0	14007	9.0371587491e+03
3	9098	9.0386590610e+03
1	1703	9.0500741908e+03
2	2067	9.0674834613e+03
2	7050	9.0708596159e+03
2	9916	9.0719877435e+03
0	14196	9.0815159938e+03
2	1009	9.0827325907e+03
2	5333	9.0931077494e+03
2	7537	9.0938168057e+03
1	12099	9.0951024730e+03
2	657	9.0998072740e+03
3	5254	9.1071912756e+03
3	3417	9.1160320499e+03
3	9231	9.1281003262e+03
3	1035	9.1281974647e+03
2	11655	9.1294996555e+03
2	4558	9.1329696933e+03
0	5144	9.1340329194e+03
0	8214	9.1391768893e+03
2	4927	9.1510196861e+03
3	2218	9.1589179974e+03
3	11659	9.1604634003e+03
0	13273	9.1674287305e+03
2	8905	9.1683174968e+03
3	11094	9.1736570065e+03
3	12516	9.1773925999e+03
2	1535	9.1960999351e+03
3	12605	9.2055771777e+03
3	13059	9.2070427655e+03
1	13030	9.2101414064e+03
0	41	9.2117103842e+03
2	6413	9.2117321588e+03
1	4856	9.2127414402e+03
3	7805	9.2291952632e+03
1	9304	9.2552156877e+03
3	10218	9.2612981245e+03
0	12804	9.2768258345e+03
2	12970	9.2825329443e+03
2	13839	9.2841452083e+03
1	317	9.2931997668e+03
3	11215	9.2964630399e+03
2	9403	9.3124794886e+03
1	14871	9.3140855500e+03
3	4719	9.3225069731e+03
2	12208	9.3236891447e+03
3	2424	9.3248933775e+03
1	11425	9.3439987313e+03
0	13526	9.3481404553e+03
0	9107	9.3495022454e+03
1	7252	9.3606782469e+03
0	6344	9.3735836190e+03
0	2573	9.3999319711e+03
1	7106	9.4218552238e+03
1	1880	9.4229872256e+03
0	8637	9.4250869199e+03
2	7051	9.4265877692e+03
0	4652	9.4376198187e+03
2	8466	9.4501033243e+03
3	4412	9.4561919127e+03
0	11799	9.4588430772e+03
0	11399	9.4653642778e+03
0	10762	9.4839509471e+03
0	13367	9.5042630179e+03
0	10802	9.5274587356e+03
1	11030	9.5290258265e+03
3	5013	9.5291551665e+03
3	5605	9.5311679081e+03
1	3782	9.5401504955e+03
2	3914	9.5445656311e+03
3	2235	9.5526011581e+03
1	5190	9.5555848431e+03
2	5021	9.5754624503e+03
0	12060	9.5880900930e+03
0	8183	9.5962731794e+03
0	9565	9.6068109325e+03
3	2413	9.6093265955e+03
0	1539	9.6203168871e+03
1	8366	9.6259631856e+03
2	700	9.6281255782e+03
0	14059	9.6301738774e+03
1	9973	9.6325913069e+03
1	6860	9.6367310490e+03
2	6628	9.6485098424e+03
2	8551	9.6540711150e+03
1	1161	9.6577002533e+03
0	13419	9.6583021886e+03
0	3102	9.6630411805e+03
3	1457	9.6734156312e+03
0	14307	9.6753384682e+03
3	11225	9.6783913102e+03
2	7347	9.7356234109e+03
0	10780	9.7446377808e+03
3	9330	9.7700792741e+03
3	4226	9.7729149162e+03
0	6204	9.7792163293e+03
0	4876	9.7856069986e+03
3	10992	9.7902393286e+03
2	11966	9.7902444404e+03
0	13398	9.7906725333e+03
3	4693	9.7913839474e+03
1	7025	9.7961371954e+03
3	14397	9.8063412450e+03
3	8681	9.8158533844e+03
2	2830	9.8272469697e+03
2	2068	9.8284655740e+03
3	2259	9.8288937602e+03
1	7939	9.8411476778e+03
2	4545	9.8427997003e+03
1	409	9.8432400069e+03
2	4789	9.8471468059e+03
0	10648	9.8600954338e+03
3	14342	9.8614691406e+03
2	6120	9.8685706283e+03
0	7483	9.8790839423e+03
3	7133	9.8819575392e+03
0	6814	9.8926804780e+03
3	7516	9.8959322571e+03
0	5425	9.8987182339e+03
3	12929	9.9145607403e+03
1	5432	9.9283224468e+03
2	9275	9.9310108225e+03
2	13261	9.9374195231e+03
2	3605	9.9493644641e+03
3	11442	9.9504276072e+03
3	12613	9.9551722158e+03
1	13775	9.9588026594e+03
1	8328	9.9664624296e+03
0	10327	9.9684112745e+03
3	3954	9.9695017178e+03
0	1321	9.9744951989e+03
3	5011	9.9834593381e+03
0	8372	9.9918481637e+03
0	11321	9.9928196859e+03
1	10082	1.0003502479e+04
0	11679	1.0021143513e+04
2	2975	1.0056405309e+04
0	6146	1.0056538536e+04
0	9538	1.0074273388e+04
3	4548	1.0078549281e+04
3	5431	1.0087645770e+04
3	4008	1.0095436157e+04
1	9614	1.0103427795e+04
1	8983	1.0129752255e+04
1	1799	1.0133847141e+04
2	7003	1.0134053644e+04
1	6307	1.0148399179e+04
0	10299	1.0149602457e+04
3	1680	1.0158028141e+04
3	8621	1.0166213111e+04
2	6667	1.0167523616e+04
3	2821	1.0169689612e+04
1	6343	1.0170233366e+04
1	6886	1.0170887871e+04
1	11058	1.0176997740e+04
3	2747	1.0238763427e+04
1	13874	1.0244420787e+04
0	14359	1.0245633374e+04
3	10964	1.0248402456e+04
1	9324	1.0260489294e+04
3	5600	1.0270793037e+04
3	3097	1.0274362874e+04
1	3176	1.0284034898e+04
1	12424	1.0294092481e+04
3	4486	1.0317966156e+04
3	1861	1.0320857795e+04
3	5999	1.0345749849e+04
0	3392	1.0368815011e+04
2	11080	1.0375182748e+04
1	3074	1.0381140499e+04
0	3304	1.0398221034e+04
2	591	1.0409273232e+04
0	7178	1.0409634373e+04
0	339	1.0419249277e+04
1	1838	1.0443995749e+04
0	1788	1.0458337486e+04
0	7072	1.0477075492e+04
3	4383	1.0484804599e+04
2	13915	1.0500197334e+04
1	8017	1.0503151645e+04
0	12314	1.0509642536e+04
2	2155	1.0511995041e+04
3	6415	1.0514108985e+04
0	9763	1.0514779087e+04
2	13582	1.0514815063e+04
0	4393	1.0517168373e+04
0	5513	1.0517626816e+04
3	4776	1.0542849775e+04
1	12033	1.0552488839e+04
0	7819	1.0559232753e+04
1	6733	1.0561918467e+04
3	9738	1.0577249576e+04
0	7367	1.0577524688e+04
0	3195	1.0578531240e+04
2	9892	1.0580430883e+04
0	5763	1.0581025522e+04
2	12053	1.0584015535e+04
2	9320	1.0602321800e+04
2	10417	1.0611807354e+04
3	776	1.0642222083e+04
0	1740	1.0660278462e+04
2	1626	1.0666107175e+04
0	12730	1.0672758135e+04
2	1636	1.0694702869e+04
0	5623	1.0716030932e+04
3	3027	1.0718775167e+04
3	12074	1.0731362190e+04
3	12091	1.0732511898e+04
0	5886	1.0753380890e+04
1	9946	1.0784415215e+04
0	11188	1.0792268176e+04
0	10839	1.0792277362e+04
2	6135	1.0804428351e+04
2	5111	1.0805686776e+04
1	9217	1.0806115006e+04
2	1852	1.0811790139e+04
1	7690	1.0816493968e+04
1	10049	1.0845899210e+04
0	6179	1.0850115852e+04
2	6894	1.0855004755e+04
1	11590	1.0865404478e+04
2	13902	1.0877098141e+04
2	2100	1.0878031068e+04
1	2112	1.0880220155e+04
2	6949	1.0885145986e+04
2	4532	1.0898015946e+04
0	10892	1.0898350601e+04
0	6476	1.0899270347e+04
3	13028	1.0902521295e+04
0	4447	1.0916968618e+04
3	25	1.0923132189e+04
1	10227	1.0941683320e+04
2	1205	1.0959428592e+04
2	9347	1.0963385351e+04
1	2443	1.0964758137e+04
3	8454	1.0967169048e+04
2	12821	1.0974695606e+04
0	11026	1.0987752660e+04
2	7279	1.1003326954e+04
1	9239	1.1019729646e+04
0	6446	1.1021958742e+04
3	2537	1.1024451607e+04
1	4392	1.1025147600e+04
0	11366	1.1032664351e+04
2	9373	1.1067912717e+04
3	4074	1.1068280002e+04
1	9859	1.1079077107e+04
0	11364	1.1080116154e+04
2	9747	1.1089323018e+04
0	5830	1.1100443807e+04
3	12295	1.1112779485e+04
1	6435	1.1117273530e+04
1	4705	1.1117869712e+04
0	12782	1.1131741682e+04
0	8200	1.1140993005e+04
1	1190	1.1144258978e+04
3	6745	1.1146355608e+04
0	10708	1.1148132077e+04
2	1251	1.1160437811e+04
0	7924	1.1175556363e+04
0	12214	1.1177813321e+04
1	10226	1.1195882837e+04
2	7958	1.1200022114e+04
2	13083	1.1200273208e+04
2	2937	1.1245558067e+04
3	13483	1.1250139263e+04
0	7716	1.1260174556e+04
2	555	1.1271480510e+04
3	7666	1.1287809266e+04
2	6880	1.1308293107e+04
2	4561	1.1335858746e+04
0	13775	1.1357335765e+04
1	9228	1.1364724892e+04
1	2303	1.1374105187e+04
1	7670	1.1381754019e+04
2	3201	1.1394129722e+04
2	5821	1.1395299581e+04
1	12101	1.1396751093e+04
2	8497	1.1398534584e+04
1	7983	1.1431786412e+04
3	11731	1.1438383903e+04
0	701	1.1506211403e+04
3	523	1.1507105436e+04
0	5494	1.1508706256e+04
0	12861	1.1513324228e+04
0	2725	1.1521686937e+04
0	12893	1.1538838583e+04
3	12517	1.1548005096e+04
0	9823	1.1555721633e+04
0	816	1.1556371477e+04
1	2932	1.1556514443e+04
2	8010	1.1561087564e+04
3	7260	1.1565995146e+04
3	747	1.1568576445e+04
1	6822	1.1573270627e+04
0	825	1.1596820287e+04
0	604	1.1609166779e+04
2	10733	1.1611205883e+04
3	5211	1.1611782756e+04
3	1015	1.1636384681e+04
2	314	1.1648427424e+04
2	51	1.1650987423e+04
1	13908	1.1654822736e+04
1	10105	1.1657853808e+04
0	3709	1.1667983590e+04
1	3244	1.1684731986e+04
3	11893	1.1688110331e+04
1	12789	1.1700530211e+04
3	11691	1.1701940495e+04
3	10099	1.1702070490e+04
3	2008	1.1722162037e+04
3	12806	1.1729953488e+04
2	2762	1.1730457566e+04
1	241	1.1751294525e+04
3	4211	1.1762781402e+04
3	12256	1.1788360845e+04
3	2221	1.1790123178e+04
2	7265	1.1790246022e+04
1	13205	1.1805108093e+04
2	2572	1.1808116478e+04
1	7473	1.1816120600e+04
3	800	1.1833531882e+04
0	4868	1.1846798637e+04
0	3096	1.1858532642e+04
3	11864	1.1866559984e+04
3	13824	1.1886767365e+04
3	8455	1.1891353054e+04
1	5155	1.1906362535e+04
3	3648	1.1919920067e+04
3	10598	1.1920357234e+04
2	2102	1.1924679495e+04
3	797	1.1936510327e+04
1	7989	1.1940610578e+04
1	13172	1.1980454520e+04
2	12005	1.1991805043e+04
3	8782	1.1993471831e+04
0	545	1.2000212525e+04
0	5537	1.2003474374e+04
0	6577	1.2014371185e+04
1	8383	1.2017687482e+04
3	607	1.2021440892e+04
3	11165	1.2057765153e+04
2	6965	1.2058353909e+04
3	7615	1.2068480665e+04
3	8949	1.2078940195e+04
3	8643	1.2081593492e+04
0	9113	1.2081917185e+04
2	1515	1.2085942395e+04
0	7061	1.2089044199e+04
3	8209	1.2091375635e+04
3	1926	1.2095242391e+04
1	10325	1.2100404552e+04
3	4910	1.2101518165e+04
0	8767	1.2113831063e+04
0	5507	1.2140256794e+04
3	2159	1.2146178449e+04
2	10657	1.2150019277e+04
0	10554	1.2150576515e+04
2	10524	1.2157938000e+04
2	5432	1.2159646344e+04
2	5954	1.2165224998e+04
0	13197	1.2165679703e+04
0	6518	1.2185279457e+04
3	14522	1.2201727829e+04
1	5646	1.2208708296e+04
3	13893	1.2223736601e+04
2	12655	1.2271840242e+04
3	1654	1.2275540479e+04
3	13157	1.2281092977e+04
0	5857	1.2281497429e+04
1	9026	1.2288685215e+04
0	224	1.2288866424e+04
3	12910	1.2324700090e+04
1	10139	1.2331859273e+04
0	9857	1.2334290509e+04
0	13342	1.2358579824e+04
2	685	1.2370343542e+04
0	12391	1.2374193208e+04
1	11421	1.2374988603e+04
3	3832	1.2395285171e+04
3	9722	1.2401025402e+04
2	13675	1.2420232117e+04
2	4710	1.2420835188e+04
1	2142	1.2433965266e+04
0	8181	1.2441795851e+04
0	1011	1.2488214365e+04
2	6906	1.2496087189e+04
2	9638	1.2498511037e+04
3	8634	1.2523820405e+04
0	518	1.2526778344e+04
3	11040	1.2541558328e+04
3	1525	1.2543858445e+04
1	14196	1.2593425861e+04
0	12241	1.2619662993e+04
2	10894	1.2629686308e+04
2	1393	1.2642262150e+04
0	3020	1.2651432007e+04
3	7082	1.2654031183e+04
2	2737	1.2678345811e+04
2	8967	1.2699723266e+04
1	7048	1.2707875096e+04
3	8205	1.2712212429e+04
0	11703	1.2738199287e+04
3	3504	1.2740216403e+04
1	5380	1.2772660182e+04
2	6893	1.2780658106e+04
0	9162	1.2821753935e+04
0	4970	1.2844098981e+04
3	6455	1.2856555399e+04
1	796	1.2869473559e+04
0	13683	1.2883201309e+04
2	9901	1.2904316773e+04
3	10084	1.2911118346e+04
0	6831	1.2911714937e+04
3	12636	1.2914128728e+04
2	1511	1.2920769868e+04
3	2403	1.2928719671e+04
2	4182	1.2938222110e+04
2	11308	1.2947715487e+04
3	6043	1.2957045263e+04
3	4582	1.2964336600e+04
3	13878	1.2972104343e+04
0	11336	1.2976462892e+04
3	7142	1.2978665998e+04
3	4316	1.2982452481e+04
2	12329	1.3006570673e+04
2	9918	1.3016169679e+04
2	12944	1.3020239917e+04
1	4864	1.3020697601e+04
3	9342	1.3028825598e+04
1	5537	1.3034690586e+04
1	14659	1.3045354235e+04
0	13038	1.3054676355e+04
3	3090	1.3061027765e+04
1	10567	1.3073978720e+04
3	2790	1.3079466008e+04
3	9326	1.3081035012e+04
0	1433	1.3110779623e+04
2	1080	1.3114184196e+04
2	4398	1.3115824368e+04
1	6145	1.3124016131e+04
1	3916	1.3125290820e+04
0	9468	1.3131838853e+04
3	5788	1.3150925851e+04
0	3922	1.3182642696e+04
1	10655	1.3217226099e+04
0	6710	1.3223910055e+04
2	6116	1.3231988917e+04
3	7358	1.3248242031e+04
0	13479	1.3250020968e+04
1	8172	1.3259463274e+04
1	5280	1.3282214236e+04
3	6142	1.3302858519e+04
1	287	1.3318397562e+04
1	2955	1.3320575161e+04
0	2409	1.3327125464e+04
0	2628	1.3332382285e+04
1	4501	1.3337252831e+04
0	7688	1.3337423146e+04
2	11027	1.3340521913e+04
3	11305	1.3344251666e+04
0	9852	1.3351784592e+04
3	12890	1.3363532675e+04
3	12002	1.3368038247e+04
3	12923	1.3370575568e+04
2	9224	1.3372928199e+04
1	14387	1.3389577108e+04
1	3741	1.3416409129e+04
2	7458	1.3423594520e+04
3	7564	1.3441120221e+04
1	7012	1.3477868200e+04
2	12711	1.3557041381e+04
1	950	1.3568705481e+04
0	9699	1.3588472612e+04
0	7683	1.3592032984e+04
1	2436	1.3594181974e+04
3	2448	1.3594762562e+04
0	12862	1.3604576326e+04
0	12607	1.3616932096e+04
1	9232	1.3623048396e+04
1	7409	1.3626196968e+04
3	2086	1.3628349457e+04
0	2961	1.3645108228e+04
1	6921	1.3693158590e+04
1	1996	1.3700265861e+04
0	4550	1.3724646508e+04
1	11572	1.3734904295e+04
2	14090	1.3738781074e+04
0	1316	1.3747704912e+04
3	766	1.3750914335e+04
0	8311	1.3752164253e+04
2	198	1.3762504137e+04
0	4351	1.3765390419e+04
2	6740	1.3776024723e+04
0	7096	1.3827883340e+04
3	5520	1.3844885753e+04
0	7210	1.3857963148e+04
0	12599	1.3869127934e+04
0	9336	1.3883767394e+04
0	4034	1.3900329938e+04
2	9926	1.3910736422e+04
3	13560	1.3925504237e+04
3	11800	1.3937828122e+04
2	13556	1.3944604880e+04
0	12349	1.3953345518e+04
2	13400	1.3971610571e+04
2	1687	1.3999496705e+04
1	5037	1.4061694269e+04
3	9577	1.4091715027e+04
2	8703	1.4105692346e+04
3	5587	1.4106203631e+04
0	4521	1.4121019081e+04
1	8615	1.4122346183e+04
2	13408	1.4136681403e+04
2	11748	1.4144101773e+04
2	9718	1.4146489957e+04
3	3213	1.4177564092e+04
1	986	1.4193282423e+04
3	1908	1.4205744032e+04
2	12923	1.4207702321e+04
0	7641	1.4207819536e+04
2	1973	1.4219685274e+04
0	5553	1.4300970548e+04
3	12536	1.4302715676e+04
1	4949	1.4318244325e+04
2	12599	1.4347540861e+04
0	4642	1.4366547011e+04
3	12736	1.4398279276e+04
0	15	1.4401082572e+04
2	4072	1.4411844907e+04
3	1439	1.4428187215e+04
2	4421	1.4431176351e+04
0	2015	1.4435591804e+04
3	8983	1.4437084070e+04
0	6300	1.4437782798e+04
3	10096	1.4446317151e+04
2	39	1.4451419664e+04
2	2144	1.4454235144e+04
1	7621	1.4456995365e+04
2	2650	1.4458544828e+04
2	11694	1.4476412894e+04
0	1875	1.4477749086e+04
1	1372	1.4488869500e+04
2	12652	1.4521797399e+04
2	3550	1.4532787744e+04
2	6237	1.4548064087e+04
3	11620	1.4563759105e+04
1	9456	1.4578797673e+04
0	13314	1.4596783062e+04
1	14271	1.4598530083e+04
2	10873	1.4608632213e+04
2	12798	1.4611788204e+04
1	3874	1.4618263173e+04
1	14774	1.4626715175e+04
0	14358	1.4676384384e+04
2	9559	1.4710886943e+04
0	4254	1.4721114986e+04
1	8016	1.4724686198e+04
3	1643	1.4753384035e+04
1	2959	1.4757451700e+04
1	1359	1.4765519048e+04
3	12897	1.4767109243e+04
2	11755	1.4772648158e+04
1	2791	1.4785004579e+04
1	2146	1.4799083579e+04
1	9801	1.4840553058e+04
3	9182	1.4846149563e+04
0	10691	1.4861779467e+04
2	1043	1.4887187471e+04
1	1688	1.4890635866e+04
0	6366	1.4912308260e+04
0	1078	1.4918073318e+04
0	10922	1.4918613739e+04
1	1902	1.4941020253e+04
3	8475	1.4954970829e+04
3	10632	1.4990854291e+04
2	5584	1.5002211866e+04
2	8630	1.5023160961e+04
3	12525	1.5026998168e+04
0	5780	1.5036536251e+04
1	6169	1.5038367548e+04
0	7585	1.5046173432e+04
2	460	1.5072669377e+04
0	11560	1.5097634174e+04
2	10103	1.5103381004e+04
1	6501	1.5105761398e+04
0	7162	1.5130138036e+04
3	7566	1.5150990433e+04
2	7410	1.5169127379e+04
0	13423	1.5174047001e+04
0	5118	1.5177288232e+04
0	10766	1.5181957444e+04
0	2344	1.5194776925e+04
0	3158	1.5203182078e+04
1	13494	1.5214780282e+04
2	2788	1.5227182107e+04
1	10183	1.5260892834e+04
3	1500	1.5261960999e+04
3	5739	1.5266509149e+04
2	14028	1.5278740903e+04
1	84	1.5294971051e+04
2	9758	1.5301537957e+04
0	5285	1.5313367510e+04
1	4098	1.5317888507e+04
0	999	1.5323075684e+04
1	4435	1.5329536595e+04
0	913	1.5333232423e+04
2	10680	1.5347659286e+04
2	6003	1.5356264071e+04
3	5500	1.5359335912e+04
2	10225	1.5369768107e+04
0	2644	1.5388031362e+04
2	9059	1.5414785593e+04
3	9049	1.5415013087e+04
2	13850	1.5415137583e+04
2	604	1.5440808920e+04
1	7303	1.5458399038e+04
0	6861	1.5464067927e+04
0	3952	1.5471704165e+04
1	5481	1.5485209430e+04
0	2005	1.5505352508e+04
2	12306	1.5505413630e+04
2	1496	1.5508837599e+04
2	7319	1.5516462919e+04
1	4492	1.5538962540e+04
1	2861	1.5547347472e+04
2	7163	1.5555197119e+04
3	7205	1.5555852758e+04
0	5767	1.5571742811e+04
3	13229	1.5574380123e+04
0	6869	1.5574428059e+04
0	11904	1.5578346579e+04
2	881	1.5601286349e+04
3	10074	1.5627149654e+04
3	11509	1.5651693936e+04
2	3571	1.5651697602e+04
1	12257	1.5671036111e+04
3	2622	1.5710988766e+04
3	13718	1.5733064280e+04
2	981	1.5752180866e+04
1	12937	1.5756709901e+04
0	1360	1.5765656185e+04
2	12310	1.5768829411e+04
3	13636	1.5824335420e+04
2	12950	1.5838608039e+04
0	4530	1.5846874030e+04
0	8026	1.5852239571e+04
2	10315	1.5859194204e+04
1	8207	1.5876359245e+04
2	10410	1.5898286918e+04
0	807	1.5904025031e+04
0	8460	1.5916077446e+04
1	5665	1.5929784786e+04
3	13631	1.5957254128e+04
2	6888	1.5962162748e+04
1	11825	1.5984272726e+04
2	11812	1.5985138687e+04
0	3961	1.5999564253e+04
3	4822	1.6023160990e+04
3	3470	1.6074398753e+04
2	5134	1.6097405041e+04
2	7065	1.6100561237e+04
1	881	1.6137173672e+04
1	3019	1.6154209544e+04
1	387	1.6176230308e+04
1	8499	1.6197155493e+04
3	9375	1.6240706112e+04
0	11246	1.6241485432e+04
2	6488	1.6246433081e+04
0	10862	1.6249841752e+04
3	9925	1.6252881084e+04
3	13482	1.6253235093e+04
3	50	1.6267129639e+04
3	12016	1.6277604541e+04
0	4072	1.6278424393e+04
1	4677	1.6298276780e+04
3	10553	1.6298512832e+04
3	7281	1.6302575620e+04
1	4792	1.6317220326e+04
1	12543	1.6323909857e+04
1	2442	1.6355208088e+04
2	9481	1.6365380418e+04
1	10163	1.6385573088e+04
3	1461	1.6393338004e+04
2	10164	1.6412491101e+04
2	13152	1.6414403922e+04
3	5333	1.6425293328e+04
1	5882	1.6464880221e+04
3	9515	1.6475501219e+04
2	1880	1.6488526377e+04
2	2811	1.6517930975e+04
0	12307	1.6557059045e+04
3	6780	1.6570136079e+04
0	9202	1.6594933615e+04
1	8304	1.6596015192e+04
3	9136	1.6596279475e+04
1	11084	1.6597445780e+04
0	10074	1.6600404068e+04
2	13961	1.6617983154e+04
0	5445	1.6639430199e+04
2	199	1.6660963106e+04
3	1231	1.6678677383e+04
1	7226	1.6681628507e+04
1	10476	1.6700898262e+04
2	12991	1.6710478332e+04
3	13533	1.6726162394e+04
0	340	1.6743946867e+04
1	6216	1.6776103419e+04
0	1348	1.6782046501e+04
0	376	1.6791343870e+04
0	5166	1.6806461979e+04
0	2212	1.6825273178e+04
2	7780	1.6827490661e+04
0	13833	1.6844416800e+04
2	5660	1.6850971203e+04
2	10207	1.6866350267e+04
1	7832	1.6878814446e+04
0	663	1.6889440687e+04
2	1641	1.6930000092e+04
2	3966	1.6951707633e+04
0	9663	1.6962014980e+04
3	7057	1.6993731198e+04
3	14343	1.6993864927e+04
0	451	1.6995631648e+04
1	1966	1.7005460832e+04
1	6840	1.7010757180e+04
3	11987	1.7040842725e+04
3	2560	1.7040850759e+04
2	9878	1.7100634729e+04
1	14766	1.7127617620e+04
1	1047	1.7141616831e+04
2	2599	1.7148947902e+04
3	7291	1.7151253334e+04
2	11934	1.7198203966e+04
2	5408	1.7214967411e+04
2	6147	1.7280155664e+04
3	10144	1.7302779630e+04
1	815	1.7317559496e+04
1	8625	1.7319143676e+04
2	223	1.7337919361e+04
0	9723	1.7338273120e+04
0	11437	1.7341998757e+04
2	7503	1.7350853995e+04
0	11867	1.7359323122e+04
3	6842	1.7364406652e+04
1	3894	1.7370987057e+04
1	5764	1.7374233411e+04
3	7383	1.7406936250e+04
1	11035	1.7432660259e+04
0	6373	1.7439761444e+04
1	9722	1.7462044329e+04
0	9072	1.7519360664e+04
0	13533	1.7561770379e+04
3	2814	1.7585224479e+04
2	1254	1.7587458647e+04
3	8986	1.7617526219e+04
0	7177	1.7652049724e+04
2	6832	1.7658858346e+04
1	11232	1.7658985050e+04
2	3473	1.7660724015e+04
1	1841	1.7682374164e+04
2	4745	1.7698382413e+04
2	10115	1.7702875713e+04
1	9110	1.7716449592e+04
2	4676	1.7795527675e+04
3	11278	1.7807442848e+04
0	3495	1.7815948928e+04
3	12191	1.7831918013e+04
2	2212	1.7854404250e+04
1	13868	1.7877131789e+04
3	5139	1.7887604167e+04
1	13849	1.7904720482e+04
3	5461	1.7945041748e+04
0	12935	1.7946914598e+04
2	1662	1.7987735194e+04
3	7017	1.8001678521e+04
2	9411	1.8002883896e+04
2	5381	1.8008888228e+04
3	9233	1.8017699952e+04
2	10609	1.8059720760e+04
2	4186	1.8061034812e+04
2	10437	1.8071847628e+04
3	9104	1.8085708048e+04
0	11111	1.8096848969e+04
2	4331	1.8152168569e+04
3	13790	1.8152416366e+04
1	4810	1.8171153096e+04
2	7819	1.8185381494e+04
0	5835	1.8218973871e+04
1	11400	1.8229843218e+04
0	2579	1.8244662033e+04
3	8248	1.8263431849e+04
2	3106	1.8276226138e+04
1	8317	1.8303054810e+04
2	4683	1.8324192286e+04
3	11428	1.8329374703e+04
2	1628	1.8343587920e+04
2	6538	1.8349875694e+04
2	13730	1.8355204771e+04
2	4146	1.8401530108e+04
1	6867	1.8415205934e+04
1	12763	1.8432691671e+04
2	7974	1.8435449549e+04
0	9118	1.8442701800e+04
1	2971	1.8461759583e+04
2	13697	1.8481217753e+04
3	3930	1.8550692139e+04
1	6349	1.8558872904e+04
3	13203	1.8581773975e+04
1	292	1.8599673615e+04
2	69	1.8619397081e+04
1	1322	1.8621496917e+04
3	8910	1.8621599981e+04
1	9920	1.8661660046e+04
1	4178	1.8664301489e+04
0	11365	1.8674462849e+04
1	9741	1.8688372524e+04
1	14554	1.8690340677e+04
3	6036	1.8702840335e+04
2	5383	1.8715409748e+04
2	7585	1.8722708590e+04
3	2435	1.8794045719e+04
1	13169	1.8807063874e+04
1	13939	1.8845547164e+04
3	10770	1.8863675985e+04
1	12563	1.8883735686e+04
3	7983	1.8891301168e+04
2	5313	1.8914023311e+04
0	13707	1.8926714398e+04
3	13200	1.8928063176e+04
1	1094	1.8948042426e+04
1	1021	1.8957491914e+04
1	1392	1.8973661058e+04
0	917	1.9087870951e+04
1	11257	1.9088775863e+04
0	9579	1.9101106145e+04
2	7009	1.9119451469e+04
3	8696	1.9122427418e+04
3	12258	1.9137940777e+04
3	9848	1.9152959902e+04
1	404	1.9174141743e+04
2	10298	1.9174573773e+04
3	6939	1.9199127315e+04
3	3831	1.9217972364e+04
1	7976	1.9234537931e+04
3	865	1.9238779189e+04
1	3407	1.9251936036e+04
2	11378	1.9252271923e+04
1	13243	1.9276754685e+04
2	2819	1.9363133903e+04
3	14076	1.9370763454e+04
1	11552	1.9398074655e+04
2	5039	1.9417611384e+04
2	14055	1.9422814494e+04
3	12824	1.9428618829e+04
1	11868	1.9501397858e+04
1	4047	1.9516844360e+04
0	6034	1.9547620593e+04
2	8916	1.9604377963e+04
3	6930	1.9605223257e+04
3	11689	1.9645819017e+04
2	11084	1.9655418943e+04
2	1079	1.9683866218e+04
1	4020	1.9691953016e+04
3	10644	1.9698842459e+04
2	4674	1.9730038179e+04
2	13699	1.9735738788e+04
3	2690	1.9834286453e+04
1	9959	1.9853892186e+04
1	5838	1.9877057814e+04
2	13548	1.9883241669e+04
3	262	1.9883397388e+04
2	1928	1.9906471178e+04
0	9846	1.9906582361e+04
0	7414	1.9968524307e+04
3	12797	1.9973066050e+04
0	12667	2.0004465913e+04
0	4653	2.0005785492e+04
3	2552	2.0016130190e+04
2	4928	2.0041188326e+04
3	12563	2.0065237869e+04
1	3207	2.0117707595e+04
0	49	2.0133503434e+04
1	10160	2.0139686775e+04
3	6864	2.0140933278e+04
0	10293	2.0161519907e+04
3	13448	2.0166341320e+04
0	10631	2.0194566360e+04
1	5123	2.0218075282e+04
3	13408	2.0247102316e+04
3	14065	2.0278825811e+04
0	8785	2.0286443573e+04
2	10024	2.0312093584e+04
3	4401	2.0318909415e+04
2	3374	2.0351257538e+04
0	8069	2.0354993321e+04
2	8647	2.0362224246e+04
2	11372	2.0414065261e+04
0	1742	2.0436595108e+04
1	8470	2.0463099222e+04
3	9481	2.0480125597e+04
3	604	2.0505079166e+04
3	6231	2.0507472394e+04
3	7101	2.0512825624e+04
0	6855	2.0539646352e+04
2	13933	2.0544450609e+04
3	12692	2.0546172364e+04
2	7062	2.0546185060e+04
1	11802	2.0563500121e+04
0	9979	2.0565383604e+04
1	9914	2.0567410179e+04
0	795	2.0579878357e+04
0	9376	2.0583020946e+04
1	825	2.0618980144e+04
0	8635	2.0639759973e+04
3	914	2.0713122909e+04
2	11099	2.0715236777e+04
0	3144	2.0719859790e+04
3	10903	2.0723079344e+04
2	10231	2.0808718815e+04
1	12963	2.0825757953e+04
2	9532	2.0889184459e+04
1	7210	2.0897702084e+04
3	13891	2.0912002991e+04
2	2174	2.0916705559e+04
1	14020	2.0919608244e+04
1	8783	2.0920754687e+04
2	3313	2.0955775234e+04
0	11390	2.0980395189e+04
2	10282	2.0992197406e+04
0	2297	2.1012748721e+04
2	9512	2.1054685303e+04
3	13538	2.1058330094e+04
2	14116	2.1060942006e+04
0	11835	2.1080383770e+04
1	12105	2.1086362081e+04
1	1134	2.1094431273e+04
3	6284	2.1101874872e+04
0	3045	2.1105191965e+04
1	11152	2.1105625651e+04
2	5054	2.1106262443e+04
1	11404	2.1144046224e+04
3	248	2.1171535594e+04
1	12782	2.1207461508e+04
2	10235	2.1223639023e+04
1	10090	2.1239131914e+04
2	10190	2.1268668685e+04
2	5485	2.1282783101e+04
2	9701	2.1311185262e+04
1	7054	2.1316424602e+04
0	13136	2.1330741983e+04
2	2445	2.1362575779e+04
0	9	2.1436766377e+04
0	10017	2.1460450037e+04
0	8008	2.1506606408e+04
3	2637	2.1513529013e+04
2	3548	2.1547420934e+04
3	11715	2.1551054570e+04
3	10886	2.1553052590e+04
2	2365	2.1595916433e+04
3	7695	2.1614903905e+04
1	3701	2.1631227067e+04
3	4772	2.1642679892e+04
3	7569	2.1673025491e+04
1	1043	2.1693317566e+04
2	8834	2.1731561689e+04
0	8964	2.1737118738e+04
2	11331	2.1766416515e+04
2	7401	2.1867992485e+04
1	14696	2.1870151093e+04
1	904	2.1895755033e+04
1	3529	2.1899434029e+04
0	602	2.1930987201e+04
3	1990	2.1936238231e+04
0	11603	2.1968488070e+04
0	9868	2.1970882684e+04
0	13507	2.1987468313e+04
2	8159	2.2021933338e+04
0	12072	2.2039061740e+04
2	1480	2.2054797222e+04
0	10046	2.2130477251e+04
0	8702	2.2133605761e+04
1	3962	2.2162540543e+04
1	2963	2.2192915017e+04
3	906	2.2198080998e+04
1	11762	2.2226924969e+04
2	3670	2.2275479596e+04
0	12229	2.2280760035e+04
3	1856	2.2283475740e+04
3	6832	2.2288871695e+04
1	13440	2.2312514742e+04
0	11858	2.2317257454e+04
2	13912	2.2335283252e+04
2	12172	2.2363411269e+04
0	3747	2.2438453507e+04
1	2377	2.2452193573e+04
0	5917	2.2516202871e+04
0	4357	2.2529007732e+04
1	112	2.2535212739e+04
3	8636	2.2542539551e+04
1	597	2.2579592632e+04
0	2942	2.2587053589e+04
1	11165	2.2623659949e+04
2	10037	2.2625392986e+04
0	4583	2.2625441222e+04
3	1451	2.2632867921e+04
3	8692	2.2665408881e+04
3	8942	2.2720349049e+04
2	10403	2.2797565759e+04
2	3008	2.2877702213e+04
3	9283	2.2928243393e+04
3	14556	2.2949773446e+04
3	5250	2.3036591414e+04
1	2530	2.3074139264e+04
0	4723	2.3112227827e+04
0	9581	2.3117100089e+04
0	6070	2.3153782203e+04
2	10790	2.3162414610e+04
0	9470	2.3194989450e+04
3	8523	2.3228921053e+04
1	10418	2.3229255884e+04
2	13164	2.3237822842e+04
1	14379	2.3258545802e+04
2	551	2.3313079037e+04
0	4506	2.3326755278e+04
0	11189	2.3361807132e+04
2	10960	2.3364652039e+04
2	4792	2.3373673655e+04
1	1572	2.3390752195e+04
2	12618	2.3425771837e+04
0	1470	2.3489795790e+04
0	10321	2.3534347233e+04
0	4084	2.3556333788e+04
1	10612	2.3587545710e+04
1	7474	2.3607078003e+04
2	11411	2.3607235352e+04
1	11963	2.3637640468e+04
0	3230	2.3668588405e+04
0	13370	2.3683616451e+04
2	11604	2.3699472513e+04
0	6938	2.3700028032e+04
2	382	2.3744566192e+04
2	6287	2.3794677344e+04
0	10854	2.3799057959e+04
3	8142	2.3803440999e+04
2	1104	2.3836244886e+04
0	5095	2.3841572188e+04
2	11320	2.3867441116e+04
1	3087	2.3894330791e+04
3	1025	2.3914973746e+04
2	10787	2.3918865529e+04
3	4926	2.3968988114e+04
3	1815	2.3997914667e+04
1	8705	2.4008633489e+04
1	6350	2.4039066380e+04
3	5847	2.4048091010e+04
1	4349	2.4068252303e+04
2	10313	2.4069356262e+04
2	4563	2.4105432496e+04
3	7882	2.4124420698e+04
0	13531	2.4133393608e+04
2	1476	2.4143844795e+04
2	1858	2.4154998253e+04
0	2457	2.4155444672e+04
1	6550	2.4194897034e+04
1	7546	2.4223254466e+04
1	1571	2.4245558175e+04
0	5053	2.4290313834e+04
2	1389	2.4293945236e+04
0	1151	2.4305263971e+04
0	7143	2.4346969176e+04
0	3679	2.4350271709e+04
0	3329	2.4395421242e+04
1	8054	2.4431017970e+04
0	13680	2.4436119280e+04
2	10381	2.4554082436e+04
2	11447	2.4591607267e+04
3	6103	2.4604810265e+04
3	2164	2.4645907937e+04
2	451	2.4669384870e+04
0	6165	2.4672989610e+04
3	13794	2.4705377588e+04
2	11982	2.4792638994e+04
2	549	2.4836980509e+04
0	139	2.4844988041e+04
2	9348	2.4849678431e+04
3	10808	2.4871834182e+04
0	12524	2.4877979388e+04
2	10070	2.4885662744e+04
2	13749	2.4915826554e+04
2	5262	2.4920439229e+04
0	13821	2.4931153253e+04
2	7260	2.4937540044e+04
3	6671	2.4971363457e+04
2	4652	2.5052685189e+04
2	14112	2.5062773763e+04
1	11093	2.5084825526e+04
1	7847	2.5097459395e+04
3	8837	2.5135919354e+04
0	97	2.5151187784e+04
0	11367	2.5161729273e+04
2	8232	2.5167429641e+04
3	4065	2.5192941323e+04
2	2866	2.5209445972e+04
0	11854	2.5235228953e+04
2	2218	2.5248458033e+04
2	8000	2.5269724971e+04
0	10899	2.5275539140e+04
3	5634	2.5341622528e+04
1	10053	2.5355072668e+04
1	824	2.5356187456e+04
1	4657	2.5362594744e+04
0	8088	2.5366320569e+04
0	9152	2.5387641839e+04
3	11797	2.5392916004e+04
1	12174	2.5412413087e+04
0	5204	2.5450904597e+04
2	9026	2.5466521880e+04
3	6859	2.5504392946e+04
2	8671	2.5548894604e+04
1	9923	2.5554766638e+04
2	8329	2.5591646303e+04
3	7435	2.5655721175e+04
1	10489	2.5660164630e+04
1	8104	2.5728733833e+04
0	11508	2.5746216898e+04
2	828	2.5746566947e+04
1	2551	2.5830853232e+04
0	4612	2.5936026712e+04
2	5859	2.6020329584e+04
3	2441	2.6031528797e+04
0	2934	2.6038549104e+04
2	12712	2.6051012819e+04
0	6949	2.6067928868e+04
3	13217	2.6174783707e+04
1	14567	2.6216293404e+04
0	8210	2.6226480405e+04
0	11123	2.6232731871e+04
1	7778	2.6249960717e+04
1	13247	2.6262120638e+04
0	5690	2.6265577168e+04
0	7719	2.6278578359e+04
1	7334	2.6350925348e+04
1	14823	2.6361905600e+04
1	9458	2.6373383692e+04
2	5510	2.6422214404e+04
3	7179	2.6452890464e+04
3	7956	2.6464884781e+04
2	1060	2.6472240236e+04
3	9900	2.6477940169e+04
2	8146	2.6485376476e+04
2	11011	2.6503441692e+04
3	6399	2.6533085494e+04
1	11298	2.6555842371e+04
1	14392	2.6631439996e+04
0	10065	2.6632881753e+04
3	8048	2.6641580218e+04
2	2022	2.6687409316e+04
1	6624	2.6721638288e+04
3	76	2.6726960004e+04
0	6040	2.6735072156e+04
3	12267	2.6749688197e+04
1	3251	2.6840398777e+04
2	540	2.6865537479e+04
2	7776	2.6875352017e+04
1	1378	2.6910271261e+04
2	10780	2.6919693453e+04
0	7212	2.7015061422e+04
1	3856	2.7015974327e+04
1	13767	2.7062961421e+04
1	7828	2.7071834738e+04
2	8241	2.7075070940e+04
2	13846	2.7077117431e+04
3	11812	2.7091426269e+04
0	11080	2.7159163023e+04
0	327	2.7177676293e+04
2	11051	2.7205366157e+04
3	5021	2.7222826222e+04
2	5103	2.7279633136e+04
1	9999	2.7287405222e+04
1	10966	2.7350490198e+04
1	3561	2.7360751842e+04
1	7269	2.7423202145e+04
0	7589	2.7459848872e+04
1	14072	2.7465310580e+04
2	13373	2.7476674748e+04
2	3195	2.7493562401e+04
1	1930	2.7532613222e+04
3	11534	2.7536023984e+04
3	14147	2.7547793226e+04
1	14836	2.7575518872e+04
1	2413	2.7580030773e+04
0	4803	2.7645448509e+04
2	1292	2.7645476760e+04
2	10208	2.7694360265e+04
1	13731	2.7754189012e+04
0	4077	2.7788061809e+04
1	2549	2.7820579354e+04
2	9027	2.7840374599e+04
1	8180	2.7906240036e+04
3	13827	2.7911738482e+04
2	11207	2.7929134940e+04
1	10733	2.7965656260e+04
3	13769	2.7974277922e+04
2	13921	2.7990779545e+04
1	10568	2.7999033842e+04
2	7335	2.8018524730e+04
2	11212	2.8058799798e+04
2	7383	2.8141192880e+04
3	950	2.8150476204e+04
2	9623	2.8186534721e+04
0	2936	2.8208429073e+04
1	1699	2.8235465786e+04
2	8381	2.8238768232e+04
3	1775	2.8259773324e+04
3	6977	2.8277722724e+04
2	11960	2.8308586996e+04
3	1894	2.8321281584e+04
2	3099	2.8325994191e+04
0	6895	2.8338976232e+04
3	3174	2.8400126402e+04
0	5514	2.8516616816e+04
1	4333	2.8538433139e+04
1	10864	2.8565152080e+04
1	7134	2.8638167200e+04
1	10127	2.8653633777e+04
2	2560	2.8655690455e+04
1	6709	2.8687587374e+04
3	11643	2.8690701260e+04
2	308	2.8760350015e+04
1	1897	2.8773257509e+04
1	10911	2.8810180019e+04
0	1531	2.8815288044e+04
1	1923	2.8844844753e+04
3	5331	2.8929758532e+04
0	14262	2.8963803112e+04
3	11114	2.8986535601e+04
3	6367	2.8997136455e+04
1	473	2.9048642451e+04
2	12955	2.9067360281e+04
0	38	2.9119670932e+04
2	1545	2.9120650447e+04
1	1376	2.9141079666e+04
1	9874	2.9201398310e+04
1	10021	2.9217239877e+04
2	12889	2.9217337745e+04
2	1627	2.9251791271e+04
0	7090	2.9295769191e+04
0	13656	2.9349267199e+04
2	13883	2.9351136385e+04
2	9699	2.9456700699e+04
2	918	2.9511804072e+04
3	10250	2.9513396879e+04
1	11085	2.9545303909e+04
0	14294	2.9597471988e+04
0	925	2.9612971004e+04
2	10486	2.9656456254e+04
0	6066	2.9723473165e+04
1	10382	2.9729138306e+04
2	4987	2.9734104839e+04
0	4305	2.9748759675e+04
0	11270	2.9799964397e+04
1	11704	2.9982886627e+04
2	13626	2.9991306085e+04
2	12279	3.0146579726e+04
0	1144	3.0178117007e+04
2	5071	3.0187577518e+04
3	11301	3.0232721858e+04
1	13986	3.0272458543e+04
0	2139	3.0274121411e+04
3	12729	3.0275958304e+04
0	5914	3.0297310398e+04
2	7611	3.0298886440e+04
0	5841	3.0312071499e+04
3	10801	3.0365151667e+04
2	792	3.0380760421e+04
0	845	3.0394468657e+04
3	2694	3.0453603787e+04
0	8735	3.0495800414e+04
3	7813	3.0506345294e+04
1	6191	3.0522505515e+04
0	12543	3.0523627258e+04
3	3844	3.0570740168e+04
0	2152	3.0596433312e+04
2	2833	3.0599921269e+04
1	12814	3.0620414775e+04
2	4298	3.0623715267e+04
2	7842	3.0730949056e+04
2	12779	3.0735541573e+04
0	7857	3.0820553077e+04
1	9728	3.0845420249e+04
0	9220	3.0859766532e+04
2	1375	3.0859873834e+04
1	11536	3.0867785668e+04
3	3052	3.0886716202e+04
3	9218	3.0895746009e+04
1	5105	3.0936313750e+04
2	9801	3.0977289722e+04
2	7219	3.1015012892e+04
1	10434	3.1065477028e+04
1	12340	3.1079164794e+04
3	7279	3.1112762936e+04
1	4443	3.1149840163e+04
0	7722	3.1167292185e+04
3	634	3.1179278758e+04
1	6884	3.1194338756e+04
0	11417	3.1201610718e+04
3	3005	3.1290078950e+04
3	421	3.1340218676e+04
2	13424	3.1389177346e+04
3	2151	3.1389813438e+04
0	14112	3.1396881654e+04
3	7748	3.1455593888e+04
2	5274	3.1469800214e+04
2	13529	3.1497645823e+04
3	11826	3.1498926823e+04
2	2014	3.1542230979e+04
3	7787	3.1567907509e+04
3	11195	3.1583193950e+04
0	9767	3.1627820979e+04
1	6543	3.1656710190e+04
1	9962	3.1665178771e+04
3	8221	3.1666451460e+04
3	12143	3.1779436128e+04
1	11560	3.1793691759e+04
3	1221	3.1800532320e+04
3	857	3.1841590937e+04
0	8667	3.1895073093e+04
0	6581	3.1924544505e+04
1	14812	3.1960860815e+04
2	7665	3.1968477732e+04
1	9731	3.1999186756e+04
3	14180	3.2025563561e+04
2	3116	3.2065591272e+04
3	9433	3.2074607272e+04
2	4632	3.2137174805e+04
3	10475	3.2155111864e+04
0	1448	3.2247781614e+04
0	12337	3.2258467623e+04
0	1651	3.2289928656e+04
2	1733	3.2290669421e+04
3	7605	3.2293504831e+04
3	4898	3.2345806296e+04
1	5446	3.2438931941e+04
1	1938	3.2459483789e+04
0	7823	3.2488771311e+04
3	1343	3.2580207183e+04
3	11935	3.2614693950e+04
3	2826	3.2646820463e+04
3	10361	3.2651634050e+04
2	13306	3.2653736944e+04
1	11849	3.2670670074e+04
0	4093	3.2747417982e+04
3	1597	3.2916947279e+04
2	2021	3.2975717324e+04
3	7861	3.3005309328e+04
2	12969	3.3008338036e+04
1	10846	3.3020534078e+04
0	3531	3.3046070190e+04
3	647	3.3080955520e+04
2	9444	3.3082950083e+04
0	5874	3.3086535479e+04
0	6517	3.3110936261e+04
2	6954	3.3145497914e+04
2	12740	3.3169433195e+04
0	11999	3.3169625819e+04
1	3103	3.3224312469e+04
2	5395	3.3226383318e+04
2	11571	3.3242941649e+04
3	7744	3.3261307030e+04
1	9521	3.3382223838e+04
1	13917	3.3482139115e+04
3	6064	3.3498772556e+04
0	149	3.3501665592e+04
3	236	3.3506572109e+04
3	13771	3.3514074928e+04
3	5134	3.3528277254e+04
1	1112	3.3546210967e+04
2	7300	3.3576978846e+04
1	11529	3.3579152846e+04
1	3787	3.3584898979e+04
0	6962	3.3629885309e+04
0	13016	3.3635352142e+04
3	7505	3.3648158361e+04
3	3259	3.3713253380e+04
0	343	3.3757154269e+04
2	7249	3.3765432096e+04
0	7962	3.3807890301e+04
3	9604	3.3879024995e+04
0	3512	3.3887640962e+04
2	5887	3.3900096630e+04
3	2000	3.3929423781e+04
2	2946	3.3978358478e+04
0	11268	3.4010576667e+04
2	2582	3.4083639375e+04
3	5876	3.4092518548e+04
3	8072	3.4155494543e+04
1	14348	3.4184197859e+04
1	11264	3.4271198588e+04
2	1192	3.4317194023e+04
2	2530	3.4373366968e+04
0	9548	3.4499147038e+04
2	4935	3.4603684587e+04
2	184	3.4661082806e+04
0	3233	3.4661161099e+04
1	13174	3.4666845915e+04
2	973	3.4706180745e+04
3	3495	3.4776666793e+04
3	3048	3.4783166462e+04
3	9212	3.4817177826e+04
0	1635	3.5078785801e+04
3	14182	3.5085925393e+04
3	7909	3.5094440235e+04
2	7456	3.5106014283e+04
3	4280	3.5168530849e+04
2	2065	3.5243163441e+04
2	2403	3.5257267308e+04
2	4759	3.5365825138e+04
0	8536	3.5458459878e+04
2	8448	3.5497269251e+04
1	10355	3.5508304190e+04
3	6472	3.5523522929e+04
0	3488	3.5562819992e+04
2	12963	3.5572475973e+04
0	11718	3.5617088592e+04
3	5652	3.5633325101e+04
0	13343	3.5645557582e+04
2	8070	3.5669767538e+04
3	14361	3.5737029718e+04
3	14082	3.5847950050e+04
0	6557	3.5892641773e+04
2	5060	3.5956781478e+04
3	5905	3.5964816427e+04
0	8216	3.5971294322e+04
0	7979	3.6016512408e+04
0	12681	3.6148411569e+04
3	229	3.6150700023e+04
2	3922	3.6250494482e+04
3	4878	3.6432538449e+04
0	8274	3.6481317233e+04
0	5081	3.6569653147e+04
1	9697	3.6575791990e+04
1	2559	3.6610370652e+04
1	8621	3.6613437604e+04
3	14549	3.6614971043e+04
1	3180	3.6779759024e+04
3	13120	3.6816786985e+04
2	8023	3.6823455406e+04
0	4461	3.6880330782e+04
1	13975	3.6903322191e+04
2	5121	3.6927008275e+04
0	1771	3.6976583342e+04
2	2107	3.7080532515e+04
2	7716	3.7217655419e+04
0	10661	3.7218923612e+04
0	10889	3.7234639495e+04
0	8013	3.7319657574e+04
3	1480	3.7432710037e+04
0	9610	3.7493887968e+04
3	3277	3.7525927912e+04
0	13770	3.7597112239e+04
2	8269	3.7605674348e+04
3	2899	3.7618695019e+04
0	12552	3.7623927632e+04
3	1818	3.7726844948e+04
2	10398	3.7754899477e+04
1	11326	3.7802784496e+04
3	10356	3.7925695342e+04
1	8049	3.7991775538e+04
0	10574	3.8003080576e+04
2	1452	3.8060600485e+04
1	2104	3.8182019019e+04
1	6977	3.8197343214e+04
2	8063	3.8329334363e+04
0	6725	3.8429920195e+04
2	11065	3.8521739222e+04
0	4179	3.8597694138e+04
1	8494	3.8604962655e+04
1	6249	3.8607205460e+04
2	4177	3.8610985675e+04
1	13617	3.8641637718e+04
2	2886	3.8683502924e+04
1	252	3.8713624943e+04
2	7941	3.8833343798e+04
1	3428	3.8894588385e+04
0	12663	3.9064437568e+04
1	9707	3.9147469459e+04
1	5333	3.9147565432e+04
3	9246	3.9248116932e+04
2	10669	3.9303246322e+04
0	7986	3.9393102950e+04
2	10970	3.9467238332e+04
0	5310	3.9498804534e+04
2	697	3.9547252498e+04
3	9946	3.9628081714e+04
2	12845	3.9743385188e+04
1	10609	3.9778773649e+04
0	11735	3.9820291669e+04
1	10570	3.9833116714e+04
1	10347	3.9974447619e+04
1	12823	4.0023886438e+04
0	1821	4.0044756702e+04
2	1314	4.0093222121e+04
2	88	4.0304115970e+04
2	3767	4.0332361839e+04
3	7038	4.0459206350e+04
1	3629	4.0509796955e+04
2	11490	4.0605643126e+04
0	5994	4.0629107778e+04
1	5206	4.0667260911e+04
1	8871	4.0728633009e+04
1	10306	4.0801964870e+04
1	3857	4.0841683782e+04
1	13066	4.0852679145e+04
2	7117	4.0874641760e+04
3	2532	4.0977025748e+04
0	12536	4.0996942901e+04
1	8110	4.0997321150e+04
0	11542	4.1052301424e+04
3	8664	4.1094110027e+04
3	10913	4.1104095271e+04
1	12002	4.1123075425e+04
0	6455	4.1133483905e+04
1	4133	4.1208953776e+04
0	7491	4.1286328421e+04
2	12617	4.1321188605e+04
3	11026	4.1335380994e+04
3	13981	4.1339355298e+04
3	3059	4.1357369758e+04
2	3079	4.1411922281e+04
2	12426	4.1468745032e+04
1	11533	4.1612898552e+04
0	11714	4.1721212995e+04
2	11609	4.1722066260e+04
3	9005	4.1783688861e+04
0	6900	4.1811916353e+04
2	8366	4.2080403870e+04
1	10073	4.2121297293e+04
3	8648	4.2249762792e+04
1	5905	4.2309053183e+04
1	12027	4.2364814637e+04
0	813	4.2384337231e+04
2	12885	4.2402875313e+04
1	7026	4.2407000432e+04
2	5088	4.2461651384e+04
1	2978	4.2490930315e+04
2	4642	4.2517228587e+04
2	11220	4.2604704844e+04
2	8572	4.2605035176e+04
3	3674	4.2608180449e+04
1	12120	4.2617656187e+04
3	4875	4.2630359343e+04
3	4969	4.2762839667e+04
0	2171	4.2907497637e+04
0	7930	4.3011290940e+04
1	5008	4.3085219577e+04
1	13718	4.3114721163e+04
0	2938	4.3219673299e+04
2	5955	4.3279079472e+04
2	10349	4.3361021960e+04
3	10962	4.3403140468e+04
3	9693	4.3407027230e+04
0	2312	4.3474991339e+04
2	6040	4.3538012353e+04
3	11956	4.3772655332e+04
0	9359	4.3783197944e+04
0	12595	4.3792597032e+04
2	4576	4.3815236849e+04
2	5367	4.3818829919e+04
0	6245	4.3859907558e+04
3	8987	4.3895345324e+04
1	4652	4.3922998405e+04
1	13539	4.3939119368e+04
3	3918	4.3952679403e+04
2	13090	4.4005667926e+04
3	2090	4.4077219573e+04
2	904	4.4335563888e+04
1	155	4.4347531728e+04
2	11870	4.4359876978e+04
0	2729	4.4388063715e+04
1	7596	4.4567827219e+04
0	3326	4.4678072561e+04
3	12655	4.4828691379e+04
1	4115	4.4967300322e+04
1	6678	4.4977188471e+04
0	8937	4.5025889316e+04
0	738	4.5132092636e+04
2	3911	4.5140902323e+04
0	9196	4.5163012504e+04
1	11799	4.5176164852e+04
3	4029	4.5176523754e+04
3	6264	4.5222264665e+04
1	5409	4.5246257163e+04
3	3575	4.5247313462e+04
1	8149	4.5259048666e+04
0	138	4.5323512138e+04
1	3295	4.5369596913e+04
3	9811	4.5403156305e+04
0	3678	4.5426241883e+04
3	2982	4.5571986419e+04
3	12695	4.5583287202e+04
1	4471	4.5645574046e+04
2	1300	4.5683579455e+04
2	7342	4.6251258775e+04
0	89	4.6314178921e+04
1	3912	4.6345717343e+04
1	4079	4.6414402689e+04
1	501	4.6467986995e+04
2	7987	4.6504757491e+04
1	8005	4.6520823975e+04
0	11584	4.6552992823e+04
1	7763	4.6692255398e+04
0	3902	4.6719894384e+04
3	11650	4.6752100672e+04
2	3638	4.6781683551e+04
0	11694	4.6868192533e+04
1	11874	4.6951410260e+04
2	4788	4.6965778237e+04
2	3452	4.7068125565e+04
3	4992	4.7108060959e+04
0	2031	4.7161858583e+04
0	8708	4.7199831895e+04
3	14241	4.7267052113e+04
3	8826	4.7338541001e+04
0	13563	4.7408910404e+04
3	1916	4.7498281104e+04
3	733	4.7672416723e+04
0	9003	4.7838867279e+04
1	7835	4.7932263649e+04
2	5523	4.7970696807e+04
0	8207	4.7982950379e+04
0	8853	4.8110825671e+04
0	580	4.8130359314e+04
2	12781	4.8156303082e+04
0	213	4.8176148107e+04
3	13161	4.8205578349e+04
1	4038	4.8242554904e+04
3	13163	4.8333376927e+04
1	7872	4.8465304238e+04
1	11806	4.8478613490e+04
1	8023	4.8533822438e+04
3	12877	4.8562138669e+04
3	971	4.8787265015e+04
3	9377	4.8810419176e+04
2	587	4.8812096071e+04
0	2781	4.8816304918e+04
3	6625	4.9019466826e+04
1	7549	4.9215791619e+04
3	13625	4.9262104460e+04
2	6953	4.9286717162e+04
3	10776	4.9302411887e+04
3	11311	4.9338691670e+04
3	11325	4.9385048370e+04
0	6403	4.9426540901e+04
1	7108	4.9465239098e+04
1	6943	4.9466273281e+04
3	7028	4.9522242918e+04
1	420	4.9714813480e+04
2	12721	4.9796957260e+04
3	10061	4.9851432642e+04
0	13970	4.9890045014e+04
3	2026	4.9932818664e+04
2	11070	5.0048051298e+04
0	1969	5.0317220830e+04
0	8408	5.0418860023e+04
0	5304	5.0460260150e+04
2	5602	5.0518877221e+04
1	12356	5.0581497797e+04
2	2635	5.0583436028e+04
2	8584	5.0611011625e+04
2	3769	5.0616618947e+04
2	2814	5.0673890268e+04
3	4092	5.0870351364e+04
1	13711	5.1022140236e+04
0	11353	5.1061529284e+04
0	2113	5.1173393357e+04
3	7938	5.1357726149e+04
3	2640	5.1442376050e+04
1	13031	5.1453414315e+04
1	2885	5.1527300695e+04
3	13573	5.1638751205e+04
0	12650	5.1657361925e+04
0	6899	5.1741005591e+04
0	10912	5.1794587882e+04
0	9295	5.1893926230e+04
3	6349	5.2011197708e+04
0	12420	5.2011351122e+04
2	12093	5.2016553901e+04
0	1568	5.2054695618e+04
1	1626	5.2086473417e+04
3	9124	5.2263878152e+04
2	14060	5.2291884631e+04
3	6271	5.2335018164e+04
2	5563	5.2420688975e+04
2	4479	5.2431649610e+04
2	5174	5.2438931071e+04
1	10804	5.2457370059e+04
1	8559	5.2469808454e+04
2	14209	5.2503831042e+04
0	2375	5.2531201172e+04
0	11476	5.2577950780e+04
3	1768	5.2643451072e+04
1	6592	5.2683993372e+04
2	4289	5.2792455000e+04
2	775	5.2928049236e+04
0	435	5.2931614532e+04
3	11581	5.3095698296e+04
3	10831	5.3136470532e+04
2	6813	5.3167823937e+04
0	1671	5.3200004908e+04
2	4155	5.3222715136e+04
1	6529	5.3268432885e+04
1	460	5.3270200581e+04
1	840	5.3343673187e+04
2	14149	5.3366465413e+04
1	2895	5.3402987684e+04
1	366	5.3403593077e+04
2	10259	5.3414830591e+04
2	7757	5.3460806414e+04
0	7122	5.3496182441e+04
3	1983	5.3522311774e+04
1	1097	5.3606351528e+04
0	7405	5.3696584605e+04
3	5829	5.3707941278e+04
1	10291	5.3750881800e+04
3	6560	5.3816739351e+04
1	4988	5.3909105086e+04
0	10407	5.4039295094e+04
2	1622	5.4141283255e+04
0	852	5.4187612608e+04
0	3987	5.4189902387e+04
0	13051	5.4259764212e+04
2	7227	5.4320414455e+04
2	1002	5.4428147950e+04
1	14491	5.4450722905e+04
3	9483	5.4523575716e+04
0	9514	5.4708998122e+04
0	13077	5.4884397933e+04
3	2434	5.4901296091e+04
3	14276	5.4985698083e+04
1	6273	5.5069048594e+04
0	9955	5.5237158013e+04
1	12229	5.5336140645e+04
0	4458	5.5376820129e+04
1	2490	5.5378131845e+04
3	12173	5.5380342689e+04
0	11825	5.5392017087e+04
1	2083	5.5406055767e+04
3	11290	5.5409553163e+04
0	9626	5.5428625399e+04
1	6425	5.5476351032e+04
1	7524	5.5616682784e+04
3	970	5.5639669898e+04
1	5938	5.5673763235e+04
1	10440	5.5679148969e+04
1	13216	5.5957704847e+04
0	14215	5.6006999380e+04
0	9616	5.6124958190e+04
2	4706	5.6167677968e+04
1	83	5.6190083322e+04
2	10702	5.6442213124e+04
0	3425	5.6596547301e+04
3	1375	5.6761292589e+04
3	2900	5.6832347270e+04
1	1166	5.6835136453e+04
3	10558	5.7024586380e+04
3	11381	5.7050700364e+04
0	10174	5.7071426469e+04
3	10688	5.7132820605e+04
0	14361	5.7147266025e+04
2	9025	5.7334840306e+04
0	6048	5.7571632389e+04
2	8635	5.7607236223e+04
0	13726	5.7633964479e+04
0	8051	5.7691283379e+04
2	12533	5.7781813034e+04
0	14152	5.7787009330e+04
3	5898	5.7823664936e+04
1	8357	5.7860848946e+04
1	7597	5.7941402407e+04
1	1109	5.8181683060e+04
1	12094	5.8183751906e+04
3	665	5.8200623706e+04
1	3327	5.8260763193e+04
1	5057	5.8310796441e+04
3	4722	5.8346763728e+04
3	8091	5.8478366068e+04
1	8247	5.8499272652e+04
0	1693	5.8522894202e+04
1	5001	5.8568248439e+04
2	8627	5.8575767759e+04
3	8705	5.8603258940e+04
1	6219	5.8703541451e+04
1	6318	5.8944586019e+04
1	221	5.9014551103e+04
0	418	5.9067936859e+04
1	6643	5.9074177727e+04
3	12720	5.9143389501e+04
1	8107	5.9147852700e+04
3	13940	5.9313269005e+04
3	9428	5.9330595601e+04
1	1221	5.9371343518e+04
2	1299	5.9405878865e+04
1	5873	5.9435403031e+04
1	7538	5.9524898409e+04
1	11137	5.9606877140e+04
2	10448	5.9771642836e+04
1	13130	5.9874617950e+04
2	3308	6.0019424199e+04
3	3980	6.0022337742e+04
3	9021	6.0086327442e+04
1	11695	6.0162325800e+04
2	11859	6.0197210968e+04
3	5635	6.0269428854e+04
0	14274	6.0280082603e+04
2	5281	6.0324657863e+04
0	10553	6.0333260874e+04
1	5784	6.0350097992e+04
3	354	6.0634360278e+04
1	9605	6.0694822641e+04
1	7233	6.0792203361e+04
1	3728	6.0795066792e+04
1	13574	6.0940877041e+04
0	7777	6.1016395885e+04
3	8528	6.1079663931e+04
0	10760	6.1091719324e+04
1	3411	6.1108366863e+04
2	7964	6.1170133984e+04
3	8778	6.1360327181e+04
2	1223	6.1438913089e+04
2	4401	6.1576401821e+04
2	3768	6.1737893884e+04
1	13170	6.1758791546e+04
1	14185	6.1811273069e+04
3	10403	6.1820552589e+04
0	2924	6.1855792524e+04
1	1867	6.2074614923e+04
0	3576	6.2082974100e+04
0	399	6.2169266157e+04
0	9161	6.2203418870e+04
0	5961	6.2514715270e+04
1	174	6.2522211331e+04
1	6777	6.2685070182e+04
1	1575	6.2836688912e+04
0	11036	6.3023500956e+04
2	5459	6.3111854675e+04
2	257	6.3201327518e+04
0	6960	6.3845214088e+04
2	1536	6.4004553331e+04
1	5165	6.4005222603e+04
2	1138	6.4013243964e+04
0	4110	6.4433680747e+04
3	5688	6.4474134935e+04
3	4668	6.4520985698e+04
1	12501	6.4547354620e+04
1	7174	6.4632070621e+04
2	11545	6.4702477641e+04
2	203	6.4706222815e+04
2	13969	6.4823506155e+04
2	5364	6.4855949189e+04
2	1100	6.4885554072e+04
2	5143	6.4976055576e+04
0	4626	6.5045638868e+04
3	7976	6.5071175789e+04
0	561	6.5087369766e+04
3	14187	6.5098240190e+04
3	1573	6.5460451221e+04
1	6445	6.5535409026e+04
3	8535	6.5564950178e+04
1	8114	6.5573510736e+04
0	6480	6.5812120633e+04
3	1475	6.5961511354e+04
0	5292	6.6074522285e+04
3	2423	6.6171288446e+04
0	12103	6.6243880479e+04
3	1040	6.6270821367e+04
1	6775	6.6666876327e+04
2	5008	6.6711082641e+04
2	4819	6.6847137008e+04
3	846	6.6853218799e+04
3	292	6.7368760723e+04
2	4020	6.7383733731e+04
3	136	6.7407226833e+04
1	13940	6.7483034114e+04
0	4529	6.7490640135e+04
0	133	6.7554466968e+04
1	3299	6.7786920341e+04
0	12242	6.7857449455e+04
2	905	6.7893205448e+04
2	7887	6.7904012503e+04
2	1395	6.8017081107e+04
0	1410	6.8499137584e+04
1	11502	6.8575248870e+04
3	7015	6.8657804351e+04
3	2531	6.8870154039e+04
2	13014	6.8964013565e+04
1	1197	6.9107258583e+04
0	5058	6.9426960549e+04
3	11763	6.9576392019e+04
1	8238	6.9602648721e+04
2	2228	6.9684887848e+04
0	2855	6.9719634748e+04
0	5814	6.9814413499e+04
3	13791	6.9837695790e+04
3	8932	7.0018559366e+04
0	11138	7.0099774664e+04
3	9697	7.0120202731e+04
0	987	7.0129943175e+04
2	9796	7.0138610172e+04
2	6090	7.0469643032e+04
3	883	7.0490101045e+04
2	9743	7.0491265276e+04
2	6305	7.0514294134e+04
3	2810	7.0677044542e+04
1	7913	7.0680246636e+04
2	7344	7.0833686674e+04
3	3814	7.0928845093e+04
1	1508	7.0971668786e+04
1	8503	7.1228844466e+04
0	7381	7.1241223636e+04
3	7622	7.1297717985e+04
3	8888	7.1326664689e+04
2	12360	7.1381436097e+04
0	13953	7.1406909505e+04
2	11518	7.1471370714e+04
3	6383	7.1631787376e+04
1	12219	7.1711504089e+04
2	10311	7.1730746385e+04
2	10677	7.1757373203e+04
0	5490	7.1790200187e+04
0	6640	7.1803382881e+04
1	1862	7.1927447418e+04
2	7418	7.2113003240e+04
1	12375	7.2210537598e+04
0	6613	7.2222533116e+04
3	2540	7.2553812272e+04
0	934	7.2874589410e+04
2	11004	7.2994993177e+04
0	13025	7.3045004399e+04
2	6908	7.3150298716e+04
1	2200	7.3240842707e+04
3	9457	7.3269693566e+04
2	5723	7.3307427436e+04
0	9442	7.3317967281e+04
3	12697	7.3368136227e+04
0	7335	7.3511591000e+04
2	1954	7.3635361341e+04
2	4840	7.3663168298e+04
1	10989	7.3827245156e+04
1	12793	7.3868967138e+04
1	11558	7.4010468273e+04
0	7	7.4205908966e+04
3	11201	7.4323290150e+04
3	5585	7.4337857498e+04
1	7636	7.4450347882e+04
1	2717	7.4627537539e+04
1	11218	7.4814595757e+04
1	4749	7.4817976600e+04
0	1283	7.4834443070e+04
2	7198	7.4876664937e+04
1	11792	7.5271699932e+04
3	6316	7.5384434705e+04
1	325	7.5394412623e+04
2	2891	7.5559704887e+04
0	13610	7.5598769599e+04
0	2468	7.5708777275e+04
0	6749	7.6072608999e+04
0	6028	7.6319402716e+04
3	11555	7.6328679683e+04
3	10328	7.6465690694e+04
2	7372	7.6547455142e+04
0	11164	7.6664801768e+04
0	11598	7.6708712072e+04
2	10378	7.6765966798e+04
0	4504	7.6868222728e+04
1	573	7.6953538074e+04
0	2108	7.7095516307e+04
1	4890	7.7252123718e+04
1	11879	7.7289399251e+04
3	8893	7.7310147163e+04
1	3929	7.7370617566e+04
3	9296	7.7610110433e+04
1	5102	7.7889746889e+04
2	9529	7.7966989672e+04
2	2996	7.8123624350e+04
1	584	7.8151734138e+04
2	11830	7.8160836809e+04
2	12846	7.8296685750e+04
0	13185	7.8419324905e+04
2	5120	7.8438190442e+04
1	7898	7.8598320035e+04
2	930	7.8836912013e+04
1	14929	7.8843399307e+04
3	2891	7.8935678809e+04
2	7721	7.8970438708e+04
3	7851	7.9036002375e+04
1	9775	7.9102003225e+04
1	7143	7.9214823395e+04
2	7129	7.9407370966e+04
1	8688	7.9517703707e+04
2	9843	7.9611566252e+04
3	13562	7.9719610338e+04
2	12884	7.9733029888e+04
3	6946	7.9822257943e+04
3	14093	8.0030572171e+04
3	386	8.0214251818e+04
2	3368	8.0291418143e+04
1	11628	8.0351147192e+04
3	8805	8.0779707096e+04
0	5216	8.0813690872e+04
0	9742	8.0908807588e+04
3	12652	8.0946185025e+04
1	2544	8.0960266460e+04
1	6938	8.1194126769e+04
2	3513	8.1223303900e+04
0	12064	8.1312644163e+04
3	4242	8.1376063453e+04
1	6888	8.1475907927e+04
2	11059	8.1667423388e+04
2	2468	8.1774768857e+04
0	1322	8.1994771725e+04
0	9716	8.2235558168e+04
0	4611	8.2314118117e+04
2	3851	8.2496353682e+04
3	14242	8.2607328347e+04
1	6079	8.2677739708e+04
1	14553	8.2686256453e+04
1	922	8.2927347407e+04
2	2204	8.3126703885e+04
2	4730	8.3284483353e+04
0	2812	8.3311275587e+04
1	2580	8.3487765633e+04
3	8903	8.3605503779e+04
1	11274	8.3865691840e+04
1	11453	8.3901879278e+04
3	1089	8.4357134951e+04
1	11467	8.4374155751e+04
0	6056	8.4405712930e+04
0	5455	8.4456761694e+04
3	5906	8.4693238602e+04
3	3947	8.4825772385e+04
3	2794	8.4893266365e+04
3	1054	8.5046107516e+04
1	7440	8.5054038147e+04
1	8070	8.5124823881e+04
3	10149	8.5273872345e+04
0	12124	8.5473672975e+04
0	12777	8.5541615010e+04
1	8169	8.5781984101e+04
3	7996	8.5825202701e+04
3	11365	8.5906320162e+04
3	8330	8.6165435832e+04
0	2867	8.6199610811e+04
3	1873	8.6228443373e+04
3	7730	8.6249950105e+04
2	7691	8.7098948198e+04
3	8441	8.7334352507e+04
3	10514	8.7336255589e+04
0	959	8.7460434269e+04
1	5000	8.7755040494e+04
0	9463	8.7861656719e+04
2	13836	8.7892045455e+04
1	14083	8.7984123889e+04
2	13263	8.8269339444e+04
3	1796	8.8415448501e+04
0	4201	8.8459827706e+04
2	493	8.8531044511e+04
2	8459	8.8982492927e+04
2	7376	8.9239047867e+04
3	8548	8.9307875253e+04
3	1068	8.9461937801e+04
2	1391	8.9480034106e+04
3	12666	8.9640418687e+04
1	3292	8.9845222141e+04
3	12434	8.9946427436e+04
1	9128	8.9989791065e+04
0	12717	9.0147021663e+04
3	7444	9.0173485093e+04
2	4058	9.0573724936e+04
1	6633	9.0770700362e+04
2	7068	9.1120428129e+04
0	2568	9.1218528237e+04
1	7117	9.1227284263e+04
2	11361	9.1365378393e+04
2	14096	9.1502919211e+04
1	2843	9.1570893608e+04
0	179	9.1992609984e+04
3	1779	9.2013234150e+04
2	12549	9.2131077254e+04
2	3955	9.2550806269e+04
1	2567	9.2621462529e+04
1	12446	9.2785341946e+04
0	8695	9.3341422136e+04
1	14273	9.3351554582e+04
0	13593	9.3681980621e+04
3	8891	9.3799676346e+04
1	6587	9.4011252265e+04
3	6846	9.4131323906e+04
0	9779	9.4295660385e+04
0	13158	9.4433043025e+04
1	7598	9.4468929422e+04
1	4458	9.4498818540e+04
3	12446	9.4551318848e+04
0	8391	9.4678748579e+04
0	11450	9.4691733301e+04
1	10229	9.4872882842e+04
2	3285	9.5272435620e+04
2	2284	9.5505558560e+04
0	5667	9.5588691035e+04
0	793	9.5961002787e+04
1	444	9.6020548830e+04
0	997	9.6365598253e+04
2	4727	9.6624003624e+04
3	10388	9.6633821824e+04
2	2469	9.6716011211e+04
3	11175	9.6759388969e+04
1	4544	9.7163247228e+04
2	13900	9.7165102112e+04
3	14085	9.7210669436e+04
1	615	9.7258450938e+04
1	14375	9.7312384973e+04
0	2243	9.7375436600e+04
0	12963	9.7503503136e+04
3	672	9.7657014056e+04
1	6168	9.8275143079e+04
0	1019	9.8348861859e+04
3	9619	9.8449929446e+04
3	7555	9.8459965595e+04
2	10283	9.8508952218e+04
0	3976	9.8609758947e+04
3	1997	9.8717970220e+04
0	9664	9.8981148729e+04
0	13759	9.9217279160e+04
3	8510	9.9293359941e+04
2	13758	9.9645315329e+04
1	5207	9.9665919623e+04
0	3683	9.9694621218e+04
2	6865	9.9703573361e+04
2	2208	9.9864531069e+04
0	11347	1.0015960842e+05
2	7205	1.0016408927e+05
1	13383	1.0018184494e+05
3	8094	1.0025192202e+05
2	1847	1.0025490002e+05
0	8906	1.0050879046e+05
3	9936	1.0059104099e+05
3	2195	1.0059478127e+05
1	13200	1.0060383057e+05
1	9094	1.0094079642e+05
2	9032	1.0099630068e+05
1	7633	1.0108879372e+05
3	3141	1.0182425635e+05
1	11401	1.0224515216e+05
3	2775	1.0233194896e+05
3	12000	1.0248197207e+05
3	4933	1.0270708368e+05
0	13569	1.0280554924e+05
3	9810	1.0301686314e+05
0	6077	1.0325335170e+05
0	4270	1.0376490454e+05
2	7247	1.0409923372e+05
2	10168	1.0432221765e+05
1	10783	1.0468880099e+05
0	8744	1.0473833686e+05
3	6873	1.0501336953e+05
1	12553	1.0525561692e+05
1	14497	1.0576635449e+05
0	4754	1.0656847294e+05
0	537	1.0666636318e+05
2	3748	1.0670110726e+05
0	3641	1.0740334161e+05
2	2296	1.0762663370e+05
1	10324	1.0775456186e+05
3	2847	1.0816912639e+05
3	322	1.0825092504e+05
3	10986	1.0849653137e+05
3	3533	1.0857356893e+05
2	3728	1.0867141727e+05
0	4082	1.0876252966e+05
3	6351	1.0889059206e+05
1	10828	1.0906240744e+05
1	9261	1.0934726864e+05
2	7986	1.0964843784e+05
3	5067	1.0989564933e+05
3	13505	1.1015695610e+05
0	916	1.1024347754e+05
3	7	1.1054139925e+05
1	5532	1.1062706695e+05
1	5553	1.1215606382e+05
2	5166	1.1229927965e+05
2	9339	1.1247881030e+05
3	11496	1.1285171402e+05
1	9732	1.1413001305e+05
0	6988	1.1431450651e+05
1	7993	1.1466129744e+05
0	7026	1.1480244943e+05
1	7765	1.1519508429e+05
0	12729	1.1522946347e+05
0	14005	1.1524430338e+05
2	4340	1.1528586191e+05
1	12057	1.1542085802e+05
2	7999	1.1571562810e+05
1	1290	1.1606154629e+05
2	2329	1.1611159697e+05
0	6294	1.1617161599e+05
3	1592	1.1644381973e+05
1	11120	1.1651282566e+05
3	5707	1.1697918431e+05
1	4063	1.1723300086e+05
1	5645	1.1741028667e+05
3	65	1.1847026475e+05
0	10008	1.1867684627e+05
3	11802	1.1874666637e+05
0	9440	1.1882956310e+05
2	9282	1.1885488889e+05
2	13752	1.1911229747e+05
1	10157	1.1926398824e+05
3	2563	1.1938417593e+05
2	9099	1.1946508817e+05
1	7820	1.1979411822e+05
2	7830	1.1988771455e+05
3	2824	1.2006528850e+05
3	4393	1.2076764952e+05
0	11926	1.2078147990e+05
3	13898	1.2089861325e+05
3	11275	1.2105817884e+05
2	7441	1.2110811948e+05
3	6827	1.2116212445e+05
0	4577	1.2150764047e+05
2	13266	1.2205878377e+05
0	5952	1.2311234410e+05
1	14126	1.2322723831e+05
0	10983	1.2339735761e+05
2	12758	1.2361531395e+05
3	14331	1.2370071845e+05
1	2539	1.2372309112e+05
0	1566	1.2379723603e+05
0	4772	1.2386007546e+05
2	7118	1.2404310549e+05
1	7268	1.2471240109e+05
3	4523	1.2475197301e+05
0	521	1.2487452343e+05
2	11955	1.2574920318e+05
3	7388	1.2636232973e+05
1	10695	1.2744274020e+05
1	4506	1.2859074798e+05
1	12217	1.2893542538e+05
3	8626	1.2894756843e+05
3	13043	1.3002562767e+05
2	7918	1.3055835572e+05
0	1775	1.3075777970e+05
2	9055	1.3099267799e+05
3	7649	1.3258327381e+05
0	6816	1.3263509475e+05
1	8508	1.3267134369e+05
3	3703	1.3317214332e+05
3	3997	1.3324787470e+05
2	10538	1.3361606870e+05
2	2080	1.3374500102e+05
1	5608	1.3398140364e+05
2	12707	1.3418274927e+05
1	2037	1.3422700463e+05
1	12322	1.3438761020e+05
2	6183	1.3498560290e+05
0	6820	1.3502364174e+05
3	8164	1.3514531369e+05
0	2100	1.3603280126e+05
3	5405	1.3611498982e+05
3	12725	1.3618701017e+05
3	3960	1.3633204838e+05
0	12303	1.3671723533e+05
3	10602	1.3677848492e+05
2	2605	1.3682412561e+05
2	1991	1.3693958146e+05
3	4849	1.3744133627e+05
1	9247	1.3746456144e+05
1	1374	1.3759842990e+05
2	6041	1.3767392215e+05
3	8329	1.3776499304e+05
2	8903	1.3778237258e+05
2	12634	1.3790368546e+05
1	8757	1.3810258214e+05
2	3687	1.3851632709e+05
0	3287	1.3871172225e+05
2	3738	1.3973334448e+05
3	8493	1.3975603362e+05
2	13973	1.3992754638e+05
2	8333	1.4080609037e+05
1	4997	1.4100807381e+05
2	4776	1.4117084164e+05
1	9808	1.4119796096e+05
2	5363	1.4162062238e+05
3	8167	1.4203969128e+05
3	12818	1.4230160994e+05
2	13538	1.4303815984e+05
2	1492	1.4318526911e+05
0	4525	1.4332618986e+05
0	5672	1.4391570959e+05
3	661	1.4396926190e+05
3	10051	1.4407102405e+05
3	2662	1.4427042341e+05
3	6912	1.4431491284e+05
0	8528	1.4437169105e+05
3	7127	1.4467744764e+05
3	2278	1.4479171837e+05
2	12118	1.4491476240e+05
2	3681	1.4508195145e+05
0	6356	1.4522070040e+05
2	6945	1.4558983592e+05
0	3137	1.4562245360e+05
1	3055	1.4579122929e+05
0	8484	1.4619324685e+05
0	8892	1.4687180440e+05
3	11173	1.4880039181e+05
2	9627	1.4957255487e+05
3	13177	1.4999897408e+05
1	2025	1.5066230167e+05
2	12839	1.5154481259e+05
1	8851	1.5162014973e+05
0	1734	1.5164967003e+05
3	7749	1.5273055089e+05
3	1011	1.5274952408e+05
0	3098	1.5281617750e+05
2	11947	1.5289285516e+05
1	10335	1.5331419869e+05
0	9307	1.5353462449e+05
0	5373	1.5377606626e+05
0	2318	1.5402618346e+05
1	11520	1.5431696444e+05
1	10777	1.5451222136e+05
3	12541	1.5489710191e+05
3	14559	1.5490340039e+05
0	10122	1.5493105816e+05
3	9177	1.5509872185e+05
1	2307	1.5521073281e+05
2	9121	1.5529753545e+05
0	8201	1.5543213290e+05
3	2155	1.5592798860e+05
3	9253	1.5595049690e+05
0	8296	1.5597810062e+05
2	10529	1.5630804027e+05
0	7006	1.5660970002e+05
3	5831	1.5721051728e+05
3	3082	1.5727552440e+05
3	3105	1.5736126016e+05
1	2492	1.5760445293e+05
2	9164	1.5772119710e+05
2	5366	1.5785261285e+05
2	13379	1.5883180118e+05
0	5772	1.6010556595e+05
2	12729	1.6023389761e+05
3	9718	1.6090440263e+05
3	7190	1.6139481481e+05
0	8161	1.6168234553e+05
3	1675	1.6204241188e+05
1	3726	1.6228956873e+05
3	6747	1.6239123918e+05
1	11785	1.6305026308e+05
2	10941	1.6340736947e+05
0	12538	1.6377554955e+05
1	5478	1.6409396396e+05
2	2514	1.6443916699e+05
3	4089	1.6447874940e+05
2	2246	1.6482297979e+05
0	2862	1.6487288929e+05
0	6639	1.6598571943e+05
1	10909	1.6659675198e+05
0	9680	1.6680610819e+05
1	12551	1.6710455752e+05
0	8737	1.6839858575e+05
3	9985	1.6939732026e+05
1	7532	1.6974915176e+05
1	5147	1.7001299418e+05
2	11014	1.7031326035e+05
0	8046	1.7089280379e+05
3	3901	1.7152074996e+05
0	12422	1.7266731548e+05
2	11640	1.7268819472e+05
0	2515	1.7333092655e+05
0	8636	1.7398443457e+05
1	6728	1.7406527901e+05
0	4339	1.7471295947e+05
1	4134	1.7521086795e+05
2	13877	1.7526472335e+05
2	1941	1.7569296786e+05
1	14256	1.7578010424e+05
0	6555	1.7638512780e+05
0	6064	1.7701837093e+05
2	1093	1.7721198764e+05
1	6702	1.7739097724e+05
3	5361	1.7769409040e+05
0	7888	1.7794119481e+05
3	12432	1.7802195923e+05
1	8255	1.7818922483e+05
2	4258	1.7853712709e+05
3	4948	1.7862452271e+05
3	13475	1.7904856335e+05
3	135	1.7958621840e+05
3	1817	1.8063815686e+05
3	4769	1.8086154540e+05
3	14146	1.8096809763e+05
3	6353	1.8170875548e+05
2	10863	1.8217058642e+05
3	8178	1.8231682938e+05
2	7679	1.8255549359e+05
1	6789	1.8306625130e+05
1	3146	1.8331510632e+05
3	10857	1.8388437506e+05
0	594	1.8400368305e+05
2	11366	1.8445954678e+05
2	8858	1.8451208825e+05
0	1527	1.8469475670e+05
1	13129	1.8529359724e+05
2	1621	1.8627960925e+05
1	6936	1.8670528091e+05
2	1380	1.8842779654e+05
3	11876	1.8949703618e+05
2	6581	1.8971791943e+05
1	8154	1.9087154252e+05
1	6528	1.9096593461e+05
0	5512	1.9108721922e+05
1	11573	1.9116301224e+05
1	65	1.9116882756e+05
0	14222	1.9162799117e+05
2	9670	1.9579294495e+05
1	2446	1.9750554511e+05
0	808	1.9853495625e+05
2	10900	1.9944692867e+05
3	6136	1.9973470760e+05
1	5030	2.0158404185e+05
3	8488	2.0208011311e+05
1	1305	2.0309668014e+05
2	4152	2.0367845967e+05
0	9347	2.0489886950e+05
2	6412	2.0499216036e+05
3	767	2.0589607369e+05
1	12848	2.0641932573e+05
1	2914	2.0688780913e+05
3	7627	2.0922758648e+05
3	3933	2.0942989967e+05
3	1301	2.0979585038e+05
2	12358	2.1121917272e+05
1	2409	2.1133152778e+05
3	11898	2.1179704187e+05
2	9748	2.1189614054e+05
3	5433	2.1212423792e+05
3	6427	2.1357469685e+05
3	7378	2.1403893708e+05
0	393	2.1493272191e+05
0	8999	2.1513154484e+05
0	309	2.1587297227e+05
2	777	2.1684446983e+05
0	13937	2.1783958519e+05
0	13063	2.1885646038e+05
0	11371	2.2063392095e+05
0	9829	2.2100883784e+05
0	9397	2.2262117079e+05
3	10617	2.2289160414e+05
1	3798	2.2323774944e+05
3	9201	2.2663947601e+05
2	8596	2.2673504479e+05
2	3506	2.2832978007e+05
2	5684	2.2993170703e+05
0	8156	2.3015192651e+05
3	12508	2.3054891449e+05
0	3909	2.3105343719e+05
0	10735	2.3133221033e+05
1	12353	2.3549474940e+05
0	3395	2.3586050879e+05
3	10203	2.3688051150e+05
3	1492	2.3701472695e+05
1	10514	2.3819014521e+05
2	10571	2.3864609501e+05
0	6680	2.3951447868e+05
2	2187	2.3997603568e+05
3	4119	2.4015109058e+05
1	11236	2.4086568666e+05
3	7177	2.4094990847e+05
0	14104	2.4244287603e+05
2	12244	2.4372216441e+05
0	2400	2.4381222136e+05
0	8723	2.4387524533e+05
1	9170	2.4391095518e+05
3	1326	2.4469784716e+05
3	7934	2.4500214329e+05
0	7002	2.4618450887e+05
1	9987	2.4732875722e+05
1	8319	2.4782155534e+05
1	9028	2.4795126487e+05
3	12529	2.4817217175e+05
1	9795	2.4857156394e+05
3	11578	2.5006890565e+05
0	6786	2.5008527978e+05
3	480	2.5168827769e+05
3	7600	2.5182625993e+05
2	3299	2.5235888274e+05
1	13056	2.5266695557e+05
0	9547	2.5358351733e+05
3	11246	2.5363990494e+05
0	13829	2.5364388536e+05
2	1534	2.5447116797e+05
3	8414	2.5608994457e+05
1	1216	2.5683085125e+05
2	8068	2.5690526912e+05
2	10817	2.5755615616e+05
2	7194	2.5788845630e+05
3	7684	2.5812474387e+05
1	9699	2.5892923206e+05
2	4014	2.5905038945e+05
3	11627	2.5964832616e+05
0	12633	2.6017740517e+05
1	5314	2.6343709762e+05
1	11175	2.6405576693e+05
1	4122	2.6604856025e+05
2	9383	2.6673863379e+05
2	12216	2.6763389068e+05
2	8570	2.6881399051e+05
3	7937	2.7039922885e+05
1	7651	2.7328534447e+05
1	12013	2.7352987043e+05
2	7858	2.7378837161e+05
0	5275	2.7423769031e+05
0	577	2.7532045272e+05
1	10155	2.7632059005e+05
0	9284	2.7650053715e+05
3	1787	2.8114892881e+05
0	4411	2.8122103082e+05
0	117	2.8218027957e+05
1	2733	2.8256139187e+05
2	574	2.8378825084e+05
3	12058	2.8463227499e+05
2	3941	2.8818321795e+05
1	8095	2.8913341793e+05
1	7463	2.8944181007e+05
1	6207	2.9009173834e+05
0	10072	2.9206420748e+05
2	8768	2.9213757503e+05
3	13437	2.9307835373e+05
0	4995	2.9350341174e+05
3	2276	2.9571673210e+05
3	12372	2.9664316653e+05
3	3381	2.9697691813e+05
2	12090	2.9703617840e+05
3	3606	2.9819447121e+05
2	11608	2.9829298832e+05
1	4802	3.0002044179e+05
2	10063	3.0078804004e+05
2	10821	3.0220284174e+05
3	396	3.0401670272e+05
1	4029	3.0602691373e+05
0	1336	3.0644257206e+05
3	10197	3.0651978365e+05
1	4003	3.0677520437e+05
0	13551	3.0757161040e+05
1	14570	3.0904736737e+05
1	8769	3.1146391259e+05
1	14489	3.1163781933e+05
3	8236	3.1313111664e+05
0	8265	3.1474048653e+05
3	7985	3.1483307164e+05
1	13260	3.1546993693e+05
3	7570	3.1856575086e+05
1	12248	3.1875840533e+05
2	13429	3.1885543210e+05
1	3532	3.1965111004e+05
1	10221	3.1969699353e+05
0	7859	3.1999864861e+05
1	12982	3.2083990901e+05
2	11907	3.2189072306e+05
2	7940	3.2300819055e+05
1	10223	3.2402801371e+05
1	3076	3.2427535724e+05
0	3418	3.2462122074e+05
3	10752	3.2610495056e+05
1	5283	3.2659219465e+05
0	7822	3.2996682570e+05
0	5715	3.3006353486e+05
0	11990	3.3053163432e+05
0	7684	3.3136418459e+05
0	9673	3.3150304080e+05
2	4715	3.3245130417e+05
0	3464	3.3246447881e+05
0	8504	3.3320277285e+05
1	13809	3.3491712966e+05
2	6123	3.3664675718e+05
1	6500	3.4079573972e+05
3	7192	3.4118099845e+05
0	7308	3.4246586318e+05
3	13419	3.4461593468e+05
1	4645	3.4462005808e+05
3	8152	3.4659539679e+05
2	5740	3.4900561865e+05
0	827	3.4925295224e+05
0	7700	3.4933895174e+05
3	5704	3.5012212888e+05
1	1873	3.5060860520e+05
3	184	3.5098460656e+05
0	3944	3.5192187043e+05
2	11782	3.5378664904e+05
3	10735	3.5417619830e+05
1	3493	3.5458079143e+05
0	12991	3.5483704470e+05
1	8388	3.5502951727e+05
1	14824	3.5652624705e+05
3	552	3.5686118272e+05
3	14384	3.5903210473e+05
2	9797	3.5950377063e+05
1	4631	3.6081321772e+05
2	5530	3.6300266933e+05
0	8381	3.6641824257e+05
1	13691	3.6697494638e+05
1	3108	3.6942515126e+05
1	13859	3.7008093651e+05
3	5676	3.7072124450e+05
0	6432	3.7769261473e+05
3	8822	3.7795731071e+05
1	7083	3.8052173161e+05
1	12767	3.8175129051e+05
0	8236	3.8224984892e+05
1	13999	3.8261761085e+05
0	11785	3.8377067106e+05
3	6027	3.8400954624e+05
3	13079	3.8444568318e+05
2	8926	3.8749436796e+05
1	6470	3.8859553737e+05
2	1669	3.8956728691e+05
3	2857	3.9235012231e+05
2	7218	3.9551304519e+05
2	946	3.9660828773e+05
0	4850	3.9722158981e+05
1	14148	4.0261292847e+05
2	10647	4.0580682454e+05
0	12829	4.0617491007e+05
1	3649	4.0632723542e+05
2	5254	4.0786675746e+05
2	1408	4.0786711778e+05
3	7746	4.0831087808e+05
3	9043	4.1001164417e+05
0	3562	4.1076819920e+05
2	2627	4.1106920336e+05
3	12851	4.1142496900e+05
2	6353	4.1498856548e+05
3	503	4.1648729293e+05
2	3976	4.1658027210e+05
3	7903	4.1689811336e+05
1	10013	4.1766026752e+05
3	3112	4.2177884944e+05
1	5577	4.2211016563e+05
1	7150	4.2250196432e+05
1	5549	4.2472644923e+05
2	9468	4.2492637943e+05
2	10094	4.2538291823e+05
3	10702	4.2553770562e+05
3	6945	4.2682503262e+05
0	9029	4.3416183060e+05
2	10450	4.3447276322e+05
0	3958	4.3495330901e+05
1	6069	4.3670965289e+05
0	459	4.3736307929e+05
2	11460	4.3999715178e+05
2	7494	4.4001071747e+05
1	9404	4.4315880989e+05
2	949	4.4452639007e+05
2	7497	4.5016546287e+05
1	12331	4.5216884377e+05
1	5296	4.5318392999e+05
0	4966	4.5329099360e+05
1	9209	4.5537432416e+05
0	1898	4.5656907768e+05
0	265	4.5770622782e+05
2	12699	4.6024266522e+05
2	12589	4.6140846307e+05
1	1895	4.6235441996e+05
0	12207	4.6776338325e+05
2	8616	4.6924468855e+05
0	187	4.6987300131e+05
1	5321	4.7478735953e+05
3	13782	4.7697095398e+05
2	543	4.7738675871e+05
2	3843	4.7846159920e+05
1	9636	4.8030348098e+05
1	9811	4.8070289850e+05
3	3085	4.8102998491e+05
3	8933	4.8501339033e+05
3	8611	4.8883766253e+05
0	7341	4.8932247924e+05
1	14362	4.9124041842e+05
3	7745	4.9242963256e+05
1	14124	4.9340764767e+05
3	14012	4.9938692494e+05
2	7728	4.9974095895e+05
2	12747	5.0715937631e+05
3	6058	5.0857125035e+05
0	3889	5.1127239312e+05
0	3267	5.1350877992e+05
2	11906	5.1354658554e+05
0	10016	5.1600557158e+05
0	3351	5.1884788451e+05
3	13976	5.1888919405e+05
0	13518	5.1975079430e+05
3	13403	5.2029176756e+05
3	12033	5.2118894441e+05
2	4027	5.2157286410e+05
0	5043	5.2427168846e+05
3	12404	5.2813128279e+05
3	7583	5.2863243255e+05
1	10753	5.2917266388e+05
2	5861	5.3099050691e+05
0	1526	5.3398948938e+05
0	9666	5.3529511472e+05
0	14248	5.4107121952e+05
1	7508	5.5094674508e+05
2	12445	5.5141887393e+05
3	12223	5.5350473460e+05
3	10240	5.5762502084e+05
1	13847	5.5845628745e+05
2	563	5.6179090158e+05
3	12085	5.6491507741e+05
0	10486	5.6684092486e+05
3	11179	5.6684260542e+05
0	2659	5.6809485146e+05
2	6989	5.7192466519e+05
0	2839	5.7350412641e+05
1	10910	5.7408029472e+05
0	11769	5.7569627356e+05
1	4176	5.7633016655e+05
2	12592	5.7634452234e+05
2	6867	5.7815365073e+05
3	11025	5.8255676699e+05
0	6844	5.8611342588e+05
2	754	5.8690933434e+05
2	1126	5.8851600286e+05
2	8195	5.9249717869e+05
0	7773	5.9475337033e+05
1	11579	5.9501142562e+05
0	12122	5.9569829756e+05
3	916	5.9964211312e+05
2	6430	5.9982608516e+05
1	1900	5.9991823868e+05
0	5955	6.1059590262e+05
3	12571	6.1385545058e+05
1	11458	6.2436123896e+05
0	9215	6.2485533563e+05
1	14325	6.2589863736e+05
0	5840	6.2625984917e+05
2	8993	6.2998542095e+05
1	13666	6.3841173548e+05
2	5637	6.3878845802e+05
1	3868	6.3889267314e+05
2	9181	6.4001973240e+05
2	10204	6.4024125921e+05
3	3096	6.4420313393e+05
1	2536	6.4513811792e+05
2	12028	6.4695737403e+05
1	13601	6.4740356100e+05
3	10433	6.4909447900e+05
3	978	6.5471470904e+05
1	1677	6.5730096285e+05
1	7217	6.6365725786e+05
1	11872	6.7255094648e+05
1	14458	6.7720078885e+05
1	14403	6.7966040103e+05
3	6230	6.8139475590e+05
3	6885	6.8169362382e+05
1	6596	6.8334922041e+05
3	3178	6.8726271213e+05
0	14362	6.9267754777e+05
1	3010	6.9463133653e+05
3	7218	7.0135335710e+05
0	6700	7.0531486841e+05
3	9791	7.0880283324e+05
2	13220	7.0964305905e+05
3	10161	7.1353245060e+05
3	10229	7.2029129683e+05
2	12238	7.2117253233e+05
1	10191	7.2527051214e+05
3	5141	7.2694267707e+05
1	6541	7.3011604049e+05
0	13804	7.3372964576e+05
1	9225	7.4735788098e+05
0	227	7.4835689228e+05
2	6021	7.5250069226e+05
3	12680	7.5631935177e+05
0	1131	7.5941337473e+05
3	10896	7.5979988753e+05
0	4541	7.6988232025e+05
3	3173	7.7263477168e+05
0	2902	7.8783877437e+05
2	6296	7.9471682282e+05
1	853	7.9719029774e+05
0	11658	7.9831229872e+05
1	14902	8.0000224131e+05
3	3340	8.1031111279e+05
1	5029	8.1153147499e+05
0	8439	8.2409914504e+05
0	3177	8.3061236053e+05
0	14369	8.4531571527e+05
3	11720	8.4673544935e+05
1	8617	8.4829263641e+05
3	3086	8.5548530700e+05
3	2765	8.6136254610e+05
2	9449	8.6333164381e+05
0	13710	8.6420365272e+05
0	8991	8.7009195204e+05
3	1814	8.7030838359e+05
1	10913	8.8712626076e+05
3	7725	8.8807741242e+05
1	6004	8.9077901822e+05
1	1741	8.9887024560e+05
2	12713	9.0421006931e+05
0	11463	9.1062963342e+05
1	1126	9.1073452839e+05
0	3615	9.1710172114e+05
2	234	9.2605804619e+05
2	6007	9.2864888869e+05
0	2046	9.3062437192e+05
1	7870	9.3450667601e+05
3	2345	9.4058368416e+05
0	293	9.4323879470e+05
1	1800	9.4484592080e+05
0	1142	9.4871000165e+05
2	3609	9.5010969388e+05
1	7206	9.5608955844e+05
2	4914	9.6830005464e+05
1	5508	9.7170023838e+05
1	4266	9.8025630646e+05
0	13732	9.8333366118e+05
0	10229	9.8788908270e+05
0	12195	9.9605433985e+05
3	6564	1.0007743712e+06
3	12348	1.0084430487e+06
3	13896	1.0232327514e+06
1	2079	1.0260086256e+06
0	2330	1.0494427271e+06
3	4145	1.0536724210e+06
3	7155	1.0684517898e+06
0	8998	1.0689756625e+06
0	8232	1.0713090432e+06
0	4255	1.0754466998e+06
2	9714	1.0755960506e+06
1	2526	1.0862057384e+06
3	6003	1.0867793510e+06
0	1043	1.0886509255e+06
0	5172	1.1016654060e+06
1	4397	1.1048806004e+06
2	3286	1.1114562663e+06
0	540	1.1159355389e+06
0	13064	1.1187975004e+06
2	4032	1.1301893076e+06
3	6613	1.1322359205e+06
1	4513	1.1400751580e+06
2	11105	1.1423252149e+06
0	7313	1.1478182531e+06
3	12642	1.1498451704e+06
0	14030	1.1543306287e+06
1	10056	1.1548370968e+06
0	8826	1.1551289108e+06
0	13210	1.1553393397e+06
1	10336	1.1585337415e+06
2	5475	1.1960735880e+06
1	6626	1.2073681350e+06
2	2440	1.2163706318e+06
1	5875	1.2294625730e+06
2	8872	1.2544721020e+06
0	9287	1.2559420902e+06
3	5569	1.2560475929e+06
3	8256	1.2830585261e+06
1	3489	1.2920226977e+06
1	12123	1.3031675821e+06
0	10490	1.3072844100e+06
3	812	1.3374214599e+06
0	9590	1.3428660007e+06
3	7639	1.3454069542e+06
3	11592	1.3485555110e+06
3	3429	1.3566307431e+06
0	4842	1.3635443257e+06
2	1761	1.3710262855e+06
1	12319	1.3799128297e+06
0	14205	1.3825665430e+06
1	8148	1.4030480568e+06
0	9323	1.4056677006e+06
2	4750	1.4171755874e+06
2	4400	1.4258528044e+06
3	12549	1.4259292091e+06
2	1154	1.4294529863e+06
3	1238	1.4298458319e+06
1	14842	1.4306331497e+06
2	486	1.4402585762e+06
3	9893	1.4421641191e+06
3	4595	1.4433734877e+06
2	6146	1.4459279329e+06
0	460	1.4504254117e+06
2	5754	1.4643325441e+06
2	12177	1.4643349712e+06
1	4193	1.4700711231e+06
0	8659	1.4703879743e+06
1	396	1.4756773511e+06
2	14019	1.4758668853e+06
1	10412	1.4916919828e+06
2	2091	1.4925018917e+06
0	11043	1.4978389416e+06
3	10657	1.5070727021e+06
1	3644	1.5734925345e+06
3	8357	1.5766252031e+06
2	7831	1.5770822752e+06
0	11124	1.5778462425e+06
1	6180	1.5791340256e+06
3	1517	1.5924014681e+06
1	6413	1.5969468466e+06
0	9123	1.6291601858e+06
1	10224	1.6337692992e+06
0	5740	1.6357848578e+06
0	12878	1.6365400106e+06
3	5315	1.6393369273e+06
3	973	1.6430499467e+06
3	5301	1.6585085533e+06
0	12643	1.6665810896e+06
2	11189	1.6765585977e+06
0	5595	1.6899127002e+06
2	4370	1.7183318365e+06
0	1381	1.7189496167e+06
0	8701	1.7242066006e+06
1	1165	1.7245064160e+06
3	12338	1.7307758782e+06
1	14079	1.7371251593e+06
0	4481	1.7394995182e+06
3	4995	1.7581340898e+06
2	1335	1.7802491320e+06
0	3361	1.7814156129e+06
1	7720	1.7931509670e+06
2	2326	1.7966717394e+06
3	6359	1.7985433778e+06
2	9439	1.8114415700e+06
0	14287	1.8153385093e+06
0	9717	1.8258217999e+06
3	11263	1.8286617486e+06
3	1182	1.8314830263e+06
1	12227	1.8441803417e+06
3	6513	1.8443015871e+06
2	10120	1.8688757196e+06
2	7592	1.8915687188e+06
0	6320	1.8932572571e+06
2	571	1.8957159352e+06
1	8019	1.8965902128e+06
1	14446	1.9101288741e+06
3	9351	1.9221315428e+06
2	9716	1.9431511268e+06
3	7659	1.9460681747e+06
2	388	1.9658550578e+06
3	10141	1.9748410507e+06
2	9457	1.9949897117e+06
0	10812	2.0769868087e+06
3	11196	2.0842004449e+06
0	11015	2.1033285582e+06
2	2725	2.1718249587e+06
0	4733	2.1934190757e+06
3	2878	2.2566936343e+06
1	7569	2.2682736194e+06
0	4932	2.2811351444e+06
1	8696	2.2894669326e+06
2	10851	2.3245682733e+06
2	2142	2.3278888782e+06
2	2528	2.3562306176e+06
2	4564	2.4268686206e+06
0	9632	2.4374158745e+06
0	13445	2.4409449727e+06
2	7040	2.5387868411e+06
0	11627	2.5623103563e+06
0	4006	2.5954474550e+06
2	9150	2.6254670256e+06
2	1729	2.6768722770e+06
2	11801	2.7006064693e+06
3	8941	2.7537295881e+06
3	5972	2.7563397706e+06
0	2115	2.7639611742e+06
3	14225	2.7954289182e+06
3	1904	2.8032251080e+06
0	10182	2.8106803705e+06
1	10900	2.8963844088e+06
2	9745	2.9054453222e+06
0	12109	2.9407382754e+06
2	1645	2.9705405045e+06
2	7197	2.9797170363e+06
2	8280	3.0035312208e+06
3	11424	3.0280097028e+06
2	14156	3.0794942508e+06
2	3431	3.0809554201e+06
1	7383	3.0942720141e+06
3	5841	3.1892758117e+06
2	5409	3.2025961136e+06
2	9308	3.2032297955e+06
1	10329	3.2328787723e+06
2	829	3.2355199764e+06
1	4656	3.2439239962e+06
0	11625	3.2612618195e+06
3	5785	3.2765836032e+06
0	13092	3.3324587318e+06
1	2646	3.5129482076e+06
1	3156	3.5154535345e+06
3	10386	3.6344563572e+06
0	6027	3.6435657303e+06
1	5601	3.6763925176e+06
0	5286	3.6891794536e+06
2	7629	3.6965183260e+06
2	13162	3.7053209321e+06
0	8645	3.7794460792e+06
3	7423	3.7876193328e+06
2	6680	3.9009842918e+06
3	6512	3.9730415920e+06
0	6802	3.9757728012e+06
0	655	4.0054879608e+06
3	9553	4.0147465125e+06
2	10799	4.0463550203e+06
2	457	4.0817497304e+06
3	1842	4.0852637792e+06
1	3382	4.0995134405e+06
3	596	4.1570994185e+06
0	12741	4.1729935881e+06
2	7115	4.1936559142e+06
1	13828	4.2072560914e+06
1	6111	4.2495691903e+06
0	5017	4.2649251150e+06
2	474	4.3684309834e+06
0	11154	4.4114017785e+06
0	5664	4.4394441296e+06
0	13265	4.4801366144e+06
1	7024	4.5016005908e+06
3	12236	4.5258647748e+06
1	6514	4.5784179003e+06
2	2366	4.6223553919e+06
1	6538	4.7582253428e+06
2	5431	4.7760094095e+06
3	12003	4.7907673190e+06
3	3551	4.8691597248e+06
1	425	4.9167647549e+06
1	12467	4.9236975521e+06
0	7188	4.9448272839e+06
1	10068	4.9601764253e+06
1	4619	4.9751452821e+06
1	10883	5.0939643116e+06
1	3002	5.1092039307e+06
0	11134	5.2067638260e+06
0	3937	5.3472662533e+06
3	572	5.3776381452e+06
0	1038	5.4155408923e+06
2	8226	5.5888325060e+06
3	983	5.8831842418e+06
0	7650	6.0020865847e+06
2	9485	6.2855075001e+06
0	5525	6.3762212304e+06
2	9355	6.5893502553e+06
1	14135	6.7637311233e+06
0	10149	7.1551463730e+06
1	11189	7.1747264065e+06
3	12395	7.3827184487e+06
2	11237	7.4048986884e+06
3	2764	7.4602236246e+06
0	1428	7.6184978971e+06
0	4048	7.8360977222e+06
1	7220	8.3444159966e+06
3	12582	8.5276887858e+06
3	12025	8.5978356395e+06
0	6136	9.1244111905e+06
3	11734	1.0208799108e+07
3	6766	1.0294338395e+07
3	11464	1.0629389766e+07
0	7056	1.0776203567e+07
3	14215	1.0977935749e+07
2	2908	1.1084650161e+07
3	8034	1.1335247243e+07
2	2806	1.1417652134e+07
0	10303	1.1568125671e+07
2	2612	1.2233384816e+07
0	8639	1.2783073878e+07
1	2403	1.3011385529e+07
2	3545	1.3864476285e+07
0	1243	1.4697428895e+07
2	5003	1.5682504793e+07
3	8966	1.6817666176e+07
3	11412	1.8090942831e+07
1	8730	1.8574527627e+07
1	6040	1.8901671714e+07
1	12363	1.9985651762e+07
1	13377	2.1487125780e+07
3	1546	2.1686164921e+07
0	12402	2.1780370637e+07
1	4722	2.4704024105e+07
3	3596	2.5133310768e+07
3	890	3.5838287348e+07
2	7011	3.6316771369e+07
0	1333	3.7773053585e+07
1	5129	4.1973018429e+07
1	12459	4.9038686777e+07
0	5839	5.5100359489e+07
1	8272	6.2015246968e+07
2	6317	6.3385914004e+07
2	3756	8.0695816108e+07
1	4216	8.6397582867e+07
0	3216	9.0599589926e+07
1	1397	9.4016601981e+07
1	3876	1.0122097232e+08
1	9525	1.0833917932e+08
1	3518	1.9134005317e+08
2	2047	1.9959509940e+08
1	8554	2.1377357451e+08
2	11911	2.2869700382e+08
0	9495	2.5107555716e+08
1	11064	2.5220428774e+08
0	2707	3.1125494929e+08
2	3959	4.5924900092e+08
3	5255	9.0032634100e+08
