# Earth Model Data
#
# Simplified Earth radial structure for engineering smoke tests only.
#
# Columns: r_km enclosed_mass_kg density_g_cm3 temperature_K H_ppm He_ppm Li_ppm Be_ppm B_ppm C_ppm N_ppm O_ppm F_ppm Ne_ppm Na_ppm Mg_ppm Al_ppm Si_ppm P_ppm S_ppm Cl_ppm Ar_ppm K_ppm Ca_ppm Sc_ppm Ti_ppm V_ppm Cr_ppm Mn_ppm Fe_ppm Co_ppm Ni_ppm Cu_ppm Zn_ppm Ga_ppm Ge_ppm As_ppm Se_ppm Br_ppm Kr_ppm Rb_ppm Sr_ppm Y_ppm Zr_ppm Nb_ppm Mo_ppm Ru_ppm Rh_ppm Pd_ppm Ag_ppm Cd_ppm In_ppm Sn_ppm Sb_ppm Te_ppm I_ppm Xe_ppm Cs_ppm Ba_ppm La_ppm Ce_ppm Pr_ppm Nd_ppm Sm_ppm Eu_ppm Gd_ppm Tb_ppm Dy_ppm Ho_ppm Er_ppm Tm_ppm Yb_ppm Lu_ppm Hf_ppm Ta_ppm W_ppm Re_ppm Os_ppm Ir_ppm Pt_ppm Au_ppm Hg_ppm Tl_ppm Pb_ppm Bi_ppm Th_ppm U_ppm
# The Table begins here.
#
0.0000000e+00  0.0000000e+00  1.3000000e+01  6.0173500e+03  0.0000000e+00  0.0000000e+00  0.0000000e+00  0.0000000e+00  0.0000000e+00  0.0000000e+00  0.0000000e+00  0.0000000e+00  0.0000000e+00  0.0000000e+00  0.0000000e+00  0.0000000e+00  0.0000000e+00  0.0000000e+00  0.0000000e+00  0.0000000e+00  0.0000000e+00  0.0000000e+00  0.0000000e+00  0.0000000e+00  0.0000000e+00  0.0000000e+00  0.0000000e+00  0.0000000e+00  0.0000000e+00  0.0000000e+00  0.0000000e+00  0.0000000e+00  0.0000000e+00  0.0000000e+00  0.0000000e+00  0.0000000e+00  0.0000000e+00  0.0000000e+00  0.0000000e+00  0.0000000e+00  0.0000000e+00  0.0000000e+00  0.0000000e+00  0.0000000e+00  0.0000000e+00  0.0000000e+00  0.0000000e+00  0.0000000e+00  0.0000000e+00  0.0000000e+00  0.0000000e+00  0.0000000e+00  0.0000000e+00  0.0000000e+00  0.0000000e+00  0.0000000e+00  0.0000000e+00  0.0000000e+00  0.0000000e+00  0.0000000e+00  0.0000000e+00  0.0000000e+00  0.0000000e+00  0.0000000e+00  0.0000000e+00  0.0000000e+00  0.0000000e+00  0.0000000e+00  0.0000000e+00  0.0000000e+00  0.0000000e+00  0.0000000e+00  0.0000000e+00  0.0000000e+00  0.0000000e+00  0.0000000e+00  0.0000000e+00  0.0000000e+00  0.0000000e+00  0.0000000e+00  0.0000000e+00  0.0000000e+00  0.0000000e+00  0.0000000e+00  0.0000000e+00  0.0000000e+00  0.0000000e+00
3.7900000e+01  2.9700000e+18  1.3000000e+01  6.0084549e+03  5.6900000e+02  0.0000000e+00  1.5700000e+00  0.0000000e+00  0.0000000e+00  7.9200000e+03  9.3000000e+01  2.6600000e+02  0.0000000e+00  0.0000000e+00  1.3700000e+03  5.8800000e+02  0.0000000e+00  4.9600000e+04  2.7700000e+03  1.8300000e+04  4.5900000e+02  0.0000000e+00  2.0600000e+02  0.0000000e+00  0.0000000e+00  0.0000000e+00  0.0000000e+00  6.5900000e+03  3.2600000e+03  8.2800000e+05  2.3700000e+03  5.0600000e+04  1.5400000e+02  2.9000000e+01  4.9000000e+00  2.4000000e+01  4.8900000e+00  8.6300000e+00  5.1400000e-01  0.0000000e+00  1.0800000e+00  0.0000000e+00  0.0000000e+00  0.0000000e+00  4.2300000e-01  4.9700000e+00  3.9400000e+00  6.8400000e-01  2.7200000e+00  2.3900000e-01  1.6700000e-01  0.0000000e+00  4.9000000e-01  1.3200000e-01  1.0100000e+00  9.2100000e-02  0.0000000e+00  1.0300000e-01  0.0000000e+00  0.0000000e+00  0.0000000e+00  0.0000000e+00  0.0000000e+00  0.0000000e+00  0.0000000e+00  0.0000000e+00  0.0000000e+00  0.0000000e+00  0.0000000e+00  0.0000000e+00  0.0000000e+00  0.0000000e+00  0.0000000e+00  0.0000000e+00  7.9900000e-03  5.0200000e-01  2.1400000e-01  2.7200000e+00  2.6100000e+00  5.4500000e+00  4.8100000e-01  3.2300000e-02  2.9400000e-02  1.7200000e+00  1.9100000e-02  0.0000000e+00  0.0000000e+00
1.0800000e+02  6.8700000e+19  1.3000000e+01  5.9920024e+03  5.6900000e+02  0.0000000e+00  1.5700000e+00  0.0000000e+00  0.0000000e+00  7.9200000e+03  9.3000000e+01  2.6600000e+02  0.0000000e+00  0.0000000e+00  1.3700000e+03  5.8800000e+02  0.0000000e+00  4.9600000e+04  2.7700000e+03  1.8300000e+04  4.5900000e+02  0.0000000e+00  2.0600000e+02  0.0000000e+00  0.0000000e+00  0.0000000e+00  0.0000000e+00  6.5900000e+03  3.2600000e+03  8.2800000e+05  2.3700000e+03  5.0600000e+04  1.5400000e+02  2.9000000e+01  4.9000000e+00  2.4000000e+01  4.8900000e+00  8.6300000e+00  5.1400000e-01  0.0000000e+00  1.0800000e+00  0.0000000e+00  0.0000000e+00  0.0000000e+00  4.2300000e-01  4.9700000e+00  3.9400000e+00  6.8400000e-01  2.7200000e+00  2.3900000e-01  1.6700000e-01  0.0000000e+00  4.9000000e-01  1.3200000e-01  1.0100000e+00  9.2100000e-02  0.0000000e+00  1.0300000e-01  0.0000000e+00  0.0000000e+00  0.0000000e+00  0.0000000e+00  0.0000000e+00  0.0000000e+00  0.0000000e+00  0.0000000e+00  0.0000000e+00  0.0000000e+00  0.0000000e+00  0.0000000e+00  0.0000000e+00  0.0000000e+00  0.0000000e+00  0.0000000e+00  7.9900000e-03  5.0200000e-01  2.1400000e-01  2.7200000e+00  2.6100000e+00  5.4500000e+00  4.8100000e-01  3.2300000e-02  2.9400000e-02  1.7200000e+00  1.9100000e-02  0.0000000e+00  0.0000000e+00
1.7800000e+02  3.0800000e+20  1.3000000e+01  5.9755734e+03  5.6900000e+02  0.0000000e+00  1.5700000e+00  0.0000000e+00  0.0000000e+00  7.9200000e+03  9.3000000e+01  2.6600000e+02  0.0000000e+00  0.0000000e+00  1.3700000e+03  5.8800000e+02  0.0000000e+00  4.9600000e+04  2.7700000e+03  1.8300000e+04  4.5900000e+02  0.0000000e+00  2.0600000e+02  0.0000000e+00  0.0000000e+00  0.0000000e+00  0.0000000e+00  6.5900000e+03  3.2600000e+03  8.2800000e+05  2.3700000e+03  5.0600000e+04  1.5400000e+02  2.9000000e+01  4.9000000e+00  2.4000000e+01  4.8900000e+00  8.6300000e+00  5.1400000e-01  0.0000000e+00  1.0800000e+00  0.0000000e+00  0.0000000e+00  0.0000000e+00  4.2300000e-01  4.9700000e+00  3.9400000e+00  6.8400000e-01  2.7200000e+00  2.3900000e-01  1.6700000e-01  0.0000000e+00  4.9000000e-01  1.3200000e-01  1.0100000e+00  9.2100000e-02  0.0000000e+00  1.0300000e-01  0.0000000e+00  0.0000000e+00  0.0000000e+00  0.0000000e+00  0.0000000e+00  0.0000000e+00  0.0000000e+00  0.0000000e+00  0.0000000e+00  0.0000000e+00  0.0000000e+00  0.0000000e+00  0.0000000e+00  0.0000000e+00  0.0000000e+00  0.0000000e+00  7.9900000e-03  5.0200000e-01  2.1400000e-01  2.7200000e+00  2.6100000e+00  5.4500000e+00  4.8100000e-01  3.2300000e-02  2.9400000e-02  1.7200000e+00  1.9100000e-02  0.0000000e+00  0.0000000e+00
2.4800000e+02  8.3500000e+20  1.3000000e+01  5.9591444e+03  5.6900000e+02  0.0000000e+00  1.5700000e+00  0.0000000e+00  0.0000000e+00  7.9200000e+03  9.3000000e+01  2.6600000e+02  0.0000000e+00  0.0000000e+00  1.3700000e+03  5.8800000e+02  0.0000000e+00  4.9600000e+04  2.7700000e+03  1.8300000e+04  4.5900000e+02  0.0000000e+00  2.0600000e+02  0.0000000e+00  0.0000000e+00  0.0000000e+00  0.0000000e+00  6.5900000e+03  3.2600000e+03  8.2800000e+05  2.3700000e+03  5.0600000e+04  1.5400000e+02  2.9000000e+01  4.9000000e+00  2.4000000e+01  4.8900000e+00  8.6300000e+00  5.1400000e-01  0.0000000e+00  1.0800000e+00  0.0000000e+00  0.0000000e+00  0.0000000e+00  4.2300000e-01  4.9700000e+00  3.9400000e+00  6.8400000e-01  2.7200000e+00  2.3900000e-01  1.6700000e-01  0.0000000e+00  4.9000000e-01  1.3200000e-01  1.0100000e+00  9.2100000e-02  0.0000000e+00  1.0300000e-01  0.0000000e+00  0.0000000e+00  0.0000000e+00  0.0000000e+00  0.0000000e+00  0.0000000e+00  0.0000000e+00  0.0000000e+00  0.0000000e+00  0.0000000e+00  0.0000000e+00  0.0000000e+00  0.0000000e+00  0.0000000e+00  0.0000000e+00  0.0000000e+00  7.9900000e-03  5.0200000e-01  2.1400000e-01  2.7200000e+00  2.6100000e+00  5.4500000e+00  4.8100000e-01  3.2300000e-02  2.9400000e-02  1.7200000e+00  1.9100000e-02  0.0000000e+00  0.0000000e+00
3.1800000e+02  1.7600000e+21  1.3000000e+01  5.9427154e+03  5.6900000e+02  0.0000000e+00  1.5700000e+00  0.0000000e+00  0.0000000e+00  7.9200000e+03  9.3000000e+01  2.6600000e+02  0.0000000e+00  0.0000000e+00  1.3700000e+03  5.8800000e+02  0.0000000e+00  4.9600000e+04  2.7700000e+03  1.8300000e+04  4.5900000e+02  0.0000000e+00  2.0600000e+02  0.0000000e+00  0.0000000e+00  0.0000000e+00  0.0000000e+00  6.5900000e+03  3.2600000e+03  8.2800000e+05  2.3700000e+03  5.0600000e+04  1.5400000e+02  2.9000000e+01  4.9000000e+00  2.4000000e+01  4.8900000e+00  8.6300000e+00  5.1400000e-01  0.0000000e+00  1.0800000e+00  0.0000000e+00  0.0000000e+00  0.0000000e+00  4.2300000e-01  4.9700000e+00  3.9400000e+00  6.8400000e-01  2.7200000e+00  2.3900000e-01  1.6700000e-01  0.0000000e+00  4.9000000e-01  1.3200000e-01  1.0100000e+00  9.2100000e-02  0.0000000e+00  1.0300000e-01  0.0000000e+00  0.0000000e+00  0.0000000e+00  0.0000000e+00  0.0000000e+00  0.0000000e+00  0.0000000e+00  0.0000000e+00  0.0000000e+00  0.0000000e+00  0.0000000e+00  0.0000000e+00  0.0000000e+00  0.0000000e+00  0.0000000e+00  0.0000000e+00  7.9900000e-03  5.0200000e-01  2.1400000e-01  2.7200000e+00  2.6100000e+00  5.4500000e+00  4.8100000e-01  3.2300000e-02  2.9400000e-02  1.7200000e+00  1.9100000e-02  0.0000000e+00  0.0000000e+00
3.8800000e+02  3.2000000e+21  1.3000000e+01  5.9262864e+03  5.6900000e+02  0.0000000e+00  1.5700000e+00  0.0000000e+00  0.0000000e+00  7.9200000e+03  9.3000000e+01  2.6600000e+02  0.0000000e+00  0.0000000e+00  1.3700000e+03  5.8800000e+02  0.0000000e+00  4.9600000e+04  2.7700000e+03  1.8300000e+04  4.5900000e+02  0.0000000e+00  2.0600000e+02  0.0000000e+00  0.0000000e+00  0.0000000e+00  0.0000000e+00  6.5900000e+03  3.2600000e+03  8.2800000e+05  2.3700000e+03  5.0600000e+04  1.5400000e+02  2.9000000e+01  4.9000000e+00  2.4000000e+01  4.8900000e+00  8.6300000e+00  5.1400000e-01  0.0000000e+00  1.0800000e+00  0.0000000e+00  0.0000000e+00  0.0000000e+00  4.2300000e-01  4.9700000e+00  3.9400000e+00  6.8400000e-01  2.7200000e+00  2.3900000e-01  1.6700000e-01  0.0000000e+00  4.9000000e-01  1.3200000e-01  1.0100000e+00  9.2100000e-02  0.0000000e+00  1.0300000e-01  0.0000000e+00  0.0000000e+00  0.0000000e+00  0.0000000e+00  0.0000000e+00  0.0000000e+00  0.0000000e+00  0.0000000e+00  0.0000000e+00  0.0000000e+00  0.0000000e+00  0.0000000e+00  0.0000000e+00  0.0000000e+00  0.0000000e+00  0.0000000e+00  7.9900000e-03  5.0200000e-01  2.1400000e-01  2.7200000e+00  2.6100000e+00  5.4500000e+00  4.8100000e-01  3.2300000e-02  2.9400000e-02  1.7200000e+00  1.9100000e-02  0.0000000e+00  0.0000000e+00
4.5900000e+02  5.2500000e+21  1.3000000e+01  5.9096227e+03  5.6900000e+02  0.0000000e+00  1.5700000e+00  0.0000000e+00  0.0000000e+00  7.9200000e+03  9.3000000e+01  2.6600000e+02  0.0000000e+00  0.0000000e+00  1.3700000e+03  5.8800000e+02  0.0000000e+00  4.9600000e+04  2.7700000e+03  1.8300000e+04  4.5900000e+02  0.0000000e+00  2.0600000e+02  0.0000000e+00  0.0000000e+00  0.0000000e+00  0.0000000e+00  6.5900000e+03  3.2600000e+03  8.2800000e+05  2.3700000e+03  5.0600000e+04  1.5400000e+02  2.9000000e+01  4.9000000e+00  2.4000000e+01  4.8900000e+00  8.6300000e+00  5.1400000e-01  0.0000000e+00  1.0800000e+00  0.0000000e+00  0.0000000e+00  0.0000000e+00  4.2300000e-01  4.9700000e+00  3.9400000e+00  6.8400000e-01  2.7200000e+00  2.3900000e-01  1.6700000e-01  0.0000000e+00  4.9000000e-01  1.3200000e-01  1.0100000e+00  9.2100000e-02  0.0000000e+00  1.0300000e-01  0.0000000e+00  0.0000000e+00  0.0000000e+00  0.0000000e+00  0.0000000e+00  0.0000000e+00  0.0000000e+00  0.0000000e+00  0.0000000e+00  0.0000000e+00  0.0000000e+00  0.0000000e+00  0.0000000e+00  0.0000000e+00  0.0000000e+00  0.0000000e+00  7.9900000e-03  5.0200000e-01  2.1400000e-01  2.7200000e+00  2.6100000e+00  5.4500000e+00  4.8100000e-01  3.2300000e-02  2.9400000e-02  1.7200000e+00  1.9100000e-02  0.0000000e+00  0.0000000e+00
5.2900000e+02  8.0400000e+21  1.3000000e+01  5.8919612e+03  5.6900000e+02  0.0000000e+00  1.5700000e+00  0.0000000e+00  0.0000000e+00  7.9200000e+03  9.3000000e+01  2.6600000e+02  0.0000000e+00  0.0000000e+00  1.3700000e+03  5.8800000e+02  0.0000000e+00  4.9600000e+04  2.7700000e+03  1.8300000e+04  4.5900000e+02  0.0000000e+00  2.0600000e+02  0.0000000e+00  0.0000000e+00  0.0000000e+00  0.0000000e+00  6.5900000e+03  3.2600000e+03  8.2800000e+05  2.3700000e+03  5.0600000e+04  1.5400000e+02  2.9000000e+01  4.9000000e+00  2.4000000e+01  4.8900000e+00  8.6300000e+00  5.1400000e-01  0.0000000e+00  1.0800000e+00  0.0000000e+00  0.0000000e+00  0.0000000e+00  4.2300000e-01  4.9700000e+00  3.9400000e+00  6.8400000e-01  2.7200000e+00  2.3900000e-01  1.6700000e-01  0.0000000e+00  4.9000000e-01  1.3200000e-01  1.0100000e+00  9.2100000e-02  0.0000000e+00  1.0300000e-01  0.0000000e+00  0.0000000e+00  0.0000000e+00  0.0000000e+00  0.0000000e+00  0.0000000e+00  0.0000000e+00  0.0000000e+00  0.0000000e+00  0.0000000e+00  0.0000000e+00  0.0000000e+00  0.0000000e+00  0.0000000e+00  0.0000000e+00  0.0000000e+00  7.9900000e-03  5.0200000e-01  2.1400000e-01  2.7200000e+00  2.6100000e+00  5.4500000e+00  4.8100000e-01  3.2300000e-02  2.9400000e-02  1.7200000e+00  1.9100000e-02  0.0000000e+00  0.0000000e+00
5.9900000e+02  1.1700000e+22  1.3000000e+01  5.8725572e+03  5.6900000e+02  0.0000000e+00  1.5700000e+00  0.0000000e+00  0.0000000e+00  7.9200000e+03  9.3000000e+01  2.6600000e+02  0.0000000e+00  0.0000000e+00  1.3700000e+03  5.8800000e+02  0.0000000e+00  4.9600000e+04  2.7700000e+03  1.8300000e+04  4.5900000e+02  0.0000000e+00  2.0600000e+02  0.0000000e+00  0.0000000e+00  0.0000000e+00  0.0000000e+00  6.5900000e+03  3.2600000e+03  8.2800000e+05  2.3700000e+03  5.0600000e+04  1.5400000e+02  2.9000000e+01  4.9000000e+00  2.4000000e+01  4.8900000e+00  8.6300000e+00  5.1400000e-01  0.0000000e+00  1.0800000e+00  0.0000000e+00  0.0000000e+00  0.0000000e+00  4.2300000e-01  4.9700000e+00  3.9400000e+00  6.8400000e-01  2.7200000e+00  2.3900000e-01  1.6700000e-01  0.0000000e+00  4.9000000e-01  1.3200000e-01  1.0100000e+00  9.2100000e-02  0.0000000e+00  1.0300000e-01  0.0000000e+00  0.0000000e+00  0.0000000e+00  0.0000000e+00  0.0000000e+00  0.0000000e+00  0.0000000e+00  0.0000000e+00  0.0000000e+00  0.0000000e+00  0.0000000e+00  0.0000000e+00  0.0000000e+00  0.0000000e+00  0.0000000e+00  0.0000000e+00  7.9900000e-03  5.0200000e-01  2.1400000e-01  2.7200000e+00  2.6100000e+00  5.4500000e+00  4.8100000e-01  3.2300000e-02  2.9400000e-02  1.7200000e+00  1.9100000e-02  0.0000000e+00  0.0000000e+00
6.6900000e+02  1.6300000e+22  1.2900000e+01  5.8531532e+03  5.6900000e+02  0.0000000e+00  1.5700000e+00  0.0000000e+00  0.0000000e+00  7.9200000e+03  9.3000000e+01  2.6600000e+02  0.0000000e+00  0.0000000e+00  1.3700000e+03  5.8800000e+02  0.0000000e+00  4.9600000e+04  2.7700000e+03  1.8300000e+04  4.5900000e+02  0.0000000e+00  2.0600000e+02  0.0000000e+00  0.0000000e+00  0.0000000e+00  0.0000000e+00  6.5900000e+03  3.2600000e+03  8.2800000e+05  2.3700000e+03  5.0600000e+04  1.5400000e+02  2.9000000e+01  4.9000000e+00  2.4000000e+01  4.8900000e+00  8.6300000e+00  5.1400000e-01  0.0000000e+00  1.0800000e+00  0.0000000e+00  0.0000000e+00  0.0000000e+00  4.2300000e-01  4.9700000e+00  3.9400000e+00  6.8400000e-01  2.7200000e+00  2.3900000e-01  1.6700000e-01  0.0000000e+00  4.9000000e-01  1.3200000e-01  1.0100000e+00  9.2100000e-02  0.0000000e+00  1.0300000e-01  0.0000000e+00  0.0000000e+00  0.0000000e+00  0.0000000e+00  0.0000000e+00  0.0000000e+00  0.0000000e+00  0.0000000e+00  0.0000000e+00  0.0000000e+00  0.0000000e+00  0.0000000e+00  0.0000000e+00  0.0000000e+00  0.0000000e+00  0.0000000e+00  7.9900000e-03  5.0200000e-01  2.1400000e-01  2.7200000e+00  2.6100000e+00  5.4500000e+00  4.8100000e-01  3.2300000e-02  2.9400000e-02  1.7200000e+00  1.9100000e-02  0.0000000e+00  0.0000000e+00
7.3900000e+02  2.1900000e+22  1.2900000e+01  5.8337491e+03  5.6900000e+02  0.0000000e+00  1.5700000e+00  0.0000000e+00  0.0000000e+00  7.9200000e+03  9.3000000e+01  2.6600000e+02  0.0000000e+00  0.0000000e+00  1.3700000e+03  5.8800000e+02  0.0000000e+00  4.9600000e+04  2.7700000e+03  1.8300000e+04  4.5900000e+02  0.0000000e+00  2.0600000e+02  0.0000000e+00  0.0000000e+00  0.0000000e+00  0.0000000e+00  6.5900000e+03  3.2600000e+03  8.2800000e+05  2.3700000e+03  5.0600000e+04  1.5400000e+02  2.9000000e+01  4.9000000e+00  2.4000000e+01  4.8900000e+00  8.6300000e+00  5.1400000e-01  0.0000000e+00  1.0800000e+00  0.0000000e+00  0.0000000e+00  0.0000000e+00  4.2300000e-01  4.9700000e+00  3.9400000e+00  6.8400000e-01  2.7200000e+00  2.3900000e-01  1.6700000e-01  0.0000000e+00  4.9000000e-01  1.3200000e-01  1.0100000e+00  9.2100000e-02  0.0000000e+00  1.0300000e-01  0.0000000e+00  0.0000000e+00  0.0000000e+00  0.0000000e+00  0.0000000e+00  0.0000000e+00  0.0000000e+00  0.0000000e+00  0.0000000e+00  0.0000000e+00  0.0000000e+00  0.0000000e+00  0.0000000e+00  0.0000000e+00  0.0000000e+00  0.0000000e+00  7.9900000e-03  5.0200000e-01  2.1400000e-01  2.7200000e+00  2.6100000e+00  5.4500000e+00  4.8100000e-01  3.2300000e-02  2.9400000e-02  1.7200000e+00  1.9100000e-02  0.0000000e+00  0.0000000e+00
8.0900000e+02  2.8700000e+22  1.2900000e+01  5.8143451e+03  5.6900000e+02  0.0000000e+00  1.5700000e+00  0.0000000e+00  0.0000000e+00  7.9200000e+03  9.3000000e+01  2.6600000e+02  0.0000000e+00  0.0000000e+00  1.3700000e+03  5.8800000e+02  0.0000000e+00  4.9600000e+04  2.7700000e+03  1.8300000e+04  4.5900000e+02  0.0000000e+00  2.0600000e+02  0.0000000e+00  0.0000000e+00  0.0000000e+00  0.0000000e+00  6.5900000e+03  3.2600000e+03  8.2800000e+05  2.3700000e+03  5.0600000e+04  1.5400000e+02  2.9000000e+01  4.9000000e+00  2.4000000e+01  4.8900000e+00  8.6300000e+00  5.1400000e-01  0.0000000e+00  1.0800000e+00  0.0000000e+00  0.0000000e+00  0.0000000e+00  4.2300000e-01  4.9700000e+00  3.9400000e+00  6.8400000e-01  2.7200000e+00  2.3900000e-01  1.6700000e-01  0.0000000e+00  4.9000000e-01  1.3200000e-01  1.0100000e+00  9.2100000e-02  0.0000000e+00  1.0300000e-01  0.0000000e+00  0.0000000e+00  0.0000000e+00  0.0000000e+00  0.0000000e+00  0.0000000e+00  0.0000000e+00  0.0000000e+00  0.0000000e+00  0.0000000e+00  0.0000000e+00  0.0000000e+00  0.0000000e+00  0.0000000e+00  0.0000000e+00  0.0000000e+00  7.9900000e-03  5.0200000e-01  2.1400000e-01  2.7200000e+00  2.6100000e+00  5.4500000e+00  4.8100000e-01  3.2300000e-02  2.9400000e-02  1.7200000e+00  1.9100000e-02  0.0000000e+00  0.0000000e+00
8.7900000e+02  3.6800000e+22  1.2900000e+01  5.7949411e+03  5.6900000e+02  0.0000000e+00  1.5700000e+00  0.0000000e+00  0.0000000e+00  7.9200000e+03  9.3000000e+01  2.6600000e+02  0.0000000e+00  0.0000000e+00  1.3700000e+03  5.8800000e+02  0.0000000e+00  4.9600000e+04  2.7700000e+03  1.8300000e+04  4.5900000e+02  0.0000000e+00  2.0600000e+02  0.0000000e+00  0.0000000e+00  0.0000000e+00  0.0000000e+00  6.5900000e+03  3.2600000e+03  8.2800000e+05  2.3700000e+03  5.0600000e+04  1.5400000e+02  2.9000000e+01  4.9000000e+00  2.4000000e+01  4.8900000e+00  8.6300000e+00  5.1400000e-01  0.0000000e+00  1.0800000e+00  0.0000000e+00  0.0000000e+00  0.0000000e+00  4.2300000e-01  4.9700000e+00  3.9400000e+00  6.8400000e-01  2.7200000e+00  2.3900000e-01  1.6700000e-01  0.0000000e+00  4.9000000e-01  1.3200000e-01  1.0100000e+00  9.2100000e-02  0.0000000e+00  1.0300000e-01  0.0000000e+00  0.0000000e+00  0.0000000e+00  0.0000000e+00  0.0000000e+00  0.0000000e+00  0.0000000e+00  0.0000000e+00  0.0000000e+00  0.0000000e+00  0.0000000e+00  0.0000000e+00  0.0000000e+00  0.0000000e+00  0.0000000e+00  0.0000000e+00  7.9900000e-03  5.0200000e-01  2.1400000e-01  2.7200000e+00  2.6100000e+00  5.4500000e+00  4.8100000e-01  3.2300000e-02  2.9400000e-02  1.7200000e+00  1.9100000e-02  0.0000000e+00  0.0000000e+00
9.4900000e+02  4.6300000e+22  1.2800000e+01  5.7755371e+03  5.6900000e+02  0.0000000e+00  1.5700000e+00  0.0000000e+00  0.0000000e+00  7.9200000e+03  9.3000000e+01  2.6600000e+02  0.0000000e+00  0.0000000e+00  1.3700000e+03  5.8800000e+02  0.0000000e+00  4.9600000e+04  2.7700000e+03  1.8300000e+04  4.5900000e+02  0.0000000e+00  2.0600000e+02  0.0000000e+00  0.0000000e+00  0.0000000e+00  0.0000000e+00  6.5900000e+03  3.2600000e+03  8.2800000e+05  2.3700000e+03  5.0600000e+04  1.5400000e+02  2.9000000e+01  4.9000000e+00  2.4000000e+01  4.8900000e+00  8.6300000e+00  5.1400000e-01  0.0000000e+00  1.0800000e+00  0.0000000e+00  0.0000000e+00  0.0000000e+00  4.2300000e-01  4.9700000e+00  3.9400000e+00  6.8400000e-01  2.7200000e+00  2.3900000e-01  1.6700000e-01  0.0000000e+00  4.9000000e-01  1.3200000e-01  1.0100000e+00  9.2100000e-02  0.0000000e+00  1.0300000e-01  0.0000000e+00  0.0000000e+00  0.0000000e+00  0.0000000e+00  0.0000000e+00  0.0000000e+00  0.0000000e+00  0.0000000e+00  0.0000000e+00  0.0000000e+00  0.0000000e+00  0.0000000e+00  0.0000000e+00  0.0000000e+00  0.0000000e+00  0.0000000e+00  7.9900000e-03  5.0200000e-01  2.1400000e-01  2.7200000e+00  2.6100000e+00  5.4500000e+00  4.8100000e-01  3.2300000e-02  2.9400000e-02  1.7200000e+00  1.9100000e-02  0.0000000e+00  0.0000000e+00
1.0200000e+03  5.7200000e+22  1.2800000e+01  5.7558559e+03  5.6900000e+02  0.0000000e+00  1.5700000e+00  0.0000000e+00  0.0000000e+00  7.9200000e+03  9.3000000e+01  2.6600000e+02  0.0000000e+00  0.0000000e+00  1.3700000e+03  5.8800000e+02  0.0000000e+00  4.9600000e+04  2.7700000e+03  1.8300000e+04  4.5900000e+02  0.0000000e+00  2.0600000e+02  0.0000000e+00  0.0000000e+00  0.0000000e+00  0.0000000e+00  6.5900000e+03  3.2600000e+03  8.2800000e+05  2.3700000e+03  5.0600000e+04  1.5400000e+02  2.9000000e+01  4.9000000e+00  2.4000000e+01  4.8900000e+00  8.6300000e+00  5.1400000e-01  0.0000000e+00  1.0800000e+00  0.0000000e+00  0.0000000e+00  0.0000000e+00  4.2300000e-01  4.9700000e+00  3.9400000e+00  6.8400000e-01  2.7200000e+00  2.3900000e-01  1.6700000e-01  0.0000000e+00  4.9000000e-01  1.3200000e-01  1.0100000e+00  9.2100000e-02  0.0000000e+00  1.0300000e-01  0.0000000e+00  0.0000000e+00  0.0000000e+00  0.0000000e+00  0.0000000e+00  0.0000000e+00  0.0000000e+00  0.0000000e+00  0.0000000e+00  0.0000000e+00  0.0000000e+00  0.0000000e+00  0.0000000e+00  0.0000000e+00  0.0000000e+00  0.0000000e+00  7.9900000e-03  5.0200000e-01  2.1400000e-01  2.7200000e+00  2.6100000e+00  5.4500000e+00  4.8100000e-01  3.2300000e-02  2.9400000e-02  1.7200000e+00  1.9100000e-02  0.0000000e+00  0.0000000e+00
1.0900000e+03  6.9700000e+22  1.2800000e+01  5.7364518e+03  5.6900000e+02  0.0000000e+00  1.5700000e+00  0.0000000e+00  0.0000000e+00  7.9200000e+03  9.3000000e+01  2.6600000e+02  0.0000000e+00  0.0000000e+00  1.3700000e+03  5.8800000e+02  0.0000000e+00  4.9600000e+04  2.7700000e+03  1.8300000e+04  4.5900000e+02  0.0000000e+00  2.0600000e+02  0.0000000e+00  0.0000000e+00  0.0000000e+00  0.0000000e+00  6.5900000e+03  3.2600000e+03  8.2800000e+05  2.3700000e+03  5.0600000e+04  1.5400000e+02  2.9000000e+01  4.9000000e+00  2.4000000e+01  4.8900000e+00  8.6300000e+00  5.1400000e-01  0.0000000e+00  1.0800000e+00  0.0000000e+00  0.0000000e+00  0.0000000e+00  4.2300000e-01  4.9700000e+00  3.9400000e+00  6.8400000e-01  2.7200000e+00  2.3900000e-01  1.6700000e-01  0.0000000e+00  4.9000000e-01  1.3200000e-01  1.0100000e+00  9.2100000e-02  0.0000000e+00  1.0300000e-01  0.0000000e+00  0.0000000e+00  0.0000000e+00  0.0000000e+00  0.0000000e+00  0.0000000e+00  0.0000000e+00  0.0000000e+00  0.0000000e+00  0.0000000e+00  0.0000000e+00  0.0000000e+00  0.0000000e+00  0.0000000e+00  0.0000000e+00  0.0000000e+00  7.9900000e-03  5.0200000e-01  2.1400000e-01  2.7200000e+00  2.6100000e+00  5.4500000e+00  4.8100000e-01  3.2300000e-02  2.9400000e-02  1.7200000e+00  1.9100000e-02  0.0000000e+00  0.0000000e+00
1.1600000e+03  8.4000000e+22  1.2700000e+01  5.7170478e+03  5.6900000e+02  0.0000000e+00  1.5700000e+00  0.0000000e+00  0.0000000e+00  7.9200000e+03  9.3000000e+01  2.6600000e+02  0.0000000e+00  0.0000000e+00  1.3700000e+03  5.8800000e+02  0.0000000e+00  4.9600000e+04  2.7700000e+03  1.8300000e+04  4.5900000e+02  0.0000000e+00  2.0600000e+02  0.0000000e+00  0.0000000e+00  0.0000000e+00  0.0000000e+00  6.5900000e+03  3.2600000e+03  8.2800000e+05  2.3700000e+03  5.0600000e+04  1.5400000e+02  2.9000000e+01  4.9000000e+00  2.4000000e+01  4.8900000e+00  8.6300000e+00  5.1400000e-01  0.0000000e+00  1.0800000e+00  0.0000000e+00  0.0000000e+00  0.0000000e+00  4.2300000e-01  4.9700000e+00  3.9400000e+00  6.8400000e-01  2.7200000e+00  2.3900000e-01  1.6700000e-01  0.0000000e+00  4.9000000e-01  1.3200000e-01  1.0100000e+00  9.2100000e-02  0.0000000e+00  1.0300000e-01  0.0000000e+00  0.0000000e+00  0.0000000e+00  0.0000000e+00  0.0000000e+00  0.0000000e+00  0.0000000e+00  0.0000000e+00  0.0000000e+00  0.0000000e+00  0.0000000e+00  0.0000000e+00  0.0000000e+00  0.0000000e+00  0.0000000e+00  0.0000000e+00  7.9900000e-03  5.0200000e-01  2.1400000e-01  2.7200000e+00  2.6100000e+00  5.4500000e+00  4.8100000e-01  3.2300000e-02  2.9400000e-02  1.7200000e+00  1.9100000e-02  0.0000000e+00  0.0000000e+00
1.2200000e+03  9.7800000e+22  1.2700000e+01  5.7004158e+03  5.6900000e+02  0.0000000e+00  1.5700000e+00  0.0000000e+00  0.0000000e+00  7.9200000e+03  9.3000000e+01  2.6600000e+02  0.0000000e+00  0.0000000e+00  1.3700000e+03  5.8800000e+02  0.0000000e+00  4.9600000e+04  2.7700000e+03  1.8300000e+04  4.5900000e+02  0.0000000e+00  2.0600000e+02  0.0000000e+00  0.0000000e+00  0.0000000e+00  0.0000000e+00  6.5900000e+03  3.2600000e+03  8.2800000e+05  2.3700000e+03  5.0600000e+04  1.5400000e+02  2.9000000e+01  4.9000000e+00  2.4000000e+01  4.8900000e+00  8.6300000e+00  5.1400000e-01  0.0000000e+00  1.0800000e+00  0.0000000e+00  0.0000000e+00  0.0000000e+00  4.2300000e-01  4.9700000e+00  3.9400000e+00  6.8400000e-01  2.7200000e+00  2.3900000e-01  1.6700000e-01  0.0000000e+00  4.9000000e-01  1.3200000e-01  1.0100000e+00  9.2100000e-02  0.0000000e+00  1.0300000e-01  0.0000000e+00  0.0000000e+00  0.0000000e+00  0.0000000e+00  0.0000000e+00  0.0000000e+00  0.0000000e+00  0.0000000e+00  0.0000000e+00  0.0000000e+00  0.0000000e+00  0.0000000e+00  0.0000000e+00  0.0000000e+00  0.0000000e+00  0.0000000e+00  7.9900000e-03  5.0200000e-01  2.1400000e-01  2.7200000e+00  2.6100000e+00  5.4500000e+00  4.8100000e-01  3.2300000e-02  2.9400000e-02  1.7200000e+00  1.9100000e-02  0.0000000e+00  0.0000000e+00
1.2300000e+03  9.8800000e+22  1.2400000e+01  5.6966758e+03  5.6900000e+02  0.0000000e+00  1.5700000e+00  0.0000000e+00  0.0000000e+00  7.9200000e+03  9.3000000e+01  2.6600000e+02  0.0000000e+00  0.0000000e+00  1.3700000e+03  5.8800000e+02  0.0000000e+00  4.9600000e+04  2.7700000e+03  1.8300000e+04  4.5900000e+02  0.0000000e+00  2.0600000e+02  0.0000000e+00  0.0000000e+00  0.0000000e+00  0.0000000e+00  6.5900000e+03  3.2600000e+03  8.2800000e+05  2.3700000e+03  5.0600000e+04  1.5400000e+02  2.9000000e+01  4.9000000e+00  2.4000000e+01  4.8900000e+00  8.6300000e+00  5.1400000e-01  0.0000000e+00  1.0800000e+00  0.0000000e+00  0.0000000e+00  0.0000000e+00  4.2300000e-01  4.9700000e+00  3.9400000e+00  6.8400000e-01  2.7200000e+00  2.3900000e-01  1.6700000e-01  0.0000000e+00  4.9000000e-01  1.3200000e-01  1.0100000e+00  9.2100000e-02  0.0000000e+00  1.0300000e-01  0.0000000e+00  0.0000000e+00  0.0000000e+00  0.0000000e+00  0.0000000e+00  0.0000000e+00  0.0000000e+00  0.0000000e+00  0.0000000e+00  0.0000000e+00  0.0000000e+00  0.0000000e+00  0.0000000e+00  0.0000000e+00  0.0000000e+00  0.0000000e+00  7.9900000e-03  5.0200000e-01  2.1400000e-01  2.7200000e+00  2.6100000e+00  5.4500000e+00  4.8100000e-01  3.2300000e-02  2.9400000e-02  1.7200000e+00  1.9100000e-02  0.0000000e+00  0.0000000e+00
1.2400000e+03  1.0200000e+23  1.2100000e+01  5.6927650e+03  5.6900000e+02  0.0000000e+00  1.5700000e+00  0.0000000e+00  0.0000000e+00  7.9200000e+03  9.3000000e+01  2.6600000e+02  0.0000000e+00  0.0000000e+00  1.3700000e+03  5.8800000e+02  0.0000000e+00  4.9600000e+04  2.7700000e+03  1.8300000e+04  4.5900000e+02  0.0000000e+00  2.0600000e+02  0.0000000e+00  0.0000000e+00  0.0000000e+00  0.0000000e+00  6.5900000e+03  3.2600000e+03  8.2800000e+05  2.3700000e+03  5.0600000e+04  1.5400000e+02  2.9000000e+01  4.9000000e+00  2.4000000e+01  4.8900000e+00  8.6300000e+00  5.1400000e-01  0.0000000e+00  1.0800000e+00  0.0000000e+00  0.0000000e+00  0.0000000e+00  4.2300000e-01  4.9700000e+00  3.9400000e+00  6.8400000e-01  2.7200000e+00  2.3900000e-01  1.6700000e-01  0.0000000e+00  4.9000000e-01  1.3200000e-01  1.0100000e+00  9.2100000e-02  0.0000000e+00  1.0300000e-01  0.0000000e+00  0.0000000e+00  0.0000000e+00  0.0000000e+00  0.0000000e+00  0.0000000e+00  0.0000000e+00  0.0000000e+00  0.0000000e+00  0.0000000e+00  0.0000000e+00  0.0000000e+00  0.0000000e+00  0.0000000e+00  0.0000000e+00  0.0000000e+00  7.9900000e-03  5.0200000e-01  2.1400000e-01  2.7200000e+00  2.6100000e+00  5.4500000e+00  4.8100000e-01  3.2300000e-02  2.9400000e-02  1.7200000e+00  1.9100000e-02  0.0000000e+00  0.0000000e+00
1.3100000e+03  1.1900000e+23  1.2100000e+01  5.6653891e+03  5.6900000e+02  0.0000000e+00  1.5700000e+00  0.0000000e+00  0.0000000e+00  7.9200000e+03  9.3000000e+01  2.6600000e+02  0.0000000e+00  0.0000000e+00  1.3700000e+03  5.8800000e+02  0.0000000e+00  4.9600000e+04  2.7700000e+03  1.8300000e+04  4.5900000e+02  0.0000000e+00  2.0600000e+02  0.0000000e+00  0.0000000e+00  0.0000000e+00  0.0000000e+00  6.5900000e+03  3.2600000e+03  8.2800000e+05  2.3700000e+03  5.0600000e+04  1.5400000e+02  2.9000000e+01  4.9000000e+00  2.4000000e+01  4.8900000e+00  8.6300000e+00  5.1400000e-01  0.0000000e+00  1.0800000e+00  0.0000000e+00  0.0000000e+00  0.0000000e+00  4.2300000e-01  4.9700000e+00  3.9400000e+00  6.8400000e-01  2.7200000e+00  2.3900000e-01  1.6700000e-01  0.0000000e+00  4.9000000e-01  1.3200000e-01  1.0100000e+00  9.2100000e-02  0.0000000e+00  1.0300000e-01  0.0000000e+00  0.0000000e+00  0.0000000e+00  0.0000000e+00  0.0000000e+00  0.0000000e+00  0.0000000e+00  0.0000000e+00  0.0000000e+00  0.0000000e+00  0.0000000e+00  0.0000000e+00  0.0000000e+00  0.0000000e+00  0.0000000e+00  0.0000000e+00  7.9900000e-03  5.0200000e-01  2.1400000e-01  2.7200000e+00  2.6100000e+00  5.4500000e+00  4.8100000e-01  3.2300000e-02  2.9400000e-02  1.7200000e+00  1.9100000e-02  0.0000000e+00  0.0000000e+00
1.3800000e+03  1.3800000e+23  1.2000000e+01  5.6380133e+03  5.6900000e+02  0.0000000e+00  1.5700000e+00  0.0000000e+00  0.0000000e+00  7.9200000e+03  9.3000000e+01  2.6600000e+02  0.0000000e+00  0.0000000e+00  1.3700000e+03  5.8800000e+02  0.0000000e+00  4.9600000e+04  2.7700000e+03  1.8300000e+04  4.5900000e+02  0.0000000e+00  2.0600000e+02  0.0000000e+00  0.0000000e+00  0.0000000e+00  0.0000000e+00  6.5900000e+03  3.2600000e+03  8.2800000e+05  2.3700000e+03  5.0600000e+04  1.5400000e+02  2.9000000e+01  4.9000000e+00  2.4000000e+01  4.8900000e+00  8.6300000e+00  5.1400000e-01  0.0000000e+00  1.0800000e+00  0.0000000e+00  0.0000000e+00  0.0000000e+00  4.2300000e-01  4.9700000e+00  3.9400000e+00  6.8400000e-01  2.7200000e+00  2.3900000e-01  1.6700000e-01  0.0000000e+00  4.9000000e-01  1.3200000e-01  1.0100000e+00  9.2100000e-02  0.0000000e+00  1.0300000e-01  0.0000000e+00  0.0000000e+00  0.0000000e+00  0.0000000e+00  0.0000000e+00  0.0000000e+00  0.0000000e+00  0.0000000e+00  0.0000000e+00  0.0000000e+00  0.0000000e+00  0.0000000e+00  0.0000000e+00  0.0000000e+00  0.0000000e+00  0.0000000e+00  7.9900000e-03  5.0200000e-01  2.1400000e-01  2.7200000e+00  2.6100000e+00  5.4500000e+00  4.8100000e-01  3.2300000e-02  2.9400000e-02  1.7200000e+00  1.9100000e-02  0.0000000e+00  0.0000000e+00
1.4500000e+03  1.5900000e+23  1.2000000e+01  5.6106375e+03  5.6900000e+02  0.0000000e+00  1.5700000e+00  0.0000000e+00  0.0000000e+00  7.9200000e+03  9.3000000e+01  2.6600000e+02  0.0000000e+00  0.0000000e+00  1.3700000e+03  5.8800000e+02  0.0000000e+00  4.9600000e+04  2.7700000e+03  1.8300000e+04  4.5900000e+02  0.0000000e+00  2.0600000e+02  0.0000000e+00  0.0000000e+00  0.0000000e+00  0.0000000e+00  6.5900000e+03  3.2600000e+03  8.2800000e+05  2.3700000e+03  5.0600000e+04  1.5400000e+02  2.9000000e+01  4.9000000e+00  2.4000000e+01  4.8900000e+00  8.6300000e+00  5.1400000e-01  0.0000000e+00  1.0800000e+00  0.0000000e+00  0.0000000e+00  0.0000000e+00  4.2300000e-01  4.9700000e+00  3.9400000e+00  6.8400000e-01  2.7200000e+00  2.3900000e-01  1.6700000e-01  0.0000000e+00  4.9000000e-01  1.3200000e-01  1.0100000e+00  9.2100000e-02  0.0000000e+00  1.0300000e-01  0.0000000e+00  0.0000000e+00  0.0000000e+00  0.0000000e+00  0.0000000e+00  0.0000000e+00  0.0000000e+00  0.0000000e+00  0.0000000e+00  0.0000000e+00  0.0000000e+00  0.0000000e+00  0.0000000e+00  0.0000000e+00  0.0000000e+00  0.0000000e+00  7.9900000e-03  5.0200000e-01  2.1400000e-01  2.7200000e+00  2.6100000e+00  5.4500000e+00  4.8100000e-01  3.2300000e-02  2.9400000e-02  1.7200000e+00  1.9100000e-02  0.0000000e+00  0.0000000e+00
1.5200000e+03  1.8300000e+23  1.2000000e+01  5.5832616e+03  5.6900000e+02  0.0000000e+00  1.5700000e+00  0.0000000e+00  0.0000000e+00  7.9200000e+03  9.3000000e+01  2.6600000e+02  0.0000000e+00  0.0000000e+00  1.3700000e+03  5.8800000e+02  0.0000000e+00  4.9600000e+04  2.7700000e+03  1.8300000e+04  4.5900000e+02  0.0000000e+00  2.0600000e+02  0.0000000e+00  0.0000000e+00  0.0000000e+00  0.0000000e+00  6.5900000e+03  3.2600000e+03  8.2800000e+05  2.3700000e+03  5.0600000e+04  1.5400000e+02  2.9000000e+01  4.9000000e+00  2.4000000e+01  4.8900000e+00  8.6300000e+00  5.1400000e-01  0.0000000e+00  1.0800000e+00  0.0000000e+00  0.0000000e+00  0.0000000e+00  4.2300000e-01  4.9700000e+00  3.9400000e+00  6.8400000e-01  2.7200000e+00  2.3900000e-01  1.6700000e-01  0.0000000e+00  4.9000000e-01  1.3200000e-01  1.0100000e+00  9.2100000e-02  0.0000000e+00  1.0300000e-01  0.0000000e+00  0.0000000e+00  0.0000000e+00  0.0000000e+00  0.0000000e+00  0.0000000e+00  0.0000000e+00  0.0000000e+00  0.0000000e+00  0.0000000e+00  0.0000000e+00  0.0000000e+00  0.0000000e+00  0.0000000e+00  0.0000000e+00  0.0000000e+00  7.9900000e-03  5.0200000e-01  2.1400000e-01  2.7200000e+00  2.6100000e+00  5.4500000e+00  4.8100000e-01  3.2300000e-02  2.9400000e-02  1.7200000e+00  1.9100000e-02  0.0000000e+00  0.0000000e+00
1.5900000e+03  2.0800000e+23  1.1900000e+01  5.5558858e+03  5.6900000e+02  0.0000000e+00  1.5700000e+00  0.0000000e+00  0.0000000e+00  7.9200000e+03  9.3000000e+01  2.6600000e+02  0.0000000e+00  0.0000000e+00  1.3700000e+03  5.8800000e+02  0.0000000e+00  4.9600000e+04  2.7700000e+03  1.8300000e+04  4.5900000e+02  0.0000000e+00  2.0600000e+02  0.0000000e+00  0.0000000e+00  0.0000000e+00  0.0000000e+00  6.5900000e+03  3.2600000e+03  8.2800000e+05  2.3700000e+03  5.0600000e+04  1.5400000e+02  2.9000000e+01  4.9000000e+00  2.4000000e+01  4.8900000e+00  8.6300000e+00  5.1400000e-01  0.0000000e+00  1.0800000e+00  0.0000000e+00  0.0000000e+00  0.0000000e+00  4.2300000e-01  4.9700000e+00  3.9400000e+00  6.8400000e-01  2.7200000e+00  2.3900000e-01  1.6700000e-01  0.0000000e+00  4.9000000e-01  1.3200000e-01  1.0100000e+00  9.2100000e-02  0.0000000e+00  1.0300000e-01  0.0000000e+00  0.0000000e+00  0.0000000e+00  0.0000000e+00  0.0000000e+00  0.0000000e+00  0.0000000e+00  0.0000000e+00  0.0000000e+00  0.0000000e+00  0.0000000e+00  0.0000000e+00  0.0000000e+00  0.0000000e+00  0.0000000e+00  0.0000000e+00  7.9900000e-03  5.0200000e-01  2.1400000e-01  2.7200000e+00  2.6100000e+00  5.4500000e+00  4.8100000e-01  3.2300000e-02  2.9400000e-02  1.7200000e+00  1.9100000e-02  0.0000000e+00  0.0000000e+00
1.6600000e+03  2.3600000e+23  1.1900000e+01  5.5285100e+03  5.6900000e+02  0.0000000e+00  1.5700000e+00  0.0000000e+00  0.0000000e+00  7.9200000e+03  9.3000000e+01  2.6600000e+02  0.0000000e+00  0.0000000e+00  1.3700000e+03  5.8800000e+02  0.0000000e+00  4.9600000e+04  2.7700000e+03  1.8300000e+04  4.5900000e+02  0.0000000e+00  2.0600000e+02  0.0000000e+00  0.0000000e+00  0.0000000e+00  0.0000000e+00  6.5900000e+03  3.2600000e+03  8.2800000e+05  2.3700000e+03  5.0600000e+04  1.5400000e+02  2.9000000e+01  4.9000000e+00  2.4000000e+01  4.8900000e+00  8.6300000e+00  5.1400000e-01  0.0000000e+00  1.0800000e+00  0.0000000e+00  0.0000000e+00  0.0000000e+00  4.2300000e-01  4.9700000e+00  3.9400000e+00  6.8400000e-01  2.7200000e+00  2.3900000e-01  1.6700000e-01  0.0000000e+00  4.9000000e-01  1.3200000e-01  1.0100000e+00  9.2100000e-02  0.0000000e+00  1.0300000e-01  0.0000000e+00  0.0000000e+00  0.0000000e+00  0.0000000e+00  0.0000000e+00  0.0000000e+00  0.0000000e+00  0.0000000e+00  0.0000000e+00  0.0000000e+00  0.0000000e+00  0.0000000e+00  0.0000000e+00  0.0000000e+00  0.0000000e+00  0.0000000e+00  7.9900000e-03  5.0200000e-01  2.1400000e-01  2.7200000e+00  2.6100000e+00  5.4500000e+00  4.8100000e-01  3.2300000e-02  2.9400000e-02  1.7200000e+00  1.9100000e-02  0.0000000e+00  0.0000000e+00
1.7300000e+03  2.6500000e+23  1.1800000e+01  5.5011341e+03  5.6900000e+02  0.0000000e+00  1.5700000e+00  0.0000000e+00  0.0000000e+00  7.9200000e+03  9.3000000e+01  2.6600000e+02  0.0000000e+00  0.0000000e+00  1.3700000e+03  5.8800000e+02  0.0000000e+00  4.9600000e+04  2.7700000e+03  1.8300000e+04  4.5900000e+02  0.0000000e+00  2.0600000e+02  0.0000000e+00  0.0000000e+00  0.0000000e+00  0.0000000e+00  6.5900000e+03  3.2600000e+03  8.2800000e+05  2.3700000e+03  5.0600000e+04  1.5400000e+02  2.9000000e+01  4.9000000e+00  2.4000000e+01  4.8900000e+00  8.6300000e+00  5.1400000e-01  0.0000000e+00  1.0800000e+00  0.0000000e+00  0.0000000e+00  0.0000000e+00  4.2300000e-01  4.9700000e+00  3.9400000e+00  6.8400000e-01  2.7200000e+00  2.3900000e-01  1.6700000e-01  0.0000000e+00  4.9000000e-01  1.3200000e-01  1.0100000e+00  9.2100000e-02  0.0000000e+00  1.0300000e-01  0.0000000e+00  0.0000000e+00  0.0000000e+00  0.0000000e+00  0.0000000e+00  0.0000000e+00  0.0000000e+00  0.0000000e+00  0.0000000e+00  0.0000000e+00  0.0000000e+00  0.0000000e+00  0.0000000e+00  0.0000000e+00  0.0000000e+00  0.0000000e+00  7.9900000e-03  5.0200000e-01  2.1400000e-01  2.7200000e+00  2.6100000e+00  5.4500000e+00  4.8100000e-01  3.2300000e-02  2.9400000e-02  1.7200000e+00  1.9100000e-02  0.0000000e+00  0.0000000e+00
1.8000000e+03  2.9800000e+23  1.1800000e+01  5.4737583e+03  5.6900000e+02  0.0000000e+00  1.5700000e+00  0.0000000e+00  0.0000000e+00  7.9200000e+03  9.3000000e+01  2.6600000e+02  0.0000000e+00  0.0000000e+00  1.3700000e+03  5.8800000e+02  0.0000000e+00  4.9600000e+04  2.7700000e+03  1.8300000e+04  4.5900000e+02  0.0000000e+00  2.0600000e+02  0.0000000e+00  0.0000000e+00  0.0000000e+00  0.0000000e+00  6.5900000e+03  3.2600000e+03  8.2800000e+05  2.3700000e+03  5.0600000e+04  1.5400000e+02  2.9000000e+01  4.9000000e+00  2.4000000e+01  4.8900000e+00  8.6300000e+00  5.1400000e-01  0.0000000e+00  1.0800000e+00  0.0000000e+00  0.0000000e+00  0.0000000e+00  4.2300000e-01  4.9700000e+00  3.9400000e+00  6.8400000e-01  2.7200000e+00  2.3900000e-01  1.6700000e-01  0.0000000e+00  4.9000000e-01  1.3200000e-01  1.0100000e+00  9.2100000e-02  0.0000000e+00  1.0300000e-01  0.0000000e+00  0.0000000e+00  0.0000000e+00  0.0000000e+00  0.0000000e+00  0.0000000e+00  0.0000000e+00  0.0000000e+00  0.0000000e+00  0.0000000e+00  0.0000000e+00  0.0000000e+00  0.0000000e+00  0.0000000e+00  0.0000000e+00  0.0000000e+00  7.9900000e-03  5.0200000e-01  2.1400000e-01  2.7200000e+00  2.6100000e+00  5.4500000e+00  4.8100000e-01  3.2300000e-02  2.9400000e-02  1.7200000e+00  1.9100000e-02  0.0000000e+00  0.0000000e+00
1.8700000e+03  3.3200000e+23  1.1700000e+01  5.4463825e+03  5.6900000e+02  0.0000000e+00  1.5700000e+00  0.0000000e+00  0.0000000e+00  7.9200000e+03  9.3000000e+01  2.6600000e+02  0.0000000e+00  0.0000000e+00  1.3700000e+03  5.8800000e+02  0.0000000e+00  4.9600000e+04  2.7700000e+03  1.8300000e+04  4.5900000e+02  0.0000000e+00  2.0600000e+02  0.0000000e+00  0.0000000e+00  0.0000000e+00  0.0000000e+00  6.5900000e+03  3.2600000e+03  8.2800000e+05  2.3700000e+03  5.0600000e+04  1.5400000e+02  2.9000000e+01  4.9000000e+00  2.4000000e+01  4.8900000e+00  8.6300000e+00  5.1400000e-01  0.0000000e+00  1.0800000e+00  0.0000000e+00  0.0000000e+00  0.0000000e+00  4.2300000e-01  4.9700000e+00  3.9400000e+00  6.8400000e-01  2.7200000e+00  2.3900000e-01  1.6700000e-01  0.0000000e+00  4.9000000e-01  1.3200000e-01  1.0100000e+00  9.2100000e-02  0.0000000e+00  1.0300000e-01  0.0000000e+00  0.0000000e+00  0.0000000e+00  0.0000000e+00  0.0000000e+00  0.0000000e+00  0.0000000e+00  0.0000000e+00  0.0000000e+00  0.0000000e+00  0.0000000e+00  0.0000000e+00  0.0000000e+00  0.0000000e+00  0.0000000e+00  0.0000000e+00  7.9900000e-03  5.0200000e-01  2.1400000e-01  2.7200000e+00  2.6100000e+00  5.4500000e+00  4.8100000e-01  3.2300000e-02  2.9400000e-02  1.7200000e+00  1.9100000e-02  0.0000000e+00  0.0000000e+00
1.9400000e+03  3.7000000e+23  1.1700000e+01  5.4190066e+03  5.6900000e+02  0.0000000e+00  1.5700000e+00  0.0000000e+00  0.0000000e+00  7.9200000e+03  9.3000000e+01  2.6600000e+02  0.0000000e+00  0.0000000e+00  1.3700000e+03  5.8800000e+02  0.0000000e+00  4.9600000e+04  2.7700000e+03  1.8300000e+04  4.5900000e+02  0.0000000e+00  2.0600000e+02  0.0000000e+00  0.0000000e+00  0.0000000e+00  0.0000000e+00  6.5900000e+03  3.2600000e+03  8.2800000e+05  2.3700000e+03  5.0600000e+04  1.5400000e+02  2.9000000e+01  4.9000000e+00  2.4000000e+01  4.8900000e+00  8.6300000e+00  5.1400000e-01  0.0000000e+00  1.0800000e+00  0.0000000e+00  0.0000000e+00  0.0000000e+00  4.2300000e-01  4.9700000e+00  3.9400000e+00  6.8400000e-01  2.7200000e+00  2.3900000e-01  1.6700000e-01  0.0000000e+00  4.9000000e-01  1.3200000e-01  1.0100000e+00  9.2100000e-02  0.0000000e+00  1.0300000e-01  0.0000000e+00  0.0000000e+00  0.0000000e+00  0.0000000e+00  0.0000000e+00  0.0000000e+00  0.0000000e+00  0.0000000e+00  0.0000000e+00  0.0000000e+00  0.0000000e+00  0.0000000e+00  0.0000000e+00  0.0000000e+00  0.0000000e+00  0.0000000e+00  7.9900000e-03  5.0200000e-01  2.1400000e-01  2.7200000e+00  2.6100000e+00  5.4500000e+00  4.8100000e-01  3.2300000e-02  2.9400000e-02  1.7200000e+00  1.9100000e-02  0.0000000e+00  0.0000000e+00
2.0100000e+03  4.1000000e+23  1.1600000e+01  5.3916308e+03  5.6900000e+02  0.0000000e+00  1.5700000e+00  0.0000000e+00  0.0000000e+00  7.9200000e+03  9.3000000e+01  2.6600000e+02  0.0000000e+00  0.0000000e+00  1.3700000e+03  5.8800000e+02  0.0000000e+00  4.9600000e+04  2.7700000e+03  1.8300000e+04  4.5900000e+02  0.0000000e+00  2.0600000e+02  0.0000000e+00  0.0000000e+00  0.0000000e+00  0.0000000e+00  6.5900000e+03  3.2600000e+03  8.2800000e+05  2.3700000e+03  5.0600000e+04  1.5400000e+02  2.9000000e+01  4.9000000e+00  2.4000000e+01  4.8900000e+00  8.6300000e+00  5.1400000e-01  0.0000000e+00  1.0800000e+00  0.0000000e+00  0.0000000e+00  0.0000000e+00  4.2300000e-01  4.9700000e+00  3.9400000e+00  6.8400000e-01  2.7200000e+00  2.3900000e-01  1.6700000e-01  0.0000000e+00  4.9000000e-01  1.3200000e-01  1.0100000e+00  9.2100000e-02  0.0000000e+00  1.0300000e-01  0.0000000e+00  0.0000000e+00  0.0000000e+00  0.0000000e+00  0.0000000e+00  0.0000000e+00  0.0000000e+00  0.0000000e+00  0.0000000e+00  0.0000000e+00  0.0000000e+00  0.0000000e+00  0.0000000e+00  0.0000000e+00  0.0000000e+00  0.0000000e+00  7.9900000e-03  5.0200000e-01  2.1400000e-01  2.7200000e+00  2.6100000e+00  5.4500000e+00  4.8100000e-01  3.2300000e-02  2.9400000e-02  1.7200000e+00  1.9100000e-02  0.0000000e+00  0.0000000e+00
2.0800000e+03  4.5200000e+23  1.1500000e+01  5.3642550e+03  5.6900000e+02  0.0000000e+00  1.5700000e+00  0.0000000e+00  0.0000000e+00  7.9200000e+03  9.3000000e+01  2.6600000e+02  0.0000000e+00  0.0000000e+00  1.3700000e+03  5.8800000e+02  0.0000000e+00  4.9600000e+04  2.7700000e+03  1.8300000e+04  4.5900000e+02  0.0000000e+00  2.0600000e+02  0.0000000e+00  0.0000000e+00  0.0000000e+00  0.0000000e+00  6.5900000e+03  3.2600000e+03  8.2800000e+05  2.3700000e+03  5.0600000e+04  1.5400000e+02  2.9000000e+01  4.9000000e+00  2.4000000e+01  4.8900000e+00  8.6300000e+00  5.1400000e-01  0.0000000e+00  1.0800000e+00  0.0000000e+00  0.0000000e+00  0.0000000e+00  4.2300000e-01  4.9700000e+00  3.9400000e+00  6.8400000e-01  2.7200000e+00  2.3900000e-01  1.6700000e-01  0.0000000e+00  4.9000000e-01  1.3200000e-01  1.0100000e+00  9.2100000e-02  0.0000000e+00  1.0300000e-01  0.0000000e+00  0.0000000e+00  0.0000000e+00  0.0000000e+00  0.0000000e+00  0.0000000e+00  0.0000000e+00  0.0000000e+00  0.0000000e+00  0.0000000e+00  0.0000000e+00  0.0000000e+00  0.0000000e+00  0.0000000e+00  0.0000000e+00  0.0000000e+00  7.9900000e-03  5.0200000e-01  2.1400000e-01  2.7200000e+00  2.6100000e+00  5.4500000e+00  4.8100000e-01  3.2300000e-02  2.9400000e-02  1.7200000e+00  1.9100000e-02  0.0000000e+00  0.0000000e+00
2.1500000e+03  4.9700000e+23  1.1500000e+01  5.3368792e+03  5.6900000e+02  0.0000000e+00  1.5700000e+00  0.0000000e+00  0.0000000e+00  7.9200000e+03  9.3000000e+01  2.6600000e+02  0.0000000e+00  0.0000000e+00  1.3700000e+03  5.8800000e+02  0.0000000e+00  4.9600000e+04  2.7700000e+03  1.8300000e+04  4.5900000e+02  0.0000000e+00  2.0600000e+02  0.0000000e+00  0.0000000e+00  0.0000000e+00  0.0000000e+00  6.5900000e+03  3.2600000e+03  8.2800000e+05  2.3700000e+03  5.0600000e+04  1.5400000e+02  2.9000000e+01  4.9000000e+00  2.4000000e+01  4.8900000e+00  8.6300000e+00  5.1400000e-01  0.0000000e+00  1.0800000e+00  0.0000000e+00  0.0000000e+00  0.0000000e+00  4.2300000e-01  4.9700000e+00  3.9400000e+00  6.8400000e-01  2.7200000e+00  2.3900000e-01  1.6700000e-01  0.0000000e+00  4.9000000e-01  1.3200000e-01  1.0100000e+00  9.2100000e-02  0.0000000e+00  1.0300000e-01  0.0000000e+00  0.0000000e+00  0.0000000e+00  0.0000000e+00  0.0000000e+00  0.0000000e+00  0.0000000e+00  0.0000000e+00  0.0000000e+00  0.0000000e+00  0.0000000e+00  0.0000000e+00  0.0000000e+00  0.0000000e+00  0.0000000e+00  0.0000000e+00  7.9900000e-03  5.0200000e-01  2.1400000e-01  2.7200000e+00  2.6100000e+00  5.4500000e+00  4.8100000e-01  3.2300000e-02  2.9400000e-02  1.7200000e+00  1.9100000e-02  0.0000000e+00  0.0000000e+00
2.2200000e+03  5.4500000e+23  1.1400000e+01  5.3095033e+03  5.6900000e+02  0.0000000e+00  1.5700000e+00  0.0000000e+00  0.0000000e+00  7.9200000e+03  9.3000000e+01  2.6600000e+02  0.0000000e+00  0.0000000e+00  1.3700000e+03  5.8800000e+02  0.0000000e+00  4.9600000e+04  2.7700000e+03  1.8300000e+04  4.5900000e+02  0.0000000e+00  2.0600000e+02  0.0000000e+00  0.0000000e+00  0.0000000e+00  0.0000000e+00  6.5900000e+03  3.2600000e+03  8.2800000e+05  2.3700000e+03  5.0600000e+04  1.5400000e+02  2.9000000e+01  4.9000000e+00  2.4000000e+01  4.8900000e+00  8.6300000e+00  5.1400000e-01  0.0000000e+00  1.0800000e+00  0.0000000e+00  0.0000000e+00  0.0000000e+00  4.2300000e-01  4.9700000e+00  3.9400000e+00  6.8400000e-01  2.7200000e+00  2.3900000e-01  1.6700000e-01  0.0000000e+00  4.9000000e-01  1.3200000e-01  1.0100000e+00  9.2100000e-02  0.0000000e+00  1.0300000e-01  0.0000000e+00  0.0000000e+00  0.0000000e+00  0.0000000e+00  0.0000000e+00  0.0000000e+00  0.0000000e+00  0.0000000e+00  0.0000000e+00  0.0000000e+00  0.0000000e+00  0.0000000e+00  0.0000000e+00  0.0000000e+00  0.0000000e+00  0.0000000e+00  7.9900000e-03  5.0200000e-01  2.1400000e-01  2.7200000e+00  2.6100000e+00  5.4500000e+00  4.8100000e-01  3.2300000e-02  2.9400000e-02  1.7200000e+00  1.9100000e-02  0.0000000e+00  0.0000000e+00
2.2900000e+03  5.9600000e+23  1.1400000e+01  5.2821275e+03  5.6900000e+02  0.0000000e+00  1.5700000e+00  0.0000000e+00  0.0000000e+00  7.9200000e+03  9.3000000e+01  2.6600000e+02  0.0000000e+00  0.0000000e+00  1.3700000e+03  5.8800000e+02  0.0000000e+00  4.9600000e+04  2.7700000e+03  1.8300000e+04  4.5900000e+02  0.0000000e+00  2.0600000e+02  0.0000000e+00  0.0000000e+00  0.0000000e+00  0.0000000e+00  6.5900000e+03  3.2600000e+03  8.2800000e+05  2.3700000e+03  5.0600000e+04  1.5400000e+02  2.9000000e+01  4.9000000e+00  2.4000000e+01  4.8900000e+00  8.6300000e+00  5.1400000e-01  0.0000000e+00  1.0800000e+00  0.0000000e+00  0.0000000e+00  0.0000000e+00  4.2300000e-01  4.9700000e+00  3.9400000e+00  6.8400000e-01  2.7200000e+00  2.3900000e-01  1.6700000e-01  0.0000000e+00  4.9000000e-01  1.3200000e-01  1.0100000e+00  9.2100000e-02  0.0000000e+00  1.0300000e-01  0.0000000e+00  0.0000000e+00  0.0000000e+00  0.0000000e+00  0.0000000e+00  0.0000000e+00  0.0000000e+00  0.0000000e+00  0.0000000e+00  0.0000000e+00  0.0000000e+00  0.0000000e+00  0.0000000e+00  0.0000000e+00  0.0000000e+00  0.0000000e+00  7.9900000e-03  5.0200000e-01  2.1400000e-01  2.7200000e+00  2.6100000e+00  5.4500000e+00  4.8100000e-01  3.2300000e-02  2.9400000e-02  1.7200000e+00  1.9100000e-02  0.0000000e+00  0.0000000e+00
2.3600000e+03  6.5000000e+23  1.1300000e+01  5.2547517e+03  5.6900000e+02  0.0000000e+00  1.5700000e+00  0.0000000e+00  0.0000000e+00  7.9200000e+03  9.3000000e+01  2.6600000e+02  0.0000000e+00  0.0000000e+00  1.3700000e+03  5.8800000e+02  0.0000000e+00  4.9600000e+04  2.7700000e+03  1.8300000e+04  4.5900000e+02  0.0000000e+00  2.0600000e+02  0.0000000e+00  0.0000000e+00  0.0000000e+00  0.0000000e+00  6.5900000e+03  3.2600000e+03  8.2800000e+05  2.3700000e+03  5.0600000e+04  1.5400000e+02  2.9000000e+01  4.9000000e+00  2.4000000e+01  4.8900000e+00  8.6300000e+00  5.1400000e-01  0.0000000e+00  1.0800000e+00  0.0000000e+00  0.0000000e+00  0.0000000e+00  4.2300000e-01  4.9700000e+00  3.9400000e+00  6.8400000e-01  2.7200000e+00  2.3900000e-01  1.6700000e-01  0.0000000e+00  4.9000000e-01  1.3200000e-01  1.0100000e+00  9.2100000e-02  0.0000000e+00  1.0300000e-01  0.0000000e+00  0.0000000e+00  0.0000000e+00  0.0000000e+00  0.0000000e+00  0.0000000e+00  0.0000000e+00  0.0000000e+00  0.0000000e+00  0.0000000e+00  0.0000000e+00  0.0000000e+00  0.0000000e+00  0.0000000e+00  0.0000000e+00  0.0000000e+00  7.9900000e-03  5.0200000e-01  2.1400000e-01  2.7200000e+00  2.6100000e+00  5.4500000e+00  4.8100000e-01  3.2300000e-02  2.9400000e-02  1.7200000e+00  1.9100000e-02  0.0000000e+00  0.0000000e+00
2.4300000e+03  7.0700000e+23  1.1200000e+01  5.2273758e+03  5.6900000e+02  0.0000000e+00  1.5700000e+00  0.0000000e+00  0.0000000e+00  7.9200000e+03  9.3000000e+01  2.6600000e+02  0.0000000e+00  0.0000000e+00  1.3700000e+03  5.8800000e+02  0.0000000e+00  4.9600000e+04  2.7700000e+03  1.8300000e+04  4.5900000e+02  0.0000000e+00  2.0600000e+02  0.0000000e+00  0.0000000e+00  0.0000000e+00  0.0000000e+00  6.5900000e+03  3.2600000e+03  8.2800000e+05  2.3700000e+03  5.0600000e+04  1.5400000e+02  2.9000000e+01  4.9000000e+00  2.4000000e+01  4.8900000e+00  8.6300000e+00  5.1400000e-01  0.0000000e+00  1.0800000e+00  0.0000000e+00  0.0000000e+00  0.0000000e+00  4.2300000e-01  4.9700000e+00  3.9400000e+00  6.8400000e-01  2.7200000e+00  2.3900000e-01  1.6700000e-01  0.0000000e+00  4.9000000e-01  1.3200000e-01  1.0100000e+00  9.2100000e-02  0.0000000e+00  1.0300000e-01  0.0000000e+00  0.0000000e+00  0.0000000e+00  0.0000000e+00  0.0000000e+00  0.0000000e+00  0.0000000e+00  0.0000000e+00  0.0000000e+00  0.0000000e+00  0.0000000e+00  0.0000000e+00  0.0000000e+00  0.0000000e+00  0.0000000e+00  0.0000000e+00  7.9900000e-03  5.0200000e-01  2.1400000e-01  2.7200000e+00  2.6100000e+00  5.4500000e+00  4.8100000e-01  3.2300000e-02  2.9400000e-02  1.7200000e+00  1.9100000e-02  0.0000000e+00  0.0000000e+00
2.5000000e+03  7.6700000e+23  1.1100000e+01  5.2000000e+03  5.6900000e+02  0.0000000e+00  1.5700000e+00  0.0000000e+00  0.0000000e+00  7.9200000e+03  9.3000000e+01  2.6600000e+02  0.0000000e+00  0.0000000e+00  1.3700000e+03  5.8800000e+02  0.0000000e+00  4.9600000e+04  2.7700000e+03  1.8300000e+04  4.5900000e+02  0.0000000e+00  2.0600000e+02  0.0000000e+00  0.0000000e+00  0.0000000e+00  0.0000000e+00  6.5900000e+03  3.2600000e+03  8.2800000e+05  2.3700000e+03  5.0600000e+04  1.5400000e+02  2.9000000e+01  4.9000000e+00  2.4000000e+01  4.8900000e+00  8.6300000e+00  5.1400000e-01  0.0000000e+00  1.0800000e+00  0.0000000e+00  0.0000000e+00  0.0000000e+00  4.2300000e-01  4.9700000e+00  3.9400000e+00  6.8400000e-01  2.7200000e+00  2.3900000e-01  1.6700000e-01  0.0000000e+00  4.9000000e-01  1.3200000e-01  1.0100000e+00  9.2100000e-02  0.0000000e+00  1.0300000e-01  0.0000000e+00  0.0000000e+00  0.0000000e+00  0.0000000e+00  0.0000000e+00  0.0000000e+00  0.0000000e+00  0.0000000e+00  0.0000000e+00  0.0000000e+00  0.0000000e+00  0.0000000e+00  0.0000000e+00  0.0000000e+00  0.0000000e+00  0.0000000e+00  7.9900000e-03  5.0200000e-01  2.1400000e-01  2.7200000e+00  2.6100000e+00  5.4500000e+00  4.8100000e-01  3.2300000e-02  2.9400000e-02  1.7200000e+00  1.9100000e-02  0.0000000e+00  0.0000000e+00
2.5700000e+03  8.2900000e+23  1.1100000e+01  5.1357143e+03  5.6900000e+02  0.0000000e+00  1.5700000e+00  0.0000000e+00  0.0000000e+00  7.9200000e+03  9.3000000e+01  2.6600000e+02  0.0000000e+00  0.0000000e+00  1.3700000e+03  5.8800000e+02  0.0000000e+00  4.9600000e+04  2.7700000e+03  1.8300000e+04  4.5900000e+02  0.0000000e+00  2.0600000e+02  0.0000000e+00  0.0000000e+00  0.0000000e+00  0.0000000e+00  6.5900000e+03  3.2600000e+03  8.2800000e+05  2.3700000e+03  5.0600000e+04  1.5400000e+02  2.9000000e+01  4.9000000e+00  2.4000000e+01  4.8900000e+00  8.6300000e+00  5.1400000e-01  0.0000000e+00  1.0800000e+00  0.0000000e+00  0.0000000e+00  0.0000000e+00  4.2300000e-01  4.9700000e+00  3.9400000e+00  6.8400000e-01  2.7200000e+00  2.3900000e-01  1.6700000e-01  0.0000000e+00  4.9000000e-01  1.3200000e-01  1.0100000e+00  9.2100000e-02  0.0000000e+00  1.0300000e-01  0.0000000e+00  0.0000000e+00  0.0000000e+00  0.0000000e+00  0.0000000e+00  0.0000000e+00  0.0000000e+00  0.0000000e+00  0.0000000e+00  0.0000000e+00  0.0000000e+00  0.0000000e+00  0.0000000e+00  0.0000000e+00  0.0000000e+00  0.0000000e+00  7.9900000e-03  5.0200000e-01  2.1400000e-01  2.7200000e+00  2.6100000e+00  5.4500000e+00  4.8100000e-01  3.2300000e-02  2.9400000e-02  1.7200000e+00  1.9100000e-02  0.0000000e+00  0.0000000e+00
2.6400000e+03  8.9500000e+23  1.1000000e+01  5.0714286e+03  5.6900000e+02  0.0000000e+00  1.5700000e+00  0.0000000e+00  0.0000000e+00  7.9200000e+03  9.3000000e+01  2.6600000e+02  0.0000000e+00  0.0000000e+00  1.3700000e+03  5.8800000e+02  0.0000000e+00  4.9600000e+04  2.7700000e+03  1.8300000e+04  4.5900000e+02  0.0000000e+00  2.0600000e+02  0.0000000e+00  0.0000000e+00  0.0000000e+00  0.0000000e+00  6.5900000e+03  3.2600000e+03  8.2800000e+05  2.3700000e+03  5.0600000e+04  1.5400000e+02  2.9000000e+01  4.9000000e+00  2.4000000e+01  4.8900000e+00  8.6300000e+00  5.1400000e-01  0.0000000e+00  1.0800000e+00  0.0000000e+00  0.0000000e+00  0.0000000e+00  4.2300000e-01  4.9700000e+00  3.9400000e+00  6.8400000e-01  2.7200000e+00  2.3900000e-01  1.6700000e-01  0.0000000e+00  4.9000000e-01  1.3200000e-01  1.0100000e+00  9.2100000e-02  0.0000000e+00  1.0300000e-01  0.0000000e+00  0.0000000e+00  0.0000000e+00  0.0000000e+00  0.0000000e+00  0.0000000e+00  0.0000000e+00  0.0000000e+00  0.0000000e+00  0.0000000e+00  0.0000000e+00  0.0000000e+00  0.0000000e+00  0.0000000e+00  0.0000000e+00  0.0000000e+00  7.9900000e-03  5.0200000e-01  2.1400000e-01  2.7200000e+00  2.6100000e+00  5.4500000e+00  4.8100000e-01  3.2300000e-02  2.9400000e-02  1.7200000e+00  1.9100000e-02  0.0000000e+00  0.0000000e+00
2.7100000e+03  9.6400000e+23  1.0900000e+01  5.0071429e+03  5.6900000e+02  0.0000000e+00  1.5700000e+00  0.0000000e+00  0.0000000e+00  7.9200000e+03  9.3000000e+01  2.6600000e+02  0.0000000e+00  0.0000000e+00  1.3700000e+03  5.8800000e+02  0.0000000e+00  4.9600000e+04  2.7700000e+03  1.8300000e+04  4.5900000e+02  0.0000000e+00  2.0600000e+02  0.0000000e+00  0.0000000e+00  0.0000000e+00  0.0000000e+00  6.5900000e+03  3.2600000e+03  8.2800000e+05  2.3700000e+03  5.0600000e+04  1.5400000e+02  2.9000000e+01  4.9000000e+00  2.4000000e+01  4.8900000e+00  8.6300000e+00  5.1400000e-01  0.0000000e+00  1.0800000e+00  0.0000000e+00  0.0000000e+00  0.0000000e+00  4.2300000e-01  4.9700000e+00  3.9400000e+00  6.8400000e-01  2.7200000e+00  2.3900000e-01  1.6700000e-01  0.0000000e+00  4.9000000e-01  1.3200000e-01  1.0100000e+00  9.2100000e-02  0.0000000e+00  1.0300000e-01  0.0000000e+00  0.0000000e+00  0.0000000e+00  0.0000000e+00  0.0000000e+00  0.0000000e+00  0.0000000e+00  0.0000000e+00  0.0000000e+00  0.0000000e+00  0.0000000e+00  0.0000000e+00  0.0000000e+00  0.0000000e+00  0.0000000e+00  0.0000000e+00  7.9900000e-03  5.0200000e-01  2.1400000e-01  2.7200000e+00  2.6100000e+00  5.4500000e+00  4.8100000e-01  3.2300000e-02  2.9400000e-02  1.7200000e+00  1.9100000e-02  0.0000000e+00  0.0000000e+00
2.7800000e+03  1.0400000e+24  1.0800000e+01  4.9428571e+03  5.6900000e+02  0.0000000e+00  1.5700000e+00  0.0000000e+00  0.0000000e+00  7.9200000e+03  9.3000000e+01  2.6600000e+02  0.0000000e+00  0.0000000e+00  1.3700000e+03  5.8800000e+02  0.0000000e+00  4.9600000e+04  2.7700000e+03  1.8300000e+04  4.5900000e+02  0.0000000e+00  2.0600000e+02  0.0000000e+00  0.0000000e+00  0.0000000e+00  0.0000000e+00  6.5900000e+03  3.2600000e+03  8.2800000e+05  2.3700000e+03  5.0600000e+04  1.5400000e+02  2.9000000e+01  4.9000000e+00  2.4000000e+01  4.8900000e+00  8.6300000e+00  5.1400000e-01  0.0000000e+00  1.0800000e+00  0.0000000e+00  0.0000000e+00  0.0000000e+00  4.2300000e-01  4.9700000e+00  3.9400000e+00  6.8400000e-01  2.7200000e+00  2.3900000e-01  1.6700000e-01  0.0000000e+00  4.9000000e-01  1.3200000e-01  1.0100000e+00  9.2100000e-02  0.0000000e+00  1.0300000e-01  0.0000000e+00  0.0000000e+00  0.0000000e+00  0.0000000e+00  0.0000000e+00  0.0000000e+00  0.0000000e+00  0.0000000e+00  0.0000000e+00  0.0000000e+00  0.0000000e+00  0.0000000e+00  0.0000000e+00  0.0000000e+00  0.0000000e+00  0.0000000e+00  7.9900000e-03  5.0200000e-01  2.1400000e-01  2.7200000e+00  2.6100000e+00  5.4500000e+00  4.8100000e-01  3.2300000e-02  2.9400000e-02  1.7200000e+00  1.9100000e-02  0.0000000e+00  0.0000000e+00
2.8500000e+03  1.1100000e+24  1.0800000e+01  4.8785714e+03  5.6900000e+02  0.0000000e+00  1.5700000e+00  0.0000000e+00  0.0000000e+00  7.9200000e+03  9.3000000e+01  2.6600000e+02  0.0000000e+00  0.0000000e+00  1.3700000e+03  5.8800000e+02  0.0000000e+00  4.9600000e+04  2.7700000e+03  1.8300000e+04  4.5900000e+02  0.0000000e+00  2.0600000e+02  0.0000000e+00  0.0000000e+00  0.0000000e+00  0.0000000e+00  6.5900000e+03  3.2600000e+03  8.2800000e+05  2.3700000e+03  5.0600000e+04  1.5400000e+02  2.9000000e+01  4.9000000e+00  2.4000000e+01  4.8900000e+00  8.6300000e+00  5.1400000e-01  0.0000000e+00  1.0800000e+00  0.0000000e+00  0.0000000e+00  0.0000000e+00  4.2300000e-01  4.9700000e+00  3.9400000e+00  6.8400000e-01  2.7200000e+00  2.3900000e-01  1.6700000e-01  0.0000000e+00  4.9000000e-01  1.3200000e-01  1.0100000e+00  9.2100000e-02  0.0000000e+00  1.0300000e-01  0.0000000e+00  0.0000000e+00  0.0000000e+00  0.0000000e+00  0.0000000e+00  0.0000000e+00  0.0000000e+00  0.0000000e+00  0.0000000e+00  0.0000000e+00  0.0000000e+00  0.0000000e+00  0.0000000e+00  0.0000000e+00  0.0000000e+00  0.0000000e+00  7.9900000e-03  5.0200000e-01  2.1400000e-01  2.7200000e+00  2.6100000e+00  5.4500000e+00  4.8100000e-01  3.2300000e-02  2.9400000e-02  1.7200000e+00  1.9100000e-02  0.0000000e+00  0.0000000e+00
2.9200000e+03  1.1900000e+24  1.0700000e+01  4.8142857e+03  5.6900000e+02  0.0000000e+00  1.5700000e+00  0.0000000e+00  0.0000000e+00  7.9200000e+03  9.3000000e+01  2.6600000e+02  0.0000000e+00  0.0000000e+00  1.3700000e+03  5.8800000e+02  0.0000000e+00  4.9600000e+04  2.7700000e+03  1.8300000e+04  4.5900000e+02  0.0000000e+00  2.0600000e+02  0.0000000e+00  0.0000000e+00  0.0000000e+00  0.0000000e+00  6.5900000e+03  3.2600000e+03  8.2800000e+05  2.3700000e+03  5.0600000e+04  1.5400000e+02  2.9000000e+01  4.9000000e+00  2.4000000e+01  4.8900000e+00  8.6300000e+00  5.1400000e-01  0.0000000e+00  1.0800000e+00  0.0000000e+00  0.0000000e+00  0.0000000e+00  4.2300000e-01  4.9700000e+00  3.9400000e+00  6.8400000e-01  2.7200000e+00  2.3900000e-01  1.6700000e-01  0.0000000e+00  4.9000000e-01  1.3200000e-01  1.0100000e+00  9.2100000e-02  0.0000000e+00  1.0300000e-01  0.0000000e+00  0.0000000e+00  0.0000000e+00  0.0000000e+00  0.0000000e+00  0.0000000e+00  0.0000000e+00  0.0000000e+00  0.0000000e+00  0.0000000e+00  0.0000000e+00  0.0000000e+00  0.0000000e+00  0.0000000e+00  0.0000000e+00  0.0000000e+00  7.9900000e-03  5.0200000e-01  2.1400000e-01  2.7200000e+00  2.6100000e+00  5.4500000e+00  4.8100000e-01  3.2300000e-02  2.9400000e-02  1.7200000e+00  1.9100000e-02  0.0000000e+00  0.0000000e+00
2.9900000e+03  1.2700000e+24  1.0600000e+01  4.7500000e+03  5.6900000e+02  0.0000000e+00  1.5700000e+00  0.0000000e+00  0.0000000e+00  7.9200000e+03  9.3000000e+01  2.6600000e+02  0.0000000e+00  0.0000000e+00  1.3700000e+03  5.8800000e+02  0.0000000e+00  4.9600000e+04  2.7700000e+03  1.8300000e+04  4.5900000e+02  0.0000000e+00  2.0600000e+02  0.0000000e+00  0.0000000e+00  0.0000000e+00  0.0000000e+00  6.5900000e+03  3.2600000e+03  8.2800000e+05  2.3700000e+03  5.0600000e+04  1.5400000e+02  2.9000000e+01  4.9000000e+00  2.4000000e+01  4.8900000e+00  8.6300000e+00  5.1400000e-01  0.0000000e+00  1.0800000e+00  0.0000000e+00  0.0000000e+00  0.0000000e+00  4.2300000e-01  4.9700000e+00  3.9400000e+00  6.8400000e-01  2.7200000e+00  2.3900000e-01  1.6700000e-01  0.0000000e+00  4.9000000e-01  1.3200000e-01  1.0100000e+00  9.2100000e-02  0.0000000e+00  1.0300000e-01  0.0000000e+00  0.0000000e+00  0.0000000e+00  0.0000000e+00  0.0000000e+00  0.0000000e+00  0.0000000e+00  0.0000000e+00  0.0000000e+00  0.0000000e+00  0.0000000e+00  0.0000000e+00  0.0000000e+00  0.0000000e+00  0.0000000e+00  0.0000000e+00  7.9900000e-03  5.0200000e-01  2.1400000e-01  2.7200000e+00  2.6100000e+00  5.4500000e+00  4.8100000e-01  3.2300000e-02  2.9400000e-02  1.7200000e+00  1.9100000e-02  0.0000000e+00  0.0000000e+00
3.0600000e+03  1.3600000e+24  1.0500000e+01  4.6857143e+03  5.6900000e+02  0.0000000e+00  1.5700000e+00  0.0000000e+00  0.0000000e+00  7.9200000e+03  9.3000000e+01  2.6600000e+02  0.0000000e+00  0.0000000e+00  1.3700000e+03  5.8800000e+02  0.0000000e+00  4.9600000e+04  2.7700000e+03  1.8300000e+04  4.5900000e+02  0.0000000e+00  2.0600000e+02  0.0000000e+00  0.0000000e+00  0.0000000e+00  0.0000000e+00  6.5900000e+03  3.2600000e+03  8.2800000e+05  2.3700000e+03  5.0600000e+04  1.5400000e+02  2.9000000e+01  4.9000000e+00  2.4000000e+01  4.8900000e+00  8.6300000e+00  5.1400000e-01  0.0000000e+00  1.0800000e+00  0.0000000e+00  0.0000000e+00  0.0000000e+00  4.2300000e-01  4.9700000e+00  3.9400000e+00  6.8400000e-01  2.7200000e+00  2.3900000e-01  1.6700000e-01  0.0000000e+00  4.9000000e-01  1.3200000e-01  1.0100000e+00  9.2100000e-02  0.0000000e+00  1.0300000e-01  0.0000000e+00  0.0000000e+00  0.0000000e+00  0.0000000e+00  0.0000000e+00  0.0000000e+00  0.0000000e+00  0.0000000e+00  0.0000000e+00  0.0000000e+00  0.0000000e+00  0.0000000e+00  0.0000000e+00  0.0000000e+00  0.0000000e+00  0.0000000e+00  7.9900000e-03  5.0200000e-01  2.1400000e-01  2.7200000e+00  2.6100000e+00  5.4500000e+00  4.8100000e-01  3.2300000e-02  2.9400000e-02  1.7200000e+00  1.9100000e-02  0.0000000e+00  0.0000000e+00
3.1300000e+03  1.4400000e+24  1.0400000e+01  4.6214286e+03  5.6900000e+02  0.0000000e+00  1.5700000e+00  0.0000000e+00  0.0000000e+00  7.9200000e+03  9.3000000e+01  2.6600000e+02  0.0000000e+00  0.0000000e+00  1.3700000e+03  5.8800000e+02  0.0000000e+00  4.9600000e+04  2.7700000e+03  1.8300000e+04  4.5900000e+02  0.0000000e+00  2.0600000e+02  0.0000000e+00  0.0000000e+00  0.0000000e+00  0.0000000e+00  6.5900000e+03  3.2600000e+03  8.2800000e+05  2.3700000e+03  5.0600000e+04  1.5400000e+02  2.9000000e+01  4.9000000e+00  2.4000000e+01  4.8900000e+00  8.6300000e+00  5.1400000e-01  0.0000000e+00  1.0800000e+00  0.0000000e+00  0.0000000e+00  0.0000000e+00  4.2300000e-01  4.9700000e+00  3.9400000e+00  6.8400000e-01  2.7200000e+00  2.3900000e-01  1.6700000e-01  0.0000000e+00  4.9000000e-01  1.3200000e-01  1.0100000e+00  9.2100000e-02  0.0000000e+00  1.0300000e-01  0.0000000e+00  0.0000000e+00  0.0000000e+00  0.0000000e+00  0.0000000e+00  0.0000000e+00  0.0000000e+00  0.0000000e+00  0.0000000e+00  0.0000000e+00  0.0000000e+00  0.0000000e+00  0.0000000e+00  0.0000000e+00  0.0000000e+00  0.0000000e+00  7.9900000e-03  5.0200000e-01  2.1400000e-01  2.7200000e+00  2.6100000e+00  5.4500000e+00  4.8100000e-01  3.2300000e-02  2.9400000e-02  1.7200000e+00  1.9100000e-02  0.0000000e+00  0.0000000e+00
3.2000000e+03  1.5300000e+24  1.0300000e+01  4.5571429e+03  5.6900000e+02  0.0000000e+00  1.5700000e+00  0.0000000e+00  0.0000000e+00  7.9200000e+03  9.3000000e+01  2.6600000e+02  0.0000000e+00  0.0000000e+00  1.3700000e+03  5.8800000e+02  0.0000000e+00  4.9600000e+04  2.7700000e+03  1.8300000e+04  4.5900000e+02  0.0000000e+00  2.0600000e+02  0.0000000e+00  0.0000000e+00  0.0000000e+00  0.0000000e+00  6.5900000e+03  3.2600000e+03  8.2800000e+05  2.3700000e+03  5.0600000e+04  1.5400000e+02  2.9000000e+01  4.9000000e+00  2.4000000e+01  4.8900000e+00  8.6300000e+00  5.1400000e-01  0.0000000e+00  1.0800000e+00  0.0000000e+00  0.0000000e+00  0.0000000e+00  4.2300000e-01  4.9700000e+00  3.9400000e+00  6.8400000e-01  2.7200000e+00  2.3900000e-01  1.6700000e-01  0.0000000e+00  4.9000000e-01  1.3200000e-01  1.0100000e+00  9.2100000e-02  0.0000000e+00  1.0300000e-01  0.0000000e+00  0.0000000e+00  0.0000000e+00  0.0000000e+00  0.0000000e+00  0.0000000e+00  0.0000000e+00  0.0000000e+00  0.0000000e+00  0.0000000e+00  0.0000000e+00  0.0000000e+00  0.0000000e+00  0.0000000e+00  0.0000000e+00  0.0000000e+00  7.9900000e-03  5.0200000e-01  2.1400000e-01  2.7200000e+00  2.6100000e+00  5.4500000e+00  4.8100000e-01  3.2300000e-02  2.9400000e-02  1.7200000e+00  1.9100000e-02  0.0000000e+00  0.0000000e+00
3.2700000e+03  1.6300000e+24  1.0200000e+01  4.4928571e+03  5.6900000e+02  0.0000000e+00  1.5700000e+00  0.0000000e+00  0.0000000e+00  7.9200000e+03  9.3000000e+01  2.6600000e+02  0.0000000e+00  0.0000000e+00  1.3700000e+03  5.8800000e+02  0.0000000e+00  4.9600000e+04  2.7700000e+03  1.8300000e+04  4.5900000e+02  0.0000000e+00  2.0600000e+02  0.0000000e+00  0.0000000e+00  0.0000000e+00  0.0000000e+00  6.5900000e+03  3.2600000e+03  8.2800000e+05  2.3700000e+03  5.0600000e+04  1.5400000e+02  2.9000000e+01  4.9000000e+00  2.4000000e+01  4.8900000e+00  8.6300000e+00  5.1400000e-01  0.0000000e+00  1.0800000e+00  0.0000000e+00  0.0000000e+00  0.0000000e+00  4.2300000e-01  4.9700000e+00  3.9400000e+00  6.8400000e-01  2.7200000e+00  2.3900000e-01  1.6700000e-01  0.0000000e+00  4.9000000e-01  1.3200000e-01  1.0100000e+00  9.2100000e-02  0.0000000e+00  1.0300000e-01  0.0000000e+00  0.0000000e+00  0.0000000e+00  0.0000000e+00  0.0000000e+00  0.0000000e+00  0.0000000e+00  0.0000000e+00  0.0000000e+00  0.0000000e+00  0.0000000e+00  0.0000000e+00  0.0000000e+00  0.0000000e+00  0.0000000e+00  0.0000000e+00  7.9900000e-03  5.0200000e-01  2.1400000e-01  2.7200000e+00  2.6100000e+00  5.4500000e+00  4.8100000e-01  3.2300000e-02  2.9400000e-02  1.7200000e+00  1.9100000e-02  0.0000000e+00  0.0000000e+00
3.3400000e+03  1.7300000e+24  1.0100000e+01  4.4285714e+03  5.6900000e+02  0.0000000e+00  1.5700000e+00  0.0000000e+00  0.0000000e+00  7.9200000e+03  9.3000000e+01  2.6600000e+02  0.0000000e+00  0.0000000e+00  1.3700000e+03  5.8800000e+02  0.0000000e+00  4.9600000e+04  2.7700000e+03  1.8300000e+04  4.5900000e+02  0.0000000e+00  2.0600000e+02  0.0000000e+00  0.0000000e+00  0.0000000e+00  0.0000000e+00  6.5900000e+03  3.2600000e+03  8.2800000e+05  2.3700000e+03  5.0600000e+04  1.5400000e+02  2.9000000e+01  4.9000000e+00  2.4000000e+01  4.8900000e+00  8.6300000e+00  5.1400000e-01  0.0000000e+00  1.0800000e+00  0.0000000e+00  0.0000000e+00  0.0000000e+00  4.2300000e-01  4.9700000e+00  3.9400000e+00  6.8400000e-01  2.7200000e+00  2.3900000e-01  1.6700000e-01  0.0000000e+00  4.9000000e-01  1.3200000e-01  1.0100000e+00  9.2100000e-02  0.0000000e+00  1.0300000e-01  0.0000000e+00  0.0000000e+00  0.0000000e+00  0.0000000e+00  0.0000000e+00  0.0000000e+00  0.0000000e+00  0.0000000e+00  0.0000000e+00  0.0000000e+00  0.0000000e+00  0.0000000e+00  0.0000000e+00  0.0000000e+00  0.0000000e+00  0.0000000e+00  7.9900000e-03  5.0200000e-01  2.1400000e-01  2.7200000e+00  2.6100000e+00  5.4500000e+00  4.8100000e-01  3.2300000e-02  2.9400000e-02  1.7200000e+00  1.9100000e-02  0.0000000e+00  0.0000000e+00
3.4100000e+03  1.8300000e+24  9.9800000e+00  4.3642857e+03  5.6900000e+02  0.0000000e+00  1.5700000e+00  0.0000000e+00  0.0000000e+00  7.9200000e+03  9.3000000e+01  2.6600000e+02  0.0000000e+00  0.0000000e+00  1.3700000e+03  5.8800000e+02  0.0000000e+00  4.9600000e+04  2.7700000e+03  1.8300000e+04  4.5900000e+02  0.0000000e+00  2.0600000e+02  0.0000000e+00  0.0000000e+00  0.0000000e+00  0.0000000e+00  6.5900000e+03  3.2600000e+03  8.2800000e+05  2.3700000e+03  5.0600000e+04  1.5400000e+02  2.9000000e+01  4.9000000e+00  2.4000000e+01  4.8900000e+00  8.6300000e+00  5.1400000e-01  0.0000000e+00  1.0800000e+00  0.0000000e+00  0.0000000e+00  0.0000000e+00  4.2300000e-01  4.9700000e+00  3.9400000e+00  6.8400000e-01  2.7200000e+00  2.3900000e-01  1.6700000e-01  0.0000000e+00  4.9000000e-01  1.3200000e-01  1.0100000e+00  9.2100000e-02  0.0000000e+00  1.0300000e-01  0.0000000e+00  0.0000000e+00  0.0000000e+00  0.0000000e+00  0.0000000e+00  0.0000000e+00  0.0000000e+00  0.0000000e+00  0.0000000e+00  0.0000000e+00  0.0000000e+00  0.0000000e+00  0.0000000e+00  0.0000000e+00  0.0000000e+00  0.0000000e+00  7.9900000e-03  5.0200000e-01  2.1400000e-01  2.7200000e+00  2.6100000e+00  5.4500000e+00  4.8100000e-01  3.2300000e-02  2.9400000e-02  1.7200000e+00  1.9100000e-02  0.0000000e+00  0.0000000e+00
3.4700000e+03  1.9200000e+24  9.8300000e+00  4.3091837e+03  5.6900000e+02  0.0000000e+00  1.5700000e+00  0.0000000e+00  0.0000000e+00  7.9200000e+03  9.3000000e+01  2.6600000e+02  0.0000000e+00  0.0000000e+00  1.3700000e+03  5.8800000e+02  0.0000000e+00  4.9600000e+04  2.7700000e+03  1.8300000e+04  4.5900000e+02  0.0000000e+00  2.0600000e+02  0.0000000e+00  0.0000000e+00  0.0000000e+00  0.0000000e+00  6.5900000e+03  3.2600000e+03  8.2800000e+05  2.3700000e+03  5.0600000e+04  1.5400000e+02  2.9000000e+01  4.9000000e+00  2.4000000e+01  4.8900000e+00  8.6300000e+00  5.1400000e-01  0.0000000e+00  1.0800000e+00  0.0000000e+00  0.0000000e+00  0.0000000e+00  4.2300000e-01  4.9700000e+00  3.9400000e+00  6.8400000e-01  2.7200000e+00  2.3900000e-01  1.6700000e-01  0.0000000e+00  4.9000000e-01  1.3200000e-01  1.0100000e+00  9.2100000e-02  0.0000000e+00  1.0300000e-01  0.0000000e+00  0.0000000e+00  0.0000000e+00  0.0000000e+00  0.0000000e+00  0.0000000e+00  0.0000000e+00  0.0000000e+00  0.0000000e+00  0.0000000e+00  0.0000000e+00  0.0000000e+00  0.0000000e+00  0.0000000e+00  0.0000000e+00  0.0000000e+00  7.9900000e-03  5.0200000e-01  2.1400000e-01  2.7200000e+00  2.6100000e+00  5.4500000e+00  4.8100000e-01  3.2300000e-02  2.9400000e-02  1.7200000e+00  1.9100000e-02  0.0000000e+00  0.0000000e+00
3.4800000e+03  1.9200000e+24  9.5700000e+00  4.3000000e+03  5.6900000e+02  0.0000000e+00  1.5700000e+00  0.0000000e+00  0.0000000e+00  7.9200000e+03  9.3000000e+01  2.6600000e+02  0.0000000e+00  0.0000000e+00  1.3700000e+03  5.8800000e+02  0.0000000e+00  4.9600000e+04  2.7700000e+03  1.8300000e+04  4.5900000e+02  0.0000000e+00  2.0600000e+02  0.0000000e+00  0.0000000e+00  0.0000000e+00  0.0000000e+00  6.5900000e+03  3.2600000e+03  8.2800000e+05  2.3700000e+03  5.0600000e+04  1.5400000e+02  2.9000000e+01  4.9000000e+00  2.4000000e+01  4.8900000e+00  8.6300000e+00  5.1400000e-01  0.0000000e+00  1.0800000e+00  0.0000000e+00  0.0000000e+00  0.0000000e+00  4.2300000e-01  4.9700000e+00  3.9400000e+00  6.8400000e-01  2.7200000e+00  2.3900000e-01  1.6700000e-01  0.0000000e+00  4.9000000e-01  1.3200000e-01  1.0100000e+00  9.2100000e-02  0.0000000e+00  1.0300000e-01  0.0000000e+00  0.0000000e+00  0.0000000e+00  0.0000000e+00  0.0000000e+00  0.0000000e+00  0.0000000e+00  0.0000000e+00  0.0000000e+00  0.0000000e+00  0.0000000e+00  0.0000000e+00  0.0000000e+00  0.0000000e+00  0.0000000e+00  0.0000000e+00  7.9900000e-03  5.0200000e-01  2.1400000e-01  2.7200000e+00  2.6100000e+00  5.4500000e+00  4.8100000e-01  3.2300000e-02  2.9400000e-02  1.7200000e+00  1.9100000e-02  0.0000000e+00  0.0000000e+00
3.5000000e+03  1.9400000e+24  5.5600000e+00  4.2745098e+03  1.0900000e+02  4.5600000e-03  1.6000000e+00  6.0700000e-02  2.1300000e-01  1.0900000e+02  2.0100000e+00  4.4300000e+03  1.9200000e+01  1.3700000e-05  2.6000000e+03  2.2300000e+05  2.2900000e+04  2.1300000e+05  8.2400000e+01  2.3500000e+02  1.6200000e+01  6.9700000e-05  2.3700000e+02  2.4800000e+04  1.5600000e+01  1.1700000e+03  8.4600000e+01  2.5800000e+03  1.0400000e+03  6.3200000e+04  1.0300000e+02  1.9000000e+03  2.7900000e+01  5.3900000e+01  4.3000000e+00  1.1400000e+00  6.0600000e-02  7.5500000e-02  4.3000000e-02  4.4600000e-06  5.5900000e-01  2.0900000e+01  4.0500000e+00  1.0000000e+01  6.0600000e-01  4.1300000e-02  5.8300000e-03  1.0700000e-03  6.0800000e-03  5.5600000e-03  3.8300000e-02  1.3000000e-02  1.1800000e-01  5.6900000e-03  9.1800000e-03  8.5100000e-03  2.7400000e-06  1.7800000e-02  6.2300000e+00  6.3200000e-01  1.6500000e+00  2.4100000e-01  1.2100000e+00  4.0100000e-01  1.5000000e-01  5.6100000e-01  9.6400000e-02  6.6200000e-01  1.4500000e-01  4.3000000e-01  6.6300000e-02  4.3300000e-01  6.4900000e-02  2.7700000e-01  4.0800000e-02  1.2000000e-02  3.2200000e-04  3.4900000e-03  3.2700000e-03  6.8600000e-03  9.1500000e-04  6.6300000e-03  2.9200000e-03  1.6700000e-01  2.9600000e-03  7.4600000e-02  1.9800000e-02
3.5700000e+03  2.0000000e+24  5.5100000e+00  4.1852941e+03  1.0900000e+02  4.5600000e-03  1.6000000e+00  6.0700000e-02  2.1300000e-01  1.0900000e+02  2.0100000e+00  4.4300000e+03  1.9200000e+01  1.3700000e-05  2.6000000e+03  2.2300000e+05  2.2900000e+04  2.1300000e+05  8.2400000e+01  2.3500000e+02  1.6200000e+01  6.9700000e-05  2.3700000e+02  2.4800000e+04  1.5600000e+01  1.1700000e+03  8.4600000e+01  2.5800000e+03  1.0400000e+03  6.3200000e+04  1.0300000e+02  1.9000000e+03  2.7900000e+01  5.3900000e+01  4.3000000e+00  1.1400000e+00  6.0600000e-02  7.5500000e-02  4.3000000e-02  4.4600000e-06  5.5900000e-01  2.0900000e+01  4.0500000e+00  1.0000000e+01  6.0600000e-01  4.1300000e-02  5.8300000e-03  1.0700000e-03  6.0800000e-03  5.5600000e-03  3.8300000e-02  1.3000000e-02  1.1800000e-01  5.6900000e-03  9.1800000e-03  8.5100000e-03  2.7400000e-06  1.7800000e-02  6.2300000e+00  6.3200000e-01  1.6500000e+00  2.4100000e-01  1.2100000e+00  4.0100000e-01  1.5000000e-01  5.6100000e-01  9.6400000e-02  6.6200000e-01  1.4500000e-01  4.3000000e-01  6.6300000e-02  4.3300000e-01  6.4900000e-02  2.7700000e-01  4.0800000e-02  1.2000000e-02  3.2200000e-04  3.4900000e-03  3.2700000e-03  6.8600000e-03  9.1500000e-04  6.6300000e-03  2.9200000e-03  1.6700000e-01  2.9600000e-03  7.4600000e-02  1.9800000e-02
3.6400000e+03  2.0700000e+24  5.4700000e+00  4.0960784e+03  1.0900000e+02  4.5600000e-03  1.6000000e+00  6.0700000e-02  2.1300000e-01  1.0900000e+02  2.0100000e+00  4.4300000e+03  1.9200000e+01  1.3700000e-05  2.6000000e+03  2.2300000e+05  2.2900000e+04  2.1300000e+05  8.2400000e+01  2.3500000e+02  1.6200000e+01  6.9700000e-05  2.3700000e+02  2.4800000e+04  1.5600000e+01  1.1700000e+03  8.4600000e+01  2.5800000e+03  1.0400000e+03  6.3200000e+04  1.0300000e+02  1.9000000e+03  2.7900000e+01  5.3900000e+01  4.3000000e+00  1.1400000e+00  6.0600000e-02  7.5500000e-02  4.3000000e-02  4.4600000e-06  5.5900000e-01  2.0900000e+01  4.0500000e+00  1.0000000e+01  6.0600000e-01  4.1300000e-02  5.8300000e-03  1.0700000e-03  6.0800000e-03  5.5600000e-03  3.8300000e-02  1.3000000e-02  1.1800000e-01  5.6900000e-03  9.1800000e-03  8.5100000e-03  2.7400000e-06  1.7800000e-02  6.2300000e+00  6.3200000e-01  1.6500000e+00  2.4100000e-01  1.2100000e+00  4.0100000e-01  1.5000000e-01  5.6100000e-01  9.6400000e-02  6.6200000e-01  1.4500000e-01  4.3000000e-01  6.6300000e-02  4.3300000e-01  6.4900000e-02  2.7700000e-01  4.0800000e-02  1.2000000e-02  3.2200000e-04  3.4900000e-03  3.2700000e-03  6.8600000e-03  9.1500000e-04  6.6300000e-03  2.9200000e-03  1.6700000e-01  2.9600000e-03  7.4600000e-02  1.9800000e-02
3.7100000e+03  2.1300000e+24  5.4400000e+00  4.0068627e+03  1.0900000e+02  4.5600000e-03  1.6000000e+00  6.0700000e-02  2.1300000e-01  1.0900000e+02  2.0100000e+00  4.4300000e+03  1.9200000e+01  1.3700000e-05  2.6000000e+03  2.2300000e+05  2.2900000e+04  2.1300000e+05  8.2400000e+01  2.3500000e+02  1.6200000e+01  6.9700000e-05  2.3700000e+02  2.4800000e+04  1.5600000e+01  1.1700000e+03  8.4600000e+01  2.5800000e+03  1.0400000e+03  6.3200000e+04  1.0300000e+02  1.9000000e+03  2.7900000e+01  5.3900000e+01  4.3000000e+00  1.1400000e+00  6.0600000e-02  7.5500000e-02  4.3000000e-02  4.4600000e-06  5.5900000e-01  2.0900000e+01  4.0500000e+00  1.0000000e+01  6.0600000e-01  4.1300000e-02  5.8300000e-03  1.0700000e-03  6.0800000e-03  5.5600000e-03  3.8300000e-02  1.3000000e-02  1.1800000e-01  5.6900000e-03  9.1800000e-03  8.5100000e-03  2.7400000e-06  1.7800000e-02  6.2300000e+00  6.3200000e-01  1.6500000e+00  2.4100000e-01  1.2100000e+00  4.0100000e-01  1.5000000e-01  5.6100000e-01  9.6400000e-02  6.6200000e-01  1.4500000e-01  4.3000000e-01  6.6300000e-02  4.3300000e-01  6.4900000e-02  2.7700000e-01  4.0800000e-02  1.2000000e-02  3.2200000e-04  3.4900000e-03  3.2700000e-03  6.8600000e-03  9.1500000e-04  6.6300000e-03  2.9200000e-03  1.6700000e-01  2.9600000e-03  7.4600000e-02  1.9800000e-02
3.7800000e+03  2.2000000e+24  5.4000000e+00  3.9176471e+03  1.0900000e+02  4.5600000e-03  1.6000000e+00  6.0700000e-02  2.1300000e-01  1.0900000e+02  2.0100000e+00  4.4300000e+03  1.9200000e+01  1.3700000e-05  2.6000000e+03  2.2300000e+05  2.2900000e+04  2.1300000e+05  8.2400000e+01  2.3500000e+02  1.6200000e+01  6.9700000e-05  2.3700000e+02  2.4800000e+04  1.5600000e+01  1.1700000e+03  8.4600000e+01  2.5800000e+03  1.0400000e+03  6.3200000e+04  1.0300000e+02  1.9000000e+03  2.7900000e+01  5.3900000e+01  4.3000000e+00  1.1400000e+00  6.0600000e-02  7.5500000e-02  4.3000000e-02  4.4600000e-06  5.5900000e-01  2.0900000e+01  4.0500000e+00  1.0000000e+01  6.0600000e-01  4.1300000e-02  5.8300000e-03  1.0700000e-03  6.0800000e-03  5.5600000e-03  3.8300000e-02  1.3000000e-02  1.1800000e-01  5.6900000e-03  9.1800000e-03  8.5100000e-03  2.7400000e-06  1.7800000e-02  6.2300000e+00  6.3200000e-01  1.6500000e+00  2.4100000e-01  1.2100000e+00  4.0100000e-01  1.5000000e-01  5.6100000e-01  9.6400000e-02  6.6200000e-01  1.4500000e-01  4.3000000e-01  6.6300000e-02  4.3300000e-01  6.4900000e-02  2.7700000e-01  4.0800000e-02  1.2000000e-02  3.2200000e-04  3.4900000e-03  3.2700000e-03  6.8600000e-03  9.1500000e-04  6.6300000e-03  2.9200000e-03  1.6700000e-01  2.9600000e-03  7.4600000e-02  1.9800000e-02
3.8500000e+03  2.2700000e+24  5.3700000e+00  3.8284314e+03  1.0900000e+02  4.5600000e-03  1.6000000e+00  6.0700000e-02  2.1300000e-01  1.0900000e+02  2.0100000e+00  4.4300000e+03  1.9200000e+01  1.3700000e-05  2.6000000e+03  2.2300000e+05  2.2900000e+04  2.1300000e+05  8.2400000e+01  2.3500000e+02  1.6200000e+01  6.9700000e-05  2.3700000e+02  2.4800000e+04  1.5600000e+01  1.1700000e+03  8.4600000e+01  2.5800000e+03  1.0400000e+03  6.3200000e+04  1.0300000e+02  1.9000000e+03  2.7900000e+01  5.3900000e+01  4.3000000e+00  1.1400000e+00  6.0600000e-02  7.5500000e-02  4.3000000e-02  4.4600000e-06  5.5900000e-01  2.0900000e+01  4.0500000e+00  1.0000000e+01  6.0600000e-01  4.1300000e-02  5.8300000e-03  1.0700000e-03  6.0800000e-03  5.5600000e-03  3.8300000e-02  1.3000000e-02  1.1800000e-01  5.6900000e-03  9.1800000e-03  8.5100000e-03  2.7400000e-06  1.7800000e-02  6.2300000e+00  6.3200000e-01  1.6500000e+00  2.4100000e-01  1.2100000e+00  4.0100000e-01  1.5000000e-01  5.6100000e-01  9.6400000e-02  6.6200000e-01  1.4500000e-01  4.3000000e-01  6.6300000e-02  4.3300000e-01  6.4900000e-02  2.7700000e-01  4.0800000e-02  1.2000000e-02  3.2200000e-04  3.4900000e-03  3.2700000e-03  6.8600000e-03  9.1500000e-04  6.6300000e-03  2.9200000e-03  1.6700000e-01  2.9600000e-03  7.4600000e-02  1.9800000e-02
3.9200000e+03  2.3400000e+24  5.3400000e+00  3.7392157e+03  1.0900000e+02  4.5600000e-03  1.6000000e+00  6.0700000e-02  2.1300000e-01  1.0900000e+02  2.0100000e+00  4.4300000e+03  1.9200000e+01  1.3700000e-05  2.6000000e+03  2.2300000e+05  2.2900000e+04  2.1300000e+05  8.2400000e+01  2.3500000e+02  1.6200000e+01  6.9700000e-05  2.3700000e+02  2.4800000e+04  1.5600000e+01  1.1700000e+03  8.4600000e+01  2.5800000e+03  1.0400000e+03  6.3200000e+04  1.0300000e+02  1.9000000e+03  2.7900000e+01  5.3900000e+01  4.3000000e+00  1.1400000e+00  6.0600000e-02  7.5500000e-02  4.3000000e-02  4.4600000e-06  5.5900000e-01  2.0900000e+01  4.0500000e+00  1.0000000e+01  6.0600000e-01  4.1300000e-02  5.8300000e-03  1.0700000e-03  6.0800000e-03  5.5600000e-03  3.8300000e-02  1.3000000e-02  1.1800000e-01  5.6900000e-03  9.1800000e-03  8.5100000e-03  2.7400000e-06  1.7800000e-02  6.2300000e+00  6.3200000e-01  1.6500000e+00  2.4100000e-01  1.2100000e+00  4.0100000e-01  1.5000000e-01  5.6100000e-01  9.6400000e-02  6.6200000e-01  1.4500000e-01  4.3000000e-01  6.6300000e-02  4.3300000e-01  6.4900000e-02  2.7700000e-01  4.0800000e-02  1.2000000e-02  3.2200000e-04  3.4900000e-03  3.2700000e-03  6.8600000e-03  9.1500000e-04  6.6300000e-03  2.9200000e-03  1.6700000e-01  2.9600000e-03  7.4600000e-02  1.9800000e-02
3.9900000e+03  2.4100000e+24  5.3000000e+00  3.6500000e+03  1.0900000e+02  4.5600000e-03  1.6000000e+00  6.0700000e-02  2.1300000e-01  1.0900000e+02  2.0100000e+00  4.4300000e+03  1.9200000e+01  1.3700000e-05  2.6000000e+03  2.2300000e+05  2.2900000e+04  2.1300000e+05  8.2400000e+01  2.3500000e+02  1.6200000e+01  6.9700000e-05  2.3700000e+02  2.4800000e+04  1.5600000e+01  1.1700000e+03  8.4600000e+01  2.5800000e+03  1.0400000e+03  6.3200000e+04  1.0300000e+02  1.9000000e+03  2.7900000e+01  5.3900000e+01  4.3000000e+00  1.1400000e+00  6.0600000e-02  7.5500000e-02  4.3000000e-02  4.4600000e-06  5.5900000e-01  2.0900000e+01  4.0500000e+00  1.0000000e+01  6.0600000e-01  4.1300000e-02  5.8300000e-03  1.0700000e-03  6.0800000e-03  5.5600000e-03  3.8300000e-02  1.3000000e-02  1.1800000e-01  5.6900000e-03  9.1800000e-03  8.5100000e-03  2.7400000e-06  1.7800000e-02  6.2300000e+00  6.3200000e-01  1.6500000e+00  2.4100000e-01  1.2100000e+00  4.0100000e-01  1.5000000e-01  5.6100000e-01  9.6400000e-02  6.6200000e-01  1.4500000e-01  4.3000000e-01  6.6300000e-02  4.3300000e-01  6.4900000e-02  2.7700000e-01  4.0800000e-02  1.2000000e-02  3.2200000e-04  3.4900000e-03  3.2700000e-03  6.8600000e-03  9.1500000e-04  6.6300000e-03  2.9200000e-03  1.6700000e-01  2.9600000e-03  7.4600000e-02  1.9800000e-02
4.0600000e+03  2.4800000e+24  5.2600000e+00  3.5607843e+03  1.0900000e+02  4.5600000e-03  1.6000000e+00  6.0700000e-02  2.1300000e-01  1.0900000e+02  2.0100000e+00  4.4300000e+03  1.9200000e+01  1.3700000e-05  2.6000000e+03  2.2300000e+05  2.2900000e+04  2.1300000e+05  8.2400000e+01  2.3500000e+02  1.6200000e+01  6.9700000e-05  2.3700000e+02  2.4800000e+04  1.5600000e+01  1.1700000e+03  8.4600000e+01  2.5800000e+03  1.0400000e+03  6.3200000e+04  1.0300000e+02  1.9000000e+03  2.7900000e+01  5.3900000e+01  4.3000000e+00  1.1400000e+00  6.0600000e-02  7.5500000e-02  4.3000000e-02  4.4600000e-06  5.5900000e-01  2.0900000e+01  4.0500000e+00  1.0000000e+01  6.0600000e-01  4.1300000e-02  5.8300000e-03  1.0700000e-03  6.0800000e-03  5.5600000e-03  3.8300000e-02  1.3000000e-02  1.1800000e-01  5.6900000e-03  9.1800000e-03  8.5100000e-03  2.7400000e-06  1.7800000e-02  6.2300000e+00  6.3200000e-01  1.6500000e+00  2.4100000e-01  1.2100000e+00  4.0100000e-01  1.5000000e-01  5.6100000e-01  9.6400000e-02  6.6200000e-01  1.4500000e-01  4.3000000e-01  6.6300000e-02  4.3300000e-01  6.4900000e-02  2.7700000e-01  4.0800000e-02  1.2000000e-02  3.2200000e-04  3.4900000e-03  3.2700000e-03  6.8600000e-03  9.1500000e-04  6.6300000e-03  2.9200000e-03  1.6700000e-01  2.9600000e-03  7.4600000e-02  1.9800000e-02
4.1300000e+03  2.5600000e+24  5.2300000e+00  3.4715686e+03  1.0900000e+02  4.5600000e-03  1.6000000e+00  6.0700000e-02  2.1300000e-01  1.0900000e+02  2.0100000e+00  4.4300000e+03  1.9200000e+01  1.3700000e-05  2.6000000e+03  2.2300000e+05  2.2900000e+04  2.1300000e+05  8.2400000e+01  2.3500000e+02  1.6200000e+01  6.9700000e-05  2.3700000e+02  2.4800000e+04  1.5600000e+01  1.1700000e+03  8.4600000e+01  2.5800000e+03  1.0400000e+03  6.3200000e+04  1.0300000e+02  1.9000000e+03  2.7900000e+01  5.3900000e+01  4.3000000e+00  1.1400000e+00  6.0600000e-02  7.5500000e-02  4.3000000e-02  4.4600000e-06  5.5900000e-01  2.0900000e+01  4.0500000e+00  1.0000000e+01  6.0600000e-01  4.1300000e-02  5.8300000e-03  1.0700000e-03  6.0800000e-03  5.5600000e-03  3.8300000e-02  1.3000000e-02  1.1800000e-01  5.6900000e-03  9.1800000e-03  8.5100000e-03  2.7400000e-06  1.7800000e-02  6.2300000e+00  6.3200000e-01  1.6500000e+00  2.4100000e-01  1.2100000e+00  4.0100000e-01  1.5000000e-01  5.6100000e-01  9.6400000e-02  6.6200000e-01  1.4500000e-01  4.3000000e-01  6.6300000e-02  4.3300000e-01  6.4900000e-02  2.7700000e-01  4.0800000e-02  1.2000000e-02  3.2200000e-04  3.4900000e-03  3.2700000e-03  6.8600000e-03  9.1500000e-04  6.6300000e-03  2.9200000e-03  1.6700000e-01  2.9600000e-03  7.4600000e-02  1.9800000e-02
4.2000000e+03  2.6400000e+24  5.1900000e+00  3.3823529e+03  1.0900000e+02  4.5600000e-03  1.6000000e+00  6.0700000e-02  2.1300000e-01  1.0900000e+02  2.0100000e+00  4.4300000e+03  1.9200000e+01  1.3700000e-05  2.6000000e+03  2.2300000e+05  2.2900000e+04  2.1300000e+05  8.2400000e+01  2.3500000e+02  1.6200000e+01  6.9700000e-05  2.3700000e+02  2.4800000e+04  1.5600000e+01  1.1700000e+03  8.4600000e+01  2.5800000e+03  1.0400000e+03  6.3200000e+04  1.0300000e+02  1.9000000e+03  2.7900000e+01  5.3900000e+01  4.3000000e+00  1.1400000e+00  6.0600000e-02  7.5500000e-02  4.3000000e-02  4.4600000e-06  5.5900000e-01  2.0900000e+01  4.0500000e+00  1.0000000e+01  6.0600000e-01  4.1300000e-02  5.8300000e-03  1.0700000e-03  6.0800000e-03  5.5600000e-03  3.8300000e-02  1.3000000e-02  1.1800000e-01  5.6900000e-03  9.1800000e-03  8.5100000e-03  2.7400000e-06  1.7800000e-02  6.2300000e+00  6.3200000e-01  1.6500000e+00  2.4100000e-01  1.2100000e+00  4.0100000e-01  1.5000000e-01  5.6100000e-01  9.6400000e-02  6.6200000e-01  1.4500000e-01  4.3000000e-01  6.6300000e-02  4.3300000e-01  6.4900000e-02  2.7700000e-01  4.0800000e-02  1.2000000e-02  3.2200000e-04  3.4900000e-03  3.2700000e-03  6.8600000e-03  9.1500000e-04  6.6300000e-03  2.9200000e-03  1.6700000e-01  2.9600000e-03  7.4600000e-02  1.9800000e-02
4.2700000e+03  2.7200000e+24  5.1600000e+00  3.2931373e+03  1.0900000e+02  4.5600000e-03  1.6000000e+00  6.0700000e-02  2.1300000e-01  1.0900000e+02  2.0100000e+00  4.4300000e+03  1.9200000e+01  1.3700000e-05  2.6000000e+03  2.2300000e+05  2.2900000e+04  2.1300000e+05  8.2400000e+01  2.3500000e+02  1.6200000e+01  6.9700000e-05  2.3700000e+02  2.4800000e+04  1.5600000e+01  1.1700000e+03  8.4600000e+01  2.5800000e+03  1.0400000e+03  6.3200000e+04  1.0300000e+02  1.9000000e+03  2.7900000e+01  5.3900000e+01  4.3000000e+00  1.1400000e+00  6.0600000e-02  7.5500000e-02  4.3000000e-02  4.4600000e-06  5.5900000e-01  2.0900000e+01  4.0500000e+00  1.0000000e+01  6.0600000e-01  4.1300000e-02  5.8300000e-03  1.0700000e-03  6.0800000e-03  5.5600000e-03  3.8300000e-02  1.3000000e-02  1.1800000e-01  5.6900000e-03  9.1800000e-03  8.5100000e-03  2.7400000e-06  1.7800000e-02  6.2300000e+00  6.3200000e-01  1.6500000e+00  2.4100000e-01  1.2100000e+00  4.0100000e-01  1.5000000e-01  5.6100000e-01  9.6400000e-02  6.6200000e-01  1.4500000e-01  4.3000000e-01  6.6300000e-02  4.3300000e-01  6.4900000e-02  2.7700000e-01  4.0800000e-02  1.2000000e-02  3.2200000e-04  3.4900000e-03  3.2700000e-03  6.8600000e-03  9.1500000e-04  6.6300000e-03  2.9200000e-03  1.6700000e-01  2.9600000e-03  7.4600000e-02  1.9800000e-02
4.3400000e+03  2.8100000e+24  5.1300000e+00  3.2039216e+03  1.0900000e+02  4.5600000e-03  1.6000000e+00  6.0700000e-02  2.1300000e-01  1.0900000e+02  2.0100000e+00  4.4300000e+03  1.9200000e+01  1.3700000e-05  2.6000000e+03  2.2300000e+05  2.2900000e+04  2.1300000e+05  8.2400000e+01  2.3500000e+02  1.6200000e+01  6.9700000e-05  2.3700000e+02  2.4800000e+04  1.5600000e+01  1.1700000e+03  8.4600000e+01  2.5800000e+03  1.0400000e+03  6.3200000e+04  1.0300000e+02  1.9000000e+03  2.7900000e+01  5.3900000e+01  4.3000000e+00  1.1400000e+00  6.0600000e-02  7.5500000e-02  4.3000000e-02  4.4600000e-06  5.5900000e-01  2.0900000e+01  4.0500000e+00  1.0000000e+01  6.0600000e-01  4.1300000e-02  5.8300000e-03  1.0700000e-03  6.0800000e-03  5.5600000e-03  3.8300000e-02  1.3000000e-02  1.1800000e-01  5.6900000e-03  9.1800000e-03  8.5100000e-03  2.7400000e-06  1.7800000e-02  6.2300000e+00  6.3200000e-01  1.6500000e+00  2.4100000e-01  1.2100000e+00  4.0100000e-01  1.5000000e-01  5.6100000e-01  9.6400000e-02  6.6200000e-01  1.4500000e-01  4.3000000e-01  6.6300000e-02  4.3300000e-01  6.4900000e-02  2.7700000e-01  4.0800000e-02  1.2000000e-02  3.2200000e-04  3.4900000e-03  3.2700000e-03  6.8600000e-03  9.1500000e-04  6.6300000e-03  2.9200000e-03  1.6700000e-01  2.9600000e-03  7.4600000e-02  1.9800000e-02
4.4100000e+03  2.8900000e+24  5.0800000e+00  3.1147059e+03  1.0900000e+02  4.5600000e-03  1.6000000e+00  6.0700000e-02  2.1300000e-01  1.0900000e+02  2.0100000e+00  4.4300000e+03  1.9200000e+01  1.3700000e-05  2.6000000e+03  2.2300000e+05  2.2900000e+04  2.1300000e+05  8.2400000e+01  2.3500000e+02  1.6200000e+01  6.9700000e-05  2.3700000e+02  2.4800000e+04  1.5600000e+01  1.1700000e+03  8.4600000e+01  2.5800000e+03  1.0400000e+03  6.3200000e+04  1.0300000e+02  1.9000000e+03  2.7900000e+01  5.3900000e+01  4.3000000e+00  1.1400000e+00  6.0600000e-02  7.5500000e-02  4.3000000e-02  4.4600000e-06  5.5900000e-01  2.0900000e+01  4.0500000e+00  1.0000000e+01  6.0600000e-01  4.1300000e-02  5.8300000e-03  1.0700000e-03  6.0800000e-03  5.5600000e-03  3.8300000e-02  1.3000000e-02  1.1800000e-01  5.6900000e-03  9.1800000e-03  8.5100000e-03  2.7400000e-06  1.7800000e-02  6.2300000e+00  6.3200000e-01  1.6500000e+00  2.4100000e-01  1.2100000e+00  4.0100000e-01  1.5000000e-01  5.6100000e-01  9.6400000e-02  6.6200000e-01  1.4500000e-01  4.3000000e-01  6.6300000e-02  4.3300000e-01  6.4900000e-02  2.7700000e-01  4.0800000e-02  1.2000000e-02  3.2200000e-04  3.4900000e-03  3.2700000e-03  6.8600000e-03  9.1500000e-04  6.6300000e-03  2.9200000e-03  1.6700000e-01  2.9600000e-03  7.4600000e-02  1.9800000e-02
4.4800000e+03  2.9800000e+24  5.0500000e+00  3.0254902e+03  1.0900000e+02  4.5600000e-03  1.6000000e+00  6.0700000e-02  2.1300000e-01  1.0900000e+02  2.0100000e+00  4.4300000e+03  1.9200000e+01  1.3700000e-05  2.6000000e+03  2.2300000e+05  2.2900000e+04  2.1300000e+05  8.2400000e+01  2.3500000e+02  1.6200000e+01  6.9700000e-05  2.3700000e+02  2.4800000e+04  1.5600000e+01  1.1700000e+03  8.4600000e+01  2.5800000e+03  1.0400000e+03  6.3200000e+04  1.0300000e+02  1.9000000e+03  2.7900000e+01  5.3900000e+01  4.3000000e+00  1.1400000e+00  6.0600000e-02  7.5500000e-02  4.3000000e-02  4.4600000e-06  5.5900000e-01  2.0900000e+01  4.0500000e+00  1.0000000e+01  6.0600000e-01  4.1300000e-02  5.8300000e-03  1.0700000e-03  6.0800000e-03  5.5600000e-03  3.8300000e-02  1.3000000e-02  1.1800000e-01  5.6900000e-03  9.1800000e-03  8.5100000e-03  2.7400000e-06  1.7800000e-02  6.2300000e+00  6.3200000e-01  1.6500000e+00  2.4100000e-01  1.2100000e+00  4.0100000e-01  1.5000000e-01  5.6100000e-01  9.6400000e-02  6.6200000e-01  1.4500000e-01  4.3000000e-01  6.6300000e-02  4.3300000e-01  6.4900000e-02  2.7700000e-01  4.0800000e-02  1.2000000e-02  3.2200000e-04  3.4900000e-03  3.2700000e-03  6.8600000e-03  9.1500000e-04  6.6300000e-03  2.9200000e-03  1.6700000e-01  2.9600000e-03  7.4600000e-02  1.9800000e-02
4.5500000e+03  3.0700000e+24  5.0200000e+00  2.9583680e+03  1.0900000e+02  4.5600000e-03  1.6000000e+00  6.0700000e-02  2.1300000e-01  1.0900000e+02  2.0100000e+00  4.4300000e+03  1.9200000e+01  1.3700000e-05  2.6000000e+03  2.2300000e+05  2.2900000e+04  2.1300000e+05  8.2400000e+01  2.3500000e+02  1.6200000e+01  6.9700000e-05  2.3700000e+02  2.4800000e+04  1.5600000e+01  1.1700000e+03  8.4600000e+01  2.5800000e+03  1.0400000e+03  6.3200000e+04  1.0300000e+02  1.9000000e+03  2.7900000e+01  5.3900000e+01  4.3000000e+00  1.1400000e+00  6.0600000e-02  7.5500000e-02  4.3000000e-02  4.4600000e-06  5.5900000e-01  2.0900000e+01  4.0500000e+00  1.0000000e+01  6.0600000e-01  4.1300000e-02  5.8300000e-03  1.0700000e-03  6.0800000e-03  5.5600000e-03  3.8300000e-02  1.3000000e-02  1.1800000e-01  5.6900000e-03  9.1800000e-03  8.5100000e-03  2.7400000e-06  1.7800000e-02  6.2300000e+00  6.3200000e-01  1.6500000e+00  2.4100000e-01  1.2100000e+00  4.0100000e-01  1.5000000e-01  5.6100000e-01  9.6400000e-02  6.6200000e-01  1.4500000e-01  4.3000000e-01  6.6300000e-02  4.3300000e-01  6.4900000e-02  2.7700000e-01  4.0800000e-02  1.2000000e-02  3.2200000e-04  3.4900000e-03  3.2700000e-03  6.8600000e-03  9.1500000e-04  6.6300000e-03  2.9200000e-03  1.6700000e-01  2.9600000e-03  7.4600000e-02  1.9800000e-02
4.6200000e+03  3.1600000e+24  4.9800000e+00  2.9000833e+03  1.0900000e+02  4.5600000e-03  1.6000000e+00  6.0700000e-02  2.1300000e-01  1.0900000e+02  2.0100000e+00  4.4300000e+03  1.9200000e+01  1.3700000e-05  2.6000000e+03  2.2300000e+05  2.2900000e+04  2.1300000e+05  8.2400000e+01  2.3500000e+02  1.6200000e+01  6.9700000e-05  2.3700000e+02  2.4800000e+04  1.5600000e+01  1.1700000e+03  8.4600000e+01  2.5800000e+03  1.0400000e+03  6.3200000e+04  1.0300000e+02  1.9000000e+03  2.7900000e+01  5.3900000e+01  4.3000000e+00  1.1400000e+00  6.0600000e-02  7.5500000e-02  4.3000000e-02  4.4600000e-06  5.5900000e-01  2.0900000e+01  4.0500000e+00  1.0000000e+01  6.0600000e-01  4.1300000e-02  5.8300000e-03  1.0700000e-03  6.0800000e-03  5.5600000e-03  3.8300000e-02  1.3000000e-02  1.1800000e-01  5.6900000e-03  9.1800000e-03  8.5100000e-03  2.7400000e-06  1.7800000e-02  6.2300000e+00  6.3200000e-01  1.6500000e+00  2.4100000e-01  1.2100000e+00  4.0100000e-01  1.5000000e-01  5.6100000e-01  9.6400000e-02  6.6200000e-01  1.4500000e-01  4.3000000e-01  6.6300000e-02  4.3300000e-01  6.4900000e-02  2.7700000e-01  4.0800000e-02  1.2000000e-02  3.2200000e-04  3.4900000e-03  3.2700000e-03  6.8600000e-03  9.1500000e-04  6.6300000e-03  2.9200000e-03  1.6700000e-01  2.9600000e-03  7.4600000e-02  1.9800000e-02
4.6900000e+03  3.2600000e+24  4.9400000e+00  2.8417985e+03  1.0900000e+02  4.5600000e-03  1.6000000e+00  6.0700000e-02  2.1300000e-01  1.0900000e+02  2.0100000e+00  4.4300000e+03  1.9200000e+01  1.3700000e-05  2.6000000e+03  2.2300000e+05  2.2900000e+04  2.1300000e+05  8.2400000e+01  2.3500000e+02  1.6200000e+01  6.9700000e-05  2.3700000e+02  2.4800000e+04  1.5600000e+01  1.1700000e+03  8.4600000e+01  2.5800000e+03  1.0400000e+03  6.3200000e+04  1.0300000e+02  1.9000000e+03  2.7900000e+01  5.3900000e+01  4.3000000e+00  1.1400000e+00  6.0600000e-02  7.5500000e-02  4.3000000e-02  4.4600000e-06  5.5900000e-01  2.0900000e+01  4.0500000e+00  1.0000000e+01  6.0600000e-01  4.1300000e-02  5.8300000e-03  1.0700000e-03  6.0800000e-03  5.5600000e-03  3.8300000e-02  1.3000000e-02  1.1800000e-01  5.6900000e-03  9.1800000e-03  8.5100000e-03  2.7400000e-06  1.7800000e-02  6.2300000e+00  6.3200000e-01  1.6500000e+00  2.4100000e-01  1.2100000e+00  4.0100000e-01  1.5000000e-01  5.6100000e-01  9.6400000e-02  6.6200000e-01  1.4500000e-01  4.3000000e-01  6.6300000e-02  4.3300000e-01  6.4900000e-02  2.7700000e-01  4.0800000e-02  1.2000000e-02  3.2200000e-04  3.4900000e-03  3.2700000e-03  6.8600000e-03  9.1500000e-04  6.6300000e-03  2.9200000e-03  1.6700000e-01  2.9600000e-03  7.4600000e-02  1.9800000e-02
4.7600000e+03  3.3500000e+24  4.9100000e+00  2.7835137e+03  1.0900000e+02  4.5600000e-03  1.6000000e+00  6.0700000e-02  2.1300000e-01  1.0900000e+02  2.0100000e+00  4.4300000e+03  1.9200000e+01  1.3700000e-05  2.6000000e+03  2.2300000e+05  2.2900000e+04  2.1300000e+05  8.2400000e+01  2.3500000e+02  1.6200000e+01  6.9700000e-05  2.3700000e+02  2.4800000e+04  1.5600000e+01  1.1700000e+03  8.4600000e+01  2.5800000e+03  1.0400000e+03  6.3200000e+04  1.0300000e+02  1.9000000e+03  2.7900000e+01  5.3900000e+01  4.3000000e+00  1.1400000e+00  6.0600000e-02  7.5500000e-02  4.3000000e-02  4.4600000e-06  5.5900000e-01  2.0900000e+01  4.0500000e+00  1.0000000e+01  6.0600000e-01  4.1300000e-02  5.8300000e-03  1.0700000e-03  6.0800000e-03  5.5600000e-03  3.8300000e-02  1.3000000e-02  1.1800000e-01  5.6900000e-03  9.1800000e-03  8.5100000e-03  2.7400000e-06  1.7800000e-02  6.2300000e+00  6.3200000e-01  1.6500000e+00  2.4100000e-01  1.2100000e+00  4.0100000e-01  1.5000000e-01  5.6100000e-01  9.6400000e-02  6.6200000e-01  1.4500000e-01  4.3000000e-01  6.6300000e-02  4.3300000e-01  6.4900000e-02  2.7700000e-01  4.0800000e-02  1.2000000e-02  3.2200000e-04  3.4900000e-03  3.2700000e-03  6.8600000e-03  9.1500000e-04  6.6300000e-03  2.9200000e-03  1.6700000e-01  2.9600000e-03  7.4600000e-02  1.9800000e-02
4.8300000e+03  3.4500000e+24  4.8700000e+00  2.7252290e+03  1.0900000e+02  4.5600000e-03  1.6000000e+00  6.0700000e-02  2.1300000e-01  1.0900000e+02  2.0100000e+00  4.4300000e+03  1.9200000e+01  1.3700000e-05  2.6000000e+03  2.2300000e+05  2.2900000e+04  2.1300000e+05  8.2400000e+01  2.3500000e+02  1.6200000e+01  6.9700000e-05  2.3700000e+02  2.4800000e+04  1.5600000e+01  1.1700000e+03  8.4600000e+01  2.5800000e+03  1.0400000e+03  6.3200000e+04  1.0300000e+02  1.9000000e+03  2.7900000e+01  5.3900000e+01  4.3000000e+00  1.1400000e+00  6.0600000e-02  7.5500000e-02  4.3000000e-02  4.4600000e-06  5.5900000e-01  2.0900000e+01  4.0500000e+00  1.0000000e+01  6.0600000e-01  4.1300000e-02  5.8300000e-03  1.0700000e-03  6.0800000e-03  5.5600000e-03  3.8300000e-02  1.3000000e-02  1.1800000e-01  5.6900000e-03  9.1800000e-03  8.5100000e-03  2.7400000e-06  1.7800000e-02  6.2300000e+00  6.3200000e-01  1.6500000e+00  2.4100000e-01  1.2100000e+00  4.0100000e-01  1.5000000e-01  5.6100000e-01  9.6400000e-02  6.6200000e-01  1.4500000e-01  4.3000000e-01  6.6300000e-02  4.3300000e-01  6.4900000e-02  2.7700000e-01  4.0800000e-02  1.2000000e-02  3.2200000e-04  3.4900000e-03  3.2700000e-03  6.8600000e-03  9.1500000e-04  6.6300000e-03  2.9200000e-03  1.6700000e-01  2.9600000e-03  7.4600000e-02  1.9800000e-02
4.9000000e+03  3.5500000e+24  4.8300000e+00  2.6669442e+03  1.0900000e+02  4.5600000e-03  1.6000000e+00  6.0700000e-02  2.1300000e-01  1.0900000e+02  2.0100000e+00  4.4300000e+03  1.9200000e+01  1.3700000e-05  2.6000000e+03  2.2300000e+05  2.2900000e+04  2.1300000e+05  8.2400000e+01  2.3500000e+02  1.6200000e+01  6.9700000e-05  2.3700000e+02  2.4800000e+04  1.5600000e+01  1.1700000e+03  8.4600000e+01  2.5800000e+03  1.0400000e+03  6.3200000e+04  1.0300000e+02  1.9000000e+03  2.7900000e+01  5.3900000e+01  4.3000000e+00  1.1400000e+00  6.0600000e-02  7.5500000e-02  4.3000000e-02  4.4600000e-06  5.5900000e-01  2.0900000e+01  4.0500000e+00  1.0000000e+01  6.0600000e-01  4.1300000e-02  5.8300000e-03  1.0700000e-03  6.0800000e-03  5.5600000e-03  3.8300000e-02  1.3000000e-02  1.1800000e-01  5.6900000e-03  9.1800000e-03  8.5100000e-03  2.7400000e-06  1.7800000e-02  6.2300000e+00  6.3200000e-01  1.6500000e+00  2.4100000e-01  1.2100000e+00  4.0100000e-01  1.5000000e-01  5.6100000e-01  9.6400000e-02  6.6200000e-01  1.4500000e-01  4.3000000e-01  6.6300000e-02  4.3300000e-01  6.4900000e-02  2.7700000e-01  4.0800000e-02  1.2000000e-02  3.2200000e-04  3.4900000e-03  3.2700000e-03  6.8600000e-03  9.1500000e-04  6.6300000e-03  2.9200000e-03  1.6700000e-01  2.9600000e-03  7.4600000e-02  1.9800000e-02
4.9700000e+03  3.6600000e+24  4.7900000e+00  2.6086595e+03  1.0900000e+02  4.5600000e-03  1.6000000e+00  6.0700000e-02  2.1300000e-01  1.0900000e+02  2.0100000e+00  4.4300000e+03  1.9200000e+01  1.3700000e-05  2.6000000e+03  2.2300000e+05  2.2900000e+04  2.1300000e+05  8.2400000e+01  2.3500000e+02  1.6200000e+01  6.9700000e-05  2.3700000e+02  2.4800000e+04  1.5600000e+01  1.1700000e+03  8.4600000e+01  2.5800000e+03  1.0400000e+03  6.3200000e+04  1.0300000e+02  1.9000000e+03  2.7900000e+01  5.3900000e+01  4.3000000e+00  1.1400000e+00  6.0600000e-02  7.5500000e-02  4.3000000e-02  4.4600000e-06  5.5900000e-01  2.0900000e+01  4.0500000e+00  1.0000000e+01  6.0600000e-01  4.1300000e-02  5.8300000e-03  1.0700000e-03  6.0800000e-03  5.5600000e-03  3.8300000e-02  1.3000000e-02  1.1800000e-01  5.6900000e-03  9.1800000e-03  8.5100000e-03  2.7400000e-06  1.7800000e-02  6.2300000e+00  6.3200000e-01  1.6500000e+00  2.4100000e-01  1.2100000e+00  4.0100000e-01  1.5000000e-01  5.6100000e-01  9.6400000e-02  6.6200000e-01  1.4500000e-01  4.3000000e-01  6.6300000e-02  4.3300000e-01  6.4900000e-02  2.7700000e-01  4.0800000e-02  1.2000000e-02  3.2200000e-04  3.4900000e-03  3.2700000e-03  6.8600000e-03  9.1500000e-04  6.6300000e-03  2.9200000e-03  1.6700000e-01  2.9600000e-03  7.4600000e-02  1.9800000e-02
5.0400000e+03  3.7600000e+24  4.7500000e+00  2.5503747e+03  1.0900000e+02  4.5600000e-03  1.6000000e+00  6.0700000e-02  2.1300000e-01  1.0900000e+02  2.0100000e+00  4.4300000e+03  1.9200000e+01  1.3700000e-05  2.6000000e+03  2.2300000e+05  2.2900000e+04  2.1300000e+05  8.2400000e+01  2.3500000e+02  1.6200000e+01  6.9700000e-05  2.3700000e+02  2.4800000e+04  1.5600000e+01  1.1700000e+03  8.4600000e+01  2.5800000e+03  1.0400000e+03  6.3200000e+04  1.0300000e+02  1.9000000e+03  2.7900000e+01  5.3900000e+01  4.3000000e+00  1.1400000e+00  6.0600000e-02  7.5500000e-02  4.3000000e-02  4.4600000e-06  5.5900000e-01  2.0900000e+01  4.0500000e+00  1.0000000e+01  6.0600000e-01  4.1300000e-02  5.8300000e-03  1.0700000e-03  6.0800000e-03  5.5600000e-03  3.8300000e-02  1.3000000e-02  1.1800000e-01  5.6900000e-03  9.1800000e-03  8.5100000e-03  2.7400000e-06  1.7800000e-02  6.2300000e+00  6.3200000e-01  1.6500000e+00  2.4100000e-01  1.2100000e+00  4.0100000e-01  1.5000000e-01  5.6100000e-01  9.6400000e-02  6.6200000e-01  1.4500000e-01  4.3000000e-01  6.6300000e-02  4.3300000e-01  6.4900000e-02  2.7700000e-01  4.0800000e-02  1.2000000e-02  3.2200000e-04  3.4900000e-03  3.2700000e-03  6.8600000e-03  9.1500000e-04  6.6300000e-03  2.9200000e-03  1.6700000e-01  2.9600000e-03  7.4600000e-02  1.9800000e-02
5.1100000e+03  3.8700000e+24  4.7200000e+00  2.4920899e+03  1.0900000e+02  4.5600000e-03  1.6000000e+00  6.0700000e-02  2.1300000e-01  1.0900000e+02  2.0100000e+00  4.4300000e+03  1.9200000e+01  1.3700000e-05  2.6000000e+03  2.2300000e+05  2.2900000e+04  2.1300000e+05  8.2400000e+01  2.3500000e+02  1.6200000e+01  6.9700000e-05  2.3700000e+02  2.4800000e+04  1.5600000e+01  1.1700000e+03  8.4600000e+01  2.5800000e+03  1.0400000e+03  6.3200000e+04  1.0300000e+02  1.9000000e+03  2.7900000e+01  5.3900000e+01  4.3000000e+00  1.1400000e+00  6.0600000e-02  7.5500000e-02  4.3000000e-02  4.4600000e-06  5.5900000e-01  2.0900000e+01  4.0500000e+00  1.0000000e+01  6.0600000e-01  4.1300000e-02  5.8300000e-03  1.0700000e-03  6.0800000e-03  5.5600000e-03  3.8300000e-02  1.3000000e-02  1.1800000e-01  5.6900000e-03  9.1800000e-03  8.5100000e-03  2.7400000e-06  1.7800000e-02  6.2300000e+00  6.3200000e-01  1.6500000e+00  2.4100000e-01  1.2100000e+00  4.0100000e-01  1.5000000e-01  5.6100000e-01  9.6400000e-02  6.6200000e-01  1.4500000e-01  4.3000000e-01  6.6300000e-02  4.3300000e-01  6.4900000e-02  2.7700000e-01  4.0800000e-02  1.2000000e-02  3.2200000e-04  3.4900000e-03  3.2700000e-03  6.8600000e-03  9.1500000e-04  6.6300000e-03  2.9200000e-03  1.6700000e-01  2.9600000e-03  7.4600000e-02  1.9800000e-02
5.1800000e+03  3.9800000e+24  4.6800000e+00  2.4338052e+03  1.0900000e+02  4.5600000e-03  1.6000000e+00  6.0700000e-02  2.1300000e-01  1.0900000e+02  2.0100000e+00  4.4300000e+03  1.9200000e+01  1.3700000e-05  2.6000000e+03  2.2300000e+05  2.2900000e+04  2.1300000e+05  8.2400000e+01  2.3500000e+02  1.6200000e+01  6.9700000e-05  2.3700000e+02  2.4800000e+04  1.5600000e+01  1.1700000e+03  8.4600000e+01  2.5800000e+03  1.0400000e+03  6.3200000e+04  1.0300000e+02  1.9000000e+03  2.7900000e+01  5.3900000e+01  4.3000000e+00  1.1400000e+00  6.0600000e-02  7.5500000e-02  4.3000000e-02  4.4600000e-06  5.5900000e-01  2.0900000e+01  4.0500000e+00  1.0000000e+01  6.0600000e-01  4.1300000e-02  5.8300000e-03  1.0700000e-03  6.0800000e-03  5.5600000e-03  3.8300000e-02  1.3000000e-02  1.1800000e-01  5.6900000e-03  9.1800000e-03  8.5100000e-03  2.7400000e-06  1.7800000e-02  6.2300000e+00  6.3200000e-01  1.6500000e+00  2.4100000e-01  1.2100000e+00  4.0100000e-01  1.5000000e-01  5.6100000e-01  9.6400000e-02  6.6200000e-01  1.4500000e-01  4.3000000e-01  6.6300000e-02  4.3300000e-01  6.4900000e-02  2.7700000e-01  4.0800000e-02  1.2000000e-02  3.2200000e-04  3.4900000e-03  3.2700000e-03  6.8600000e-03  9.1500000e-04  6.6300000e-03  2.9200000e-03  1.6700000e-01  2.9600000e-03  7.4600000e-02  1.9800000e-02
5.2500000e+03  4.0900000e+24  4.6400000e+00  2.3755204e+03  1.0900000e+02  4.5600000e-03  1.6000000e+00  6.0700000e-02  2.1300000e-01  1.0900000e+02  2.0100000e+00  4.4300000e+03  1.9200000e+01  1.3700000e-05  2.6000000e+03  2.2300000e+05  2.2900000e+04  2.1300000e+05  8.2400000e+01  2.3500000e+02  1.6200000e+01  6.9700000e-05  2.3700000e+02  2.4800000e+04  1.5600000e+01  1.1700000e+03  8.4600000e+01  2.5800000e+03  1.0400000e+03  6.3200000e+04  1.0300000e+02  1.9000000e+03  2.7900000e+01  5.3900000e+01  4.3000000e+00  1.1400000e+00  6.0600000e-02  7.5500000e-02  4.3000000e-02  4.4600000e-06  5.5900000e-01  2.0900000e+01  4.0500000e+00  1.0000000e+01  6.0600000e-01  4.1300000e-02  5.8300000e-03  1.0700000e-03  6.0800000e-03  5.5600000e-03  3.8300000e-02  1.3000000e-02  1.1800000e-01  5.6900000e-03  9.1800000e-03  8.5100000e-03  2.7400000e-06  1.7800000e-02  6.2300000e+00  6.3200000e-01  1.6500000e+00  2.4100000e-01  1.2100000e+00  4.0100000e-01  1.5000000e-01  5.6100000e-01  9.6400000e-02  6.6200000e-01  1.4500000e-01  4.3000000e-01  6.6300000e-02  4.3300000e-01  6.4900000e-02  2.7700000e-01  4.0800000e-02  1.2000000e-02  3.2200000e-04  3.4900000e-03  3.2700000e-03  6.8600000e-03  9.1500000e-04  6.6300000e-03  2.9200000e-03  1.6700000e-01  2.9600000e-03  7.4600000e-02  1.9800000e-02
5.3200000e+03  4.2000000e+24  4.6000000e+00  2.3172356e+03  1.0900000e+02  4.5600000e-03  1.6000000e+00  6.0700000e-02  2.1300000e-01  1.0900000e+02  2.0100000e+00  4.4300000e+03  1.9200000e+01  1.3700000e-05  2.6000000e+03  2.2300000e+05  2.2900000e+04  2.1300000e+05  8.2400000e+01  2.3500000e+02  1.6200000e+01  6.9700000e-05  2.3700000e+02  2.4800000e+04  1.5600000e+01  1.1700000e+03  8.4600000e+01  2.5800000e+03  1.0400000e+03  6.3200000e+04  1.0300000e+02  1.9000000e+03  2.7900000e+01  5.3900000e+01  4.3000000e+00  1.1400000e+00  6.0600000e-02  7.5500000e-02  4.3000000e-02  4.4600000e-06  5.5900000e-01  2.0900000e+01  4.0500000e+00  1.0000000e+01  6.0600000e-01  4.1300000e-02  5.8300000e-03  1.0700000e-03  6.0800000e-03  5.5600000e-03  3.8300000e-02  1.3000000e-02  1.1800000e-01  5.6900000e-03  9.1800000e-03  8.5100000e-03  2.7400000e-06  1.7800000e-02  6.2300000e+00  6.3200000e-01  1.6500000e+00  2.4100000e-01  1.2100000e+00  4.0100000e-01  1.5000000e-01  5.6100000e-01  9.6400000e-02  6.6200000e-01  1.4500000e-01  4.3000000e-01  6.6300000e-02  4.3300000e-01  6.4900000e-02  2.7700000e-01  4.0800000e-02  1.2000000e-02  3.2200000e-04  3.4900000e-03  3.2700000e-03  6.8600000e-03  9.1500000e-04  6.6300000e-03  2.9200000e-03  1.6700000e-01  2.9600000e-03  7.4600000e-02  1.9800000e-02
5.3900000e+03  4.3200000e+24  4.5600000e+00  2.2589509e+03  1.0900000e+02  4.5600000e-03  1.6000000e+00  6.0700000e-02  2.1300000e-01  1.0900000e+02  2.0100000e+00  4.4300000e+03  1.9200000e+01  1.3700000e-05  2.6000000e+03  2.2300000e+05  2.2900000e+04  2.1300000e+05  8.2400000e+01  2.3500000e+02  1.6200000e+01  6.9700000e-05  2.3700000e+02  2.4800000e+04  1.5600000e+01  1.1700000e+03  8.4600000e+01  2.5800000e+03  1.0400000e+03  6.3200000e+04  1.0300000e+02  1.9000000e+03  2.7900000e+01  5.3900000e+01  4.3000000e+00  1.1400000e+00  6.0600000e-02  7.5500000e-02  4.3000000e-02  4.4600000e-06  5.5900000e-01  2.0900000e+01  4.0500000e+00  1.0000000e+01  6.0600000e-01  4.1300000e-02  5.8300000e-03  1.0700000e-03  6.0800000e-03  5.5600000e-03  3.8300000e-02  1.3000000e-02  1.1800000e-01  5.6900000e-03  9.1800000e-03  8.5100000e-03  2.7400000e-06  1.7800000e-02  6.2300000e+00  6.3200000e-01  1.6500000e+00  2.4100000e-01  1.2100000e+00  4.0100000e-01  1.5000000e-01  5.6100000e-01  9.6400000e-02  6.6200000e-01  1.4500000e-01  4.3000000e-01  6.6300000e-02  4.3300000e-01  6.4900000e-02  2.7700000e-01  4.0800000e-02  1.2000000e-02  3.2200000e-04  3.4900000e-03  3.2700000e-03  6.8600000e-03  9.1500000e-04  6.6300000e-03  2.9200000e-03  1.6700000e-01  2.9600000e-03  7.4600000e-02  1.9800000e-02
5.4600000e+03  4.4400000e+24  4.5200000e+00  2.2006661e+03  1.0900000e+02  4.5600000e-03  1.6000000e+00  6.0700000e-02  2.1300000e-01  1.0900000e+02  2.0100000e+00  4.4300000e+03  1.9200000e+01  1.3700000e-05  2.6000000e+03  2.2300000e+05  2.2900000e+04  2.1300000e+05  8.2400000e+01  2.3500000e+02  1.6200000e+01  6.9700000e-05  2.3700000e+02  2.4800000e+04  1.5600000e+01  1.1700000e+03  8.4600000e+01  2.5800000e+03  1.0400000e+03  6.3200000e+04  1.0300000e+02  1.9000000e+03  2.7900000e+01  5.3900000e+01  4.3000000e+00  1.1400000e+00  6.0600000e-02  7.5500000e-02  4.3000000e-02  4.4600000e-06  5.5900000e-01  2.0900000e+01  4.0500000e+00  1.0000000e+01  6.0600000e-01  4.1300000e-02  5.8300000e-03  1.0700000e-03  6.0800000e-03  5.5600000e-03  3.8300000e-02  1.3000000e-02  1.1800000e-01  5.6900000e-03  9.1800000e-03  8.5100000e-03  2.7400000e-06  1.7800000e-02  6.2300000e+00  6.3200000e-01  1.6500000e+00  2.4100000e-01  1.2100000e+00  4.0100000e-01  1.5000000e-01  5.6100000e-01  9.6400000e-02  6.6200000e-01  1.4500000e-01  4.3000000e-01  6.6300000e-02  4.3300000e-01  6.4900000e-02  2.7700000e-01  4.0800000e-02  1.2000000e-02  3.2200000e-04  3.4900000e-03  3.2700000e-03  6.8600000e-03  9.1500000e-04  6.6300000e-03  2.9200000e-03  1.6700000e-01  2.9600000e-03  7.4600000e-02  1.9800000e-02
5.5300000e+03  4.5500000e+24  4.4700000e+00  2.1423813e+03  1.0900000e+02  4.5600000e-03  1.6000000e+00  6.0700000e-02  2.1300000e-01  1.0900000e+02  2.0100000e+00  4.4300000e+03  1.9200000e+01  1.3700000e-05  2.6000000e+03  2.2300000e+05  2.2900000e+04  2.1300000e+05  8.2400000e+01  2.3500000e+02  1.6200000e+01  6.9700000e-05  2.3700000e+02  2.4800000e+04  1.5600000e+01  1.1700000e+03  8.4600000e+01  2.5800000e+03  1.0400000e+03  6.3200000e+04  1.0300000e+02  1.9000000e+03  2.7900000e+01  5.3900000e+01  4.3000000e+00  1.1400000e+00  6.0600000e-02  7.5500000e-02  4.3000000e-02  4.4600000e-06  5.5900000e-01  2.0900000e+01  4.0500000e+00  1.0000000e+01  6.0600000e-01  4.1300000e-02  5.8300000e-03  1.0700000e-03  6.0800000e-03  5.5600000e-03  3.8300000e-02  1.3000000e-02  1.1800000e-01  5.6900000e-03  9.1800000e-03  8.5100000e-03  2.7400000e-06  1.7800000e-02  6.2300000e+00  6.3200000e-01  1.6500000e+00  2.4100000e-01  1.2100000e+00  4.0100000e-01  1.5000000e-01  5.6100000e-01  9.6400000e-02  6.6200000e-01  1.4500000e-01  4.3000000e-01  6.6300000e-02  4.3300000e-01  6.4900000e-02  2.7700000e-01  4.0800000e-02  1.2000000e-02  3.2200000e-04  3.4900000e-03  3.2700000e-03  6.8600000e-03  9.1500000e-04  6.6300000e-03  2.9200000e-03  1.6700000e-01  2.9600000e-03  7.4600000e-02  1.9800000e-02
5.6000000e+03  4.6800000e+24  4.4300000e+00  2.0840966e+03  1.0900000e+02  4.5600000e-03  1.6000000e+00  6.0700000e-02  2.1300000e-01  1.0900000e+02  2.0100000e+00  4.4300000e+03  1.9200000e+01  1.3700000e-05  2.6000000e+03  2.2300000e+05  2.2900000e+04  2.1300000e+05  8.2400000e+01  2.3500000e+02  1.6200000e+01  6.9700000e-05  2.3700000e+02  2.4800000e+04  1.5600000e+01  1.1700000e+03  8.4600000e+01  2.5800000e+03  1.0400000e+03  6.3200000e+04  1.0300000e+02  1.9000000e+03  2.7900000e+01  5.3900000e+01  4.3000000e+00  1.1400000e+00  6.0600000e-02  7.5500000e-02  4.3000000e-02  4.4600000e-06  5.5900000e-01  2.0900000e+01  4.0500000e+00  1.0000000e+01  6.0600000e-01  4.1300000e-02  5.8300000e-03  1.0700000e-03  6.0800000e-03  5.5600000e-03  3.8300000e-02  1.3000000e-02  1.1800000e-01  5.6900000e-03  9.1800000e-03  8.5100000e-03  2.7400000e-06  1.7800000e-02  6.2300000e+00  6.3200000e-01  1.6500000e+00  2.4100000e-01  1.2100000e+00  4.0100000e-01  1.5000000e-01  5.6100000e-01  9.6400000e-02  6.6200000e-01  1.4500000e-01  4.3000000e-01  6.6300000e-02  4.3300000e-01  6.4900000e-02  2.7700000e-01  4.0800000e-02  1.2000000e-02  3.2200000e-04  3.4900000e-03  3.2700000e-03  6.8600000e-03  9.1500000e-04  6.6300000e-03  2.9200000e-03  1.6700000e-01  2.9600000e-03  7.4600000e-02  1.9800000e-02
5.6700000e+03  4.8000000e+24  4.3700000e+00  2.0258118e+03  1.0900000e+02  4.5600000e-03  1.6000000e+00  6.0700000e-02  2.1300000e-01  1.0900000e+02  2.0100000e+00  4.4300000e+03  1.9200000e+01  1.3700000e-05  2.6000000e+03  2.2300000e+05  2.2900000e+04  2.1300000e+05  8.2400000e+01  2.3500000e+02  1.6200000e+01  6.9700000e-05  2.3700000e+02  2.4800000e+04  1.5600000e+01  1.1700000e+03  8.4600000e+01  2.5800000e+03  1.0400000e+03  6.3200000e+04  1.0300000e+02  1.9000000e+03  2.7900000e+01  5.3900000e+01  4.3000000e+00  1.1400000e+00  6.0600000e-02  7.5500000e-02  4.3000000e-02  4.4600000e-06  5.5900000e-01  2.0900000e+01  4.0500000e+00  1.0000000e+01  6.0600000e-01  4.1300000e-02  5.8300000e-03  1.0700000e-03  6.0800000e-03  5.5600000e-03  3.8300000e-02  1.3000000e-02  1.1800000e-01  5.6900000e-03  9.1800000e-03  8.5100000e-03  2.7400000e-06  1.7800000e-02  6.2300000e+00  6.3200000e-01  1.6500000e+00  2.4100000e-01  1.2100000e+00  4.0100000e-01  1.5000000e-01  5.6100000e-01  9.6400000e-02  6.6200000e-01  1.4500000e-01  4.3000000e-01  6.6300000e-02  4.3300000e-01  6.4900000e-02  2.7700000e-01  4.0800000e-02  1.2000000e-02  3.2200000e-04  3.4900000e-03  3.2700000e-03  6.8600000e-03  9.1500000e-04  6.6300000e-03  2.9200000e-03  1.6700000e-01  2.9600000e-03  7.4600000e-02  1.9800000e-02
5.7100000e+03  4.8600000e+24  4.0300000e+00  1.9860465e+03  1.0900000e+02  4.5600000e-03  1.6000000e+00  6.0700000e-02  2.1300000e-01  1.0900000e+02  2.0100000e+00  4.4300000e+03  1.9200000e+01  1.3700000e-05  2.6000000e+03  2.2300000e+05  2.2900000e+04  2.1300000e+05  8.2400000e+01  2.3500000e+02  1.6200000e+01  6.9700000e-05  2.3700000e+02  2.4800000e+04  1.5600000e+01  1.1700000e+03  8.4600000e+01  2.5800000e+03  1.0400000e+03  6.3200000e+04  1.0300000e+02  1.9000000e+03  2.7900000e+01  5.3900000e+01  4.3000000e+00  1.1400000e+00  6.0600000e-02  7.5500000e-02  4.3000000e-02  4.4600000e-06  5.5900000e-01  2.0900000e+01  4.0500000e+00  1.0000000e+01  6.0600000e-01  4.1300000e-02  5.8300000e-03  1.0700000e-03  6.0800000e-03  5.5600000e-03  3.8300000e-02  1.3000000e-02  1.1800000e-01  5.6900000e-03  9.1800000e-03  8.5100000e-03  2.7400000e-06  1.7800000e-02  6.2300000e+00  6.3200000e-01  1.6500000e+00  2.4100000e-01  1.2100000e+00  4.0100000e-01  1.5000000e-01  5.6100000e-01  9.6400000e-02  6.6200000e-01  1.4500000e-01  4.3000000e-01  6.6300000e-02  4.3300000e-01  6.4900000e-02  2.7700000e-01  4.0800000e-02  1.2000000e-02  3.2200000e-04  3.4900000e-03  3.2700000e-03  6.8600000e-03  9.1500000e-04  6.6300000e-03  2.9200000e-03  1.6700000e-01  2.9600000e-03  7.4600000e-02  1.9800000e-02
5.7900000e+03  4.9800000e+24  3.9400000e+00  1.8620155e+03  1.0900000e+02  4.5600000e-03  1.6000000e+00  6.0700000e-02  2.1300000e-01  1.0900000e+02  2.0100000e+00  4.4300000e+03  1.9200000e+01  1.3700000e-05  2.6000000e+03  2.2300000e+05  2.2900000e+04  2.1300000e+05  8.2400000e+01  2.3500000e+02  1.6200000e+01  6.9700000e-05  2.3700000e+02  2.4800000e+04  1.5600000e+01  1.1700000e+03  8.4600000e+01  2.5800000e+03  1.0400000e+03  6.3200000e+04  1.0300000e+02  1.9000000e+03  2.7900000e+01  5.3900000e+01  4.3000000e+00  1.1400000e+00  6.0600000e-02  7.5500000e-02  4.3000000e-02  4.4600000e-06  5.5900000e-01  2.0900000e+01  4.0500000e+00  1.0000000e+01  6.0600000e-01  4.1300000e-02  5.8300000e-03  1.0700000e-03  6.0800000e-03  5.5600000e-03  3.8300000e-02  1.3000000e-02  1.1800000e-01  5.6900000e-03  9.1800000e-03  8.5100000e-03  2.7400000e-06  1.7800000e-02  6.2300000e+00  6.3200000e-01  1.6500000e+00  2.4100000e-01  1.2100000e+00  4.0100000e-01  1.5000000e-01  5.6100000e-01  9.6400000e-02  6.6200000e-01  1.4500000e-01  4.3000000e-01  6.6300000e-02  4.3300000e-01  6.4900000e-02  2.7700000e-01  4.0800000e-02  1.2000000e-02  3.2200000e-04  3.4900000e-03  3.2700000e-03  6.8600000e-03  9.1500000e-04  6.6300000e-03  2.9200000e-03  1.6700000e-01  2.9600000e-03  7.4600000e-02  1.9800000e-02
5.8600000e+03  5.1000000e+24  3.8600000e+00  1.7534884e+03  1.0900000e+02  4.5600000e-03  1.6000000e+00  6.0700000e-02  2.1300000e-01  1.0900000e+02  2.0100000e+00  4.4300000e+03  1.9200000e+01  1.3700000e-05  2.6000000e+03  2.2300000e+05  2.2900000e+04  2.1300000e+05  8.2400000e+01  2.3500000e+02  1.6200000e+01  6.9700000e-05  2.3700000e+02  2.4800000e+04  1.5600000e+01  1.1700000e+03  8.4600000e+01  2.5800000e+03  1.0400000e+03  6.3200000e+04  1.0300000e+02  1.9000000e+03  2.7900000e+01  5.3900000e+01  4.3000000e+00  1.1400000e+00  6.0600000e-02  7.5500000e-02  4.3000000e-02  4.4600000e-06  5.5900000e-01  2.0900000e+01  4.0500000e+00  1.0000000e+01  6.0600000e-01  4.1300000e-02  5.8300000e-03  1.0700000e-03  6.0800000e-03  5.5600000e-03  3.8300000e-02  1.3000000e-02  1.1800000e-01  5.6900000e-03  9.1800000e-03  8.5100000e-03  2.7400000e-06  1.7800000e-02  6.2300000e+00  6.3200000e-01  1.6500000e+00  2.4100000e-01  1.2100000e+00  4.0100000e-01  1.5000000e-01  5.6100000e-01  9.6400000e-02  6.6200000e-01  1.4500000e-01  4.3000000e-01  6.6300000e-02  4.3300000e-01  6.4900000e-02  2.7700000e-01  4.0800000e-02  1.2000000e-02  3.2200000e-04  3.4900000e-03  3.2700000e-03  6.8600000e-03  9.1500000e-04  6.6300000e-03  2.9200000e-03  1.6700000e-01  2.9600000e-03  7.4600000e-02  1.9800000e-02
5.9300000e+03  5.2100000e+24  3.7700000e+00  1.6449612e+03  1.0900000e+02  4.5600000e-03  1.6000000e+00  6.0700000e-02  2.1300000e-01  1.0900000e+02  2.0100000e+00  4.4300000e+03  1.9200000e+01  1.3700000e-05  2.6000000e+03  2.2300000e+05  2.2900000e+04  2.1300000e+05  8.2400000e+01  2.3500000e+02  1.6200000e+01  6.9700000e-05  2.3700000e+02  2.4800000e+04  1.5600000e+01  1.1700000e+03  8.4600000e+01  2.5800000e+03  1.0400000e+03  6.3200000e+04  1.0300000e+02  1.9000000e+03  2.7900000e+01  5.3900000e+01  4.3000000e+00  1.1400000e+00  6.0600000e-02  7.5500000e-02  4.3000000e-02  4.4600000e-06  5.5900000e-01  2.0900000e+01  4.0500000e+00  1.0000000e+01  6.0600000e-01  4.1300000e-02  5.8300000e-03  1.0700000e-03  6.0800000e-03  5.5600000e-03  3.8300000e-02  1.3000000e-02  1.1800000e-01  5.6900000e-03  9.1800000e-03  8.5100000e-03  2.7400000e-06  1.7800000e-02  6.2300000e+00  6.3200000e-01  1.6500000e+00  2.4100000e-01  1.2100000e+00  4.0100000e-01  1.5000000e-01  5.6100000e-01  9.6400000e-02  6.6200000e-01  1.4500000e-01  4.3000000e-01  6.6300000e-02  4.3300000e-01  6.4900000e-02  2.7700000e-01  4.0800000e-02  1.2000000e-02  3.2200000e-04  3.4900000e-03  3.2700000e-03  6.8600000e-03  9.1500000e-04  6.6300000e-03  2.9200000e-03  1.6700000e-01  2.9600000e-03  7.4600000e-02  1.9800000e-02
5.9900000e+03  5.3100000e+24  3.5500000e+00  1.5519380e+03  1.0900000e+02  4.5600000e-03  1.6000000e+00  6.0700000e-02  2.1300000e-01  1.0900000e+02  2.0100000e+00  4.4300000e+03  1.9200000e+01  1.3700000e-05  2.6000000e+03  2.2300000e+05  2.2900000e+04  2.1300000e+05  8.2400000e+01  2.3500000e+02  1.6200000e+01  6.9700000e-05  2.3700000e+02  2.4800000e+04  1.5600000e+01  1.1700000e+03  8.4600000e+01  2.5800000e+03  1.0400000e+03  6.3200000e+04  1.0300000e+02  1.9000000e+03  2.7900000e+01  5.3900000e+01  4.3000000e+00  1.1400000e+00  6.0600000e-02  7.5500000e-02  4.3000000e-02  4.4600000e-06  5.5900000e-01  2.0900000e+01  4.0500000e+00  1.0000000e+01  6.0600000e-01  4.1300000e-02  5.8300000e-03  1.0700000e-03  6.0800000e-03  5.5600000e-03  3.8300000e-02  1.3000000e-02  1.1800000e-01  5.6900000e-03  9.1800000e-03  8.5100000e-03  2.7400000e-06  1.7800000e-02  6.2300000e+00  6.3200000e-01  1.6500000e+00  2.4100000e-01  1.2100000e+00  4.0100000e-01  1.5000000e-01  5.6100000e-01  9.6400000e-02  6.6200000e-01  1.4500000e-01  4.3000000e-01  6.6300000e-02  4.3300000e-01  6.4900000e-02  2.7700000e-01  4.0800000e-02  1.2000000e-02  3.2200000e-04  3.4900000e-03  3.2700000e-03  6.8600000e-03  9.1500000e-04  6.6300000e-03  2.9200000e-03  1.6700000e-01  2.9600000e-03  7.4600000e-02  1.9800000e-02
6.0600000e+03  5.4200000e+24  3.4900000e+00  1.4434109e+03  1.0900000e+02  4.5600000e-03  1.6000000e+00  6.0700000e-02  2.1300000e-01  1.0900000e+02  2.0100000e+00  4.4300000e+03  1.9200000e+01  1.3700000e-05  2.6000000e+03  2.2300000e+05  2.2900000e+04  2.1300000e+05  8.2400000e+01  2.3500000e+02  1.6200000e+01  6.9700000e-05  2.3700000e+02  2.4800000e+04  1.5600000e+01  1.1700000e+03  8.4600000e+01  2.5800000e+03  1.0400000e+03  6.3200000e+04  1.0300000e+02  1.9000000e+03  2.7900000e+01  5.3900000e+01  4.3000000e+00  1.1400000e+00  6.0600000e-02  7.5500000e-02  4.3000000e-02  4.4600000e-06  5.5900000e-01  2.0900000e+01  4.0500000e+00  1.0000000e+01  6.0600000e-01  4.1300000e-02  5.8300000e-03  1.0700000e-03  6.0800000e-03  5.5600000e-03  3.8300000e-02  1.3000000e-02  1.1800000e-01  5.6900000e-03  9.1800000e-03  8.5100000e-03  2.7400000e-06  1.7800000e-02  6.2300000e+00  6.3200000e-01  1.6500000e+00  2.4100000e-01  1.2100000e+00  4.0100000e-01  1.5000000e-01  5.6100000e-01  9.6400000e-02  6.6200000e-01  1.4500000e-01  4.3000000e-01  6.6300000e-02  4.3300000e-01  6.4900000e-02  2.7700000e-01  4.0800000e-02  1.2000000e-02  3.2200000e-04  3.4900000e-03  3.2700000e-03  6.8600000e-03  9.1500000e-04  6.6300000e-03  2.9200000e-03  1.6700000e-01  2.9600000e-03  7.4600000e-02  1.9800000e-02
6.1300000e+03  5.5400000e+24  3.4300000e+00  1.3348837e+03  1.0900000e+02  4.5600000e-03  1.6000000e+00  6.0700000e-02  2.1300000e-01  1.0900000e+02  2.0100000e+00  4.4300000e+03  1.9200000e+01  1.3700000e-05  2.6000000e+03  2.2300000e+05  2.2900000e+04  2.1300000e+05  8.2400000e+01  2.3500000e+02  1.6200000e+01  6.9700000e-05  2.3700000e+02  2.4800000e+04  1.5600000e+01  1.1700000e+03  8.4600000e+01  2.5800000e+03  1.0400000e+03  6.3200000e+04  1.0300000e+02  1.9000000e+03  2.7900000e+01  5.3900000e+01  4.3000000e+00  1.1400000e+00  6.0600000e-02  7.5500000e-02  4.3000000e-02  4.4600000e-06  5.5900000e-01  2.0900000e+01  4.0500000e+00  1.0000000e+01  6.0600000e-01  4.1300000e-02  5.8300000e-03  1.0700000e-03  6.0800000e-03  5.5600000e-03  3.8300000e-02  1.3000000e-02  1.1800000e-01  5.6900000e-03  9.1800000e-03  8.5100000e-03  2.7400000e-06  1.7800000e-02  6.2300000e+00  6.3200000e-01  1.6500000e+00  2.4100000e-01  1.2100000e+00  4.0100000e-01  1.5000000e-01  5.6100000e-01  9.6400000e-02  6.6200000e-01  1.4500000e-01  4.3000000e-01  6.6300000e-02  4.3300000e-01  6.4900000e-02  2.7700000e-01  4.0800000e-02  1.2000000e-02  3.2200000e-04  3.4900000e-03  3.2700000e-03  6.8600000e-03  9.1500000e-04  6.6300000e-03  2.9200000e-03  1.6700000e-01  2.9600000e-03  7.4600000e-02  1.9800000e-02
6.2000000e+03  5.6500000e+24  3.3600000e+00  1.2263566e+03  1.0900000e+02  4.5600000e-03  1.6000000e+00  6.0700000e-02  2.1300000e-01  1.0900000e+02  2.0100000e+00  4.4300000e+03  1.9200000e+01  1.3700000e-05  2.6000000e+03  2.2300000e+05  2.2900000e+04  2.1300000e+05  8.2400000e+01  2.3500000e+02  1.6200000e+01  6.9700000e-05  2.3700000e+02  2.4800000e+04  1.5600000e+01  1.1700000e+03  8.4600000e+01  2.5800000e+03  1.0400000e+03  6.3200000e+04  1.0300000e+02  1.9000000e+03  2.7900000e+01  5.3900000e+01  4.3000000e+00  1.1400000e+00  6.0600000e-02  7.5500000e-02  4.3000000e-02  4.4600000e-06  5.5900000e-01  2.0900000e+01  4.0500000e+00  1.0000000e+01  6.0600000e-01  4.1300000e-02  5.8300000e-03  1.0700000e-03  6.0800000e-03  5.5600000e-03  3.8300000e-02  1.3000000e-02  1.1800000e-01  5.6900000e-03  9.1800000e-03  8.5100000e-03  2.7400000e-06  1.7800000e-02  6.2300000e+00  6.3200000e-01  1.6500000e+00  2.4100000e-01  1.2100000e+00  4.0100000e-01  1.5000000e-01  5.6100000e-01  9.6400000e-02  6.6200000e-01  1.4500000e-01  4.3000000e-01  6.6300000e-02  4.3300000e-01  6.4900000e-02  2.7700000e-01  4.0800000e-02  1.2000000e-02  3.2200000e-04  3.4900000e-03  3.2700000e-03  6.8600000e-03  9.1500000e-04  6.6300000e-03  2.9200000e-03  1.6700000e-01  2.9600000e-03  7.4600000e-02  1.9800000e-02
6.2700000e+03  5.7600000e+24  3.3600000e+00  1.1178295e+03  1.0900000e+02  4.5600000e-03  1.6000000e+00  6.0700000e-02  2.1300000e-01  1.0900000e+02  2.0100000e+00  4.4300000e+03  1.9200000e+01  1.3700000e-05  2.6000000e+03  2.2300000e+05  2.2900000e+04  2.1300000e+05  8.2400000e+01  2.3500000e+02  1.6200000e+01  6.9700000e-05  2.3700000e+02  2.4800000e+04  1.5600000e+01  1.1700000e+03  8.4600000e+01  2.5800000e+03  1.0400000e+03  6.3200000e+04  1.0300000e+02  1.9000000e+03  2.7900000e+01  5.3900000e+01  4.3000000e+00  1.1400000e+00  6.0600000e-02  7.5500000e-02  4.3000000e-02  4.4600000e-06  5.5900000e-01  2.0900000e+01  4.0500000e+00  1.0000000e+01  6.0600000e-01  4.1300000e-02  5.8300000e-03  1.0700000e-03  6.0800000e-03  5.5600000e-03  3.8300000e-02  1.3000000e-02  1.1800000e-01  5.6900000e-03  9.1800000e-03  8.5100000e-03  2.7400000e-06  1.7800000e-02  6.2300000e+00  6.3200000e-01  1.6500000e+00  2.4100000e-01  1.2100000e+00  4.0100000e-01  1.5000000e-01  5.6100000e-01  9.6400000e-02  6.6200000e-01  1.4500000e-01  4.3000000e-01  6.6300000e-02  4.3300000e-01  6.4900000e-02  2.7700000e-01  4.0800000e-02  1.2000000e-02  3.2200000e-04  3.4900000e-03  3.2700000e-03  6.8600000e-03  9.1500000e-04  6.6300000e-03  2.9200000e-03  1.6700000e-01  2.9600000e-03  7.4600000e-02  1.9800000e-02
6.3300000e+03  5.8700000e+24  3.3300000e+00  1.0248062e+03  1.0900000e+02  4.5600000e-03  1.6000000e+00  6.0700000e-02  2.1300000e-01  1.0900000e+02  2.0100000e+00  4.4300000e+03  1.9200000e+01  1.3700000e-05  2.6000000e+03  2.2300000e+05  2.2900000e+04  2.1300000e+05  8.2400000e+01  2.3500000e+02  1.6200000e+01  6.9700000e-05  2.3700000e+02  2.4800000e+04  1.5600000e+01  1.1700000e+03  8.4600000e+01  2.5800000e+03  1.0400000e+03  6.3200000e+04  1.0300000e+02  1.9000000e+03  2.7900000e+01  5.3900000e+01  4.3000000e+00  1.1400000e+00  6.0600000e-02  7.5500000e-02  4.3000000e-02  4.4600000e-06  5.5900000e-01  2.0900000e+01  4.0500000e+00  1.0000000e+01  6.0600000e-01  4.1300000e-02  5.8300000e-03  1.0700000e-03  6.0800000e-03  5.5600000e-03  3.8300000e-02  1.3000000e-02  1.1800000e-01  5.6900000e-03  9.1800000e-03  8.5100000e-03  2.7400000e-06  1.7800000e-02  6.2300000e+00  6.3200000e-01  1.6500000e+00  2.4100000e-01  1.2100000e+00  4.0100000e-01  1.5000000e-01  5.6100000e-01  9.6400000e-02  6.6200000e-01  1.4500000e-01  4.3000000e-01  6.6300000e-02  4.3300000e-01  6.4900000e-02  2.7700000e-01  4.0800000e-02  1.2000000e-02  3.2200000e-04  3.4900000e-03  3.2700000e-03  6.8600000e-03  9.1500000e-04  6.6300000e-03  2.9200000e-03  1.6700000e-01  2.9600000e-03  7.4600000e-02  1.9800000e-02
6.3400000e+03  5.8800000e+24  3.0500000e+00  1.0093023e+03  1.0900000e+02  4.5600000e-03  1.6000000e+00  6.0700000e-02  2.1300000e-01  1.0900000e+02  2.0100000e+00  4.4300000e+03  1.9200000e+01  1.3700000e-05  2.6000000e+03  2.2300000e+05  2.2900000e+04  2.1300000e+05  8.2400000e+01  2.3500000e+02  1.6200000e+01  6.9700000e-05  2.3700000e+02  2.4800000e+04  1.5600000e+01  1.1700000e+03  8.4600000e+01  2.5800000e+03  1.0400000e+03  6.3200000e+04  1.0300000e+02  1.9000000e+03  2.7900000e+01  5.3900000e+01  4.3000000e+00  1.1400000e+00  6.0600000e-02  7.5500000e-02  4.3000000e-02  4.4600000e-06  5.5900000e-01  2.0900000e+01  4.0500000e+00  1.0000000e+01  6.0600000e-01  4.1300000e-02  5.8300000e-03  1.0700000e-03  6.0800000e-03  5.5600000e-03  3.8300000e-02  1.3000000e-02  1.1800000e-01  5.6900000e-03  9.1800000e-03  8.5100000e-03  2.7400000e-06  1.7800000e-02  6.2300000e+00  6.3200000e-01  1.6500000e+00  2.4100000e-01  1.2100000e+00  4.0100000e-01  1.5000000e-01  5.6100000e-01  9.6400000e-02  6.6200000e-01  1.4500000e-01  4.3000000e-01  6.6300000e-02  4.3300000e-01  6.4900000e-02  2.7700000e-01  4.0800000e-02  1.2000000e-02  3.2200000e-04  3.4900000e-03  3.2700000e-03  6.8600000e-03  9.1500000e-04  6.6300000e-03  2.9200000e-03  1.6700000e-01  2.9600000e-03  7.4600000e-02  1.9800000e-02
6.3500000e+03  5.8900000e+24  2.8000000e+00  8.8610400e+02  1.0900000e+02  4.5600000e-03  1.6000000e+00  6.0700000e-02  2.1300000e-01  1.0900000e+02  2.0100000e+00  4.4300000e+03  1.9200000e+01  1.3700000e-05  2.6000000e+03  2.2300000e+05  2.2900000e+04  2.1300000e+05  8.2400000e+01  2.3500000e+02  1.6200000e+01  6.9700000e-05  2.3700000e+02  2.4800000e+04  1.5600000e+01  1.1700000e+03  8.4600000e+01  2.5800000e+03  1.0400000e+03  6.3200000e+04  1.0300000e+02  1.9000000e+03  2.7900000e+01  5.3900000e+01  4.3000000e+00  1.1400000e+00  6.0600000e-02  7.5500000e-02  4.3000000e-02  4.4600000e-06  5.5900000e-01  2.0900000e+01  4.0500000e+00  1.0000000e+01  6.0600000e-01  4.1300000e-02  5.8300000e-03  1.0700000e-03  6.0800000e-03  5.5600000e-03  3.8300000e-02  1.3000000e-02  1.1800000e-01  5.6900000e-03  9.1800000e-03  8.5100000e-03  2.7400000e-06  1.7800000e-02  6.2300000e+00  6.3200000e-01  1.6500000e+00  2.4100000e-01  1.2100000e+00  4.0100000e-01  1.5000000e-01  5.6100000e-01  9.6400000e-02  6.6200000e-01  1.4500000e-01  4.3000000e-01  6.6300000e-02  4.3300000e-01  6.4900000e-02  2.7700000e-01  4.0800000e-02  1.2000000e-02  3.2200000e-04  3.4900000e-03  3.2700000e-03  6.8600000e-03  9.1500000e-04  6.6300000e-03  2.9200000e-03  1.6700000e-01  2.9600000e-03  7.4600000e-02  1.9800000e-02
6.3700000e+03  5.9100000e+24  2.5700000e+00  3.1662400e+02  1.0900000e+02  4.5600000e-03  1.6000000e+00  6.0700000e-02  2.1300000e-01  1.0900000e+02  2.0100000e+00  4.4300000e+03  1.9200000e+01  1.3700000e-05  2.6000000e+03  2.2300000e+05  2.2900000e+04  2.1300000e+05  8.2400000e+01  2.3500000e+02  1.6200000e+01  6.9700000e-05  2.3700000e+02  2.4800000e+04  1.5600000e+01  1.1700000e+03  8.4600000e+01  2.5800000e+03  1.0400000e+03  6.3200000e+04  1.0300000e+02  1.9000000e+03  2.7900000e+01  5.3900000e+01  4.3000000e+00  1.1400000e+00  6.0600000e-02  7.5500000e-02  4.3000000e-02  4.4600000e-06  5.5900000e-01  2.0900000e+01  4.0500000e+00  1.0000000e+01  6.0600000e-01  4.1300000e-02  5.8300000e-03  1.0700000e-03  6.0800000e-03  5.5600000e-03  3.8300000e-02  1.3000000e-02  1.1800000e-01  5.6900000e-03  9.1800000e-03  8.5100000e-03  2.7400000e-06  1.7800000e-02  6.2300000e+00  6.3200000e-01  1.6500000e+00  2.4100000e-01  1.2100000e+00  4.0100000e-01  1.5000000e-01  5.6100000e-01  9.6400000e-02  6.6200000e-01  1.4500000e-01  4.3000000e-01  6.6300000e-02  4.3300000e-01  6.4900000e-02  2.7700000e-01  4.0800000e-02  1.2000000e-02  3.2200000e-04  3.4900000e-03  3.2700000e-03  6.8600000e-03  9.1500000e-04  6.6300000e-03  2.9200000e-03  1.6700000e-01  2.9600000e-03  7.4600000e-02  1.9800000e-02
6.3710000e+03  5.9722000e+24  2.7000000e+00  2.8815000e+02  1.0900000e+02  4.5600000e-03  1.6000000e+00  6.0700000e-02  2.1300000e-01  1.0900000e+02  2.0100000e+00  4.4300000e+03  1.9200000e+01  1.3700000e-05  2.6000000e+03  2.2300000e+05  2.2900000e+04  2.1300000e+05  8.2400000e+01  2.3500000e+02  1.6200000e+01  6.9700000e-05  2.3700000e+02  2.4800000e+04  1.5600000e+01  1.1700000e+03  8.4600000e+01  2.5800000e+03  1.0400000e+03  6.3200000e+04  1.0300000e+02  1.9000000e+03  2.7900000e+01  5.3900000e+01  4.3000000e+00  1.1400000e+00  6.0600000e-02  7.5500000e-02  4.3000000e-02  4.4600000e-06  5.5900000e-01  2.0900000e+01  4.0500000e+00  1.0000000e+01  6.0600000e-01  4.1300000e-02  5.8300000e-03  1.0700000e-03  6.0800000e-03  5.5600000e-03  3.8300000e-02  1.3000000e-02  1.1800000e-01  5.6900000e-03  9.1800000e-03  8.5100000e-03  2.7400000e-06  1.7800000e-02  6.2300000e+00  6.3200000e-01  1.6500000e+00  2.4100000e-01  1.2100000e+00  4.0100000e-01  1.5000000e-01  5.6100000e-01  9.6400000e-02  6.6200000e-01  1.4500000e-01  4.3000000e-01  6.6300000e-02  4.3300000e-01  6.4900000e-02  2.7700000e-01  4.0800000e-02  1.2000000e-02  3.2200000e-04  3.4900000e-03  3.2700000e-03  6.8600000e-03  9.1500000e-04  6.6300000e-03  2.9200000e-03  1.6700000e-01  2.9600000e-03  7.4600000e-02  1.9800000e-02
